[2m2026-07-04T18:38:45.887984Z[0m [32m INFO[0m [2mpm_bot[0m[2m:[0m pm-bot démarre (PAPER mode) — archives: /home/user/rustfactor/polymarket-btc5m-bot/data_v2/run_v2_20260704T183845
[2m2026-07-04T18:38:46.326340Z[0m [32m INFO[0m [2mpm_bot[0m[2m:[0m fenêtre active: btc-updown-5m-1783190100 [1783190100000 → 1783190400000]
[2m2026-07-04T18:38:46.599241Z[0m [32m INFO[0m [2mpm_acquisition::rtds[0m[2m:[0m RTDS connecté
[2m2026-07-04T18:38:46.946049Z[0m [32m INFO[0m [2mpm_acquisition::clob[0m[2m:[0m CLOB connecté (up=36669520…, down=11178648…)
[2m2026-07-04T18:38:47.514659Z[0m [32m INFO[0m [2mpm_bot[0m[2m:[0m strike gelé: Some(63091.20365899218) (confidence=0.000, gap=Some(226000) ms)
[2m2026-07-04T18:40:02.064411Z[0m [32m INFO[0m [2mpm_bot[0m[2m:[0m RÈGLEMENT btc-updown-5m-1783190100 | strike=Some("63091.20") issue=Down (estimé) | PnL up=+0.00 down=+0.00 | taker=0 maker_fills=0 | PnL cumulé=+0.00
[2m2026-07-04T18:40:02.064455Z[0m [32m INFO[0m [2mpm_bot[0m[2m:[0m fenêtre active: btc-updown-5m-1783190400 [1783190400000 → 1783190700000]
[2m2026-07-04T18:40:02.064466Z[0m [32m INFO[0m [2mpm_bot[0m[2m:[0m strike gelé: Some(63064.02348250965) (confidence=1.000, gap=Some(0) ms)
[2m2026-07-04T18:40:02.669755Z[0m [32m INFO[0m [2mpm_acquisition::clob[0m[2m:[0m CLOB connecté (up=17159272…, down=10794898…)
[2m2026-07-04T18:40:10.393921Z[0m [32m INFO[0m [2mpm_bot[0m[2m:[0m TAKER: DOWN (z=-2.61 p=0.996 ask=0.550 avg=0.550 tau=290s)
[2m2026-07-04T18:40:10.393957Z[0m [32m INFO[0m [2mexecution[0m[2m:[0m [DRY-RUN] dryrun-0 Buy 10794898 x 450 @ 0.560 (Fak)
[2m2026-07-04T18:40:10.393968Z[0m [32m INFO[0m [2mpm_bot[0m[2m:[0m MAKER DOWN quotes: bid=None ask=Some((0.99, 450.0)) (TP ask@0.99)
[2m2026-07-04T18:40:11.144105Z[0m [32m INFO[0m [2mexecution[0m[2m:[0m [DRY-RUN] dryrun-1 Sell 10794898 x 450 @ 0.520 (Fak)
[2m2026-07-04T18:40:58.394523Z[0m [32m INFO[0m [2mpm_bot[0m[2m:[0m MAKER DOWN quotes: bid=Some((0.45, 50.0)) ask=None (bid@0.45 fair=0.845)
[2m2026-07-04T18:40:58.663367Z[0m [32m INFO[0m [2mpm_bot[0m[2m:[0m PAPER fill maker 10794898 sur trade @0.450 (achat=true vente=false)
[2m2026-07-04T18:40:58.894539Z[0m [32m INFO[0m [2mpm_bot[0m[2m:[0m MAKER DOWN quotes: bid=Some((0.45, 50.0)) ask=Some((0.8544341065360445, 50.0)) (TP ask@0.85 | bid@0.45 fair=0.844)
[2m2026-07-04T18:40:59.143938Z[0m [32m INFO[0m [2mpm_bot[0m[2m:[0m MAKER DOWN quotes: bid=Some((0.45, 50.0)) ask=Some((0.8481878242740272, 50.0)) (TP ask@0.85 | bid@0.45 fair=0.838)
[2m2026-07-04T18:40:59.394486Z[0m [32m INFO[0m [2mpm_bot[0m[2m:[0m MAKER DOWN quotes: bid=Some((0.45, 50.0)) ask=Some((0.8480845976181618, 50.0)) (TP ask@0.85 | bid@0.45 fair=0.838)
[2m2026-07-04T18:40:59.644750Z[0m [32m INFO[0m [2mpm_bot[0m[2m:[0m MAKER DOWN quotes: bid=Some((0.44, 50.0)) ask=Some((0.8479816979106588, 50.0)) (TP ask@0.85 | bid@0.44 fair=0.838)
[2m2026-07-04T18:40:59.809021Z[0m [32m INFO[0m [2mpm_bot[0m[2m:[0m PAPER fill maker 10794898 sur trade @0.440 (achat=true vente=false)
[2m2026-07-04T18:40:59.894407Z[0m [32m INFO[0m [2mpm_bot[0m[2m:[0m MAKER DOWN quotes: bid=Some((0.44, 50.0)) ask=Some((0.8478787139605685, 100.0)) (TP ask@0.85 | bid@0.44 fair=0.838)
[2m2026-07-04T18:41:00.144171Z[0m [32m INFO[0m [2mpm_bot[0m[2m:[0m MAKER DOWN quotes: bid=Some((0.44, 50.0)) ask=Some((0.8477756456702044, 100.0)) (TP ask@0.85 | bid@0.44 fair=0.838)
[2m2026-07-04T18:41:00.394576Z[0m [32m INFO[0m [2mpm_bot[0m[2m:[0m MAKER DOWN quotes: bid=Some((0.45, 50.0)) ask=Some((0.8066757085143303, 100.0)) (TP ask@0.81 | bid@0.45 fair=0.797)
[2m2026-07-04T18:41:00.442306Z[0m [32m INFO[0m [2mpm_bot[0m[2m:[0m PAPER fill maker 10794898 sur trade @0.440 (achat=true vente=false)
[2m2026-07-04T18:41:00.644547Z[0m [32m INFO[0m [2mpm_bot[0m[2m:[0m MAKER DOWN quotes: bid=None ask=Some((0.8065802306676624, 150.0)) (TP ask@0.81)
[2m2026-07-04T18:41:00.894793Z[0m [32m INFO[0m [2mpm_bot[0m[2m:[0m MAKER DOWN quotes: bid=None ask=Some((0.8064846902902513, 150.0)) (TP ask@0.81)
[2m2026-07-04T18:41:01.144701Z[0m [32m INFO[0m [2mpm_bot[0m[2m:[0m MAKER DOWN quotes: bid=None ask=Some((0.806389087321437, 150.0)) (TP ask@0.81)
[2m2026-07-04T18:41:01.394431Z[0m [32m INFO[0m [2mpm_bot[0m[2m:[0m MAKER DOWN quotes: bid=None ask=Some((0.7532864267312281, 150.0)) (TP ask@0.75)
[2m2026-07-04T18:41:01.643997Z[0m [32m INFO[0m [2mpm_bot[0m[2m:[0m MAKER DOWN quotes: bid=None ask=Some((0.7532073772020393, 150.0)) (TP ask@0.75)
[2m2026-07-04T18:41:01.893852Z[0m [32m INFO[0m [2mpm_bot[0m[2m:[0m MAKER DOWN quotes: bid=None ask=Some((0.7531279721451527, 150.0)) (TP ask@0.75)
[2m2026-07-04T18:41:02.144831Z[0m [32m INFO[0m [2mpm_bot[0m[2m:[0m MAKER DOWN quotes: bid=None ask=Some((0.7694299899078204, 150.0)) (TP ask@0.77)
[2m2026-07-04T18:41:02.394732Z[0m [32m INFO[0m [2mpm_bot[0m[2m:[0m MAKER DOWN quotes: bid=None ask=Some((0.76935097589272, 150.0)) (TP ask@0.77)
[2m2026-07-04T18:41:02.673161Z[0m [32m INFO[0m [2mpm_bot[0m[2m:[0m MAKER DOWN quotes: bid=None ask=Some((0.7692627530305672, 150.0)) (TP ask@0.77)
[2m2026-07-04T18:41:02.924484Z[0m [32m INFO[0m [2mpm_bot[0m[2m:[0m MAKER DOWN quotes: bid=None ask=Some((0.7691833451021874, 150.0)) (TP ask@0.77)
[2m2026-07-04T18:41:03.173939Z[0m [32m INFO[0m [2mpm_bot[0m[2m:[0m MAKER DOWN quotes: bid=None ask=Some((0.7810893665435386, 150.0)) (TP ask@0.78)
[2m2026-07-04T18:41:03.423980Z[0m [32m INFO[0m [2mpm_bot[0m[2m:[0m MAKER DOWN quotes: bid=None ask=Some((0.7810151052495415, 150.0)) (TP ask@0.78)
[2m2026-07-04T18:41:03.674677Z[0m [32m INFO[0m [2mpm_bot[0m[2m:[0m MAKER DOWN quotes: bid=None ask=Some((0.7809405174865562, 150.0)) (TP ask@0.78)
[2m2026-07-04T18:41:03.924007Z[0m [32m INFO[0m [2mpm_bot[0m[2m:[0m MAKER DOWN quotes: bid=None ask=Some((0.780866494923085, 150.0)) (TP ask@0.78)
[2m2026-07-04T18:41:04.173878Z[0m [32m INFO[0m [2mpm_bot[0m[2m:[0m MAKER DOWN quotes: bid=None ask=Some((0.7589970482533084, 150.0)) (TP ask@0.76)
[2m2026-07-04T18:41:04.424307Z[0m [32m INFO[0m [2mpm_bot[0m[2m:[0m MAKER DOWN quotes: bid=None ask=Some((0.75892507835625, 150.0)) (TP ask@0.76)
[2m2026-07-04T18:41:04.673986Z[0m [32m INFO[0m [2mpm_bot[0m[2m:[0m MAKER DOWN quotes: bid=None ask=Some((0.7588536552947912, 150.0)) (TP ask@0.76)
[2m2026-07-04T18:41:04.924046Z[0m [32m INFO[0m [2mpm_bot[0m[2m:[0m MAKER DOWN quotes: bid=None ask=Some((0.7587816317153147, 150.0)) (TP ask@0.76)
[2m2026-07-04T18:41:05.174129Z[0m [32m INFO[0m [2mpm_bot[0m[2m:[0m MAKER DOWN quotes: bid=None ask=Some((0.7484360599083559, 150.0)) (TP ask@0.75)
[2m2026-07-04T18:41:05.424046Z[0m [32m INFO[0m [2mpm_bot[0m[2m:[0m MAKER DOWN quotes: bid=None ask=Some((0.7483686178056563, 150.0)) (TP ask@0.75)
[2m2026-07-04T18:41:05.674198Z[0m [32m INFO[0m [2mpm_bot[0m[2m:[0m MAKER DOWN quotes: bid=None ask=Some((0.7483011538724346, 150.0)) (TP ask@0.75)
[2m2026-07-04T18:41:05.924683Z[0m [32m INFO[0m [2mpm_bot[0m[2m:[0m MAKER DOWN quotes: bid=None ask=Some((0.758784979660297, 150.0)) (TP ask@0.76)
[2m2026-07-04T18:41:06.174840Z[0m [32m INFO[0m [2mpm_bot[0m[2m:[0m MAKER DOWN quotes: bid=None ask=Some((0.7587176041429773, 150.0)) (TP ask@0.76)
[2m2026-07-04T18:41:06.424032Z[0m [32m INFO[0m [2mpm_bot[0m[2m:[0m MAKER DOWN quotes: bid=None ask=Some((0.7586502080769157, 150.0)) (TP ask@0.76)
[2m2026-07-04T18:41:06.674546Z[0m [32m INFO[0m [2mpm_bot[0m[2m:[0m MAKER DOWN quotes: bid=None ask=Some((0.7585827914816955, 150.0)) (TP ask@0.76)
[2m2026-07-04T18:41:06.924721Z[0m [32m INFO[0m [2mpm_bot[0m[2m:[0m MAKER DOWN quotes: bid=None ask=Some((0.7585153543770831, 150.0)) (TP ask@0.76)
[2m2026-07-04T18:41:07.174968Z[0m [32m INFO[0m [2mpm_bot[0m[2m:[0m MAKER DOWN quotes: bid=None ask=Some((0.758447896783029, 150.0)) (TP ask@0.76)
[2m2026-07-04T18:41:07.424534Z[0m [32m INFO[0m [2mpm_bot[0m[2m:[0m MAKER DOWN quotes: bid=None ask=Some((0.75838041871967, 150.0)) (TP ask@0.76)
[2m2026-07-04T18:41:07.673957Z[0m [32m INFO[0m [2mpm_bot[0m[2m:[0m MAKER DOWN quotes: bid=None ask=Some((0.7583131902420863, 150.0)) (TP ask@0.76)
[2m2026-07-04T18:41:07.924391Z[0m [32m INFO[0m [2mpm_bot[0m[2m:[0m MAKER DOWN quotes: bid=None ask=Some((0.7735466182233782, 150.0)) (TP ask@0.77)
[2m2026-07-04T18:41:08.174155Z[0m [32m INFO[0m [2mpm_bot[0m[2m:[0m MAKER DOWN quotes: bid=None ask=Some((0.7734797991396023, 150.0)) (TP ask@0.77)
[2m2026-07-04T18:41:08.424708Z[0m [32m INFO[0m [2mpm_bot[0m[2m:[0m MAKER DOWN quotes: bid=None ask=Some((0.7734129619331084, 150.0)) (TP ask@0.77)
[2m2026-07-04T18:41:08.674696Z[0m [32m INFO[0m [2mpm_bot[0m[2m:[0m MAKER DOWN quotes: bid=None ask=Some((0.7733461066352046, 150.0)) (TP ask@0.77)
[2m2026-07-04T18:41:08.924152Z[0m [32m INFO[0m [2mpm_bot[0m[2m:[0m MAKER DOWN quotes: bid=None ask=Some((0.7493116129598283, 150.0)) (TP ask@0.75)
[2m2026-07-04T18:41:09.174023Z[0m [32m INFO[0m [2mpm_bot[0m[2m:[0m MAKER DOWN quotes: bid=None ask=Some((0.7492520254525118, 150.0)) (TP ask@0.75)
[2m2026-07-04T18:41:09.423954Z[0m [32m INFO[0m [2mpm_bot[0m[2m:[0m MAKER DOWN quotes: bid=None ask=Some((0.7491921878605325, 150.0)) (TP ask@0.75)
[2m2026-07-04T18:41:09.674706Z[0m [32m INFO[0m [2mpm_bot[0m[2m:[0m MAKER DOWN quotes: bid=None ask=Some((0.7794688959928098, 150.0)) (TP ask@0.78)
[2m2026-07-04T18:41:09.924755Z[0m [32m INFO[0m [2mpm_bot[0m[2m:[0m MAKER DOWN quotes: bid=None ask=Some((0.7794050278404062, 150.0)) (TP ask@0.78)
[2m2026-07-04T18:41:10.174280Z[0m [32m INFO[0m [2mpm_bot[0m[2m:[0m MAKER DOWN quotes: bid=None ask=Some((0.7793411465368124, 150.0)) (TP ask@0.78)
[2m2026-07-04T18:41:10.424623Z[0m [32m INFO[0m [2mpm_bot[0m[2m:[0m MAKER DOWN quotes: bid=None ask=Some((0.7792772521278697, 150.0)) (TP ask@0.78)
[2m2026-07-04T18:41:10.674674Z[0m [32m INFO[0m [2mpm_bot[0m[2m:[0m MAKER DOWN quotes: bid=None ask=Some((0.7792133446597147, 150.0)) (TP ask@0.78)
[2m2026-07-04T18:41:10.924194Z[0m [32m INFO[0m [2mpm_bot[0m[2m:[0m MAKER DOWN quotes: bid=None ask=Some((0.7624307384397115, 150.0)) (TP ask@0.76)
[2m2026-07-04T18:41:11.173973Z[0m [32m INFO[0m [2mpm_bot[0m[2m:[0m MAKER DOWN quotes: bid=None ask=Some((0.7623732258056953, 150.0)) (TP ask@0.76)
[2m2026-07-04T18:41:11.424539Z[0m [32m INFO[0m [2mpm_bot[0m[2m:[0m MAKER DOWN quotes: bid=None ask=Some((0.7623152452580132, 150.0)) (TP ask@0.76)
[2m2026-07-04T18:41:11.674227Z[0m [32m INFO[0m [2mpm_bot[0m[2m:[0m MAKER DOWN quotes: bid=None ask=Some((0.8104038273056493, 150.0)) (TP ask@0.81)
[2m2026-07-04T18:41:11.924716Z[0m [32m INFO[0m [2mpm_bot[0m[2m:[0m MAKER DOWN quotes: bid=None ask=Some((0.8103384148621183, 150.0)) (TP ask@0.81)
[2m2026-07-04T18:41:12.173918Z[0m [32m INFO[0m [2mpm_bot[0m[2m:[0m MAKER DOWN quotes: bid=None ask=Some((0.8102732503497453, 150.0)) (TP ask@0.81)
[2m2026-07-04T18:41:12.424244Z[0m [32m INFO[0m [2mpm_bot[0m[2m:[0m MAKER DOWN quotes: bid=None ask=Some((0.7904142807112087, 150.0)) (TP ask@0.79)
[2m2026-07-04T18:41:12.674518Z[0m [32m INFO[0m [2mpm_bot[0m[2m:[0m MAKER DOWN quotes: bid=None ask=Some((0.7903557321804996, 150.0)) (TP ask@0.79)
[2m2026-07-04T18:41:12.923935Z[0m [32m INFO[0m [2mpm_bot[0m[2m:[0m MAKER DOWN quotes: bid=None ask=Some((0.7902974136903848, 150.0)) (TP ask@0.79)
[2m2026-07-04T18:41:13.174682Z[0m [32m INFO[0m [2mpm_bot[0m[2m:[0m MAKER DOWN quotes: bid=None ask=Some((0.7902386226558833, 150.0)) (TP ask@0.79)
[2m2026-07-04T18:41:13.424186Z[0m [32m INFO[0m [2mpm_bot[0m[2m:[0m MAKER DOWN quotes: bid=None ask=Some((0.790180061806805, 150.0)) (TP ask@0.79)
[2m2026-07-04T18:41:13.674237Z[0m [32m INFO[0m [2mpm_bot[0m[2m:[0m MAKER DOWN quotes: bid=None ask=Some((0.7901214969971042, 150.0)) (TP ask@0.79)
[2m2026-07-04T18:41:13.924305Z[0m [32m INFO[0m [2mpm_bot[0m[2m:[0m MAKER DOWN quotes: bid=None ask=Some((0.7906317261674912, 150.0)) (TP ask@0.79)
[2m2026-07-04T18:41:14.174565Z[0m [32m INFO[0m [2mpm_bot[0m[2m:[0m MAKER DOWN quotes: bid=None ask=Some((0.7905742100114482, 150.0)) (TP ask@0.79)
[2m2026-07-04T18:41:14.424003Z[0m [32m INFO[0m [2mpm_bot[0m[2m:[0m MAKER DOWN quotes: bid=None ask=Some((0.7905169217202273, 150.0)) (TP ask@0.79)
[2m2026-07-04T18:41:14.674243Z[0m [32m INFO[0m [2mpm_bot[0m[2m:[0m MAKER DOWN quotes: bid=None ask=Some((0.7708884527580413, 150.0)) (TP ask@0.77)
[2m2026-07-04T18:41:14.924482Z[0m [32m INFO[0m [2mpm_bot[0m[2m:[0m MAKER DOWN quotes: bid=None ask=Some((0.7708392286236201, 150.0)) (TP ask@0.77)
[2m2026-07-04T18:41:15.174460Z[0m [32m INFO[0m [2mpm_bot[0m[2m:[0m MAKER DOWN quotes: bid=None ask=Some((0.7707900121346594, 150.0)) (TP ask@0.77)
[2m2026-07-04T18:41:15.424086Z[0m [32m INFO[0m [2mpm_bot[0m[2m:[0m MAKER DOWN quotes: bid=None ask=Some((0.7594825892426545, 150.0)) (TP ask@0.76)
[2m2026-07-04T18:41:15.674008Z[0m [32m INFO[0m [2mpm_bot[0m[2m:[0m MAKER DOWN quotes: bid=None ask=Some((0.7594384775451857, 150.0)) (TP ask@0.76)
[2m2026-07-04T18:41:15.924031Z[0m [32m INFO[0m [2mpm_bot[0m[2m:[0m MAKER DOWN quotes: bid=None ask=Some((0.7593940245481084, 150.0)) (TP ask@0.76)
[2m2026-07-04T18:41:16.174532Z[0m [32m INFO[0m [2mpm_bot[0m[2m:[0m MAKER DOWN quotes: bid=None ask=Some((0.7593497617440754, 150.0)) (TP ask@0.76)
[2m2026-07-04T18:41:16.424400Z[0m [32m INFO[0m [2mpm_bot[0m[2m:[0m MAKER DOWN quotes: bid=None ask=Some((0.7593055121079967, 150.0)) (TP ask@0.76)
[2m2026-07-04T18:41:16.674679Z[0m [32m INFO[0m [2mpm_bot[0m[2m:[0m MAKER DOWN quotes: bid=None ask=Some((0.7592612757448535, 150.0)) (TP ask@0.76)
[2m2026-07-04T18:41:16.923958Z[0m [32m INFO[0m [2mpm_bot[0m[2m:[0m MAKER DOWN quotes: bid=None ask=Some((0.7831747213692275, 150.0)) (TP ask@0.78)
[2m2026-07-04T18:41:17.174139Z[0m [32m INFO[0m [2mpm_bot[0m[2m:[0m MAKER DOWN quotes: bid=None ask=Some((0.7831251372475381, 150.0)) (TP ask@0.78)
[2m2026-07-04T18:41:17.423778Z[0m [32m INFO[0m [2mpm_bot[0m[2m:[0m MAKER DOWN quotes: bid=None ask=Some((0.7830759577533066, 150.0)) (TP ask@0.78)
[2m2026-07-04T18:41:17.674127Z[0m [32m INFO[0m [2mpm_bot[0m[2m:[0m MAKER DOWN quotes: bid=None ask=Some((0.7378447181059862, 150.0)) (TP ask@0.74)
[2m2026-07-04T18:41:17.924516Z[0m [32m INFO[0m [2mpm_bot[0m[2m:[0m MAKER DOWN quotes: bid=None ask=Some((0.7378188018512721, 150.0)) (TP ask@0.74)
[2m2026-07-04T18:41:18.174776Z[0m [32m INFO[0m [2mpm_bot[0m[2m:[0m MAKER DOWN quotes: bid=None ask=Some((0.7377929189770815, 150.0)) (TP ask@0.74)
[2m2026-07-04T18:41:18.424801Z[0m [32m INFO[0m [2mpm_bot[0m[2m:[0m MAKER DOWN quotes: bid=None ask=Some((0.6974227518859806, 150.0)) (TP ask@0.70)
[2m2026-07-04T18:41:18.673885Z[0m [32m INFO[0m [2mpm_bot[0m[2m:[0m MAKER DOWN quotes: bid=None ask=Some((0.6974187040715244, 150.0)) (TP ask@0.70)
[2m2026-07-04T18:41:18.924073Z[0m [32m INFO[0m [2mpm_bot[0m[2m:[0m MAKER DOWN quotes: bid=None ask=Some((0.6974146745374261, 150.0)) (TP ask@0.70)
[2m2026-07-04T18:41:19.174572Z[0m [32m INFO[0m [2mpm_bot[0m[2m:[0m MAKER DOWN quotes: bid=None ask=Some((0.6974107119259378, 150.0)) (TP ask@0.70)
[2m2026-07-04T18:41:19.424643Z[0m [32m INFO[0m [2mpm_bot[0m[2m:[0m MAKER DOWN quotes: bid=None ask=Some((0.6974068002591806, 150.0)) (TP ask@0.70)
[2m2026-07-04T18:41:19.674341Z[0m [32m INFO[0m [2mpm_bot[0m[2m:[0m MAKER DOWN quotes: bid=None ask=Some((0.6974029397152431, 150.0)) (TP ask@0.70)
[2m2026-07-04T18:41:19.924363Z[0m [32m INFO[0m [2mpm_bot[0m[2m:[0m MAKER DOWN quotes: bid=None ask=Some((0.7256551847997859, 150.0)) (TP ask@0.73)
[2m2026-07-04T18:41:20.174308Z[0m [32m INFO[0m [2mpm_bot[0m[2m:[0m MAKER DOWN quotes: bid=None ask=Some((0.7256415635944635, 150.0)) (TP ask@0.73)
[2m2026-07-04T18:41:20.424206Z[0m [32m INFO[0m [2mpm_bot[0m[2m:[0m MAKER DOWN quotes: bid=None ask=Some((0.7256279891121529, 150.0)) (TP ask@0.73)
[2m2026-07-04T18:41:20.674041Z[0m [32m INFO[0m [2mpm_bot[0m[2m:[0m MAKER DOWN quotes: bid=None ask=Some((0.8352028930973052, 150.0)) (TP ask@0.84)
[2m2026-07-04T18:41:20.924354Z[0m [32m INFO[0m [2mpm_bot[0m[2m:[0m MAKER DOWN quotes: bid=None ask=Some((0.8351426136965012, 150.0)) (TP ask@0.84)
[2m2026-07-04T18:41:21.174701Z[0m [32m INFO[0m [2mpm_bot[0m[2m:[0m MAKER DOWN quotes: bid=None ask=Some((0.8350823307536059, 150.0)) (TP ask@0.84)
[2m2026-07-04T18:41:21.423911Z[0m [32m INFO[0m [2mpm_bot[0m[2m:[0m MAKER DOWN quotes: bid=None ask=Some((0.8578396021495591, 150.0)) (TP ask@0.86)
[2m2026-07-04T18:41:21.674679Z[0m [32m INFO[0m [2mpm_bot[0m[2m:[0m MAKER DOWN quotes: bid=None ask=Some((0.8577766822899924, 150.0)) (TP ask@0.86)
[2m2026-07-04T18:41:21.924706Z[0m [32m INFO[0m [2mpm_bot[0m[2m:[0m MAKER DOWN quotes: bid=None ask=Some((0.8577140034496518, 150.0)) (TP ask@0.86)
[2m2026-07-04T18:41:22.173854Z[0m [32m INFO[0m [2mpm_bot[0m[2m:[0m MAKER DOWN quotes: bid=None ask=Some((0.8576515658371967, 150.0)) (TP ask@0.86)
[2m2026-07-04T18:41:22.424181Z[0m [32m INFO[0m [2mpm_bot[0m[2m:[0m MAKER DOWN quotes: bid=None ask=Some((0.8575886172294711, 150.0)) (TP ask@0.86)
[2m2026-07-04T18:41:22.674477Z[0m [32m INFO[0m [2mpm_bot[0m[2m:[0m MAKER DOWN quotes: bid=None ask=Some((0.857525910038452, 150.0)) (TP ask@0.86)
[2m2026-07-04T18:41:22.924820Z[0m [32m INFO[0m [2mpm_bot[0m[2m:[0m MAKER DOWN quotes: bid=None ask=Some((0.8721881708465395, 150.0)) (TP ask@0.87)
[2m2026-07-04T18:41:23.173940Z[0m [32m INFO[0m [2mpm_bot[0m[2m:[0m MAKER DOWN quotes: bid=None ask=Some((0.8721220330474124, 150.0)) (TP ask@0.87)
[2m2026-07-04T18:41:23.424988Z[0m [32m INFO[0m [2mpm_bot[0m[2m:[0m MAKER DOWN quotes: bid=None ask=Some((0.872055345339053, 150.0)) (TP ask@0.87)
[2m2026-07-04T18:41:23.674315Z[0m [32m INFO[0m [2mpm_bot[0m[2m:[0m MAKER DOWN quotes: bid=None ask=Some((0.8721251299723574, 150.0)) (TP ask@0.87)
[2m2026-07-04T18:41:23.924072Z[0m [32m INFO[0m [2mpm_bot[0m[2m:[0m MAKER DOWN quotes: bid=None ask=Some((0.8720586376206683, 150.0)) (TP ask@0.87)
[2m2026-07-04T18:41:24.174134Z[0m [32m INFO[0m [2mpm_bot[0m[2m:[0m MAKER DOWN quotes: bid=None ask=Some((0.8719921268060123, 150.0)) (TP ask@0.87)
[2m2026-07-04T18:41:24.424541Z[0m [32m INFO[0m [2mpm_bot[0m[2m:[0m MAKER DOWN quotes: bid=None ask=Some((0.8650726907072309, 150.0)) (TP ask@0.87)
[2m2026-07-04T18:41:24.674422Z[0m [32m INFO[0m [2mpm_bot[0m[2m:[0m MAKER DOWN quotes: bid=None ask=Some((0.8650076119395614, 150.0)) (TP ask@0.87)
[2m2026-07-04T18:41:24.923961Z[0m [32m INFO[0m [2mpm_bot[0m[2m:[0m MAKER DOWN quotes: bid=None ask=Some((0.8649427796097986, 150.0)) (TP ask@0.86)
[2m2026-07-04T18:41:25.174705Z[0m [32m INFO[0m [2mpm_bot[0m[2m:[0m MAKER DOWN quotes: bid=None ask=Some((0.8648774126126368, 150.0)) (TP ask@0.86)
[2m2026-07-04T18:41:25.424255Z[0m [32m INFO[0m [2mpm_bot[0m[2m:[0m MAKER DOWN quotes: bid=None ask=Some((0.8648122922349692, 150.0)) (TP ask@0.86)
[2m2026-07-04T18:41:25.673791Z[0m [32m INFO[0m [2mpm_bot[0m[2m:[0m MAKER DOWN quotes: bid=None ask=Some((0.8647474187332613, 150.0)) (TP ask@0.86)
[2m2026-07-04T18:41:25.924391Z[0m [32m INFO[0m [2mpm_bot[0m[2m:[0m MAKER DOWN quotes: bid=None ask=Some((0.8646820105095523, 150.0)) (TP ask@0.86)
[2m2026-07-04T18:41:26.174102Z[0m [32m INFO[0m [2mpm_bot[0m[2m:[0m MAKER DOWN quotes: bid=None ask=Some((0.8041134762565727, 150.0)) (TP ask@0.80)
[2m2026-07-04T18:41:26.424093Z[0m [32m INFO[0m [2mpm_bot[0m[2m:[0m MAKER DOWN quotes: bid=None ask=Some((0.804042748784747, 150.0)) (TP ask@0.80)
[2m2026-07-04T18:41:26.674153Z[0m [32m INFO[0m [2mpm_bot[0m[2m:[0m MAKER DOWN quotes: bid=None ask=Some((0.8039720041825371, 150.0)) (TP ask@0.80)
[2m2026-07-04T18:41:26.924334Z[0m [32m INFO[0m [2mpm_bot[0m[2m:[0m MAKER DOWN quotes: bid=None ask=Some((0.8039012425130619, 150.0)) (TP ask@0.80)
[2m2026-07-04T18:41:27.174361Z[0m [32m INFO[0m [2mpm_bot[0m[2m:[0m MAKER DOWN quotes: bid=None ask=Some((0.8075443062012218, 150.0)) (TP ask@0.81)
[2m2026-07-04T18:41:27.424744Z[0m [32m INFO[0m [2mpm_bot[0m[2m:[0m MAKER DOWN quotes: bid=None ask=Some((0.8074742158043196, 150.0)) (TP ask@0.81)
[2m2026-07-04T18:41:27.674471Z[0m [32m INFO[0m [2mpm_bot[0m[2m:[0m MAKER DOWN quotes: bid=None ask=Some((0.8074041096741479, 150.0)) (TP ask@0.81)
[2m2026-07-04T18:41:27.924149Z[0m [32m INFO[0m [2mpm_bot[0m[2m:[0m MAKER DOWN quotes: bid=None ask=Some((0.8083589043383924, 150.0)) (TP ask@0.81)
[2m2026-07-04T18:41:28.174671Z[0m [32m INFO[0m [2mpm_bot[0m[2m:[0m MAKER DOWN quotes: bid=None ask=Some((0.8082855315329899, 150.0)) (TP ask@0.81)
[2m2026-07-04T18:41:28.424084Z[0m [32m INFO[0m [2mpm_bot[0m[2m:[0m MAKER DOWN quotes: bid=None ask=Some((0.8082121380030122, 150.0)) (TP ask@0.81)
[2m2026-07-04T18:41:28.674365Z[0m [32m INFO[0m [2mpm_bot[0m[2m:[0m MAKER DOWN quotes: bid=None ask=Some((0.8015161195456733, 150.0)) (TP ask@0.80)
[2m2026-07-04T18:41:28.924096Z[0m [32m INFO[0m [2mpm_bot[0m[2m:[0m MAKER DOWN quotes: bid=None ask=Some((0.8014450550983607, 150.0)) (TP ask@0.80)
[2m2026-07-04T18:41:29.174637Z[0m [32m INFO[0m [2mpm_bot[0m[2m:[0m MAKER DOWN quotes: bid=None ask=Some((0.7994352748065153, 150.0)) (TP ask@0.80)
[2m2026-07-04T18:41:29.423999Z[0m [32m INFO[0m [2mpm_bot[0m[2m:[0m MAKER DOWN quotes: bid=None ask=Some((0.7993649218798239, 150.0)) (TP ask@0.80)
[2m2026-07-04T18:41:29.674061Z[0m [32m INFO[0m [2mpm_bot[0m[2m:[0m MAKER DOWN quotes: bid=None ask=Some((0.7992939878515888, 150.0)) (TP ask@0.80)
[2m2026-07-04T18:41:29.924433Z[0m [32m INFO[0m [2mpm_bot[0m[2m:[0m MAKER DOWN quotes: bid=None ask=Some((0.7992233205111755, 150.0)) (TP ask@0.80)
[2m2026-07-04T18:41:30.173974Z[0m [32m INFO[0m [2mpm_bot[0m[2m:[0m MAKER DOWN quotes: bid=None ask=Some((0.7991529201171595, 150.0)) (TP ask@0.80)
[2m2026-07-04T18:41:30.305426Z[0m [32m INFO[0m [2mpm_bot[0m[2m:[0m résolution officielle : Down
[2m2026-07-04T18:41:30.305513Z[0m [32m INFO[0m [2mpm_acquisition::clob[0m[2m:[0m CLOB flux terminé (marché résolu/fermé)
[2m2026-07-04T18:41:30.424437Z[0m [32m INFO[0m [2mpm_bot[0m[2m:[0m MAKER DOWN quotes: bid=None ask=Some((0.8022341508731128, 150.0)) (TP ask@0.80)
[2m2026-07-04T18:41:30.674405Z[0m [32m INFO[0m [2mpm_bot[0m[2m:[0m MAKER DOWN quotes: bid=None ask=Some((0.8021625547087656, 150.0)) (TP ask@0.80)
[2m2026-07-04T18:41:30.924230Z[0m [32m INFO[0m [2mpm_bot[0m[2m:[0m MAKER DOWN quotes: bid=None ask=Some((0.8020909415985757, 150.0)) (TP ask@0.80)
[2m2026-07-04T18:41:31.174586Z[0m [32m INFO[0m [2mpm_bot[0m[2m:[0m MAKER DOWN quotes: bid=None ask=Some((0.8020193116109271, 150.0)) (TP ask@0.80)
[2m2026-07-04T18:41:31.423988Z[0m [32m INFO[0m [2mpm_bot[0m[2m:[0m MAKER DOWN quotes: bid=None ask=Some((0.8019479514352601, 150.0)) (TP ask@0.80)
[2m2026-07-04T18:41:31.674343Z[0m [32m INFO[0m [2mpm_bot[0m[2m:[0m MAKER DOWN quotes: bid=None ask=Some((0.7933744790928305, 150.0)) (TP ask@0.79)
[2m2026-07-04T18:41:31.923780Z[0m [32m INFO[0m [2mpm_bot[0m[2m:[0m MAKER DOWN quotes: bid=None ask=Some((0.7933051785417975, 150.0)) (TP ask@0.79)
[2m2026-07-04T18:41:32.174706Z[0m [32m INFO[0m [2mpm_bot[0m[2m:[0m MAKER DOWN quotes: bid=None ask=Some((0.7890474123773838, 150.0)) (TP ask@0.79)
[2m2026-07-04T18:41:32.424532Z[0m [32m INFO[0m [2mpm_bot[0m[2m:[0m MAKER DOWN quotes: bid=None ask=Some((0.7889778242424493, 150.0)) (TP ask@0.79)
[2m2026-07-04T18:41:32.674243Z[0m [32m INFO[0m [2mpm_bot[0m[2m:[0m MAKER DOWN quotes: bid=None ask=Some((0.788908222509056, 150.0)) (TP ask@0.79)
[2m2026-07-04T18:41:32.924563Z[0m [32m INFO[0m [2mpm_bot[0m[2m:[0m MAKER DOWN quotes: bid=None ask=Some((0.7888386072503375, 150.0)) (TP ask@0.79)
[2m2026-07-04T18:41:33.174769Z[0m [32m INFO[0m [2mpm_bot[0m[2m:[0m MAKER DOWN quotes: bid=None ask=Some((0.7887689785399232, 150.0)) (TP ask@0.79)
[2m2026-07-04T18:41:33.424112Z[0m [32m INFO[0m [2mpm_bot[0m[2m:[0m MAKER DOWN quotes: bid=None ask=Some((0.7796127430479145, 150.0)) (TP ask@0.78)
[2m2026-07-04T18:41:33.674335Z[0m [32m INFO[0m [2mpm_bot[0m[2m:[0m MAKER DOWN quotes: bid=None ask=Some((0.7795437707401007, 150.0)) (TP ask@0.78)
[2m2026-07-04T18:41:33.924285Z[0m [32m INFO[0m [2mpm_bot[0m[2m:[0m MAKER DOWN quotes: bid=None ask=Some((0.7794747855799318, 150.0)) (TP ask@0.78)
[2m2026-07-04T18:41:34.174302Z[0m [32m INFO[0m [2mpm_bot[0m[2m:[0m MAKER DOWN quotes: bid=None ask=Some((0.7794057876398022, 150.0)) (TP ask@0.78)
[2m2026-07-04T18:41:34.423832Z[0m [32m INFO[0m [2mpm_bot[0m[2m:[0m MAKER DOWN quotes: bid=None ask=Some((0.7793370530604027, 150.0)) (TP ask@0.78)
[2m2026-07-04T18:41:34.674311Z[0m [32m INFO[0m [2mpm_bot[0m[2m:[0m MAKER DOWN quotes: bid=None ask=Some((0.7820176789262054, 150.0)) (TP ask@0.78)
[2m2026-07-04T18:41:34.924928Z[0m [32m INFO[0m [2mpm_bot[0m[2m:[0m MAKER DOWN quotes: bid=None ask=Some((0.7819489444176201, 150.0)) (TP ask@0.78)
[2m2026-07-04T18:41:35.174405Z[0m [32m INFO[0m [2mpm_bot[0m[2m:[0m MAKER DOWN quotes: bid=None ask=Some((0.7814189826148947, 150.0)) (TP ask@0.78)
[2m2026-07-04T18:41:35.424040Z[0m [32m INFO[0m [2mpm_bot[0m[2m:[0m MAKER DOWN quotes: bid=None ask=Some((0.7813503625052742, 150.0)) (TP ask@0.78)
[2m2026-07-04T18:41:35.674366Z[0m [32m INFO[0m [2mpm_bot[0m[2m:[0m MAKER DOWN quotes: bid=None ask=Some((0.7812817309525494, 150.0)) (TP ask@0.78)
[2m2026-07-04T18:41:35.924516Z[0m [32m INFO[0m [2mpm_bot[0m[2m:[0m MAKER DOWN quotes: bid=None ask=Some((0.781213088035941, 150.0)) (TP ask@0.78)
[2m2026-07-04T18:41:36.173935Z[0m [32m INFO[0m [2mpm_bot[0m[2m:[0m MAKER DOWN quotes: bid=None ask=Some((0.7811447084743738, 150.0)) (TP ask@0.78)
[2m2026-07-04T18:41:36.424357Z[0m [32m INFO[0m [2mpm_bot[0m[2m:[0m MAKER DOWN quotes: bid=None ask=Some((0.780093695063715, 150.0)) (TP ask@0.78)
[2m2026-07-04T18:41:36.674710Z[0m [32m INFO[0m [2mpm_bot[0m[2m:[0m MAKER DOWN quotes: bid=None ask=Some((0.7800256619620871, 150.0)) (TP ask@0.78)
[2m2026-07-04T18:41:36.924849Z[0m [32m INFO[0m [2mpm_bot[0m[2m:[0m MAKER DOWN quotes: bid=None ask=Some((0.7799576187351547, 150.0)) (TP ask@0.78)
[2m2026-07-04T18:41:37.174138Z[0m [32m INFO[0m [2mpm_bot[0m[2m:[0m MAKER DOWN quotes: bid=None ask=Some((0.779889565466663, 150.0)) (TP ask@0.78)
[2m2026-07-04T18:41:37.424439Z[0m [32m INFO[0m [2mpm_bot[0m[2m:[0m MAKER DOWN quotes: bid=None ask=Some((0.7798215022409097, 150.0)) (TP ask@0.78)
[2m2026-07-04T18:41:37.674023Z[0m [32m INFO[0m [2mpm_bot[0m[2m:[0m MAKER DOWN quotes: bid=None ask=Some((0.7952244527181149, 150.0)) (TP ask@0.80)
[2m2026-07-04T18:41:37.924425Z[0m [32m INFO[0m [2mpm_bot[0m[2m:[0m MAKER DOWN quotes: bid=None ask=Some((0.795149118757061, 150.0)) (TP ask@0.80)
[2m2026-07-04T18:41:38.174468Z[0m [32m INFO[0m [2mpm_bot[0m[2m:[0m MAKER DOWN quotes: bid=None ask=Some((0.8031394061398741, 150.0)) (TP ask@0.80)
[2m2026-07-04T18:41:38.424421Z[0m [32m INFO[0m [2mpm_bot[0m[2m:[0m MAKER DOWN quotes: bid=None ask=Some((0.8030619512541572, 150.0)) (TP ask@0.80)
[2m2026-07-04T18:41:38.673938Z[0m [32m INFO[0m [2mpm_bot[0m[2m:[0m MAKER DOWN quotes: bid=None ask=Some((0.80298478286348, 150.0)) (TP ask@0.80)
[2m2026-07-04T18:41:38.924102Z[0m [32m INFO[0m [2mpm_bot[0m[2m:[0m MAKER DOWN quotes: bid=None ask=Some((0.8029069711515336, 150.0)) (TP ask@0.80)
[2m2026-07-04T18:41:39.174069Z[0m [32m INFO[0m [2mpm_bot[0m[2m:[0m MAKER DOWN quotes: bid=None ask=Some((0.8028294460628846, 150.0)) (TP ask@0.80)
[2m2026-07-04T18:41:39.424021Z[0m [32m INFO[0m [2mpm_bot[0m[2m:[0m MAKER DOWN quotes: bid=None ask=Some((0.800909368592563, 150.0)) (TP ask@0.80)
[2m2026-07-04T18:41:39.674004Z[0m [32m INFO[0m [2mpm_bot[0m[2m:[0m MAKER DOWN quotes: bid=None ask=Some((0.8008328356284504, 150.0)) (TP ask@0.80)
[2m2026-07-04T18:41:39.924885Z[0m [32m INFO[0m [2mpm_bot[0m[2m:[0m MAKER DOWN quotes: bid=None ask=Some((0.8007559749912747, 150.0)) (TP ask@0.80)
[2m2026-07-04T18:41:40.174540Z[0m [32m INFO[0m [2mpm_bot[0m[2m:[0m MAKER DOWN quotes: bid=None ask=Some((0.8006793991865686, 150.0)) (TP ask@0.80)
[2m2026-07-04T18:41:40.423886Z[0m [32m INFO[0m [2mpm_bot[0m[2m:[0m MAKER DOWN quotes: bid=None ask=Some((0.8006031085405028, 150.0)) (TP ask@0.80)
[2m2026-07-04T18:41:40.674475Z[0m [32m INFO[0m [2mpm_bot[0m[2m:[0m MAKER DOWN quotes: bid=None ask=Some((0.8412441215944878, 150.0)) (TP ask@0.84)
[2m2026-07-04T18:41:40.923952Z[0m [32m INFO[0m [2mpm_bot[0m[2m:[0m MAKER DOWN quotes: bid=None ask=Some((0.8411533917548507, 150.0)) (TP ask@0.84)
[2m2026-07-04T18:41:41.174166Z[0m [32m INFO[0m [2mpm_bot[0m[2m:[0m MAKER DOWN quotes: bid=None ask=Some((0.845034037628481, 150.0)) (TP ask@0.85)
[2m2026-07-04T18:41:41.424139Z[0m [32m INFO[0m [2mpm_bot[0m[2m:[0m MAKER DOWN quotes: bid=None ask=Some((0.8449397184081433, 150.0)) (TP ask@0.84)
[2m2026-07-04T18:41:41.674831Z[0m [32m INFO[0m [2mpm_bot[0m[2m:[0m MAKER DOWN quotes: bid=None ask=Some((0.8448453413064234, 150.0)) (TP ask@0.84)
[2m2026-07-04T18:41:41.924483Z[0m [32m INFO[0m [2mpm_bot[0m[2m:[0m MAKER DOWN quotes: bid=None ask=Some((0.8447509063241089, 150.0)) (TP ask@0.84)
[2m2026-07-04T18:41:42.174282Z[0m [32m INFO[0m [2mpm_bot[0m[2m:[0m MAKER DOWN quotes: bid=None ask=Some((0.8506191498577831, 150.0)) (TP ask@0.85)
[2m2026-07-04T18:41:42.424604Z[0m [32m INFO[0m [2mpm_bot[0m[2m:[0m MAKER DOWN quotes: bid=None ask=Some((0.8505258797127815, 150.0)) (TP ask@0.85)
[2m2026-07-04T18:41:42.674043Z[0m [32m INFO[0m [2mpm_bot[0m[2m:[0m MAKER DOWN quotes: bid=None ask=Some((0.850432552634083, 150.0)) (TP ask@0.85)
[2m2026-07-04T18:41:42.923728Z[0m [32m INFO[0m [2mpm_bot[0m[2m:[0m MAKER DOWN quotes: bid=None ask=Some((0.8503395422785679, 150.0)) (TP ask@0.85)
[2m2026-07-04T18:41:43.174536Z[0m [32m INFO[0m [2mpm_bot[0m[2m:[0m MAKER DOWN quotes: bid=None ask=Some((0.8425506267883238, 150.0)) (TP ask@0.84)
[2m2026-07-04T18:41:43.424346Z[0m [32m INFO[0m [2mpm_bot[0m[2m:[0m MAKER DOWN quotes: bid=None ask=Some((0.8424552951121935, 150.0)) (TP ask@0.84)
[2m2026-07-04T18:41:43.673857Z[0m [32m INFO[0m [2mpm_bot[0m[2m:[0m MAKER DOWN quotes: bid=None ask=Some((0.8423602865836708, 150.0)) (TP ask@0.84)
[2m2026-07-04T18:41:43.924569Z[0m [32m INFO[0m [2mpm_bot[0m[2m:[0m MAKER DOWN quotes: bid=None ask=Some((0.6520344749607453, 150.0)) (TP ask@0.65)
[2m2026-07-04T18:41:44.174387Z[0m [32m INFO[0m [2mpm_bot[0m[2m:[0m MAKER DOWN quotes: bid=None ask=Some((0.6519255163450658, 150.0)) (TP ask@0.65)
[2m2026-07-04T18:41:44.424054Z[0m [32m INFO[0m [2mpm_bot[0m[2m:[0m MAKER DOWN quotes: bid=None ask=Some((0.6518164623217955, 150.0)) (TP ask@0.65)
[2m2026-07-04T18:41:44.674767Z[0m [32m INFO[0m [2mpm_bot[0m[2m:[0m MAKER DOWN quotes: bid=None ask=Some((0.6517073126840787, 150.0)) (TP ask@0.65)
[2m2026-07-04T18:41:44.924566Z[0m [32m INFO[0m [2mpm_bot[0m[2m:[0m MAKER DOWN quotes: bid=None ask=Some((0.651598067224309, 150.0)) (TP ask@0.65)
[2m2026-07-04T18:41:45.174454Z[0m [32m INFO[0m [2mpm_bot[0m[2m:[0m MAKER DOWN quotes: bid=None ask=Some((0.6514887257341255, 150.0)) (TP ask@0.65)
[2m2026-07-04T18:41:45.424200Z[0m [32m INFO[0m [2mpm_bot[0m[2m:[0m MAKER DOWN quotes: bid=None ask=Some((0.5672987771026047, 150.0)) (TP ask@0.57)
[2m2026-07-04T18:41:45.673748Z[0m [32m INFO[0m [2mpm_bot[0m[2m:[0m MAKER DOWN quotes: bid=None ask=Some((0.5671963021637989, 150.0)) (TP ask@0.57)
[2m2026-07-04T18:41:45.924393Z[0m [32m INFO[0m [2mpm_bot[0m[2m:[0m MAKER DOWN quotes: bid=None ask=Some((0.5670928908878496, 150.0)) (TP ask@0.57)
[2m2026-07-04T18:41:46.174477Z[0m [32m INFO[0m [2mpm_bot[0m[2m:[0m MAKER DOWN quotes: bid=None ask=Some((0.5669897782900811, 150.0)) (TP ask@0.57)
[2m2026-07-04T18:41:46.424641Z[0m [32m INFO[0m [2mpm_bot[0m[2m:[0m MAKER DOWN quotes: bid=None ask=Some((0.5583907373541697, 150.0)) (TP ask@0.56)
[2m2026-07-04T18:41:46.674531Z[0m [32m INFO[0m [2mpm_bot[0m[2m:[0m MAKER DOWN quotes: bid=None ask=Some((0.5582881594427215, 150.0)) (TP ask@0.56)
[2m2026-07-04T18:41:46.923949Z[0m [32m INFO[0m [2mpm_bot[0m[2m:[0m MAKER DOWN quotes: bid=None ask=Some((0.5581858766741989, 150.0)) (TP ask@0.56)
[2m2026-07-04T18:41:47.174794Z[0m [32m INFO[0m [2mpm_bot[0m[2m:[0m MAKER DOWN quotes: bid=None ask=Some((0.558082655716936, 150.0)) (TP ask@0.56)
[2m2026-07-04T18:41:47.424689Z[0m [32m INFO[0m [2mpm_bot[0m[2m:[0m MAKER DOWN quotes: bid=None ask=Some((0.5661367111734157, 150.0)) (TP ask@0.57)
[2m2026-07-04T18:41:47.674083Z[0m [32m INFO[0m [2mpm_bot[0m[2m:[0m MAKER DOWN quotes: bid=None ask=Some((0.5660324476860823, 150.0)) (TP ask@0.57)
[2m2026-07-04T18:41:47.923946Z[0m [32m INFO[0m [2mpm_bot[0m[2m:[0m MAKER DOWN quotes: bid=None ask=Some((0.5659284859731933, 150.0)) (TP ask@0.57)
[2m2026-07-04T18:41:48.174118Z[0m [32m INFO[0m [2mpm_bot[0m[2m:[0m MAKER DOWN quotes: bid=None ask=Some((0.5658235724759563, 150.0)) (TP ask@0.57)
[2m2026-07-04T18:41:48.423798Z[0m [32m INFO[0m [2mpm_bot[0m[2m:[0m MAKER DOWN quotes: bid=None ask=Some((0.5586594107890792, 150.0)) (TP ask@0.56)
[2m2026-07-04T18:41:48.674857Z[0m [32m INFO[0m [2mpm_bot[0m[2m:[0m MAKER DOWN quotes: bid=None ask=Some((0.558560173700553, 150.0)) (TP ask@0.56)
[2m2026-07-04T18:41:48.924751Z[0m [32m INFO[0m [2mpm_bot[0m[2m:[0m MAKER DOWN quotes: bid=None ask=Some((0.5584612201399526, 150.0)) (TP ask@0.56)
[2m2026-07-04T18:41:49.173869Z[0m [32m INFO[0m [2mpm_bot[0m[2m:[0m MAKER DOWN quotes: bid=None ask=Some((0.5583625511449204, 150.0)) (TP ask@0.56)
[2m2026-07-04T18:41:49.424038Z[0m [32m INFO[0m [2mpm_bot[0m[2m:[0m MAKER DOWN quotes: bid=None ask=Some((0.56417555858013, 150.0)) (TP ask@0.56)
[2m2026-07-04T18:41:49.674865Z[0m [32m INFO[0m [2mpm_bot[0m[2m:[0m MAKER DOWN quotes: bid=None ask=Some((0.5640756834883253, 150.0)) (TP ask@0.56)
[2m2026-07-04T18:41:49.924174Z[0m [32m INFO[0m [2mpm_bot[0m[2m:[0m MAKER DOWN quotes: bid=None ask=Some((0.5639756968802883, 150.0)) (TP ask@0.56)
[2m2026-07-04T18:41:50.173864Z[0m [32m INFO[0m [2mpm_bot[0m[2m:[0m MAKER DOWN quotes: bid=None ask=Some((0.5638759990707665, 150.0)) (TP ask@0.56)
[2m2026-07-04T18:41:50.424306Z[0m [32m INFO[0m [2mpm_bot[0m[2m:[0m MAKER DOWN quotes: bid=None ask=Some((0.5266666666666666, 150.0)) (TP ask@0.53)
[2m2026-07-04T18:41:54.174196Z[0m [32m INFO[0m [2mpm_bot[0m[2m:[0m MAKER UP quotes: bid=Some((0.65, 50.0)) ask=None (bid@0.65 fair=0.723)
[2m2026-07-04T18:41:54.174232Z[0m [32m INFO[0m [2mexecution[0m[2m:[0m [DRY-RUN] dryrun-2 Sell 10794898 x 150 @ 0.330 (Fak)
[2m2026-07-04T18:41:54.309574Z[0m [32m INFO[0m [2mpm_bot[0m[2m:[0m PAPER fill maker 17159272 sur trade @0.650 (achat=true vente=false)
[2m2026-07-04T18:41:54.424564Z[0m [32m INFO[0m [2mpm_bot[0m[2m:[0m MAKER UP quotes: bid=Some((0.61, 50.0)) ask=Some((0.7328135646853149, 50.0)) (TP ask@0.73 | bid@0.61 fair=0.723)
[2m2026-07-04T18:41:54.673854Z[0m [32m INFO[0m [2mpm_bot[0m[2m:[0m MAKER UP quotes: bid=Some((0.62, 50.0)) ask=Some((0.7328246173322144, 50.0)) (TP ask@0.73 | bid@0.62 fair=0.723)
[2m2026-07-04T18:41:54.692321Z[0m [32m INFO[0m [2mpm_bot[0m[2m:[0m PAPER fill maker 17159272 sur trade @0.620 (achat=true vente=false)
[2m2026-07-04T18:41:54.924680Z[0m [32m INFO[0m [2mpm_bot[0m[2m:[0m MAKER UP quotes: bid=Some((0.62, 50.0)) ask=Some((0.7328358640950516, 100.0)) (TP ask@0.73 | bid@0.62 fair=0.723)
[2m2026-07-04T18:41:55.174218Z[0m [32m INFO[0m [2mpm_bot[0m[2m:[0m MAKER UP quotes: bid=Some((0.62, 50.0)) ask=Some((0.7328471715857365, 100.0)) (TP ask@0.73 | bid@0.62 fair=0.723)
[2m2026-07-04T18:41:55.185976Z[0m [32m INFO[0m [2mpm_bot[0m[2m:[0m PAPER fill maker 17159272 sur trade @0.620 (achat=true vente=false)
[2m2026-07-04T18:41:55.424064Z[0m [32m INFO[0m [2mpm_bot[0m[2m:[0m MAKER UP quotes: bid=None ask=Some((0.7328585848089926, 150.0)) (TP ask@0.73)
[2m2026-07-04T18:41:55.674688Z[0m [32m INFO[0m [2mpm_bot[0m[2m:[0m MAKER UP quotes: bid=None ask=Some((0.7656666417506931, 150.0)) (TP ask@0.77)
[2m2026-07-04T18:41:55.924739Z[0m [32m INFO[0m [2mpm_bot[0m[2m:[0m MAKER UP quotes: bid=None ask=Some((0.7656624815798081, 150.0)) (TP ask@0.77)
[2m2026-07-04T18:41:56.174466Z[0m [32m INFO[0m [2mpm_bot[0m[2m:[0m MAKER UP quotes: bid=None ask=Some((0.7656584160150848, 150.0)) (TP ask@0.77)
[2m2026-07-04T18:41:56.424677Z[0m [32m INFO[0m [2mpm_bot[0m[2m:[0m MAKER UP quotes: bid=None ask=Some((0.7656544454513856, 150.0)) (TP ask@0.77)
[2m2026-07-04T18:41:56.674422Z[0m [32m INFO[0m [2mpm_bot[0m[2m:[0m MAKER UP quotes: bid=None ask=Some((0.7620483336670988, 150.0)) (TP ask@0.76)
[2m2026-07-04T18:41:56.924171Z[0m [32m INFO[0m [2mpm_bot[0m[2m:[0m MAKER UP quotes: bid=None ask=Some((0.762043713862739, 150.0)) (TP ask@0.76)
[2m2026-07-04T18:41:57.174210Z[0m [32m INFO[0m [2mpm_bot[0m[2m:[0m MAKER UP quotes: bid=None ask=Some((0.7684871269699025, 150.0)) (TP ask@0.77)
[2m2026-07-04T18:41:57.424209Z[0m [32m INFO[0m [2mpm_bot[0m[2m:[0m MAKER UP quotes: bid=None ask=Some((0.7684787621000296, 150.0)) (TP ask@0.77)
[2m2026-07-04T18:41:57.674539Z[0m [32m INFO[0m [2mpm_bot[0m[2m:[0m MAKER UP quotes: bid=None ask=Some((0.7684704882448017, 150.0)) (TP ask@0.77)
[2m2026-07-04T18:41:57.924066Z[0m [32m INFO[0m [2mpm_bot[0m[2m:[0m MAKER UP quotes: bid=None ask=Some((0.7684623057965438, 150.0)) (TP ask@0.77)
[2m2026-07-04T18:41:58.174273Z[0m [32m INFO[0m [2mpm_bot[0m[2m:[0m MAKER UP quotes: bid=None ask=Some((0.7684542151495694, 150.0)) (TP ask@0.77)
[2m2026-07-04T18:41:58.423894Z[0m [32m INFO[0m [2mpm_bot[0m[2m:[0m MAKER UP quotes: bid=None ask=Some((0.7821684325391696, 150.0)) (TP ask@0.78)
[2m2026-07-04T18:41:58.674206Z[0m [32m INFO[0m [2mpm_bot[0m[2m:[0m MAKER UP quotes: bid=None ask=Some((0.7821527087001392, 150.0)) (TP ask@0.78)
[2m2026-07-04T18:41:58.924882Z[0m [32m INFO[0m [2mpm_bot[0m[2m:[0m MAKER UP quotes: bid=None ask=Some((0.7821371326147988, 150.0)) (TP ask@0.78)
[2m2026-07-04T18:41:59.174172Z[0m [32m INFO[0m [2mpm_bot[0m[2m:[0m MAKER UP quotes: bid=None ask=Some((0.782121641856006, 150.0)) (TP ask@0.78)
[2m2026-07-04T18:41:59.424051Z[0m [32m INFO[0m [2mpm_bot[0m[2m:[0m MAKER UP quotes: bid=None ask=Some((0.7863711927891424, 150.0)) (TP ask@0.79)
[2m2026-07-04T18:41:59.674234Z[0m [32m INFO[0m [2mpm_bot[0m[2m:[0m MAKER UP quotes: bid=None ask=Some((0.7863571909768725, 150.0)) (TP ask@0.79)
[2m2026-07-04T18:41:59.924300Z[0m [32m INFO[0m [2mpm_bot[0m[2m:[0m MAKER UP quotes: bid=None ask=Some((0.7863432784609731, 150.0)) (TP ask@0.79)
[2m2026-07-04T18:42:00.174556Z[0m [32m INFO[0m [2mpm_bot[0m[2m:[0m MAKER UP quotes: bid=None ask=Some((0.7863294556456323, 150.0)) (TP ask@0.79)
[2m2026-07-04T18:42:00.423759Z[0m [32m INFO[0m [2mpm_bot[0m[2m:[0m MAKER UP quotes: bid=None ask=Some((0.7885542041618112, 150.0)) (TP ask@0.79)
[2m2026-07-04T18:42:00.674435Z[0m [32m INFO[0m [2mpm_bot[0m[2m:[0m MAKER UP quotes: bid=None ask=Some((0.7885388146183694, 150.0)) (TP ask@0.79)
[2m2026-07-04T18:42:00.924597Z[0m [32m INFO[0m [2mpm_bot[0m[2m:[0m MAKER UP quotes: bid=None ask=Some((0.7885235754592104, 150.0)) (TP ask@0.79)
[2m2026-07-04T18:42:01.174328Z[0m [32m INFO[0m [2mpm_bot[0m[2m:[0m MAKER UP quotes: bid=None ask=Some((0.7885084256024204, 150.0)) (TP ask@0.79)
[2m2026-07-04T18:42:01.423879Z[0m [32m INFO[0m [2mpm_bot[0m[2m:[0m MAKER UP quotes: bid=None ask=Some((0.7884934255197009, 150.0)) (TP ask@0.79)
[2m2026-07-04T18:42:01.673851Z[0m [32m INFO[0m [2mpm_bot[0m[2m:[0m MAKER UP quotes: bid=None ask=Some((0.8162225004241656, 150.0)) (TP ask@0.82)
[2m2026-07-04T18:42:01.924255Z[0m [32m INFO[0m [2mpm_bot[0m[2m:[0m MAKER UP quotes: bid=None ask=Some((0.8161899326551112, 150.0)) (TP ask@0.82)
[2m2026-07-04T18:42:02.174237Z[0m [32m INFO[0m [2mpm_bot[0m[2m:[0m MAKER UP quotes: bid=None ask=Some((0.816157562909758, 150.0)) (TP ask@0.82)
[2m2026-07-04T18:42:02.424828Z[0m [32m INFO[0m [2mpm_bot[0m[2m:[0m MAKER UP quotes: bid=None ask=Some((0.8161252616720017, 150.0)) (TP ask@0.82)
[2m2026-07-04T18:42:02.674167Z[0m [32m INFO[0m [2mpm_bot[0m[2m:[0m MAKER UP quotes: bid=None ask=Some((0.8185242784744234, 150.0)) (TP ask@0.82)
[2m2026-07-04T18:42:02.924011Z[0m [32m INFO[0m [2mpm_bot[0m[2m:[0m MAKER UP quotes: bid=None ask=Some((0.8184907456028855, 150.0)) (TP ask@0.82)
[2m2026-07-04T18:42:03.173975Z[0m [32m INFO[0m [2mpm_bot[0m[2m:[0m MAKER UP quotes: bid=None ask=Some((0.8865812625448051, 150.0)) (TP ask@0.89)
[2m2026-07-04T18:42:03.424436Z[0m [32m INFO[0m [2mpm_bot[0m[2m:[0m MAKER UP quotes: bid=None ask=Some((0.8865125075752025, 150.0)) (TP ask@0.89)
[2m2026-07-04T18:42:03.674004Z[0m [32m INFO[0m [2mpm_bot[0m[2m:[0m MAKER UP quotes: bid=None ask=Some((0.8864442953306575, 150.0)) (TP ask@0.89)
[2m2026-07-04T18:42:03.923801Z[0m [32m INFO[0m [2mpm_bot[0m[2m:[0m MAKER UP quotes: bid=None ask=Some((0.886375804224571, 150.0)) (TP ask@0.89)
[2m2026-07-04T18:42:04.174161Z[0m [32m INFO[0m [2mpm_bot[0m[2m:[0m MAKER UP quotes: bid=None ask=Some((0.9140309150345176, 150.0)) (TP ask@0.91)
[2m2026-07-04T18:42:04.424011Z[0m [32m INFO[0m [2mpm_bot[0m[2m:[0m MAKER UP quotes: bid=None ask=Some((0.9139647278336054, 150.0)) (TP ask@0.91)
[2m2026-07-04T18:42:04.673912Z[0m [32m INFO[0m [2mpm_bot[0m[2m:[0m MAKER UP quotes: bid=None ask=Some((0.9138982590480852, 150.0)) (TP ask@0.91)
[2m2026-07-04T18:42:04.923913Z[0m [32m INFO[0m [2mpm_bot[0m[2m:[0m MAKER UP quotes: bid=None ask=Some((0.9138317746573082, 150.0)) (TP ask@0.91)
[2m2026-07-04T18:42:05.174783Z[0m [32m INFO[0m [2mpm_bot[0m[2m:[0m MAKER UP quotes: bid=None ask=Some((0.9149414196173526, 150.0)) (TP ask@0.91)
[2m2026-07-04T18:42:05.424417Z[0m [32m INFO[0m [2mpm_bot[0m[2m:[0m MAKER UP quotes: bid=None ask=Some((0.9148753165599733, 150.0)) (TP ask@0.91)
[2m2026-07-04T18:42:05.674396Z[0m [32m INFO[0m [2mpm_bot[0m[2m:[0m MAKER UP quotes: bid=None ask=Some((0.9148091986036528, 150.0)) (TP ask@0.91)
[2m2026-07-04T18:42:05.924263Z[0m [32m INFO[0m [2mpm_bot[0m[2m:[0m MAKER UP quotes: bid=None ask=Some((0.9147430659540705, 150.0)) (TP ask@0.91)
[2m2026-07-04T18:42:06.174727Z[0m [32m INFO[0m [2mpm_bot[0m[2m:[0m MAKER UP quotes: bid=None ask=Some((0.9028283028177517, 150.0)) (TP ask@0.90)
[2m2026-07-04T18:42:06.424193Z[0m [32m INFO[0m [2mpm_bot[0m[2m:[0m MAKER UP quotes: bid=None ask=Some((0.9027575938083428, 150.0)) (TP ask@0.90)
[2m2026-07-04T18:42:06.674740Z[0m [32m INFO[0m [2mpm_bot[0m[2m:[0m MAKER UP quotes: bid=None ask=Some((0.9026868681833667, 150.0)) (TP ask@0.90)
[2m2026-07-04T18:42:06.924174Z[0m [32m INFO[0m [2mpm_bot[0m[2m:[0m MAKER UP quotes: bid=None ask=Some((0.902616126145753, 150.0)) (TP ask@0.90)
[2m2026-07-04T18:42:07.174718Z[0m [32m INFO[0m [2mpm_bot[0m[2m:[0m MAKER UP quotes: bid=None ask=Some((0.9288113244854341, 150.0)) (TP ask@0.93)
[2m2026-07-04T18:42:07.424382Z[0m [32m INFO[0m [2mpm_bot[0m[2m:[0m MAKER UP quotes: bid=None ask=Some((0.9287488112630018, 150.0)) (TP ask@0.93)
[2m2026-07-04T18:42:07.674039Z[0m [32m INFO[0m [2mpm_bot[0m[2m:[0m MAKER UP quotes: bid=None ask=Some((0.9286862813953061, 150.0)) (TP ask@0.93)
[2m2026-07-04T18:42:07.924646Z[0m [32m INFO[0m [2mpm_bot[0m[2m:[0m MAKER UP quotes: bid=None ask=Some((0.9286237350909159, 150.0)) (TP ask@0.93)
[2m2026-07-04T18:42:08.174210Z[0m [32m INFO[0m [2mpm_bot[0m[2m:[0m MAKER UP quotes: bid=None ask=Some((0.9285611725600321, 150.0)) (TP ask@0.93)
[2m2026-07-04T18:42:08.424114Z[0m [32m INFO[0m [2mpm_bot[0m[2m:[0m MAKER UP quotes: bid=None ask=Some((0.9284985940144974, 150.0)) (TP ask@0.93)
[2m2026-07-04T18:42:08.674018Z[0m [32m INFO[0m [2mpm_bot[0m[2m:[0m MAKER UP quotes: bid=None ask=Some((0.9284362500763877, 150.0)) (TP ask@0.93)
[2m2026-07-04T18:42:08.924055Z[0m [32m INFO[0m [2mpm_bot[0m[2m:[0m MAKER UP quotes: bid=None ask=Some((0.9283733897351342, 150.0)) (TP ask@0.93)
[2m2026-07-04T18:42:09.174544Z[0m [32m INFO[0m [2mpm_bot[0m[2m:[0m MAKER UP quotes: bid=None ask=Some((0.9278674552016583, 150.0)) (TP ask@0.93)
[2m2026-07-04T18:42:09.424489Z[0m [32m INFO[0m [2mpm_bot[0m[2m:[0m MAKER UP quotes: bid=None ask=Some((0.9041699729386109, 150.0)) (TP ask@0.90)
[2m2026-07-04T18:42:09.673916Z[0m [32m INFO[0m [2mpm_bot[0m[2m:[0m MAKER UP quotes: bid=None ask=Some((0.9041053317122638, 150.0)) (TP ask@0.90)
[2m2026-07-04T18:42:09.924858Z[0m [32m INFO[0m [2mpm_bot[0m[2m:[0m MAKER UP quotes: bid=None ask=Some((0.9028250384610719, 150.0)) (TP ask@0.90)
[2m2026-07-04T18:42:10.174095Z[0m [32m INFO[0m [2mpm_bot[0m[2m:[0m MAKER UP quotes: bid=None ask=Some((0.9027604971021609, 150.0)) (TP ask@0.90)
[2m2026-07-04T18:42:10.424551Z[0m [32m INFO[0m [2mpm_bot[0m[2m:[0m MAKER UP quotes: bid=None ask=Some((0.9026959568931773, 150.0)) (TP ask@0.90)
[2m2026-07-04T18:42:10.673872Z[0m [32m INFO[0m [2mpm_bot[0m[2m:[0m MAKER UP quotes: bid=None ask=Some((0.9026316762543983, 150.0)) (TP ask@0.90)
[2m2026-07-04T18:42:10.923855Z[0m [32m INFO[0m [2mpm_bot[0m[2m:[0m MAKER UP quotes: bid=None ask=Some((0.902567139144767, 150.0)) (TP ask@0.90)
[2m2026-07-04T18:42:11.174874Z[0m [32m INFO[0m [2mpm_bot[0m[2m:[0m MAKER UP quotes: bid=None ask=Some((0.902207371176141, 150.0)) (TP ask@0.90)
[2m2026-07-04T18:42:11.424440Z[0m [32m INFO[0m [2mpm_bot[0m[2m:[0m MAKER UP quotes: bid=None ask=Some((0.902142932026457, 150.0)) (TP ask@0.90)
[2m2026-07-04T18:42:11.673828Z[0m [32m INFO[0m [2mpm_bot[0m[2m:[0m MAKER UP quotes: bid=None ask=Some((0.9020787535238105, 150.0)) (TP ask@0.90)
[2m2026-07-04T18:42:11.924560Z[0m [32m INFO[0m [2mpm_bot[0m[2m:[0m MAKER UP quotes: bid=None ask=Some((0.9020140627307607, 150.0)) (TP ask@0.90)
[2m2026-07-04T18:42:12.174471Z[0m [32m INFO[0m [2mpm_bot[0m[2m:[0m MAKER UP quotes: bid=None ask=Some((0.9019496331446635, 150.0)) (TP ask@0.90)
[2m2026-07-04T18:42:12.424063Z[0m [32m INFO[0m [2mpm_bot[0m[2m:[0m MAKER UP quotes: bid=None ask=Some((0.9043277159566642, 150.0)) (TP ask@0.90)
[2m2026-07-04T18:42:12.673922Z[0m [32m INFO[0m [2mpm_bot[0m[2m:[0m MAKER UP quotes: bid=None ask=Some((0.9042643146083646, 150.0)) (TP ask@0.90)
[2m2026-07-04T18:42:12.923992Z[0m [32m INFO[0m [2mpm_bot[0m[2m:[0m MAKER UP quotes: bid=None ask=Some((0.9042006632616396, 150.0)) (TP ask@0.90)
[2m2026-07-04T18:42:13.174671Z[0m [32m INFO[0m [2mpm_bot[0m[2m:[0m MAKER UP quotes: bid=None ask=Some((0.9041367622642751, 150.0)) (TP ask@0.90)
[2m2026-07-04T18:42:13.424585Z[0m [32m INFO[0m [2mpm_bot[0m[2m:[0m MAKER UP quotes: bid=None ask=Some((0.9039598740534034, 150.0)) (TP ask@0.90)
[2m2026-07-04T18:42:13.674220Z[0m [32m INFO[0m [2mpm_bot[0m[2m:[0m MAKER UP quotes: bid=None ask=Some((0.9038962952689344, 150.0)) (TP ask@0.90)
[2m2026-07-04T18:42:13.924564Z[0m [32m INFO[0m [2mpm_bot[0m[2m:[0m MAKER UP quotes: bid=None ask=Some((0.903832722499663, 150.0)) (TP ask@0.90)
[2m2026-07-04T18:42:14.174236Z[0m [32m INFO[0m [2mpm_bot[0m[2m:[0m MAKER UP quotes: bid=None ask=Some((0.9037691560448844, 150.0)) (TP ask@0.90)
[2m2026-07-04T18:42:14.424615Z[0m [32m INFO[0m [2mpm_bot[0m[2m:[0m MAKER UP quotes: bid=None ask=Some((0.9037055962060156, 150.0)) (TP ask@0.90)
[2m2026-07-04T18:42:14.674493Z[0m [32m INFO[0m [2mpm_bot[0m[2m:[0m MAKER UP quotes: bid=None ask=Some((0.9054696973461301, 150.0)) (TP ask@0.91)
[2m2026-07-04T18:42:14.923803Z[0m [32m INFO[0m [2mpm_bot[0m[2m:[0m MAKER UP quotes: bid=None ask=Some((0.9054069947550962, 150.0)) (TP ask@0.91)
[2m2026-07-04T18:42:15.174191Z[0m [32m INFO[0m [2mpm_bot[0m[2m:[0m MAKER UP quotes: bid=None ask=Some((0.9066602909205563, 150.0)) (TP ask@0.91)
[2m2026-07-04T18:42:15.424608Z[0m [32m INFO[0m [2mpm_bot[0m[2m:[0m MAKER UP quotes: bid=None ask=Some((0.9065968726830193, 150.0)) (TP ask@0.91)
[2m2026-07-04T18:42:15.674622Z[0m [32m INFO[0m [2mpm_bot[0m[2m:[0m MAKER UP quotes: bid=None ask=Some((0.9065334608434159, 150.0)) (TP ask@0.91)
[2m2026-07-04T18:42:15.924091Z[0m [32m INFO[0m [2mpm_bot[0m[2m:[0m MAKER UP quotes: bid=None ask=Some((0.9064700557119753, 150.0)) (TP ask@0.91)
[2m2026-07-04T18:42:16.174765Z[0m [32m INFO[0m [2mpm_bot[0m[2m:[0m MAKER UP quotes: bid=None ask=Some((0.9064066576011468, 150.0)) (TP ask@0.91)
[2m2026-07-04T18:42:16.423957Z[0m [32m INFO[0m [2mpm_bot[0m[2m:[0m MAKER UP quotes: bid=None ask=Some((0.9065135704438912, 150.0)) (TP ask@0.91)
[2m2026-07-04T18:42:16.674586Z[0m [32m INFO[0m [2mpm_bot[0m[2m:[0m MAKER UP quotes: bid=None ask=Some((0.9064500606095742, 150.0)) (TP ask@0.91)
[2m2026-07-04T18:42:16.924517Z[0m [32m INFO[0m [2mpm_bot[0m[2m:[0m MAKER UP quotes: bid=None ask=Some((0.9063868119821279, 150.0)) (TP ask@0.91)
[2m2026-07-04T18:42:17.173888Z[0m [32m INFO[0m [2mpm_bot[0m[2m:[0m MAKER UP quotes: bid=None ask=Some((0.9063238247837286, 150.0)) (TP ask@0.91)
[2m2026-07-04T18:42:17.424016Z[0m [32m INFO[0m [2mpm_bot[0m[2m:[0m MAKER UP quotes: bid=None ask=Some((0.9048030057043291, 150.0)) (TP ask@0.90)
[2m2026-07-04T18:42:17.674253Z[0m [32m INFO[0m [2mpm_bot[0m[2m:[0m MAKER UP quotes: bid=None ask=Some((0.9047390978775354, 150.0)) (TP ask@0.90)
[2m2026-07-04T18:42:17.924529Z[0m [32m INFO[0m [2mpm_bot[0m[2m:[0m MAKER UP quotes: bid=None ask=Some((0.9046754540650371, 150.0)) (TP ask@0.90)
[2m2026-07-04T18:42:18.174469Z[0m [32m INFO[0m [2mpm_bot[0m[2m:[0m MAKER UP quotes: bid=None ask=Some((0.9037482430926382, 150.0)) (TP ask@0.90)
[2m2026-07-04T18:42:18.424630Z[0m [32m INFO[0m [2mpm_bot[0m[2m:[0m MAKER UP quotes: bid=None ask=Some((0.9036842048320245, 150.0)) (TP ask@0.90)
[2m2026-07-04T18:42:18.673728Z[0m [32m INFO[0m [2mpm_bot[0m[2m:[0m MAKER UP quotes: bid=None ask=Some((0.9036204326033513, 150.0)) (TP ask@0.90)
[2m2026-07-04T18:42:18.923922Z[0m [32m INFO[0m [2mpm_bot[0m[2m:[0m MAKER UP quotes: bid=None ask=Some((0.9035564145153516, 150.0)) (TP ask@0.90)
[2m2026-07-04T18:42:19.174278Z[0m [32m INFO[0m [2mpm_bot[0m[2m:[0m MAKER UP quotes: bid=None ask=Some((0.9034921510323689, 150.0)) (TP ask@0.90)
[2m2026-07-04T18:42:19.424335Z[0m [32m INFO[0m [2mpm_bot[0m[2m:[0m MAKER UP quotes: bid=None ask=Some((0.9029357734545356, 150.0)) (TP ask@0.90)
[2m2026-07-04T18:42:19.673942Z[0m [32m INFO[0m [2mpm_bot[0m[2m:[0m MAKER UP quotes: bid=None ask=Some((0.902871877427976, 150.0)) (TP ask@0.90)
[2m2026-07-04T18:42:19.924666Z[0m [32m INFO[0m [2mpm_bot[0m[2m:[0m MAKER UP quotes: bid=None ask=Some((0.902807479781429, 150.0)) (TP ask@0.90)
[2m2026-07-04T18:42:20.174575Z[0m [32m INFO[0m [2mpm_bot[0m[2m:[0m MAKER UP quotes: bid=None ask=Some((0.9027433506264151, 150.0)) (TP ask@0.90)
[2m2026-07-04T18:42:20.424813Z[0m [32m INFO[0m [2mpm_bot[0m[2m:[0m MAKER UP quotes: bid=None ask=Some((0.90628086265509, 150.0)) (TP ask@0.91)
[2m2026-07-04T18:42:20.674095Z[0m [32m INFO[0m [2mpm_bot[0m[2m:[0m MAKER UP quotes: bid=None ask=Some((0.9062167656647888, 150.0)) (TP ask@0.91)
[2m2026-07-04T18:42:20.924282Z[0m [32m INFO[0m [2mpm_bot[0m[2m:[0m MAKER UP quotes: bid=None ask=Some((0.9061526792665853, 150.0)) (TP ask@0.91)
[2m2026-07-04T18:42:21.174216Z[0m [32m INFO[0m [2mpm_bot[0m[2m:[0m MAKER UP quotes: bid=None ask=Some((0.9060886038131826, 150.0)) (TP ask@0.91)
[2m2026-07-04T18:42:21.424282Z[0m [32m INFO[0m [2mpm_bot[0m[2m:[0m MAKER UP quotes: bid=None ask=Some((0.9060245396598544, 150.0)) (TP ask@0.91)
[2m2026-07-04T18:42:21.674034Z[0m [32m INFO[0m [2mpm_bot[0m[2m:[0m MAKER UP quotes: bid=None ask=Some((0.9068498364406103, 150.0)) (TP ask@0.91)
[2m2026-07-04T18:42:21.924226Z[0m [32m INFO[0m [2mpm_bot[0m[2m:[0m MAKER UP quotes: bid=None ask=Some((0.9067848973355483, 150.0)) (TP ask@0.91)
[2m2026-07-04T18:42:22.174072Z[0m [32m INFO[0m [2mpm_bot[0m[2m:[0m MAKER UP quotes: bid=None ask=Some((0.9058151962634367, 150.0)) (TP ask@0.91)
[2m2026-07-04T18:42:22.424133Z[0m [32m INFO[0m [2mpm_bot[0m[2m:[0m MAKER UP quotes: bid=None ask=Some((0.9057508577619974, 150.0)) (TP ask@0.91)
[2m2026-07-04T18:42:22.673988Z[0m [32m INFO[0m [2mpm_bot[0m[2m:[0m MAKER UP quotes: bid=None ask=Some((0.9056867888659889, 150.0)) (TP ask@0.91)
[2m2026-07-04T18:42:22.924475Z[0m [32m INFO[0m [2mpm_bot[0m[2m:[0m MAKER UP quotes: bid=None ask=Some((0.9056222181052593, 150.0)) (TP ask@0.91)
[2m2026-07-04T18:42:23.174343Z[0m [32m INFO[0m [2mpm_bot[0m[2m:[0m MAKER UP quotes: bid=None ask=Some((0.9055579176903309, 150.0)) (TP ask@0.91)
[2m2026-07-04T18:42:23.423986Z[0m [32m INFO[0m [2mpm_bot[0m[2m:[0m MAKER UP quotes: bid=None ask=Some((0.9054938878364293, 150.0)) (TP ask@0.91)
[2m2026-07-04T18:42:23.674776Z[0m [32m INFO[0m [2mpm_bot[0m[2m:[0m MAKER UP quotes: bid=None ask=Some((0.8989638509167563, 150.0)) (TP ask@0.90)
[2m2026-07-04T18:42:23.924419Z[0m [32m INFO[0m [2mpm_bot[0m[2m:[0m MAKER UP quotes: bid=None ask=Some((0.8989027860307464, 150.0)) (TP ask@0.90)
[2m2026-07-04T18:42:24.174637Z[0m [32m INFO[0m [2mpm_bot[0m[2m:[0m MAKER UP quotes: bid=None ask=Some((0.8998005915856744, 150.0)) (TP ask@0.90)
[2m2026-07-04T18:42:24.424178Z[0m [32m INFO[0m [2mpm_bot[0m[2m:[0m MAKER UP quotes: bid=None ask=Some((0.8997399190744925, 150.0)) (TP ask@0.90)
[2m2026-07-04T18:42:24.673932Z[0m [32m INFO[0m [2mpm_bot[0m[2m:[0m MAKER UP quotes: bid=None ask=Some((0.8996795166501388, 150.0)) (TP ask@0.90)
[2m2026-07-04T18:42:24.924114Z[0m [32m INFO[0m [2mpm_bot[0m[2m:[0m MAKER UP quotes: bid=None ask=Some((0.8996186571646531, 150.0)) (TP ask@0.90)
[2m2026-07-04T18:42:25.174145Z[0m [32m INFO[0m [2mpm_bot[0m[2m:[0m MAKER UP quotes: bid=None ask=Some((0.9121487852331724, 150.0)) (TP ask@0.91)
[2m2026-07-04T18:42:25.424446Z[0m [32m INFO[0m [2mpm_bot[0m[2m:[0m MAKER UP quotes: bid=None ask=Some((0.912094819576357, 150.0)) (TP ask@0.91)
[2m2026-07-04T18:42:25.674704Z[0m [32m INFO[0m [2mpm_bot[0m[2m:[0m MAKER UP quotes: bid=None ask=Some((0.9120408910593839, 150.0)) (TP ask@0.91)
[2m2026-07-04T18:42:25.923996Z[0m [32m INFO[0m [2mpm_bot[0m[2m:[0m MAKER UP quotes: bid=None ask=Some((0.9119872156315836, 150.0)) (TP ask@0.91)
[2m2026-07-04T18:42:26.174124Z[0m [32m INFO[0m [2mpm_bot[0m[2m:[0m MAKER UP quotes: bid=None ask=Some((0.9119331472928884, 150.0)) (TP ask@0.91)
[2m2026-07-04T18:42:26.424110Z[0m [32m INFO[0m [2mpm_bot[0m[2m:[0m MAKER UP quotes: bid=None ask=Some((0.9093214055187259, 150.0)) (TP ask@0.91)
[2m2026-07-04T18:42:26.674046Z[0m [32m INFO[0m [2mpm_bot[0m[2m:[0m MAKER UP quotes: bid=None ask=Some((0.9092823781650603, 150.0)) (TP ask@0.91)
[2m2026-07-04T18:42:26.924151Z[0m [32m INFO[0m [2mpm_bot[0m[2m:[0m MAKER UP quotes: bid=None ask=Some((0.9092434260189955, 150.0)) (TP ask@0.91)
[2m2026-07-04T18:42:27.173928Z[0m [32m INFO[0m [2mpm_bot[0m[2m:[0m MAKER UP quotes: bid=None ask=Some((0.9092047050073871, 150.0)) (TP ask@0.91)
[2m2026-07-04T18:42:27.424315Z[0m [32m INFO[0m [2mpm_bot[0m[2m:[0m MAKER UP quotes: bid=None ask=Some((0.9091657496457763, 150.0)) (TP ask@0.91)
[2m2026-07-04T18:42:27.673861Z[0m [32m INFO[0m [2mpm_bot[0m[2m:[0m MAKER UP quotes: bid=None ask=Some((0.945391502646104, 150.0)) (TP ask@0.95)
[2m2026-07-04T18:42:27.924341Z[0m [32m INFO[0m [2mpm_bot[0m[2m:[0m MAKER UP quotes: bid=None ask=Some((0.9453603662171384, 150.0)) (TP ask@0.95)
[2m2026-07-04T18:42:28.174624Z[0m [32m INFO[0m [2mpm_bot[0m[2m:[0m MAKER UP quotes: bid=None ask=Some((0.9475217371533861, 150.0)) (TP ask@0.95)
[2m2026-07-04T18:42:28.424180Z[0m [32m INFO[0m [2mpm_bot[0m[2m:[0m MAKER UP quotes: bid=None ask=Some((0.947491167251896, 150.0)) (TP ask@0.95)
[2m2026-07-04T18:42:28.673703Z[0m [32m INFO[0m [2mpm_bot[0m[2m:[0m MAKER UP quotes: bid=None ask=Some((0.9474607855567608, 150.0)) (TP ask@0.95)
[2m2026-07-04T18:42:28.924008Z[0m [32m INFO[0m [2mpm_bot[0m[2m:[0m MAKER UP quotes: bid=None ask=Some((0.9474303485727571, 150.0)) (TP ask@0.95)
[2m2026-07-04T18:42:29.174184Z[0m [32m INFO[0m [2mpm_bot[0m[2m:[0m MAKER UP quotes: bid=None ask=Some((0.9473998576451038, 150.0)) (TP ask@0.95)
[2m2026-07-04T18:42:29.424751Z[0m [32m INFO[0m [2mpm_bot[0m[2m:[0m MAKER UP quotes: bid=None ask=Some((0.948497460616615, 150.0)) (TP ask@0.95)
[2m2026-07-04T18:42:29.674051Z[0m [32m INFO[0m [2mpm_bot[0m[2m:[0m MAKER UP quotes: bid=None ask=Some((0.9484668779279365, 150.0)) (TP ask@0.95)
[2m2026-07-04T18:42:29.923850Z[0m [32m INFO[0m [2mpm_bot[0m[2m:[0m MAKER UP quotes: bid=None ask=Some((0.948436484060809, 150.0)) (TP ask@0.95)
[2m2026-07-04T18:42:30.173846Z[0m [32m INFO[0m [2mpm_bot[0m[2m:[0m MAKER UP quotes: bid=None ask=Some((0.9484060354328325, 150.0)) (TP ask@0.95)
[2m2026-07-04T18:42:30.424754Z[0m [32m INFO[0m [2mpm_bot[0m[2m:[0m MAKER UP quotes: bid=None ask=Some((0.9509981582055029, 150.0)) (TP ask@0.95)
[2m2026-07-04T18:42:30.673823Z[0m [32m INFO[0m [2mpm_bot[0m[2m:[0m MAKER UP quotes: bid=None ask=Some((0.9509690352598195, 150.0)) (TP ask@0.95)
[2m2026-07-04T18:42:30.924065Z[0m [32m INFO[0m [2mpm_bot[0m[2m:[0m MAKER UP quotes: bid=None ask=Some((0.950939747248684, 150.0)) (TP ask@0.95)
[2m2026-07-04T18:42:31.174527Z[0m [32m INFO[0m [2mpm_bot[0m[2m:[0m MAKER UP quotes: bid=None ask=Some((0.9509106451955902, 150.0)) (TP ask@0.95)
[2m2026-07-04T18:42:31.424071Z[0m [32m INFO[0m [2mpm_bot[0m[2m:[0m MAKER UP quotes: bid=None ask=Some((0.9508816128362727, 150.0)) (TP ask@0.95)
[2m2026-07-04T18:42:31.674640Z[0m [32m INFO[0m [2mpm_bot[0m[2m:[0m MAKER UP quotes: bid=None ask=Some((0.9493618723530302, 150.0)) (TP ask@0.95)
[2m2026-07-04T18:42:31.924523Z[0m [32m INFO[0m [2mpm_bot[0m[2m:[0m MAKER UP quotes: bid=None ask=Some((0.9493332509398007, 150.0)) (TP ask@0.95)
[2m2026-07-04T18:42:32.173867Z[0m [32m INFO[0m [2mpm_bot[0m[2m:[0m MAKER UP quotes: bid=None ask=Some((0.9493048174258509, 150.0)) (TP ask@0.95)
[2m2026-07-04T18:42:32.424124Z[0m [32m INFO[0m [2mpm_bot[0m[2m:[0m MAKER UP quotes: bid=None ask=Some((0.9544879153620112, 150.0)) (TP ask@0.95)
[2m2026-07-04T18:42:32.674733Z[0m [32m INFO[0m [2mpm_bot[0m[2m:[0m MAKER UP quotes: bid=None ask=Some((0.9544606921300189, 150.0)) (TP ask@0.95)
[2m2026-07-04T18:42:32.923924Z[0m [32m INFO[0m [2mpm_bot[0m[2m:[0m MAKER UP quotes: bid=None ask=Some((0.9544336493044314, 150.0)) (TP ask@0.95)
[2m2026-07-04T18:42:33.174406Z[0m [32m INFO[0m [2mpm_bot[0m[2m:[0m MAKER UP quotes: bid=None ask=Some((0.9544064620754436, 150.0)) (TP ask@0.95)
[2m2026-07-04T18:42:33.424460Z[0m [32m INFO[0m [2mpm_bot[0m[2m:[0m MAKER UP quotes: bid=None ask=Some((0.954379456403377, 150.0)) (TP ask@0.95)
[2m2026-07-04T18:42:33.674118Z[0m [32m INFO[0m [2mpm_bot[0m[2m:[0m MAKER UP quotes: bid=None ask=Some((0.9665418432447732, 150.0)) (TP ask@0.97)
[2m2026-07-04T18:42:33.924626Z[0m [32m INFO[0m [2mpm_bot[0m[2m:[0m MAKER UP quotes: bid=None ask=Some((0.9665189011676283, 150.0)) (TP ask@0.97)
[2m2026-07-04T18:42:34.174736Z[0m [32m INFO[0m [2mpm_bot[0m[2m:[0m MAKER UP quotes: bid=None ask=Some((0.967337222513997, 150.0)) (TP ask@0.97)
[2m2026-07-04T18:42:34.424598Z[0m [32m INFO[0m [2mpm_bot[0m[2m:[0m MAKER UP quotes: bid=None ask=Some((0.96731457186978, 150.0)) (TP ask@0.97)
[2m2026-07-04T18:42:34.674145Z[0m [32m INFO[0m [2mpm_bot[0m[2m:[0m MAKER UP quotes: bid=None ask=Some((0.9672919879100548, 150.0)) (TP ask@0.97)
[2m2026-07-04T18:42:34.924615Z[0m [32m INFO[0m [2mpm_bot[0m[2m:[0m MAKER UP quotes: bid=None ask=Some((0.9672694711754424, 150.0)) (TP ask@0.97)
[2m2026-07-04T18:42:35.173955Z[0m [32m INFO[0m [2mpm_bot[0m[2m:[0m MAKER UP quotes: bid=None ask=Some((0.9672471118701763, 150.0)) (TP ask@0.97)
[2m2026-07-04T18:42:35.424705Z[0m [32m INFO[0m [2mpm_bot[0m[2m:[0m MAKER UP quotes: bid=None ask=Some((0.969190591477425, 150.0)) (TP ask@0.97)
[2m2026-07-04T18:42:35.674168Z[0m [32m INFO[0m [2mpm_bot[0m[2m:[0m MAKER UP quotes: bid=None ask=Some((0.9691687558845252, 150.0)) (TP ask@0.97)
[2m2026-07-04T18:42:35.923968Z[0m [32m INFO[0m [2mpm_bot[0m[2m:[0m MAKER UP quotes: bid=None ask=Some((0.9691470744635441, 150.0)) (TP ask@0.97)
[2m2026-07-04T18:42:36.174178Z[0m [32m INFO[0m [2mpm_bot[0m[2m:[0m MAKER UP quotes: bid=None ask=Some((0.9744240116877849, 150.0)) (TP ask@0.97)
[2m2026-07-04T18:42:36.423918Z[0m [32m INFO[0m [2mpm_bot[0m[2m:[0m MAKER UP quotes: bid=None ask=Some((0.9744030427906456, 150.0)) (TP ask@0.97)
[2m2026-07-04T18:42:36.673961Z[0m [32m INFO[0m [2mpm_bot[0m[2m:[0m MAKER UP quotes: bid=None ask=Some((0.9743820499248068, 150.0)) (TP ask@0.97)
[2m2026-07-04T18:42:36.924275Z[0m [32m INFO[0m [2mpm_bot[0m[2m:[0m MAKER UP quotes: bid=None ask=Some((0.9743610343347653, 150.0)) (TP ask@0.97)
[2m2026-07-04T18:42:37.174018Z[0m [32m INFO[0m [2mpm_bot[0m[2m:[0m MAKER UP quotes: bid=None ask=Some((0.9743402473558924, 150.0)) (TP ask@0.97)
[2m2026-07-04T18:42:37.424823Z[0m [32m INFO[0m [2mpm_bot[0m[2m:[0m MAKER UP quotes: bid=None ask=Some((0.9743193555874079, 150.0)) (TP ask@0.97)
[2m2026-07-04T18:42:37.674259Z[0m [32m INFO[0m [2mpm_bot[0m[2m:[0m MAKER UP quotes: bid=None ask=Some((0.9750515053326138, 150.0)) (TP ask@0.98)
[2m2026-07-04T18:42:37.924306Z[0m [32m INFO[0m [2mpm_bot[0m[2m:[0m MAKER UP quotes: bid=None ask=Some((0.9750324655205663, 150.0)) (TP ask@0.98)
[2m2026-07-04T18:42:38.174814Z[0m [32m INFO[0m [2mpm_bot[0m[2m:[0m MAKER UP quotes: bid=None ask=Some((0.9750134921020126, 150.0)) (TP ask@0.98)
[2m2026-07-04T18:42:38.424133Z[0m [32m INFO[0m [2mpm_bot[0m[2m:[0m MAKER UP quotes: bid=None ask=Some((0.9753037459551865, 150.0)) (TP ask@0.98)
[2m2026-07-04T18:42:38.674172Z[0m [32m INFO[0m [2mpm_bot[0m[2m:[0m MAKER UP quotes: bid=None ask=Some((0.9752848858510106, 150.0)) (TP ask@0.98)
[2m2026-07-04T18:42:38.924179Z[0m [32m INFO[0m [2mpm_bot[0m[2m:[0m MAKER UP quotes: bid=None ask=Some((0.9752660930771984, 150.0)) (TP ask@0.98)
[2m2026-07-04T18:42:39.174517Z[0m [32m INFO[0m [2mpm_bot[0m[2m:[0m MAKER UP quotes: bid=None ask=Some((0.9752473681800563, 150.0)) (TP ask@0.98)
[2m2026-07-04T18:42:39.424362Z[0m [32m INFO[0m [2mpm_bot[0m[2m:[0m MAKER UP quotes: bid=None ask=Some((0.9787061347006377, 150.0)) (TP ask@0.98)
[2m2026-07-04T18:42:39.674188Z[0m [32m INFO[0m [2mpm_bot[0m[2m:[0m MAKER UP quotes: bid=None ask=Some((0.9786869922629051, 150.0)) (TP ask@0.98)
[2m2026-07-04T18:42:39.924636Z[0m [32m INFO[0m [2mpm_bot[0m[2m:[0m MAKER UP quotes: bid=None ask=Some((0.978667910281183, 150.0)) (TP ask@0.98)
[2m2026-07-04T18:42:40.174630Z[0m [32m INFO[0m [2mpm_bot[0m[2m:[0m MAKER UP quotes: bid=None ask=Some((0.9786488892800604, 150.0)) (TP ask@0.98)
[2m2026-07-04T18:42:40.424450Z[0m [32m INFO[0m [2mpm_bot[0m[2m:[0m MAKER UP quotes: bid=None ask=Some((0.980509744487539, 150.0)) (TP ask@0.98)
[2m2026-07-04T18:42:40.674591Z[0m [32m INFO[0m [2mpm_bot[0m[2m:[0m MAKER UP quotes: bid=None ask=Some((0.9804911127359213, 150.0)) (TP ask@0.98)
[2m2026-07-04T18:42:40.924158Z[0m [32m INFO[0m [2mpm_bot[0m[2m:[0m MAKER UP quotes: bid=None ask=Some((0.9804725398710139, 150.0)) (TP ask@0.98)
[2m2026-07-04T18:42:41.174545Z[0m [32m INFO[0m [2mpm_bot[0m[2m:[0m MAKER UP quotes: bid=None ask=Some((0.9804540264129203, 150.0)) (TP ask@0.98)
[2m2026-07-04T18:42:41.424314Z[0m [32m INFO[0m [2mpm_bot[0m[2m:[0m MAKER UP quotes: bid=None ask=Some((0.9781714826377695, 150.0)) (TP ask@0.98)
[2m2026-07-04T18:42:41.674859Z[0m [32m INFO[0m [2mpm_bot[0m[2m:[0m MAKER UP quotes: bid=None ask=Some((0.9781520812236747, 150.0)) (TP ask@0.98)
[2m2026-07-04T18:42:41.924620Z[0m [32m INFO[0m [2mpm_bot[0m[2m:[0m MAKER UP quotes: bid=None ask=Some((0.97813274332846, 150.0)) (TP ask@0.98)
[2m2026-07-04T18:42:42.174289Z[0m [32m INFO[0m [2mpm_bot[0m[2m:[0m MAKER UP quotes: bid=None ask=Some((0.9781134695055137, 150.0)) (TP ask@0.98)
[2m2026-07-04T18:42:42.424236Z[0m [32m INFO[0m [2mpm_bot[0m[2m:[0m MAKER UP quotes: bid=None ask=Some((0.9753843535097784, 150.0)) (TP ask@0.98)
[2m2026-07-04T18:42:42.673996Z[0m [32m INFO[0m [2mpm_bot[0m[2m:[0m MAKER UP quotes: bid=None ask=Some((0.9753643592983385, 150.0)) (TP ask@0.98)
[2m2026-07-04T18:42:42.924616Z[0m [32m INFO[0m [2mpm_bot[0m[2m:[0m MAKER UP quotes: bid=None ask=Some((0.9753442740722322, 150.0)) (TP ask@0.98)
[2m2026-07-04T18:42:43.174791Z[0m [32m INFO[0m [2mpm_bot[0m[2m:[0m MAKER UP quotes: bid=None ask=Some((0.9753243389024532, 150.0)) (TP ask@0.98)
[2m2026-07-04T18:42:43.424491Z[0m [32m INFO[0m [2mpm_bot[0m[2m:[0m MAKER UP quotes: bid=None ask=Some((0.9753044742246713, 150.0)) (TP ask@0.98)
[2m2026-07-04T18:42:43.674587Z[0m [32m INFO[0m [2mpm_bot[0m[2m:[0m MAKER UP quotes: bid=None ask=Some((0.9746278726244963, 150.0)) (TP ask@0.97)
[2m2026-07-04T18:42:43.924463Z[0m [32m INFO[0m [2mpm_bot[0m[2m:[0m MAKER UP quotes: bid=None ask=Some((0.9729782510571994, 150.0)) (TP ask@0.97)
[2m2026-07-04T18:42:44.174287Z[0m [32m INFO[0m [2mpm_bot[0m[2m:[0m MAKER UP quotes: bid=None ask=Some((0.9729585656265698, 150.0)) (TP ask@0.97)
[2m2026-07-04T18:42:44.424555Z[0m [32m INFO[0m [2mpm_bot[0m[2m:[0m MAKER UP quotes: bid=None ask=Some((0.9729389579615388, 150.0)) (TP ask@0.97)
[2m2026-07-04T18:42:44.674117Z[0m [32m INFO[0m [2mpm_bot[0m[2m:[0m MAKER UP quotes: bid=None ask=Some((0.9729194287002665, 150.0)) (TP ask@0.97)
[2m2026-07-04T18:42:44.924743Z[0m [32m INFO[0m [2mpm_bot[0m[2m:[0m MAKER UP quotes: bid=None ask=Some((0.9728999784851778, 150.0)) (TP ask@0.97)
[2m2026-07-04T18:42:45.174752Z[0m [32m INFO[0m [2mpm_bot[0m[2m:[0m MAKER UP quotes: bid=None ask=Some((0.9693923171982162, 150.0)) (TP ask@0.97)
[2m2026-07-04T18:42:45.424518Z[0m [32m INFO[0m [2mpm_bot[0m[2m:[0m MAKER UP quotes: bid=None ask=Some((0.9693738947520132, 150.0)) (TP ask@0.97)
[2m2026-07-04T18:42:45.674408Z[0m [32m INFO[0m [2mpm_bot[0m[2m:[0m MAKER UP quotes: bid=None ask=Some((0.9693555626857409, 150.0)) (TP ask@0.97)
[2m2026-07-04T18:42:45.924449Z[0m [32m INFO[0m [2mpm_bot[0m[2m:[0m MAKER UP quotes: bid=None ask=Some((0.969162877584344, 150.0)) (TP ask@0.97)
[2m2026-07-04T18:42:46.174796Z[0m [32m INFO[0m [2mpm_bot[0m[2m:[0m MAKER UP quotes: bid=None ask=Some((0.9691447454046134, 150.0)) (TP ask@0.97)
[2m2026-07-04T18:42:46.424290Z[0m [32m INFO[0m [2mpm_bot[0m[2m:[0m MAKER UP quotes: bid=None ask=Some((0.9691267060922416, 150.0)) (TP ask@0.97)
[2m2026-07-04T18:42:46.674287Z[0m [32m INFO[0m [2mpm_bot[0m[2m:[0m MAKER UP quotes: bid=None ask=Some((0.9691087603592591, 150.0)) (TP ask@0.97)
[2m2026-07-04T18:42:46.923881Z[0m [32m INFO[0m [2mpm_bot[0m[2m:[0m MAKER UP quotes: bid=None ask=Some((0.9690909801393595, 150.0)) (TP ask@0.97)
[2m2026-07-04T18:42:47.173995Z[0m [32m INFO[0m [2mpm_bot[0m[2m:[0m MAKER UP quotes: bid=None ask=Some((0.9701441382706022, 150.0)) (TP ask@0.97)
[2m2026-07-04T18:42:47.424483Z[0m [32m INFO[0m [2mpm_bot[0m[2m:[0m MAKER UP quotes: bid=None ask=Some((0.9701267185295719, 150.0)) (TP ask@0.97)
[2m2026-07-04T18:42:47.674367Z[0m [32m INFO[0m [2mpm_bot[0m[2m:[0m MAKER UP quotes: bid=None ask=Some((0.9701094635300971, 150.0)) (TP ask@0.97)
[2m2026-07-04T18:42:47.924672Z[0m [32m INFO[0m [2mpm_bot[0m[2m:[0m MAKER UP quotes: bid=None ask=Some((0.9698774300845838, 150.0)) (TP ask@0.97)
[2m2026-07-04T18:42:48.173867Z[0m [32m INFO[0m [2mpm_bot[0m[2m:[0m MAKER UP quotes: bid=None ask=Some((0.9698602633235702, 150.0)) (TP ask@0.97)
[2m2026-07-04T18:42:48.424806Z[0m [32m INFO[0m [2mpm_bot[0m[2m:[0m MAKER UP quotes: bid=None ask=Some((0.9698430563969103, 150.0)) (TP ask@0.97)
[2m2026-07-04T18:42:48.674203Z[0m [32m INFO[0m [2mpm_bot[0m[2m:[0m MAKER UP quotes: bid=None ask=Some((0.9698260162935408, 150.0)) (TP ask@0.97)
[2m2026-07-04T18:42:48.924023Z[0m [32m INFO[0m [2mpm_bot[0m[2m:[0m MAKER UP quotes: bid=None ask=Some((0.9698091425800208, 150.0)) (TP ask@0.97)
[2m2026-07-04T18:42:49.174172Z[0m [32m INFO[0m [2mpm_bot[0m[2m:[0m MAKER UP quotes: bid=None ask=Some((0.969794586784608, 150.0)) (TP ask@0.97)
[2m2026-07-04T18:42:49.424490Z[0m [32m INFO[0m [2mpm_bot[0m[2m:[0m MAKER UP quotes: bid=None ask=Some((0.9697778588701189, 150.0)) (TP ask@0.97)
[2m2026-07-04T18:42:49.674857Z[0m [32m INFO[0m [2mpm_bot[0m[2m:[0m MAKER UP quotes: bid=None ask=Some((0.9697612320820734, 150.0)) (TP ask@0.97)
[2m2026-07-04T18:42:49.924427Z[0m [32m INFO[0m [2mpm_bot[0m[2m:[0m MAKER UP quotes: bid=None ask=Some((0.9697447071885635, 150.0)) (TP ask@0.97)
[2m2026-07-04T18:42:50.173907Z[0m [32m INFO[0m [2mpm_bot[0m[2m:[0m MAKER UP quotes: bid=None ask=Some((0.9662013811779713, 150.0)) (TP ask@0.97)
[2m2026-07-04T18:42:50.424167Z[0m [32m INFO[0m [2mpm_bot[0m[2m:[0m MAKER UP quotes: bid=None ask=Some((0.966184060367683, 150.0)) (TP ask@0.97)
[2m2026-07-04T18:42:50.674177Z[0m [32m INFO[0m [2mpm_bot[0m[2m:[0m MAKER UP quotes: bid=None ask=Some((0.9661669176195622, 150.0)) (TP ask@0.97)
[2m2026-07-04T18:42:50.924076Z[0m [32m INFO[0m [2mpm_bot[0m[2m:[0m MAKER UP quotes: bid=None ask=Some((0.9661498845294694, 150.0)) (TP ask@0.97)
[2m2026-07-04T18:42:51.174489Z[0m [32m INFO[0m [2mpm_bot[0m[2m:[0m MAKER UP quotes: bid=None ask=Some((0.9661329619225762, 150.0)) (TP ask@0.97)
[2m2026-07-04T18:42:51.424774Z[0m [32m INFO[0m [2mpm_bot[0m[2m:[0m MAKER UP quotes: bid=None ask=Some((0.9661161506296092, 150.0)) (TP ask@0.97)
[2m2026-07-04T18:42:51.673911Z[0m [32m INFO[0m [2mpm_bot[0m[2m:[0m MAKER UP quotes: bid=None ask=Some((0.9670783670418184, 150.0)) (TP ask@0.97)
[2m2026-07-04T18:42:51.924430Z[0m [32m INFO[0m [2mpm_bot[0m[2m:[0m MAKER UP quotes: bid=None ask=Some((0.9670621970601343, 150.0)) (TP ask@0.97)
[2m2026-07-04T18:42:52.174384Z[0m [32m INFO[0m [2mpm_bot[0m[2m:[0m MAKER UP quotes: bid=None ask=Some((0.967046204872058, 150.0)) (TP ask@0.97)
[2m2026-07-04T18:42:52.424004Z[0m [32m INFO[0m [2mpm_bot[0m[2m:[0m MAKER UP quotes: bid=None ask=Some((0.967030389960365, 150.0)) (TP ask@0.97)
[2m2026-07-04T18:42:52.673985Z[0m [32m INFO[0m [2mpm_bot[0m[2m:[0m MAKER UP quotes: bid=None ask=Some((0.9670513634981408, 150.0)) (TP ask@0.97)
[2m2026-07-04T18:42:52.923881Z[0m [32m INFO[0m [2mpm_bot[0m[2m:[0m MAKER UP quotes: bid=None ask=Some((0.9670358666861398, 150.0)) (TP ask@0.97)
[2m2026-07-04T18:42:53.173970Z[0m [32m INFO[0m [2mpm_bot[0m[2m:[0m MAKER UP quotes: bid=None ask=Some((0.9664542141775869, 150.0)) (TP ask@0.97)
[2m2026-07-04T18:42:53.424796Z[0m [32m INFO[0m [2mpm_bot[0m[2m:[0m MAKER UP quotes: bid=None ask=Some((0.966438570600574, 150.0)) (TP ask@0.97)
[2m2026-07-04T18:42:53.674733Z[0m [32m INFO[0m [2mpm_bot[0m[2m:[0m MAKER UP quotes: bid=None ask=Some((0.9664231085239112, 150.0)) (TP ask@0.97)
[2m2026-07-04T18:42:53.924797Z[0m [32m INFO[0m [2mpm_bot[0m[2m:[0m MAKER UP quotes: bid=None ask=Some((0.9664077662710999, 150.0)) (TP ask@0.97)
[2m2026-07-04T18:42:54.174600Z[0m [32m INFO[0m [2mpm_bot[0m[2m:[0m MAKER UP quotes: bid=None ask=Some((0.9663925447333463, 150.0)) (TP ask@0.97)
[2m2026-07-04T18:42:54.424445Z[0m [32m INFO[0m [2mpm_bot[0m[2m:[0m MAKER UP quotes: bid=None ask=Some((0.9650179824582825, 150.0)) (TP ask@0.97)
[2m2026-07-04T18:42:54.674079Z[0m [32m INFO[0m [2mpm_bot[0m[2m:[0m MAKER UP quotes: bid=None ask=Some((0.9650039580131582, 150.0)) (TP ask@0.97)
[2m2026-07-04T18:42:54.924025Z[0m [32m INFO[0m [2mpm_bot[0m[2m:[0m MAKER UP quotes: bid=None ask=Some((0.9649901174201807, 150.0)) (TP ask@0.96)
[2m2026-07-04T18:42:55.174706Z[0m [32m INFO[0m [2mpm_bot[0m[2m:[0m MAKER UP quotes: bid=None ask=Some((0.9649762956332325, 150.0)) (TP ask@0.96)
[2m2026-07-04T18:42:55.424424Z[0m [32m INFO[0m [2mpm_bot[0m[2m:[0m MAKER UP quotes: bid=None ask=Some((0.9649626595710146, 150.0)) (TP ask@0.96)
[2m2026-07-04T18:42:55.674542Z[0m [32m INFO[0m [2mpm_bot[0m[2m:[0m MAKER UP quotes: bid=None ask=Some((0.9650936686160181, 150.0)) (TP ask@0.97)
[2m2026-07-04T18:42:55.923923Z[0m [32m INFO[0m [2mpm_bot[0m[2m:[0m MAKER UP quotes: bid=None ask=Some((0.9650803156802195, 150.0)) (TP ask@0.97)
[2m2026-07-04T18:42:56.174438Z[0m [32m INFO[0m [2mpm_bot[0m[2m:[0m MAKER UP quotes: bid=None ask=Some((0.9651546819559055, 150.0)) (TP ask@0.97)
[2m2026-07-04T18:42:56.424597Z[0m [32m INFO[0m [2mpm_bot[0m[2m:[0m MAKER UP quotes: bid=None ask=Some((0.9651414479280422, 150.0)) (TP ask@0.97)
[2m2026-07-04T18:42:56.674605Z[0m [32m INFO[0m [2mpm_bot[0m[2m:[0m MAKER UP quotes: bid=None ask=Some((0.9651283483068747, 150.0)) (TP ask@0.97)
[2m2026-07-04T18:42:56.924748Z[0m [32m INFO[0m [2mpm_bot[0m[2m:[0m MAKER UP quotes: bid=None ask=Some((0.9651153840677487, 150.0)) (TP ask@0.97)
[2m2026-07-04T18:42:57.173973Z[0m [32m INFO[0m [2mpm_bot[0m[2m:[0m MAKER UP quotes: bid=None ask=Some((0.9651026072311953, 150.0)) (TP ask@0.97)
[2m2026-07-04T18:42:57.424283Z[0m [32m INFO[0m [2mpm_bot[0m[2m:[0m MAKER UP quotes: bid=None ask=Some((0.9650650334140138, 150.0)) (TP ask@0.97)
[2m2026-07-04T18:42:57.674248Z[0m [32m INFO[0m [2mpm_bot[0m[2m:[0m MAKER UP quotes: bid=None ask=Some((0.9650525542996462, 150.0)) (TP ask@0.97)
[2m2026-07-04T18:42:57.924291Z[0m [32m INFO[0m [2mpm_bot[0m[2m:[0m MAKER UP quotes: bid=None ask=Some((0.9650402147678718, 150.0)) (TP ask@0.97)
[2m2026-07-04T18:42:58.174239Z[0m [32m INFO[0m [2mpm_bot[0m[2m:[0m MAKER UP quotes: bid=None ask=Some((0.9650280158282059, 150.0)) (TP ask@0.97)
[2m2026-07-04T18:42:58.424365Z[0m [32m INFO[0m [2mpm_bot[0m[2m:[0m MAKER UP quotes: bid=None ask=Some((0.9674233194368029, 150.0)) (TP ask@0.97)
[2m2026-07-04T18:42:58.674617Z[0m [32m INFO[0m [2mpm_bot[0m[2m:[0m MAKER UP quotes: bid=None ask=Some((0.9674105477409741, 150.0)) (TP ask@0.97)
[2m2026-07-04T18:42:58.923928Z[0m [32m INFO[0m [2mpm_bot[0m[2m:[0m MAKER UP quotes: bid=None ask=Some((0.9673979627464117, 150.0)) (TP ask@0.97)
[2m2026-07-04T18:42:59.174392Z[0m [32m INFO[0m [2mpm_bot[0m[2m:[0m MAKER UP quotes: bid=None ask=Some((0.9673854146559611, 150.0)) (TP ask@0.97)
[2m2026-07-04T18:42:59.424616Z[0m [32m INFO[0m [2mpm_bot[0m[2m:[0m MAKER UP quotes: bid=None ask=Some((0.9673730552870532, 150.0)) (TP ask@0.97)
[2m2026-07-04T18:42:59.674015Z[0m [32m INFO[0m [2mpm_bot[0m[2m:[0m MAKER UP quotes: bid=None ask=Some((0.9673608839927155, 150.0)) (TP ask@0.97)
[2m2026-07-04T18:42:59.924234Z[0m [32m INFO[0m [2mpm_bot[0m[2m:[0m MAKER UP quotes: bid=None ask=Some((0.9673440718573216, 150.0)) (TP ask@0.97)
[2m2026-07-04T18:43:00.174159Z[0m [32m INFO[0m [2mpm_bot[0m[2m:[0m MAKER UP quotes: bid=None ask=Some((0.967332126816618, 150.0)) (TP ask@0.97)
[2m2026-07-04T18:43:00.423946Z[0m [32m INFO[0m [2mpm_bot[0m[2m:[0m MAKER UP quotes: bid=None ask=Some((0.967525351363648, 150.0)) (TP ask@0.97)
[2m2026-07-04T18:43:00.674396Z[0m [32m INFO[0m [2mpm_bot[0m[2m:[0m MAKER UP quotes: bid=None ask=Some((0.9675134801879265, 150.0)) (TP ask@0.97)
[2m2026-07-04T18:43:00.924435Z[0m [32m INFO[0m [2mpm_bot[0m[2m:[0m MAKER UP quotes: bid=None ask=Some((0.9675018003958522, 150.0)) (TP ask@0.97)
[2m2026-07-04T18:43:01.174450Z[0m [32m INFO[0m [2mpm_bot[0m[2m:[0m MAKER UP quotes: bid=None ask=Some((0.9674902654662993, 150.0)) (TP ask@0.97)
[2m2026-07-04T18:43:01.424289Z[0m [32m INFO[0m [2mpm_bot[0m[2m:[0m MAKER UP quotes: bid=None ask=Some((0.9674788764672132, 150.0)) (TP ask@0.97)
[2m2026-07-04T18:43:01.674863Z[0m [32m INFO[0m [2mpm_bot[0m[2m:[0m MAKER UP quotes: bid=None ask=Some((0.967537556180247, 150.0)) (TP ask@0.97)
[2m2026-07-04T18:43:01.924397Z[0m [32m INFO[0m [2mpm_bot[0m[2m:[0m MAKER UP quotes: bid=None ask=Some((0.9675264528679346, 150.0)) (TP ask@0.97)
[2m2026-07-04T18:43:02.173754Z[0m [32m INFO[0m [2mpm_bot[0m[2m:[0m MAKER UP quotes: bid=None ask=Some((0.9703815643514948, 150.0)) (TP ask@0.97)
[2m2026-07-04T18:43:02.424515Z[0m [32m INFO[0m [2mpm_bot[0m[2m:[0m MAKER UP quotes: bid=None ask=Some((0.9703689159608728, 150.0)) (TP ask@0.97)
[2m2026-07-04T18:43:02.674808Z[0m [32m INFO[0m [2mpm_bot[0m[2m:[0m MAKER UP quotes: bid=None ask=Some((0.9703564580351443, 150.0)) (TP ask@0.97)
[2m2026-07-04T18:43:02.923832Z[0m [32m INFO[0m [2mpm_bot[0m[2m:[0m MAKER UP quotes: bid=None ask=Some((0.9703441899586158, 150.0)) (TP ask@0.97)
[2m2026-07-04T18:43:03.174678Z[0m [32m INFO[0m [2mpm_bot[0m[2m:[0m MAKER UP quotes: bid=None ask=Some((0.9703319658483898, 150.0)) (TP ask@0.97)
[2m2026-07-04T18:43:03.424001Z[0m [32m INFO[0m [2mpm_bot[0m[2m:[0m MAKER UP quotes: bid=None ask=Some((0.9703199815886085, 150.0)) (TP ask@0.97)
[2m2026-07-04T18:43:03.674249Z[0m [32m INFO[0m [2mpm_bot[0m[2m:[0m MAKER UP quotes: bid=None ask=Some((0.9767828271107999, 150.0)) (TP ask@0.98)
[2m2026-07-04T18:43:03.924065Z[0m [32m INFO[0m [2mpm_bot[0m[2m:[0m MAKER UP quotes: bid=None ask=Some((0.9767696542340254, 150.0)) (TP ask@0.98)
[2m2026-07-04T18:43:04.174118Z[0m [32m INFO[0m [2mpm_bot[0m[2m:[0m MAKER UP quotes: bid=None ask=Some((0.9767566064504936, 150.0)) (TP ask@0.98)
[2m2026-07-04T18:43:04.423986Z[0m [32m INFO[0m [2mpm_bot[0m[2m:[0m MAKER UP quotes: bid=None ask=Some((0.9729180085226959, 150.0)) (TP ask@0.97)
[2m2026-07-04T18:43:04.673865Z[0m [32m INFO[0m [2mpm_bot[0m[2m:[0m MAKER UP quotes: bid=None ask=Some((0.9729058888069069, 150.0)) (TP ask@0.97)
[2m2026-07-04T18:43:04.924385Z[0m [32m INFO[0m [2mpm_bot[0m[2m:[0m MAKER UP quotes: bid=None ask=Some((0.9728938621161396, 150.0)) (TP ask@0.97)
[2m2026-07-04T18:43:05.174698Z[0m [32m INFO[0m [2mpm_bot[0m[2m:[0m MAKER UP quotes: bid=None ask=Some((0.9728820253801624, 150.0)) (TP ask@0.97)
[2m2026-07-04T18:43:05.424176Z[0m [32m INFO[0m [2mpm_bot[0m[2m:[0m MAKER UP quotes: bid=None ask=Some((0.9728703315055864, 150.0)) (TP ask@0.97)
[2m2026-07-04T18:43:05.674633Z[0m [32m INFO[0m [2mpm_bot[0m[2m:[0m MAKER UP quotes: bid=None ask=Some((0.9752979420492538, 150.0)) (TP ask@0.98)
[2m2026-07-04T18:43:05.924560Z[0m [32m INFO[0m [2mpm_bot[0m[2m:[0m MAKER UP quotes: bid=None ask=Some((0.9752871054074856, 150.0)) (TP ask@0.98)
[2m2026-07-04T18:43:06.174123Z[0m [32m INFO[0m [2mpm_bot[0m[2m:[0m MAKER UP quotes: bid=None ask=Some((0.9752764097453119, 150.0)) (TP ask@0.98)
[2m2026-07-04T18:43:06.424142Z[0m [32m INFO[0m [2mpm_bot[0m[2m:[0m MAKER UP quotes: bid=None ask=Some((0.9771166256271097, 150.0)) (TP ask@0.98)
[2m2026-07-04T18:43:06.674536Z[0m [32m INFO[0m [2mpm_bot[0m[2m:[0m MAKER UP quotes: bid=None ask=Some((0.9771053110895986, 150.0)) (TP ask@0.98)
[2m2026-07-04T18:43:06.924754Z[0m [32m INFO[0m [2mpm_bot[0m[2m:[0m MAKER UP quotes: bid=None ask=Some((0.9770941329337749, 150.0)) (TP ask@0.98)
[2m2026-07-04T18:43:07.174456Z[0m [32m INFO[0m [2mpm_bot[0m[2m:[0m MAKER UP quotes: bid=None ask=Some((0.9770830922454883, 150.0)) (TP ask@0.98)
[2m2026-07-04T18:43:07.424707Z[0m [32m INFO[0m [2mpm_bot[0m[2m:[0m MAKER UP quotes: bid=None ask=Some((0.9770721901184134, 150.0)) (TP ask@0.98)
[2m2026-07-04T18:43:07.674178Z[0m [32m INFO[0m [2mpm_bot[0m[2m:[0m MAKER UP quotes: bid=None ask=Some((0.9770614276541099, 150.0)) (TP ask@0.98)
[2m2026-07-04T18:43:07.924630Z[0m [32m INFO[0m [2mpm_bot[0m[2m:[0m MAKER UP quotes: bid=None ask=Some((0.9770508059620854, 150.0)) (TP ask@0.98)
[2m2026-07-04T18:43:08.173983Z[0m [32m INFO[0m [2mpm_bot[0m[2m:[0m MAKER UP quotes: bid=None ask=Some((0.9746851727835486, 150.0)) (TP ask@0.97)
[2m2026-07-04T18:43:08.424699Z[0m [32m INFO[0m [2mpm_bot[0m[2m:[0m MAKER UP quotes: bid=None ask=Some((0.974671684399647, 150.0)) (TP ask@0.97)
[2m2026-07-04T18:43:08.674420Z[0m [32m INFO[0m [2mpm_bot[0m[2m:[0m MAKER UP quotes: bid=None ask=Some((0.9746583926110548, 150.0)) (TP ask@0.97)
[2m2026-07-04T18:43:08.924094Z[0m [32m INFO[0m [2mpm_bot[0m[2m:[0m MAKER UP quotes: bid=None ask=Some((0.9739990805019603, 150.0)) (TP ask@0.97)
[2m2026-07-04T18:43:09.174836Z[0m [32m INFO[0m [2mpm_bot[0m[2m:[0m MAKER UP quotes: bid=None ask=Some((0.9739868062824293, 150.0)) (TP ask@0.97)
[2m2026-07-04T18:43:09.424808Z[0m [32m INFO[0m [2mpm_bot[0m[2m:[0m MAKER UP quotes: bid=None ask=Some((0.9739746821812209, 150.0)) (TP ask@0.97)
[2m2026-07-04T18:43:09.674296Z[0m [32m INFO[0m [2mpm_bot[0m[2m:[0m MAKER UP quotes: bid=None ask=Some((0.9764983843120292, 150.0)) (TP ask@0.98)
[2m2026-07-04T18:43:09.924369Z[0m [32m INFO[0m [2mpm_bot[0m[2m:[0m MAKER UP quotes: bid=None ask=Some((0.9764845122823979, 150.0)) (TP ask@0.98)
[2m2026-07-04T18:43:10.174552Z[0m [32m INFO[0m [2mpm_bot[0m[2m:[0m MAKER UP quotes: bid=None ask=Some((0.9764707803338287, 150.0)) (TP ask@0.98)
[2m2026-07-04T18:43:10.424310Z[0m [32m INFO[0m [2mpm_bot[0m[2m:[0m MAKER UP quotes: bid=None ask=Some((0.9764571896566304, 150.0)) (TP ask@0.98)
[2m2026-07-04T18:43:10.674224Z[0m [32m INFO[0m [2mpm_bot[0m[2m:[0m MAKER UP quotes: bid=None ask=Some((0.9764437414501281, 150.0)) (TP ask@0.98)
[2m2026-07-04T18:43:10.924128Z[0m [32m INFO[0m [2mpm_bot[0m[2m:[0m MAKER UP quotes: bid=None ask=Some((0.9764304369227381, 150.0)) (TP ask@0.98)
[2m2026-07-04T18:43:11.174740Z[0m [32m INFO[0m [2mpm_bot[0m[2m:[0m MAKER UP quotes: bid=None ask=Some((0.9763610459918841, 150.0)) (TP ask@0.98)
[2m2026-07-04T18:43:11.424046Z[0m [32m INFO[0m [2mpm_bot[0m[2m:[0m MAKER UP quotes: bid=None ask=Some((0.9763482245632009, 150.0)) (TP ask@0.98)
[2m2026-07-04T18:43:11.674449Z[0m [32m INFO[0m [2mpm_bot[0m[2m:[0m MAKER UP quotes: bid=None ask=Some((0.9763355512399752, 150.0)) (TP ask@0.98)
[2m2026-07-04T18:43:11.924701Z[0m [32m INFO[0m [2mpm_bot[0m[2m:[0m MAKER UP quotes: bid=None ask=Some((0.9763230272694717, 150.0)) (TP ask@0.98)
[2m2026-07-04T18:43:12.174142Z[0m [32m INFO[0m [2mpm_bot[0m[2m:[0m MAKER UP quotes: bid=None ask=Some((0.982238760475397, 150.0)) (TP ask@0.98)
[2m2026-07-04T18:43:12.424201Z[0m [32m INFO[0m [2mpm_bot[0m[2m:[0m MAKER UP quotes: bid=None ask=Some((0.9822252327819996, 150.0)) (TP ask@0.98)
[2m2026-07-04T18:43:12.674680Z[0m [32m INFO[0m [2mpm_bot[0m[2m:[0m MAKER UP quotes: bid=None ask=Some((0.9820536055844018, 150.0)) (TP ask@0.98)
[2m2026-07-04T18:43:12.924181Z[0m [32m INFO[0m [2mpm_bot[0m[2m:[0m MAKER UP quotes: bid=None ask=Some((0.9820404307631386, 150.0)) (TP ask@0.98)
[2m2026-07-04T18:43:13.174525Z[0m [32m INFO[0m [2mpm_bot[0m[2m:[0m MAKER UP quotes: bid=None ask=Some((0.9820273874025937, 150.0)) (TP ask@0.98)
[2m2026-07-04T18:43:13.424186Z[0m [32m INFO[0m [2mpm_bot[0m[2m:[0m MAKER UP quotes: bid=None ask=Some((0.9823379366686588, 150.0)) (TP ask@0.98)
[2m2026-07-04T18:43:13.674743Z[0m [32m INFO[0m [2mpm_bot[0m[2m:[0m MAKER UP quotes: bid=None ask=Some((0.9823249037837591, 150.0)) (TP ask@0.98)
[2m2026-07-04T18:43:13.923786Z[0m [32m INFO[0m [2mpm_bot[0m[2m:[0m MAKER UP quotes: bid=None ask=Some((0.9823120551885772, 150.0)) (TP ask@0.98)
[2m2026-07-04T18:43:14.174306Z[0m [32m INFO[0m [2mpm_bot[0m[2m:[0m MAKER UP quotes: bid=None ask=Some((0.9822992380754241, 150.0)) (TP ask@0.98)
[2m2026-07-04T18:43:14.424310Z[0m [32m INFO[0m [2mpm_bot[0m[2m:[0m MAKER UP quotes: bid=None ask=Some((0.9822866076456052, 150.0)) (TP ask@0.98)
[2m2026-07-04T18:43:14.674635Z[0m [32m INFO[0m [2mpm_bot[0m[2m:[0m MAKER UP quotes: bid=None ask=Some((0.98227411377662, 150.0)) (TP ask@0.98)
[2m2026-07-04T18:43:14.924360Z[0m [32m INFO[0m [2mpm_bot[0m[2m:[0m MAKER UP quotes: bid=None ask=Some((0.9829660988719331, 150.0)) (TP ask@0.98)
[2m2026-07-04T18:43:15.174581Z[0m [32m INFO[0m [2mpm_bot[0m[2m:[0m MAKER UP quotes: bid=None ask=Some((0.9829541965833353, 150.0)) (TP ask@0.98)
[2m2026-07-04T18:43:15.424732Z[0m [32m INFO[0m [2mpm_bot[0m[2m:[0m MAKER UP quotes: bid=None ask=Some((0.982942432709454, 150.0)) (TP ask@0.98)
[2m2026-07-04T18:43:15.674801Z[0m [32m INFO[0m [2mpm_bot[0m[2m:[0m MAKER UP quotes: bid=None ask=Some((0.9828762011859957, 150.0)) (TP ask@0.98)
[2m2026-07-04T18:43:15.924121Z[0m [32m INFO[0m [2mpm_bot[0m[2m:[0m MAKER UP quotes: bid=None ask=Some((0.9828647520815532, 150.0)) (TP ask@0.98)
[2m2026-07-04T18:43:16.174770Z[0m [32m INFO[0m [2mpm_bot[0m[2m:[0m MAKER UP quotes: bid=None ask=Some((0.9837960594546258, 150.0)) (TP ask@0.98)
[2m2026-07-04T18:43:16.424103Z[0m [32m INFO[0m [2mpm_bot[0m[2m:[0m MAKER UP quotes: bid=None ask=Some((0.9837836750270971, 150.0)) (TP ask@0.98)
[2m2026-07-04T18:43:16.674371Z[0m [32m INFO[0m [2mpm_bot[0m[2m:[0m MAKER UP quotes: bid=None ask=Some((0.9837714278380011, 150.0)) (TP ask@0.98)
[2m2026-07-04T18:43:16.924584Z[0m [32m INFO[0m [2mpm_bot[0m[2m:[0m MAKER UP quotes: bid=None ask=Some((0.9837593191408802, 150.0)) (TP ask@0.98)
[2m2026-07-04T18:43:17.174502Z[0m [32m INFO[0m [2mpm_bot[0m[2m:[0m MAKER UP quotes: bid=None ask=Some((0.9837473501991871, 150.0)) (TP ask@0.98)
[2m2026-07-04T18:43:17.424116Z[0m [32m INFO[0m [2mpm_bot[0m[2m:[0m MAKER UP quotes: bid=None ask=Some((0.9837355222863673, 150.0)) (TP ask@0.98)
[2m2026-07-04T18:43:17.674749Z[0m [32m INFO[0m [2mpm_bot[0m[2m:[0m MAKER UP quotes: bid=None ask=Some((0.9844009310089965, 150.0)) (TP ask@0.98)
[2m2026-07-04T18:43:17.924042Z[0m [32m INFO[0m [2mpm_bot[0m[2m:[0m MAKER UP quotes: bid=None ask=Some((0.9843892185785752, 150.0)) (TP ask@0.98)
[2m2026-07-04T18:43:18.174021Z[0m [32m INFO[0m [2mpm_bot[0m[2m:[0m MAKER UP quotes: bid=None ask=Some((0.984377693568818, 150.0)) (TP ask@0.98)
[2m2026-07-04T18:43:18.424589Z[0m [32m INFO[0m [2mpm_bot[0m[2m:[0m MAKER UP quotes: bid=None ask=Some((0.9844920086876164, 150.0)) (TP ask@0.98)
[2m2026-07-04T18:43:18.674058Z[0m [32m INFO[0m [2mpm_bot[0m[2m:[0m MAKER UP quotes: bid=None ask=Some((0.984480787027056, 150.0)) (TP ask@0.98)
[2m2026-07-04T18:43:18.924236Z[0m [32m INFO[0m [2mpm_bot[0m[2m:[0m MAKER UP quotes: bid=None ask=Some((0.9844697103423165, 150.0)) (TP ask@0.98)
[2m2026-07-04T18:43:19.174716Z[0m [32m INFO[0m [2mpm_bot[0m[2m:[0m MAKER UP quotes: bid=None ask=Some((0.984458779955312, 150.0)) (TP ask@0.98)
[2m2026-07-04T18:43:19.424721Z[0m [32m INFO[0m [2mpm_bot[0m[2m:[0m MAKER UP quotes: bid=None ask=Some((0.9844479971984708, 150.0)) (TP ask@0.98)
[2m2026-07-04T18:43:19.674783Z[0m [32m INFO[0m [2mpm_bot[0m[2m:[0m MAKER UP quotes: bid=None ask=Some((0.9844373634148229, 150.0)) (TP ask@0.98)
[2m2026-07-04T18:43:19.924747Z[0m [32m INFO[0m [2mpm_bot[0m[2m:[0m MAKER UP quotes: bid=None ask=Some((0.9851821170547126, 150.0)) (TP ask@0.99)
[2m2026-07-04T18:43:20.173856Z[0m [32m INFO[0m [2mpm_bot[0m[2m:[0m MAKER UP quotes: bid=None ask=Some((0.9851707280120718, 150.0)) (TP ask@0.99)
[2m2026-07-04T18:43:20.424699Z[0m [32m INFO[0m [2mpm_bot[0m[2m:[0m MAKER UP quotes: bid=None ask=Some((0.9851593941078143, 150.0)) (TP ask@0.99)
[2m2026-07-04T18:43:20.674297Z[0m [32m INFO[0m [2mpm_bot[0m[2m:[0m MAKER UP quotes: bid=None ask=Some((0.9858712457086484, 150.0)) (TP ask@0.99)
[2m2026-07-04T18:43:20.923961Z[0m [32m INFO[0m [2mpm_bot[0m[2m:[0m MAKER UP quotes: bid=None ask=Some((0.9858594622851322, 150.0)) (TP ask@0.99)
[2m2026-07-04T18:43:21.173946Z[0m [32m INFO[0m [2mpm_bot[0m[2m:[0m MAKER UP quotes: bid=None ask=Some((0.9870889852435976, 150.0)) (TP ask@0.99)
[2m2026-07-04T18:43:21.424072Z[0m [32m INFO[0m [2mpm_bot[0m[2m:[0m MAKER UP quotes: bid=None ask=Some((0.9870763794649775, 150.0)) (TP ask@0.99)
[2m2026-07-04T18:43:21.673967Z[0m [32m INFO[0m [2mpm_bot[0m[2m:[0m MAKER UP quotes: bid=None ask=Some((0.9870640106485349, 150.0)) (TP ask@0.99)
[2m2026-07-04T18:43:21.924559Z[0m [32m INFO[0m [2mpm_bot[0m[2m:[0m MAKER UP quotes: bid=None ask=Some((0.9870516814524657, 150.0)) (TP ask@0.99)
[2m2026-07-04T18:43:22.174519Z[0m [32m INFO[0m [2mpm_bot[0m[2m:[0m MAKER UP quotes: bid=None ask=Some((0.9870395414289301, 150.0)) (TP ask@0.99)
[2m2026-07-04T18:43:22.424246Z[0m [32m INFO[0m [2mpm_bot[0m[2m:[0m MAKER UP quotes: bid=None ask=Some((0.9870275425492346, 150.0)) (TP ask@0.99)
[2m2026-07-04T18:43:22.674257Z[0m [32m INFO[0m [2mpm_bot[0m[2m:[0m MAKER UP quotes: bid=None ask=Some((0.9865652438458067, 150.0)) (TP ask@0.99)
[2m2026-07-04T18:43:22.924548Z[0m [32m INFO[0m [2mpm_bot[0m[2m:[0m MAKER UP quotes: bid=None ask=Some((0.9865531365429681, 150.0)) (TP ask@0.99)
[2m2026-07-04T18:43:23.173701Z[0m [32m INFO[0m [2mpm_bot[0m[2m:[0m MAKER UP quotes: bid=None ask=Some((0.9865412230780193, 150.0)) (TP ask@0.99)
[2m2026-07-04T18:43:23.423992Z[0m [32m INFO[0m [2mpm_bot[0m[2m:[0m MAKER UP quotes: bid=None ask=Some((0.9865971010321963, 150.0)) (TP ask@0.99)
[2m2026-07-04T18:43:23.674527Z[0m [32m INFO[0m [2mpm_bot[0m[2m:[0m MAKER UP quotes: bid=None ask=Some((0.9865854276844883, 150.0)) (TP ask@0.99)
[2m2026-07-04T18:43:23.924174Z[0m [32m INFO[0m [2mpm_bot[0m[2m:[0m MAKER UP quotes: bid=None ask=Some((0.9865739515357076, 150.0)) (TP ask@0.99)
[2m2026-07-04T18:43:24.174698Z[0m [32m INFO[0m [2mpm_bot[0m[2m:[0m MAKER UP quotes: bid=None ask=Some((0.9865626272441816, 150.0)) (TP ask@0.99)
[2m2026-07-04T18:43:24.423917Z[0m [32m INFO[0m [2mpm_bot[0m[2m:[0m MAKER UP quotes: bid=None ask=Some((0.9865515006631091, 150.0)) (TP ask@0.99)
[2m2026-07-04T18:43:24.674642Z[0m [32m INFO[0m [2mpm_bot[0m[2m:[0m MAKER UP quotes: bid=None ask=Some((0.9865404401523701, 150.0)) (TP ask@0.99)
[2m2026-07-04T18:43:24.923891Z[0m [32m INFO[0m [2mpm_bot[0m[2m:[0m MAKER UP quotes: bid=None ask=Some((0.9870216626838912, 150.0)) (TP ask@0.99)
[2m2026-07-04T18:43:25.174397Z[0m [32m INFO[0m [2mpm_bot[0m[2m:[0m MAKER UP quotes: bid=None ask=Some((0.9870113103171877, 150.0)) (TP ask@0.99)
[2m2026-07-04T18:43:25.423945Z[0m [32m INFO[0m [2mpm_bot[0m[2m:[0m MAKER UP quotes: bid=None ask=Some((0.987001197868868, 150.0)) (TP ask@0.99)
[2m2026-07-04T18:43:25.674038Z[0m [32m INFO[0m [2mpm_bot[0m[2m:[0m MAKER UP quotes: bid=None ask=Some((0.9808400217332913, 150.0)) (TP ask@0.98)
[2m2026-07-04T18:43:25.924372Z[0m [32m INFO[0m [2mpm_bot[0m[2m:[0m MAKER UP quotes: bid=None ask=Some((0.9808370108184967, 150.0)) (TP ask@0.98)
[2m2026-07-04T18:43:26.174396Z[0m [32m INFO[0m [2mpm_bot[0m[2m:[0m MAKER UP quotes: bid=None ask=Some((0.9808342140969559, 150.0)) (TP ask@0.98)
[2m2026-07-04T18:43:26.424631Z[0m [32m INFO[0m [2mpm_bot[0m[2m:[0m MAKER UP quotes: bid=None ask=Some((0.9808316333537404, 150.0)) (TP ask@0.98)
[2m2026-07-04T18:43:26.673951Z[0m [32m INFO[0m [2mpm_bot[0m[2m:[0m MAKER UP quotes: bid=None ask=Some((0.9813137610130604, 150.0)) (TP ask@0.98)
[2m2026-07-04T18:43:26.924261Z[0m [32m INFO[0m [2mpm_bot[0m[2m:[0m MAKER UP quotes: bid=None ask=Some((0.9813109761098076, 150.0)) (TP ask@0.98)
[2m2026-07-04T18:43:27.173986Z[0m [32m INFO[0m [2mpm_bot[0m[2m:[0m MAKER UP quotes: bid=None ask=Some((0.9778096397633578, 150.0)) (TP ask@0.98)
[2m2026-07-04T18:43:27.424006Z[0m [32m INFO[0m [2mpm_bot[0m[2m:[0m MAKER UP quotes: bid=None ask=Some((0.977807532449702, 150.0)) (TP ask@0.98)
[2m2026-07-04T18:43:27.674356Z[0m [32m INFO[0m [2mpm_bot[0m[2m:[0m MAKER UP quotes: bid=None ask=Some((0.9778056558830195, 150.0)) (TP ask@0.98)
[2m2026-07-04T18:43:27.924066Z[0m [32m INFO[0m [2mpm_bot[0m[2m:[0m MAKER UP quotes: bid=None ask=Some((0.9778040270046942, 150.0)) (TP ask@0.98)
[2m2026-07-04T18:43:28.174538Z[0m [32m INFO[0m [2mpm_bot[0m[2m:[0m MAKER UP quotes: bid=None ask=Some((0.977761383455002, 150.0)) (TP ask@0.98)
[2m2026-07-04T18:43:28.423850Z[0m [32m INFO[0m [2mpm_bot[0m[2m:[0m MAKER UP quotes: bid=None ask=Some((0.9777602978401279, 150.0)) (TP ask@0.98)
[2m2026-07-04T18:43:28.674603Z[0m [32m INFO[0m [2mpm_bot[0m[2m:[0m MAKER UP quotes: bid=None ask=Some((0.9777594506003506, 150.0)) (TP ask@0.98)
[2m2026-07-04T18:43:28.924056Z[0m [32m INFO[0m [2mpm_bot[0m[2m:[0m MAKER UP quotes: bid=None ask=Some((0.9777588553904588, 150.0)) (TP ask@0.98)
[2m2026-07-04T18:43:29.174249Z[0m [32m INFO[0m [2mpm_bot[0m[2m:[0m MAKER UP quotes: bid=None ask=Some((0.9777585104054876, 150.0)) (TP ask@0.98)
[2m2026-07-04T18:43:29.424746Z[0m [32m INFO[0m [2mpm_bot[0m[2m:[0m MAKER UP quotes: bid=None ask=Some((0.9777134241507286, 150.0)) (TP ask@0.98)
[2m2026-07-04T18:43:29.674569Z[0m [32m INFO[0m [2mpm_bot[0m[2m:[0m MAKER UP quotes: bid=None ask=Some((0.9777136932967118, 150.0)) (TP ask@0.98)
[2m2026-07-04T18:43:29.923733Z[0m [32m INFO[0m [2mpm_bot[0m[2m:[0m MAKER UP quotes: bid=None ask=Some((0.9777142168440609, 150.0)) (TP ask@0.98)
[2m2026-07-04T18:43:30.174758Z[0m [32m INFO[0m [2mpm_bot[0m[2m:[0m MAKER UP quotes: bid=None ask=Some((0.9777150047837345, 150.0)) (TP ask@0.98)
[2m2026-07-04T18:43:30.424788Z[0m [32m INFO[0m [2mpm_bot[0m[2m:[0m MAKER UP quotes: bid=None ask=Some((0.9814227196124327, 150.0)) (TP ask@0.98)
[2m2026-07-04T18:43:30.674685Z[0m [32m INFO[0m [2mpm_bot[0m[2m:[0m MAKER UP quotes: bid=None ask=Some((0.9814244933281329, 150.0)) (TP ask@0.98)
[2m2026-07-04T18:43:30.924811Z[0m [32m INFO[0m [2mpm_bot[0m[2m:[0m MAKER UP quotes: bid=None ask=Some((0.9814265156629884, 150.0)) (TP ask@0.98)
[2m2026-07-04T18:43:31.174623Z[0m [32m INFO[0m [2mpm_bot[0m[2m:[0m MAKER UP quotes: bid=None ask=Some((0.9814287886609505, 150.0)) (TP ask@0.98)
[2m2026-07-04T18:43:31.424407Z[0m [32m INFO[0m [2mpm_bot[0m[2m:[0m MAKER UP quotes: bid=None ask=Some((0.9811333439404191, 150.0)) (TP ask@0.98)
[2m2026-07-04T18:43:31.674877Z[0m [32m INFO[0m [2mpm_bot[0m[2m:[0m MAKER UP quotes: bid=None ask=Some((0.9811365544284286, 150.0)) (TP ask@0.98)
[2m2026-07-04T18:43:31.924615Z[0m [32m INFO[0m [2mpm_bot[0m[2m:[0m MAKER UP quotes: bid=None ask=Some((0.9811400245094433, 150.0)) (TP ask@0.98)
[2m2026-07-04T18:43:32.174716Z[0m [32m INFO[0m [2mpm_bot[0m[2m:[0m MAKER UP quotes: bid=None ask=Some((0.9811437563036747, 150.0)) (TP ask@0.98)
[2m2026-07-04T18:43:32.424403Z[0m [32m INFO[0m [2mpm_bot[0m[2m:[0m MAKER UP quotes: bid=None ask=Some((0.9811477519479419, 150.0)) (TP ask@0.98)
[2m2026-07-04T18:43:32.674038Z[0m [32m INFO[0m [2mpm_bot[0m[2m:[0m MAKER UP quotes: bid=None ask=Some((0.9772665747717513, 150.0)) (TP ask@0.98)
[2m2026-07-04T18:43:32.924528Z[0m [32m INFO[0m [2mpm_bot[0m[2m:[0m MAKER UP quotes: bid=None ask=Some((0.977271341297628, 150.0)) (TP ask@0.98)
[2m2026-07-04T18:43:33.174127Z[0m [32m INFO[0m [2mpm_bot[0m[2m:[0m MAKER UP quotes: bid=None ask=Some((0.9772763988953754, 150.0)) (TP ask@0.98)
[2m2026-07-04T18:43:33.424606Z[0m [32m INFO[0m [2mpm_bot[0m[2m:[0m MAKER UP quotes: bid=None ask=Some((0.9772817499482032, 150.0)) (TP ask@0.98)
[2m2026-07-04T18:43:33.674348Z[0m [32m INFO[0m [2mpm_bot[0m[2m:[0m MAKER UP quotes: bid=None ask=Some((0.9765261543951487, 150.0)) (TP ask@0.98)
[2m2026-07-04T18:43:33.924125Z[0m [32m INFO[0m [2mpm_bot[0m[2m:[0m MAKER UP quotes: bid=None ask=Some((0.976533275274098, 150.0)) (TP ask@0.98)
[2m2026-07-04T18:43:34.174273Z[0m [32m INFO[0m [2mpm_bot[0m[2m:[0m MAKER UP quotes: bid=None ask=Some((0.9768330479271805, 150.0)) (TP ask@0.98)
[2m2026-07-04T18:43:34.424338Z[0m [32m INFO[0m [2mpm_bot[0m[2m:[0m MAKER UP quotes: bid=None ask=Some((0.9768402319136298, 150.0)) (TP ask@0.98)
[2m2026-07-04T18:43:34.674670Z[0m [32m INFO[0m [2mpm_bot[0m[2m:[0m MAKER UP quotes: bid=None ask=Some((0.9768477255862961, 150.0)) (TP ask@0.98)
[2m2026-07-04T18:43:34.924140Z[0m [32m INFO[0m [2mpm_bot[0m[2m:[0m MAKER UP quotes: bid=None ask=Some((0.9769075079237659, 150.0)) (TP ask@0.98)
[2m2026-07-04T18:43:35.174178Z[0m [32m INFO[0m [2mpm_bot[0m[2m:[0m MAKER UP quotes: bid=None ask=Some((0.9769156560053289, 150.0)) (TP ask@0.98)
[2m2026-07-04T18:43:35.424754Z[0m [32m INFO[0m [2mpm_bot[0m[2m:[0m MAKER UP quotes: bid=None ask=Some((0.9769241211893155, 150.0)) (TP ask@0.98)
[2m2026-07-04T18:43:35.674794Z[0m [32m INFO[0m [2mpm_bot[0m[2m:[0m MAKER UP quotes: bid=None ask=Some((0.976932906053203, 150.0)) (TP ask@0.98)
[2m2026-07-04T18:43:35.924408Z[0m [32m INFO[0m [2mpm_bot[0m[2m:[0m MAKER UP quotes: bid=None ask=Some((0.9769420131951744, 150.0)) (TP ask@0.98)
[2m2026-07-04T18:43:36.174468Z[0m [32m INFO[0m [2mpm_bot[0m[2m:[0m MAKER UP quotes: bid=None ask=Some((0.9769514452342909, 150.0)) (TP ask@0.98)
[2m2026-07-04T18:43:36.423896Z[0m [32m INFO[0m [2mpm_bot[0m[2m:[0m MAKER UP quotes: bid=None ask=Some((0.9769611651163876, 150.0)) (TP ask@0.98)
[2m2026-07-04T18:43:36.674126Z[0m [32m INFO[0m [2mpm_bot[0m[2m:[0m MAKER UP quotes: bid=None ask=Some((0.9809370938224478, 150.0)) (TP ask@0.98)
[2m2026-07-04T18:43:36.924397Z[0m [32m INFO[0m [2mpm_bot[0m[2m:[0m MAKER UP quotes: bid=None ask=Some((0.9809474222162102, 150.0)) (TP ask@0.98)
[2m2026-07-04T18:43:37.174810Z[0m [32m INFO[0m [2mpm_bot[0m[2m:[0m MAKER UP quotes: bid=None ask=Some((0.9809580632450533, 150.0)) (TP ask@0.98)
[2m2026-07-04T18:43:37.424299Z[0m [32m INFO[0m [2mpm_bot[0m[2m:[0m MAKER UP quotes: bid=None ask=Some((0.9809690194148837, 150.0)) (TP ask@0.98)
[2m2026-07-04T18:43:37.674118Z[0m [32m INFO[0m [2mpm_bot[0m[2m:[0m MAKER UP quotes: bid=None ask=Some((0.9767959084726965, 150.0)) (TP ask@0.98)
[2m2026-07-04T18:43:37.923856Z[0m [32m INFO[0m [2mpm_bot[0m[2m:[0m MAKER UP quotes: bid=None ask=Some((0.9768076551393516, 150.0)) (TP ask@0.98)
[2m2026-07-04T18:43:38.174712Z[0m [32m INFO[0m [2mpm_bot[0m[2m:[0m MAKER UP quotes: bid=None ask=Some((0.9768198454331212, 150.0)) (TP ask@0.98)
[2m2026-07-04T18:43:38.424545Z[0m [32m INFO[0m [2mpm_bot[0m[2m:[0m MAKER UP quotes: bid=None ask=Some((0.9759828874964983, 150.0)) (TP ask@0.98)
[2m2026-07-04T18:43:38.674178Z[0m [32m INFO[0m [2mpm_bot[0m[2m:[0m MAKER UP quotes: bid=None ask=Some((0.9759953796213299, 150.0)) (TP ask@0.98)
[2m2026-07-04T18:43:38.924411Z[0m [32m INFO[0m [2mpm_bot[0m[2m:[0m MAKER UP quotes: bid=None ask=Some((0.9760082321527151, 150.0)) (TP ask@0.98)
[2m2026-07-04T18:43:39.174442Z[0m [32m INFO[0m [2mpm_bot[0m[2m:[0m MAKER UP quotes: bid=None ask=Some((0.9760214480382523, 150.0)) (TP ask@0.98)
[2m2026-07-04T18:43:39.424080Z[0m [32m INFO[0m [2mpm_bot[0m[2m:[0m MAKER UP quotes: bid=None ask=Some((0.976035030249595, 150.0)) (TP ask@0.98)
[2m2026-07-04T18:43:39.674758Z[0m [32m INFO[0m [2mpm_bot[0m[2m:[0m MAKER UP quotes: bid=None ask=Some((0.9760489817826552, 150.0)) (TP ask@0.98)
[2m2026-07-04T18:43:39.924308Z[0m [32m INFO[0m [2mpm_bot[0m[2m:[0m MAKER UP quotes: bid=None ask=Some((0.9760633056578072, 150.0)) (TP ask@0.98)
[2m2026-07-04T18:43:40.174423Z[0m [32m INFO[0m [2mpm_bot[0m[2m:[0m MAKER UP quotes: bid=None ask=Some((0.9762432883570833, 150.0)) (TP ask@0.98)
[2m2026-07-04T18:43:40.423978Z[0m [32m INFO[0m [2mpm_bot[0m[2m:[0m MAKER UP quotes: bid=None ask=Some((0.9762581757051227, 150.0)) (TP ask@0.98)
[2m2026-07-04T18:43:40.674712Z[0m [32m INFO[0m [2mpm_bot[0m[2m:[0m MAKER UP quotes: bid=None ask=Some((0.9762735644031664, 150.0)) (TP ask@0.98)
[2m2026-07-04T18:43:40.923744Z[0m [32m INFO[0m [2mpm_bot[0m[2m:[0m MAKER UP quotes: bid=None ask=Some((0.9762892123076701, 150.0)) (TP ask@0.98)
[2m2026-07-04T18:43:41.174293Z[0m [32m INFO[0m [2mexecution[0m[2m:[0m [DRY-RUN] dryrun-3 Sell 17159272 x 150 @ 0.820 (Fak)
[2m2026-07-04T18:44:54.173882Z[0m [32m INFO[0m [2mpm_bot[0m[2m:[0m TAKER: UP (z=2.76 p=0.997 ask=0.900 avg=0.918 tau=6s)
[2m2026-07-04T18:44:54.173918Z[0m [32m INFO[0m [2mexecution[0m[2m:[0m [DRY-RUN] dryrun-4 Buy 17159272 x 269 @ 0.928 (Fak)
[2m2026-07-04T18:44:54.173930Z[0m [32m INFO[0m [2mexecution[0m[2m:[0m [DRY-RUN] dryrun-5 Sell 17159272 x 269 @ 0.870 (Fak)
[2m2026-07-04T18:45:02.403520Z[0m [32m INFO[0m [2mpm_bot[0m[2m:[0m RÈGLEMENT btc-updown-5m-1783190400 | strike=Some("63064.02") issue=Up (estimé) | PnL up=+15.51 down=-31.00 | taker=2 maker_fills=6 | PnL cumulé=-15.49
[2m2026-07-04T18:45:02.403551Z[0m [32m INFO[0m [2mpm_bot[0m[2m:[0m fenêtre active: btc-updown-5m-1783190700 [1783190700000 → 1783191000000]
[2m2026-07-04T18:45:02.403573Z[0m [32m INFO[0m [2mpm_bot[0m[2m:[0m strike gelé: Some(63067.94735911205) (confidence=1.000, gap=Some(0) ms)
[2m2026-07-04T18:45:03.039905Z[0m [32m INFO[0m [2mpm_acquisition::clob[0m[2m:[0m CLOB connecté (up=54956344…, down=11055521…)
[2m2026-07-04T18:45:07.424564Z[0m [32m INFO[0m [2mpm_bot[0m[2m:[0m MAKER DOWN quotes: bid=Some((0.45, 50.0)) ask=None (bid@0.45 fair=0.823)
[2m2026-07-04T18:45:07.548984Z[0m [32m INFO[0m [2mpm_bot[0m[2m:[0m PAPER fill maker 11055521 sur trade @0.450 (achat=true vente=false)
[2m2026-07-04T18:45:07.674647Z[0m [32m INFO[0m [2mpm_bot[0m[2m:[0m MAKER DOWN quotes: bid=Some((0.45, 50.0)) ask=Some((0.8331638648282249, 50.0)) (TP ask@0.83 | bid@0.45 fair=0.823)
[2m2026-07-04T18:45:07.924176Z[0m [32m INFO[0m [2mpm_bot[0m[2m:[0m MAKER DOWN quotes: bid=Some((0.45, 50.0)) ask=Some((0.8330518218323174, 50.0)) (TP ask@0.83 | bid@0.45 fair=0.823)
[2m2026-07-04T18:45:08.174577Z[0m [32m INFO[0m [2mpm_bot[0m[2m:[0m MAKER DOWN quotes: bid=Some((0.45, 50.0)) ask=Some((0.8296016995514753, 50.0)) (TP ask@0.83 | bid@0.45 fair=0.820)
[2m2026-07-04T18:45:08.247191Z[0m [32m INFO[0m [2mpm_bot[0m[2m:[0m PAPER fill maker 11055521 sur trade @0.450 (achat=true vente=false)
[2m2026-07-04T18:45:08.424142Z[0m [32m INFO[0m [2mpm_bot[0m[2m:[0m MAKER DOWN quotes: bid=Some((0.45, 50.0)) ask=Some((0.8294886308690957, 100.0)) (TP ask@0.83 | bid@0.45 fair=0.819)
[2m2026-07-04T18:45:08.531563Z[0m [32m INFO[0m [2mpm_bot[0m[2m:[0m PAPER fill maker 11055521 sur trade @0.450 (achat=true vente=false)
[2m2026-07-04T18:45:08.673714Z[0m [32m INFO[0m [2mpm_bot[0m[2m:[0m MAKER DOWN quotes: bid=None ask=Some((0.8293759177233162, 150.0)) (TP ask@0.83)
[2m2026-07-04T18:45:08.923975Z[0m [32m INFO[0m [2mpm_bot[0m[2m:[0m MAKER DOWN quotes: bid=None ask=Some((0.8292626546555042, 150.0)) (TP ask@0.83)
[2m2026-07-04T18:45:09.174715Z[0m [32m INFO[0m [2mpm_bot[0m[2m:[0m MAKER DOWN quotes: bid=None ask=Some((0.8291488403625276, 150.0)) (TP ask@0.83)
[2m2026-07-04T18:45:09.423954Z[0m [32m INFO[0m [2mpm_bot[0m[2m:[0m MAKER DOWN quotes: bid=None ask=Some((0.8675573942666156, 150.0)) (TP ask@0.87)
[2m2026-07-04T18:45:09.674693Z[0m [32m INFO[0m [2mpm_bot[0m[2m:[0m MAKER DOWN quotes: bid=None ask=Some((0.8674534688070621, 150.0)) (TP ask@0.87)
[2m2026-07-04T18:45:09.924018Z[0m [32m INFO[0m [2mpm_bot[0m[2m:[0m MAKER DOWN quotes: bid=None ask=Some((0.8648965091940967, 150.0)) (TP ask@0.86)
[2m2026-07-04T18:45:10.174939Z[0m [32m INFO[0m [2mpm_bot[0m[2m:[0m MAKER DOWN quotes: bid=None ask=Some((0.8647915582252242, 150.0)) (TP ask@0.86)
[2m2026-07-04T18:45:10.424382Z[0m [32m INFO[0m [2mpm_bot[0m[2m:[0m MAKER DOWN quotes: bid=None ask=Some((0.8646869291685647, 150.0)) (TP ask@0.86)
[2m2026-07-04T18:45:10.674175Z[0m [32m INFO[0m [2mpm_bot[0m[2m:[0m MAKER DOWN quotes: bid=None ask=Some((0.8645822039570302, 150.0)) (TP ask@0.86)
[2m2026-07-04T18:45:10.924392Z[0m [32m INFO[0m [2mpm_bot[0m[2m:[0m MAKER DOWN quotes: bid=None ask=Some((0.8644773824627402, 150.0)) (TP ask@0.86)
[2m2026-07-04T18:45:11.174457Z[0m [32m INFO[0m [2mpm_bot[0m[2m:[0m MAKER DOWN quotes: bid=None ask=Some((0.870949582212823, 150.0)) (TP ask@0.87)
[2m2026-07-04T18:45:11.423981Z[0m [32m INFO[0m [2mpm_bot[0m[2m:[0m MAKER DOWN quotes: bid=None ask=Some((0.8708452592359596, 150.0)) (TP ask@0.87)
[2m2026-07-04T18:45:11.674303Z[0m [32m INFO[0m [2mpm_bot[0m[2m:[0m MAKER DOWN quotes: bid=None ask=Some((0.8707399985232646, 150.0)) (TP ask@0.87)
[2m2026-07-04T18:45:11.924596Z[0m [32m INFO[0m [2mpm_bot[0m[2m:[0m MAKER DOWN quotes: bid=None ask=Some((0.8674731963211892, 150.0)) (TP ask@0.87)
[2m2026-07-04T18:45:12.173904Z[0m [32m INFO[0m [2mpm_bot[0m[2m:[0m MAKER DOWN quotes: bid=None ask=Some((0.8673675543968594, 150.0)) (TP ask@0.87)
[2m2026-07-04T18:45:12.424701Z[0m [32m INFO[0m [2mpm_bot[0m[2m:[0m MAKER DOWN quotes: bid=None ask=Some((0.8672609634174269, 150.0)) (TP ask@0.87)
[2m2026-07-04T18:45:12.673834Z[0m [32m INFO[0m [2mpm_bot[0m[2m:[0m MAKER DOWN quotes: bid=None ask=Some((0.8671551219088682, 150.0)) (TP ask@0.87)
[2m2026-07-04T18:45:12.924229Z[0m [32m INFO[0m [2mpm_bot[0m[2m:[0m MAKER DOWN quotes: bid=None ask=Some((0.8670483294692073, 150.0)) (TP ask@0.87)
[2m2026-07-04T18:45:13.174567Z[0m [32m INFO[0m [2mpm_bot[0m[2m:[0m MAKER DOWN quotes: bid=None ask=Some((0.8669418617631179, 150.0)) (TP ask@0.87)
[2m2026-07-04T18:45:13.424651Z[0m [32m INFO[0m [2mpm_bot[0m[2m:[0m MAKER DOWN quotes: bid=None ask=Some((0.85627239946907, 150.0)) (TP ask@0.86)
[2m2026-07-04T18:45:13.674556Z[0m [32m INFO[0m [2mpm_bot[0m[2m:[0m MAKER DOWN quotes: bid=None ask=Some((0.8561624639695196, 150.0)) (TP ask@0.86)
[2m2026-07-04T18:45:13.924600Z[0m [32m INFO[0m [2mpm_bot[0m[2m:[0m MAKER DOWN quotes: bid=None ask=Some((0.8560524264899175, 150.0)) (TP ask@0.86)
[2m2026-07-04T18:45:14.173880Z[0m [32m INFO[0m [2mpm_bot[0m[2m:[0m MAKER DOWN quotes: bid=None ask=Some((0.8638497450944036, 150.0)) (TP ask@0.86)
[2m2026-07-04T18:45:14.424533Z[0m [32m INFO[0m [2mpm_bot[0m[2m:[0m MAKER DOWN quotes: bid=None ask=Some((0.8637409757528371, 150.0)) (TP ask@0.86)
[2m2026-07-04T18:45:14.674111Z[0m [32m INFO[0m [2mpm_bot[0m[2m:[0m MAKER DOWN quotes: bid=None ask=Some((0.8636325369582919, 150.0)) (TP ask@0.86)
[2m2026-07-04T18:45:14.924243Z[0m [32m INFO[0m [2mpm_bot[0m[2m:[0m MAKER DOWN quotes: bid=None ask=Some((0.8635239954308993, 150.0)) (TP ask@0.86)
[2m2026-07-04T18:45:15.173684Z[0m [32m INFO[0m [2mpm_bot[0m[2m:[0m MAKER DOWN quotes: bid=None ask=Some((0.8634157858122082, 150.0)) (TP ask@0.86)
[2m2026-07-04T18:45:15.423988Z[0m [32m INFO[0m [2mpm_bot[0m[2m:[0m MAKER DOWN quotes: bid=None ask=Some((0.8575740116310409, 150.0)) (TP ask@0.86)
[2m2026-07-04T18:45:15.674827Z[0m [32m INFO[0m [2mpm_bot[0m[2m:[0m MAKER DOWN quotes: bid=None ask=Some((0.85746294348203, 150.0)) (TP ask@0.86)
[2m2026-07-04T18:45:15.924198Z[0m [32m INFO[0m [2mpm_bot[0m[2m:[0m MAKER DOWN quotes: bid=None ask=Some((0.8573522137644642, 150.0)) (TP ask@0.86)
[2m2026-07-04T18:45:16.174249Z[0m [32m INFO[0m [2mpm_bot[0m[2m:[0m MAKER DOWN quotes: bid=None ask=Some((0.8133729190886728, 150.0)) (TP ask@0.81)
[2m2026-07-04T18:45:16.424201Z[0m [32m INFO[0m [2mpm_bot[0m[2m:[0m MAKER DOWN quotes: bid=None ask=Some((0.8132514339160823, 150.0)) (TP ask@0.81)
[2m2026-07-04T18:45:16.674580Z[0m [32m INFO[0m [2mpm_bot[0m[2m:[0m MAKER DOWN quotes: bid=None ask=Some((0.8131298420855196, 150.0)) (TP ask@0.81)
[2m2026-07-04T18:45:16.923937Z[0m [32m INFO[0m [2mpm_bot[0m[2m:[0m MAKER DOWN quotes: bid=None ask=Some((0.8130086304510404, 150.0)) (TP ask@0.81)
[2m2026-07-04T18:45:17.173729Z[0m [32m INFO[0m [2mpm_bot[0m[2m:[0m MAKER DOWN quotes: bid=None ask=Some((0.7752092089414754, 150.0)) (TP ask@0.78)
[2m2026-07-04T18:45:17.424756Z[0m [32m INFO[0m [2mpm_bot[0m[2m:[0m MAKER DOWN quotes: bid=None ask=Some((0.7750805258262762, 150.0)) (TP ask@0.78)
[2m2026-07-04T18:45:17.673849Z[0m [32m INFO[0m [2mpm_bot[0m[2m:[0m MAKER DOWN quotes: bid=None ask=Some((0.7749527598423023, 150.0)) (TP ask@0.77)
[2m2026-07-04T18:45:17.924257Z[0m [32m INFO[0m [2mpm_bot[0m[2m:[0m MAKER DOWN quotes: bid=None ask=Some((0.7748238583597168, 150.0)) (TP ask@0.77)
[2m2026-07-04T18:45:18.174071Z[0m [32m INFO[0m [2mpm_bot[0m[2m:[0m MAKER DOWN quotes: bid=None ask=Some((0.7746953612166205, 150.0)) (TP ask@0.77)
[2m2026-07-04T18:45:18.423908Z[0m [32m INFO[0m [2mpm_bot[0m[2m:[0m MAKER DOWN quotes: bid=None ask=Some((0.6661561994442948, 150.0)) (TP ask@0.67)
[2m2026-07-04T18:45:18.674214Z[0m [32m INFO[0m [2mpm_bot[0m[2m:[0m MAKER DOWN quotes: bid=None ask=Some((0.666022516588781, 150.0)) (TP ask@0.67)
[2m2026-07-04T18:45:18.924271Z[0m [32m INFO[0m [2mpm_bot[0m[2m:[0m MAKER DOWN quotes: bid=None ask=Some((0.6658892575638337, 150.0)) (TP ask@0.67)
[2m2026-07-04T18:45:19.174691Z[0m [32m INFO[0m [2mpm_bot[0m[2m:[0m MAKER DOWN quotes: bid=None ask=Some((0.6113500793340236, 150.0)) (TP ask@0.61)
[2m2026-07-04T18:45:19.423992Z[0m [32m INFO[0m [2mpm_bot[0m[2m:[0m MAKER DOWN quotes: bid=None ask=Some((0.6112210023086211, 150.0)) (TP ask@0.61)
[2m2026-07-04T18:45:19.674452Z[0m [32m INFO[0m [2mpm_bot[0m[2m:[0m MAKER DOWN quotes: bid=None ask=Some((0.6110907810568158, 150.0)) (TP ask@0.61)
[2m2026-07-04T18:45:19.924030Z[0m [32m INFO[0m [2mpm_bot[0m[2m:[0m MAKER DOWN quotes: bid=None ask=Some((0.599269114449589, 150.0)) (TP ask@0.60)
[2m2026-07-04T18:45:20.174177Z[0m [32m INFO[0m [2mpm_bot[0m[2m:[0m MAKER DOWN quotes: bid=None ask=Some((0.599140556244232, 150.0)) (TP ask@0.60)
[2m2026-07-04T18:45:20.424531Z[0m [32m INFO[0m [2mpm_bot[0m[2m:[0m MAKER DOWN quotes: bid=None ask=Some((0.5990118910417976, 150.0)) (TP ask@0.60)
[2m2026-07-04T18:45:20.674437Z[0m [32m INFO[0m [2mpm_bot[0m[2m:[0m MAKER DOWN quotes: bid=None ask=Some((0.5988831186494872, 150.0)) (TP ask@0.60)
[2m2026-07-04T18:45:20.924374Z[0m [32m INFO[0m [2mpm_bot[0m[2m:[0m MAKER DOWN quotes: bid=None ask=Some((0.5987542388739614, 150.0)) (TP ask@0.60)
[2m2026-07-04T18:45:21.174974Z[0m [32m INFO[0m [2mpm_bot[0m[2m:[0m MAKER DOWN quotes: bid=None ask=Some((0.5986252515213388, 150.0)) (TP ask@0.60)
[2m2026-07-04T18:45:21.424504Z[0m [32m INFO[0m [2mpm_bot[0m[2m:[0m MAKER DOWN quotes: bid=None ask=Some((0.6047267785400754, 150.0)) (TP ask@0.60)
[2m2026-07-04T18:45:21.674244Z[0m [32m INFO[0m [2mpm_bot[0m[2m:[0m MAKER DOWN quotes: bid=None ask=Some((0.6045969212299178, 150.0)) (TP ask@0.60)
[2m2026-07-04T18:45:21.923892Z[0m [32m INFO[0m [2mpm_bot[0m[2m:[0m MAKER DOWN quotes: bid=None ask=Some((0.6044674756067332, 150.0)) (TP ask@0.60)
[2m2026-07-04T18:45:22.174268Z[0m [32m INFO[0m [2mpm_bot[0m[2m:[0m MAKER DOWN quotes: bid=None ask=Some((0.5912659160864413, 150.0)) (TP ask@0.59)
[2m2026-07-04T18:45:22.424551Z[0m [32m INFO[0m [2mpm_bot[0m[2m:[0m MAKER DOWN quotes: bid=None ask=Some((0.5911379034243478, 150.0)) (TP ask@0.59)
[2m2026-07-04T18:45:22.674304Z[0m [32m INFO[0m [2mpm_bot[0m[2m:[0m MAKER DOWN quotes: bid=None ask=Some((0.5910097830463855, 150.0)) (TP ask@0.59)
[2m2026-07-04T18:45:22.923709Z[0m [32m INFO[0m [2mpm_bot[0m[2m:[0m MAKER DOWN quotes: bid=None ask=Some((0.5908820678839832, 150.0)) (TP ask@0.59)
[2m2026-07-04T18:45:23.174321Z[0m [32m INFO[0m [2mpm_bot[0m[2m:[0m MAKER DOWN quotes: bid=None ask=Some((0.5907532183544637, 150.0)) (TP ask@0.59)
[2m2026-07-04T18:45:23.423761Z[0m [32m INFO[0m [2mpm_bot[0m[2m:[0m MAKER DOWN quotes: bid=None ask=Some((0.5910618966393734, 150.0)) (TP ask@0.59)
[2m2026-07-04T18:45:23.673949Z[0m [32m INFO[0m [2mpm_bot[0m[2m:[0m MAKER DOWN quotes: bid=None ask=Some((0.5909331968509609, 150.0)) (TP ask@0.59)
[2m2026-07-04T18:45:23.924472Z[0m [32m INFO[0m [2mpm_bot[0m[2m:[0m MAKER DOWN quotes: bid=None ask=Some((0.5908038727873912, 150.0)) (TP ask@0.59)
[2m2026-07-04T18:45:24.174271Z[0m [32m INFO[0m [2mpm_bot[0m[2m:[0m MAKER DOWN quotes: bid=None ask=Some((0.5906749547187138, 150.0)) (TP ask@0.59)
[2m2026-07-04T18:45:24.424531Z[0m [32m INFO[0m [2mpm_bot[0m[2m:[0m MAKER DOWN quotes: bid=None ask=Some((0.5766170774597359, 150.0)) (TP ask@0.58)
[2m2026-07-04T18:45:24.674014Z[0m [32m INFO[0m [2mpm_bot[0m[2m:[0m MAKER DOWN quotes: bid=None ask=Some((0.576489234297977, 150.0)) (TP ask@0.58)
[2m2026-07-04T18:45:24.923869Z[0m [32m INFO[0m [2mpm_bot[0m[2m:[0m MAKER DOWN quotes: bid=None ask=Some((0.5763607678894354, 150.0)) (TP ask@0.58)
[2m2026-07-04T18:45:25.174167Z[0m [32m INFO[0m [2mpm_bot[0m[2m:[0m MAKER DOWN quotes: bid=None ask=Some((0.5834916376601043, 150.0)) (TP ask@0.58)
[2m2026-07-04T18:45:25.424822Z[0m [32m INFO[0m [2mpm_bot[0m[2m:[0m MAKER DOWN quotes: bid=None ask=Some((0.5833620830581372, 150.0)) (TP ask@0.58)
[2m2026-07-04T18:45:25.673944Z[0m [32m INFO[0m [2mpm_bot[0m[2m:[0m MAKER DOWN quotes: bid=None ask=Some((0.5832329364403429, 150.0)) (TP ask@0.58)
[2m2026-07-04T18:45:25.923963Z[0m [32m INFO[0m [2mpm_bot[0m[2m:[0m MAKER DOWN quotes: bid=None ask=Some((0.5831031602789734, 150.0)) (TP ask@0.58)
[2m2026-07-04T18:45:26.173992Z[0m [32m INFO[0m [2mpm_bot[0m[2m:[0m MAKER DOWN quotes: bid=None ask=Some((0.5829732728064159, 150.0)) (TP ask@0.58)
[2m2026-07-04T18:45:26.423727Z[0m [32m INFO[0m [2mpm_bot[0m[2m:[0m MAKER DOWN quotes: bid=None ask=Some((0.5852750419368838, 150.0)) (TP ask@0.59)
[2m2026-07-04T18:45:26.674151Z[0m [32m INFO[0m [2mpm_bot[0m[2m:[0m MAKER DOWN quotes: bid=None ask=Some((0.5851441388529812, 150.0)) (TP ask@0.59)
[2m2026-07-04T18:45:26.924291Z[0m [32m INFO[0m [2mpm_bot[0m[2m:[0m MAKER DOWN quotes: bid=None ask=Some((0.5850136450675645, 150.0)) (TP ask@0.59)
[2m2026-07-04T18:45:27.173901Z[0m [32m INFO[0m [2mpm_bot[0m[2m:[0m MAKER DOWN quotes: bid=None ask=Some((0.5897951470795575, 150.0)) (TP ask@0.59)
[2m2026-07-04T18:45:27.424628Z[0m [32m INFO[0m [2mpm_bot[0m[2m:[0m MAKER DOWN quotes: bid=None ask=Some((0.5896667046094084, 150.0)) (TP ask@0.59)
[2m2026-07-04T18:45:27.674576Z[0m [32m INFO[0m [2mpm_bot[0m[2m:[0m MAKER DOWN quotes: bid=None ask=Some((0.589538664365682, 150.0)) (TP ask@0.59)
[2m2026-07-04T18:45:27.924500Z[0m [32m INFO[0m [2mpm_bot[0m[2m:[0m MAKER DOWN quotes: bid=None ask=Some((0.5894105146398678, 150.0)) (TP ask@0.59)
[2m2026-07-04T18:45:28.173956Z[0m [32m INFO[0m [2mpm_bot[0m[2m:[0m MAKER DOWN quotes: bid=None ask=Some((0.5715340107378721, 150.0)) (TP ask@0.57)
[2m2026-07-04T18:45:28.424784Z[0m [32m INFO[0m [2mpm_bot[0m[2m:[0m MAKER DOWN quotes: bid=None ask=Some((0.5714072792414555, 150.0)) (TP ask@0.57)
[2m2026-07-04T18:45:28.674055Z[0m [32m INFO[0m [2mpm_bot[0m[2m:[0m MAKER DOWN quotes: bid=None ask=Some((0.5712809428381306, 150.0)) (TP ask@0.57)
[2m2026-07-04T18:45:28.924397Z[0m [32m INFO[0m [2mpm_bot[0m[2m:[0m MAKER DOWN quotes: bid=None ask=Some((0.5711544966323043, 150.0)) (TP ask@0.57)
[2m2026-07-04T18:45:29.174295Z[0m [32m INFO[0m [2mpm_bot[0m[2m:[0m MAKER DOWN quotes: bid=None ask=Some((0.5720469767240892, 150.0)) (TP ask@0.57)
[2m2026-07-04T18:45:29.423755Z[0m [32m INFO[0m [2mpm_bot[0m[2m:[0m MAKER DOWN quotes: bid=None ask=Some((0.5719206541256423, 150.0)) (TP ask@0.57)
[2m2026-07-04T18:45:29.673997Z[0m [32m INFO[0m [2mpm_bot[0m[2m:[0m MAKER DOWN quotes: bid=None ask=Some((0.5717937139352782, 150.0)) (TP ask@0.57)
[2m2026-07-04T18:45:29.923725Z[0m [32m INFO[0m [2mpm_bot[0m[2m:[0m MAKER DOWN quotes: bid=None ask=Some((0.574841152289153, 150.0)) (TP ask@0.57)
[2m2026-07-04T18:45:30.174429Z[0m [32m INFO[0m [2mpm_bot[0m[2m:[0m MAKER DOWN quotes: bid=None ask=Some((0.5747086769653388, 150.0)) (TP ask@0.57)
[2m2026-07-04T18:45:30.424323Z[0m [32m INFO[0m [2mpm_bot[0m[2m:[0m MAKER DOWN quotes: bid=None ask=Some((0.5745766134478187, 150.0)) (TP ask@0.57)
[2m2026-07-04T18:45:30.674788Z[0m [32m INFO[0m [2mpm_bot[0m[2m:[0m MAKER DOWN quotes: bid=None ask=Some((0.574444433957294, 150.0)) (TP ask@0.57)
[2m2026-07-04T18:45:30.924551Z[0m [32m INFO[0m [2mpm_bot[0m[2m:[0m MAKER DOWN quotes: bid=None ask=Some((0.5743121382727427, 150.0)) (TP ask@0.57)
[2m2026-07-04T18:45:31.173838Z[0m [32m INFO[0m [2mpm_bot[0m[2m:[0m MAKER DOWN quotes: bid=None ask=Some((0.5741802560530922, 150.0)) (TP ask@0.57)
[2m2026-07-04T18:45:31.424096Z[0m [32m INFO[0m [2mpm_bot[0m[2m:[0m MAKER DOWN quotes: bid=None ask=Some((0.5603828477272377, 150.0)) (TP ask@0.56)
[2m2026-07-04T18:45:31.674351Z[0m [32m INFO[0m [2mpm_bot[0m[2m:[0m MAKER DOWN quotes: bid=None ask=Some((0.5602519908235521, 150.0)) (TP ask@0.56)
[2m2026-07-04T18:45:31.923854Z[0m [32m INFO[0m [2mpm_bot[0m[2m:[0m MAKER DOWN quotes: bid=None ask=Some((0.5601215414502279, 150.0)) (TP ask@0.56)
[2m2026-07-04T18:45:32.174525Z[0m [32m INFO[0m [2mpm_bot[0m[2m:[0m MAKER DOWN quotes: bid=None ask=Some((0.559989927002041, 150.0)) (TP ask@0.56)
[2m2026-07-04T18:45:32.424465Z[0m [32m INFO[0m [2mpm_bot[0m[2m:[0m MAKER DOWN quotes: bid=None ask=Some((0.5362454552732951, 150.0)) (TP ask@0.54)
[2m2026-07-04T18:45:32.674477Z[0m [32m INFO[0m [2mpm_bot[0m[2m:[0m MAKER DOWN quotes: bid=None ask=Some((0.5361218799304959, 150.0)) (TP ask@0.54)
[2m2026-07-04T18:45:32.924616Z[0m [32m INFO[0m [2mpm_bot[0m[2m:[0m MAKER DOWN quotes: bid=None ask=Some((0.5359981921540891, 150.0)) (TP ask@0.54)
[2m2026-07-04T18:45:33.174018Z[0m [32m INFO[0m [2mpm_bot[0m[2m:[0m MAKER DOWN quotes: bid=None ask=Some((0.5358748871480423, 150.0)) (TP ask@0.54)
[2m2026-07-04T18:45:33.424456Z[0m [32m INFO[0m [2mpm_bot[0m[2m:[0m MAKER DOWN quotes: bid=None ask=Some((0.5357504784099127, 150.0)) (TP ask@0.54)
[2m2026-07-04T18:45:33.674557Z[0m [32m INFO[0m [2mpm_bot[0m[2m:[0m MAKER DOWN quotes: bid=None ask=Some((0.53, 150.0)) (TP ask@0.53)
[2m2026-07-04T18:45:35.174638Z[0m [32m INFO[0m [2mexecution[0m[2m:[0m [DRY-RUN] dryrun-6 Sell 11055521 x 150 @ 0.280 (Fak)
[2m2026-07-04T18:45:35.424722Z[0m [32m INFO[0m [2mpm_bot[0m[2m:[0m MAKER DOWN quotes: bid=Some((0.32, 50.0)) ask=None (bid@0.32 fair=0.498)
[2m2026-07-04T18:45:35.933336Z[0m [32m INFO[0m [2mpm_bot[0m[2m:[0m PAPER fill maker 11055521 sur trade @0.320 (achat=true vente=false)
[2m2026-07-04T18:45:36.174520Z[0m [32m INFO[0m [2mpm_bot[0m[2m:[0m MAKER DOWN quotes: bid=Some((0.32, 50.0)) ask=Some((0.5080145935578813, 50.0)) (TP ask@0.51 | bid@0.32 fair=0.498)
[2m2026-07-04T18:45:36.424548Z[0m [32m INFO[0m [2mpm_bot[0m[2m:[0m MAKER DOWN quotes: bid=Some((0.32, 50.0)) ask=Some((0.5078937673808552, 50.0)) (TP ask@0.51 | bid@0.32 fair=0.498)
[2m2026-07-04T18:45:36.553532Z[0m [32m INFO[0m [2mpm_bot[0m[2m:[0m PAPER fill maker 11055521 sur trade @0.320 (achat=true vente=false)
[2m2026-07-04T18:45:36.674381Z[0m [32m INFO[0m [2mpm_bot[0m[2m:[0m MAKER DOWN quotes: bid=Some((0.33, 50.0)) ask=Some((0.5077728262712788, 100.0)) (TP ask@0.51 | bid@0.33 fair=0.498)
[2m2026-07-04T18:45:36.924872Z[0m [32m INFO[0m [2mpm_bot[0m[2m:[0m MAKER DOWN quotes: bid=Some((0.33, 50.0)) ask=Some((0.5239769211764171, 100.0)) (TP ask@0.52 | bid@0.33 fair=0.514)
[2m2026-07-04T18:45:37.174589Z[0m [32m INFO[0m [2mpm_bot[0m[2m:[0m MAKER DOWN quotes: bid=Some((0.33, 50.0)) ask=Some((0.5238480735514618, 100.0)) (TP ask@0.52 | bid@0.33 fair=0.514)
[2m2026-07-04T18:45:37.423844Z[0m [32m INFO[0m [2mpm_bot[0m[2m:[0m MAKER DOWN quotes: bid=Some((0.33, 50.0)) ask=Some((0.5237196211047919, 100.0)) (TP ask@0.52 | bid@0.33 fair=0.514)
[2m2026-07-04T18:45:37.674371Z[0m [32m INFO[0m [2mpm_bot[0m[2m:[0m MAKER DOWN quotes: bid=Some((0.26, 50.0)) ask=Some((0.4963027209901323, 100.0)) (TP ask@0.50 | bid@0.26 fair=0.486)
[2m2026-07-04T18:45:37.893147Z[0m [32m INFO[0m [2mpm_bot[0m[2m:[0m PAPER fill maker 11055521 sur trade @0.260 (achat=true vente=false)
[2m2026-07-04T18:45:37.923927Z[0m [32m INFO[0m [2mpm_bot[0m[2m:[0m MAKER DOWN quotes: bid=None ask=Some((0.49618394634686824, 150.0)) (TP ask@0.50)
[2m2026-07-04T18:45:38.174732Z[0m [32m INFO[0m [2mpm_bot[0m[2m:[0m MAKER DOWN quotes: bid=None ask=Some((0.4960641015138971, 150.0)) (TP ask@0.50)
[2m2026-07-04T18:45:38.424368Z[0m [32m INFO[0m [2mpm_bot[0m[2m:[0m MAKER DOWN quotes: bid=None ask=Some((0.49594461796548894, 150.0)) (TP ask@0.50)
[2m2026-07-04T18:45:38.674819Z[0m [32m INFO[0m [2mpm_bot[0m[2m:[0m MAKER DOWN quotes: bid=None ask=Some((0.4958250182237075, 150.0)) (TP ask@0.50)
[2m2026-07-04T18:45:38.924418Z[0m [32m INFO[0m [2mpm_bot[0m[2m:[0m MAKER DOWN quotes: bid=None ask=Some((0.4957053020477471, 150.0)) (TP ask@0.50)
[2m2026-07-04T18:45:39.174589Z[0m [32m INFO[0m [2mexecution[0m[2m:[0m [DRY-RUN] dryrun-7 Sell 11055521 x 150 @ 0.230 (Fak)
[2m2026-07-04T18:45:39.673901Z[0m [32m INFO[0m [2mpm_bot[0m[2m:[0m MAKER DOWN quotes: bid=Some((0.26, 50.0)) ask=None (bid@0.26 fair=0.477)
[2m2026-07-04T18:45:39.811915Z[0m [32m INFO[0m [2mpm_bot[0m[2m:[0m PAPER fill maker 11055521 sur trade @0.260 (achat=true vente=false)
[2m2026-07-04T18:45:39.924459Z[0m [32m INFO[0m [2mpm_bot[0m[2m:[0m MAKER DOWN quotes: bid=Some((0.26, 50.0)) ask=Some((0.4866914751977497, 50.0)) (TP ask@0.49 | bid@0.26 fair=0.477)
[2m2026-07-04T18:45:40.073277Z[0m [32m INFO[0m [2mpm_bot[0m[2m:[0m PAPER fill maker 11055521 sur trade @0.260 (achat=true vente=false)
[2m2026-07-04T18:45:40.174379Z[0m [32m INFO[0m [2mpm_bot[0m[2m:[0m MAKER DOWN quotes: bid=Some((0.26, 50.0)) ask=Some((0.47826256286119184, 100.0)) (TP ask@0.48 | bid@0.26 fair=0.468)
[2m2026-07-04T18:45:40.423967Z[0m [32m INFO[0m [2mpm_bot[0m[2m:[0m MAKER DOWN quotes: bid=Some((0.26, 50.0)) ask=Some((0.47814690369094337, 100.0)) (TP ask@0.48 | bid@0.26 fair=0.468)
[2m2026-07-04T18:45:40.446581Z[0m [32m INFO[0m [2mpm_bot[0m[2m:[0m PAPER fill maker 11055521 sur trade @0.260 (achat=true vente=false)
[2m2026-07-04T18:45:40.674387Z[0m [32m INFO[0m [2mpm_bot[0m[2m:[0m MAKER DOWN quotes: bid=None ask=Some((0.47803019851303574, 150.0)) (TP ask@0.48)
[2m2026-07-04T18:45:40.924578Z[0m [32m INFO[0m [2mpm_bot[0m[2m:[0m MAKER DOWN quotes: bid=None ask=Some((0.4779138412643178, 150.0)) (TP ask@0.48)
[2m2026-07-04T18:45:41.174540Z[0m [32m INFO[0m [2mpm_bot[0m[2m:[0m MAKER DOWN quotes: bid=None ask=Some((0.47779736697047126, 150.0)) (TP ask@0.48)
[2m2026-07-04T18:45:41.424203Z[0m [32m INFO[0m [2mpm_bot[0m[2m:[0m MAKER DOWN quotes: bid=None ask=Some((0.47768077538401055, 150.0)) (TP ask@0.48)
[2m2026-07-04T18:45:41.674025Z[0m [32m INFO[0m [2mpm_bot[0m[2m:[0m MAKER DOWN quotes: bid=None ask=Some((0.47756453332765836, 150.0)) (TP ask@0.48)
[2m2026-07-04T18:45:41.923874Z[0m [32m INFO[0m [2mpm_bot[0m[2m:[0m MAKER DOWN quotes: bid=None ask=Some((0.3632947729190388, 150.0)) (TP ask@0.36)
[2m2026-07-04T18:45:42.174777Z[0m [32m INFO[0m [2mpm_bot[0m[2m:[0m MAKER DOWN quotes: bid=None ask=Some((0.3632266909977536, 150.0)) (TP ask@0.36)
[2m2026-07-04T18:45:42.424435Z[0m [32m INFO[0m [2mpm_bot[0m[2m:[0m MAKER DOWN quotes: bid=None ask=Some((0.36315878610063757, 150.0)) (TP ask@0.36)
[2m2026-07-04T18:45:42.674347Z[0m [32m INFO[0m [2mpm_bot[0m[2m:[0m MAKER DOWN quotes: bid=None ask=Some((0.36306313733405604, 150.0)) (TP ask@0.36)
[2m2026-07-04T18:45:42.924303Z[0m [32m INFO[0m [2mpm_bot[0m[2m:[0m MAKER DOWN quotes: bid=None ask=Some((0.36299503219366946, 150.0)) (TP ask@0.36)
[2m2026-07-04T18:45:43.174096Z[0m [32m INFO[0m [2mpm_bot[0m[2m:[0m MAKER DOWN quotes: bid=None ask=Some((0.362926832354327, 150.0)) (TP ask@0.36)
[2m2026-07-04T18:45:43.424530Z[0m [32m INFO[0m [2mpm_bot[0m[2m:[0m MAKER DOWN quotes: bid=None ask=Some((0.47103615713780234, 150.0)) (TP ask@0.47)
[2m2026-07-04T18:45:43.673743Z[0m [32m INFO[0m [2mpm_bot[0m[2m:[0m MAKER DOWN quotes: bid=None ask=Some((0.4709172074862149, 150.0)) (TP ask@0.47)
[2m2026-07-04T18:45:43.924026Z[0m [32m INFO[0m [2mpm_bot[0m[2m:[0m MAKER DOWN quotes: bid=None ask=Some((0.4707976580956623, 150.0)) (TP ask@0.47)
[2m2026-07-04T18:45:44.174591Z[0m [32m INFO[0m [2mpm_bot[0m[2m:[0m MAKER DOWN quotes: bid=None ask=Some((0.37018799491641996, 150.0)) (TP ask@0.37)
[2m2026-07-04T18:45:44.424311Z[0m [32m INFO[0m [2mpm_bot[0m[2m:[0m MAKER DOWN quotes: bid=None ask=Some((0.3701225030925923, 150.0)) (TP ask@0.37)
[2m2026-07-04T18:45:44.673951Z[0m [32m INFO[0m [2mpm_bot[0m[2m:[0m MAKER DOWN quotes: bid=None ask=Some((0.37005718173696556, 150.0)) (TP ask@0.37)
[2m2026-07-04T18:45:44.924209Z[0m [32m INFO[0m [2mpm_bot[0m[2m:[0m MAKER DOWN quotes: bid=None ask=Some((0.3699912430764243, 150.0)) (TP ask@0.37)
[2m2026-07-04T18:45:45.173996Z[0m [32m INFO[0m [2mpm_bot[0m[2m:[0m MAKER DOWN quotes: bid=None ask=Some((0.3646134284788286, 150.0)) (TP ask@0.36)
[2m2026-07-04T18:45:45.423771Z[0m [32m INFO[0m [2mpm_bot[0m[2m:[0m MAKER DOWN quotes: bid=None ask=Some((0.3645453089293933, 150.0)) (TP ask@0.36)
[2m2026-07-04T18:45:45.674603Z[0m [32m INFO[0m [2mpm_bot[0m[2m:[0m MAKER DOWN quotes: bid=None ask=Some((0.36447682057195063, 150.0)) (TP ask@0.36)
[2m2026-07-04T18:45:45.923847Z[0m [32m INFO[0m [2mpm_bot[0m[2m:[0m MAKER DOWN quotes: bid=None ask=Some((0.36440878234354035, 150.0)) (TP ask@0.36)
[2m2026-07-04T18:45:46.174235Z[0m [32m INFO[0m [2mpm_bot[0m[2m:[0m MAKER DOWN quotes: bid=None ask=Some((0.3643401010343047, 150.0)) (TP ask@0.36)
[2m2026-07-04T18:45:46.423944Z[0m [32m INFO[0m [2mpm_bot[0m[2m:[0m MAKER DOWN quotes: bid=None ask=Some((0.3555722261541059, 150.0)) (TP ask@0.36)
[2m2026-07-04T18:45:46.673987Z[0m [32m INFO[0m [2mpm_bot[0m[2m:[0m MAKER DOWN quotes: bid=None ask=Some((0.35549997248831244, 150.0)) (TP ask@0.36)
[2m2026-07-04T18:45:46.924818Z[0m [32m INFO[0m [2mpm_bot[0m[2m:[0m MAKER DOWN quotes: bid=None ask=Some((0.35542732780326336, 150.0)) (TP ask@0.36)
[2m2026-07-04T18:45:47.174294Z[0m [32m INFO[0m [2mpm_bot[0m[2m:[0m MAKER DOWN quotes: bid=None ask=Some((0.34456931608534325, 150.0)) (TP ask@0.34)
[2m2026-07-04T18:45:47.424124Z[0m [32m INFO[0m [2mpm_bot[0m[2m:[0m MAKER DOWN quotes: bid=None ask=Some((0.3444923300528726, 150.0)) (TP ask@0.34)
[2m2026-07-04T18:45:47.674624Z[0m [32m INFO[0m [2mpm_bot[0m[2m:[0m MAKER DOWN quotes: bid=None ask=Some((0.3444152366085842, 150.0)) (TP ask@0.34)
[2m2026-07-04T18:45:47.924657Z[0m [32m INFO[0m [2mpm_bot[0m[2m:[0m MAKER DOWN quotes: bid=None ask=Some((0.34, 150.0)) (TP ask@0.34)
[2m2026-07-04T18:46:04.174313Z[0m [32m INFO[0m [2mpm_bot[0m[2m:[0m MAKER DOWN quotes: bid=None ask=Some((0.34033794018203434, 150.0)) (TP ask@0.34)
[2m2026-07-04T18:46:04.424109Z[0m [32m INFO[0m [2mpm_bot[0m[2m:[0m MAKER DOWN quotes: bid=None ask=Some((0.34025357714372817, 150.0)) (TP ask@0.34)
[2m2026-07-04T18:46:04.674148Z[0m [32m INFO[0m [2mpm_bot[0m[2m:[0m MAKER DOWN quotes: bid=None ask=Some((0.3401690883543371, 150.0)) (TP ask@0.34)
[2m2026-07-04T18:46:04.924286Z[0m [32m INFO[0m [2mpm_bot[0m[2m:[0m MAKER DOWN quotes: bid=None ask=Some((0.3406892049859481, 150.0)) (TP ask@0.34)
[2m2026-07-04T18:46:05.174511Z[0m [32m INFO[0m [2mpm_bot[0m[2m:[0m MAKER DOWN quotes: bid=None ask=Some((0.34060472355218485, 150.0)) (TP ask@0.34)
[2m2026-07-04T18:46:05.423949Z[0m [32m INFO[0m [2mpm_bot[0m[2m:[0m MAKER DOWN quotes: bid=None ask=Some((0.3405385347055436, 150.0)) (TP ask@0.34)
[2m2026-07-04T18:46:05.674005Z[0m [32m INFO[0m [2mpm_bot[0m[2m:[0m MAKER DOWN quotes: bid=None ask=Some((0.34045380851489393, 150.0)) (TP ask@0.34)
[2m2026-07-04T18:46:05.924720Z[0m [32m INFO[0m [2mpm_bot[0m[2m:[0m MAKER DOWN quotes: bid=None ask=Some((0.3403686156680902, 150.0)) (TP ask@0.34)
[2m2026-07-04T18:46:06.174745Z[0m [32m INFO[0m [2mpm_bot[0m[2m:[0m MAKER DOWN quotes: bid=None ask=Some((0.340283634674603, 150.0)) (TP ask@0.34)
[2m2026-07-04T18:46:06.424134Z[0m [32m INFO[0m [2mpm_bot[0m[2m:[0m MAKER DOWN quotes: bid=None ask=Some((0.3401985260568423, 150.0)) (TP ask@0.34)
[2m2026-07-04T18:46:06.674691Z[0m [32m INFO[0m [2mpm_bot[0m[2m:[0m MAKER DOWN quotes: bid=None ask=Some((0.3425699293827438, 150.0)) (TP ask@0.34)
[2m2026-07-04T18:46:06.924507Z[0m [32m INFO[0m [2mpm_bot[0m[2m:[0m MAKER DOWN quotes: bid=None ask=Some((0.3424856308936428, 150.0)) (TP ask@0.34)
[2m2026-07-04T18:46:07.174725Z[0m [32m INFO[0m [2mpm_bot[0m[2m:[0m MAKER DOWN quotes: bid=None ask=Some((0.3415998491944652, 150.0)) (TP ask@0.34)
[2m2026-07-04T18:46:07.424385Z[0m [32m INFO[0m [2mpm_bot[0m[2m:[0m MAKER DOWN quotes: bid=None ask=Some((0.34151494662292836, 150.0)) (TP ask@0.34)
[2m2026-07-04T18:46:07.674121Z[0m [32m INFO[0m [2mpm_bot[0m[2m:[0m MAKER DOWN quotes: bid=None ask=Some((0.34142991572328296, 150.0)) (TP ask@0.34)
[2m2026-07-04T18:46:07.924063Z[0m [32m INFO[0m [2mpm_bot[0m[2m:[0m MAKER DOWN quotes: bid=None ask=Some((0.341344756172522, 150.0)) (TP ask@0.34)
[2m2026-07-04T18:46:08.174451Z[0m [32m INFO[0m [2mpm_bot[0m[2m:[0m MAKER DOWN quotes: bid=None ask=Some((0.34125946764650106, 150.0)) (TP ask@0.34)
[2m2026-07-04T18:46:08.423965Z[0m [32m INFO[0m [2mpm_bot[0m[2m:[0m MAKER DOWN quotes: bid=None ask=Some((0.341174391749239, 150.0)) (TP ask@0.34)
[2m2026-07-04T18:46:08.674328Z[0m [32m INFO[0m [2mpm_bot[0m[2m:[0m MAKER DOWN quotes: bid=None ask=Some((0.34125725862764067, 150.0)) (TP ask@0.34)
[2m2026-07-04T18:46:08.923962Z[0m [32m INFO[0m [2mpm_bot[0m[2m:[0m MAKER DOWN quotes: bid=None ask=Some((0.34117199774072793, 150.0)) (TP ask@0.34)
[2m2026-07-04T18:46:09.173913Z[0m [32m INFO[0m [2mpm_bot[0m[2m:[0m MAKER DOWN quotes: bid=None ask=Some((0.3410900477452382, 150.0)) (TP ask@0.34)
[2m2026-07-04T18:46:09.424276Z[0m [32m INFO[0m [2mpm_bot[0m[2m:[0m MAKER DOWN quotes: bid=None ask=Some((0.34100384194604594, 150.0)) (TP ask@0.34)
[2m2026-07-04T18:46:09.674024Z[0m [32m INFO[0m [2mpm_bot[0m[2m:[0m MAKER DOWN quotes: bid=None ask=Some((0.3409181927215329, 150.0)) (TP ask@0.34)
[2m2026-07-04T18:46:09.924248Z[0m [32m INFO[0m [2mpm_bot[0m[2m:[0m MAKER DOWN quotes: bid=None ask=Some((0.34083172384671334, 150.0)) (TP ask@0.34)
[2m2026-07-04T18:46:10.174419Z[0m [32m INFO[0m [2mpm_bot[0m[2m:[0m MAKER DOWN quotes: bid=None ask=Some((0.34074546769313296, 150.0)) (TP ask@0.34)
[2m2026-07-04T18:46:10.424719Z[0m [32m INFO[0m [2mpm_bot[0m[2m:[0m MAKER DOWN quotes: bid=None ask=Some((0.34095415389343375, 150.0)) (TP ask@0.34)
[2m2026-07-04T18:46:10.674134Z[0m [32m INFO[0m [2mpm_bot[0m[2m:[0m MAKER DOWN quotes: bid=None ask=Some((0.34086776367544913, 150.0)) (TP ask@0.34)
[2m2026-07-04T18:46:10.924300Z[0m [32m INFO[0m [2mpm_bot[0m[2m:[0m MAKER DOWN quotes: bid=None ask=Some((0.3407812411023644, 150.0)) (TP ask@0.34)
[2m2026-07-04T18:46:11.174101Z[0m [32m INFO[0m [2mpm_bot[0m[2m:[0m MAKER DOWN quotes: bid=None ask=Some((0.3406945858365056, 150.0)) (TP ask@0.34)
[2m2026-07-04T18:46:11.424146Z[0m [32m INFO[0m [2mpm_bot[0m[2m:[0m MAKER DOWN quotes: bid=None ask=Some((0.3406077975389932, 150.0)) (TP ask@0.34)
[2m2026-07-04T18:46:11.674217Z[0m [32m INFO[0m [2mpm_bot[0m[2m:[0m MAKER DOWN quotes: bid=None ask=Some((0.3492022757975721, 150.0)) (TP ask@0.35)
[2m2026-07-04T18:46:11.924705Z[0m [32m INFO[0m [2mpm_bot[0m[2m:[0m MAKER DOWN quotes: bid=None ask=Some((0.3491191107845446, 150.0)) (TP ask@0.35)
[2m2026-07-04T18:46:12.174485Z[0m [32m INFO[0m [2mpm_bot[0m[2m:[0m MAKER DOWN quotes: bid=None ask=Some((0.3490356245926898, 150.0)) (TP ask@0.35)
[2m2026-07-04T18:46:12.424485Z[0m [32m INFO[0m [2mpm_bot[0m[2m:[0m MAKER DOWN quotes: bid=None ask=Some((0.3489522011707875, 150.0)) (TP ask@0.35)
[2m2026-07-04T18:46:12.674362Z[0m [32m INFO[0m [2mpm_bot[0m[2m:[0m MAKER DOWN quotes: bid=None ask=Some((0.34886864808682694, 150.0)) (TP ask@0.35)
[2m2026-07-04T18:46:12.924766Z[0m [32m INFO[0m [2mpm_bot[0m[2m:[0m MAKER DOWN quotes: bid=None ask=Some((0.3487849650050814, 150.0)) (TP ask@0.35)
[2m2026-07-04T18:46:13.173951Z[0m [32m INFO[0m [2mpm_bot[0m[2m:[0m MAKER DOWN quotes: bid=None ask=Some((0.34, 150.0)) (TP ask@0.34)
[2m2026-07-04T18:46:14.424045Z[0m [32m INFO[0m [2mpm_bot[0m[2m:[0m MAKER DOWN quotes: bid=None ask=Some((0.3483052818835164, 150.0)) (TP ask@0.35)
[2m2026-07-04T18:46:14.674230Z[0m [32m INFO[0m [2mpm_bot[0m[2m:[0m MAKER DOWN quotes: bid=None ask=Some((0.34822069083993157, 150.0)) (TP ask@0.35)
[2m2026-07-04T18:46:14.924607Z[0m [32m INFO[0m [2mpm_bot[0m[2m:[0m MAKER DOWN quotes: bid=None ask=Some((0.3481359670838575, 150.0)) (TP ask@0.35)
[2m2026-07-04T18:46:15.174131Z[0m [32m INFO[0m [2mpm_bot[0m[2m:[0m MAKER DOWN quotes: bid=None ask=Some((0.3480511102684465, 150.0)) (TP ask@0.35)
[2m2026-07-04T18:46:15.424208Z[0m [32m INFO[0m [2mpm_bot[0m[2m:[0m MAKER DOWN quotes: bid=None ask=Some((0.34796612004558214, 150.0)) (TP ask@0.35)
[2m2026-07-04T18:46:15.674619Z[0m [32m INFO[0m [2mpm_bot[0m[2m:[0m MAKER DOWN quotes: bid=None ask=Some((0.34, 150.0)) (TP ask@0.34)
[2m2026-07-04T18:46:17.174007Z[0m [32m INFO[0m [2mpm_bot[0m[2m:[0m MAKER DOWN quotes: bid=None ask=Some((0.34759957930429974, 150.0)) (TP ask@0.35)
[2m2026-07-04T18:46:17.424284Z[0m [32m INFO[0m [2mpm_bot[0m[2m:[0m MAKER DOWN quotes: bid=None ask=Some((0.3475132728034328, 150.0)) (TP ask@0.35)
[2m2026-07-04T18:46:17.674000Z[0m [32m INFO[0m [2mpm_bot[0m[2m:[0m MAKER DOWN quotes: bid=None ask=Some((0.3474275180964196, 150.0)) (TP ask@0.35)
[2m2026-07-04T18:46:17.924530Z[0m [32m INFO[0m [2mpm_bot[0m[2m:[0m MAKER DOWN quotes: bid=None ask=Some((0.34734093723485837, 150.0)) (TP ask@0.35)
[2m2026-07-04T18:46:18.173838Z[0m [32m INFO[0m [2mpm_bot[0m[2m:[0m MAKER DOWN quotes: bid=None ask=Some((0.3472514887204323, 150.0)) (TP ask@0.35)
[2m2026-07-04T18:46:18.424241Z[0m [32m INFO[0m [2mpm_bot[0m[2m:[0m MAKER DOWN quotes: bid=None ask=Some((0.3471646304486249, 150.0)) (TP ask@0.35)
[2m2026-07-04T18:46:18.674369Z[0m [32m INFO[0m [2mpm_bot[0m[2m:[0m MAKER DOWN quotes: bid=None ask=Some((0.347077980042786, 150.0)) (TP ask@0.35)
[2m2026-07-04T18:46:18.924036Z[0m [32m INFO[0m [2mpm_bot[0m[2m:[0m MAKER DOWN quotes: bid=None ask=Some((0.3469911913631458, 150.0)) (TP ask@0.35)
[2m2026-07-04T18:46:19.174100Z[0m [32m INFO[0m [2mpm_bot[0m[2m:[0m MAKER DOWN quotes: bid=None ask=Some((0.3410932334538641, 150.0)) (TP ask@0.34)
[2m2026-07-04T18:46:19.423903Z[0m [32m INFO[0m [2mpm_bot[0m[2m:[0m MAKER DOWN quotes: bid=None ask=Some((0.3410038404123297, 150.0)) (TP ask@0.34)
[2m2026-07-04T18:46:19.674760Z[0m [32m INFO[0m [2mpm_bot[0m[2m:[0m MAKER DOWN quotes: bid=None ask=Some((0.3409135858011716, 150.0)) (TP ask@0.34)
[2m2026-07-04T18:46:19.924403Z[0m [32m INFO[0m [2mpm_bot[0m[2m:[0m MAKER DOWN quotes: bid=None ask=Some((0.34082354712278684, 150.0)) (TP ask@0.34)
[2m2026-07-04T18:46:20.174143Z[0m [32m INFO[0m [2mpm_bot[0m[2m:[0m MAKER DOWN quotes: bid=None ask=Some((0.34, 150.0)) (TP ask@0.34)
[2m2026-07-04T18:46:22.174190Z[0m [32m INFO[0m [2mpm_bot[0m[2m:[0m MAKER DOWN quotes: bid=None ask=Some((0.3442995526299142, 150.0)) (TP ask@0.34)
[2m2026-07-04T18:46:22.424242Z[0m [32m INFO[0m [2mpm_bot[0m[2m:[0m MAKER DOWN quotes: bid=None ask=Some((0.3442100599990474, 150.0)) (TP ask@0.34)
[2m2026-07-04T18:46:22.673922Z[0m [32m INFO[0m [2mpm_bot[0m[2m:[0m MAKER DOWN quotes: bid=None ask=Some((0.3441207812787861, 150.0)) (TP ask@0.34)
[2m2026-07-04T18:46:22.924514Z[0m [32m INFO[0m [2mpm_bot[0m[2m:[0m MAKER DOWN quotes: bid=None ask=Some((0.34403983982613084, 150.0)) (TP ask@0.34)
[2m2026-07-04T18:46:23.174066Z[0m [32m INFO[0m [2mpm_bot[0m[2m:[0m MAKER DOWN quotes: bid=None ask=Some((0.34394991556114785, 150.0)) (TP ask@0.34)
[2m2026-07-04T18:46:23.424007Z[0m [32m INFO[0m [2mpm_bot[0m[2m:[0m MAKER DOWN quotes: bid=None ask=Some((0.34386020576901033, 150.0)) (TP ask@0.34)
[2m2026-07-04T18:46:23.674194Z[0m [32m INFO[0m [2mpm_bot[0m[2m:[0m MAKER DOWN quotes: bid=None ask=Some((0.3437696283353071, 150.0)) (TP ask@0.34)
[2m2026-07-04T18:46:23.924846Z[0m [32m INFO[0m [2mpm_bot[0m[2m:[0m MAKER DOWN quotes: bid=None ask=Some((0.3436792645822244, 150.0)) (TP ask@0.34)
[2m2026-07-04T18:46:24.174508Z[0m [32m INFO[0m [2mpm_bot[0m[2m:[0m MAKER DOWN quotes: bid=None ask=Some((0.34358875353838103, 150.0)) (TP ask@0.34)
[2m2026-07-04T18:46:24.423981Z[0m [32m INFO[0m [2mpm_bot[0m[2m:[0m MAKER DOWN quotes: bid=None ask=Some((0.34406911353363245, 150.0)) (TP ask@0.34)
[2m2026-07-04T18:46:24.674121Z[0m [32m INFO[0m [2mpm_bot[0m[2m:[0m MAKER DOWN quotes: bid=None ask=Some((0.34397821489681835, 150.0)) (TP ask@0.34)
[2m2026-07-04T18:46:24.924346Z[0m [32m INFO[0m [2mpm_bot[0m[2m:[0m MAKER DOWN quotes: bid=None ask=Some((0.3438875299858767, 150.0)) (TP ask@0.34)
[2m2026-07-04T18:46:25.174599Z[0m [32m INFO[0m [2mpm_bot[0m[2m:[0m MAKER DOWN quotes: bid=None ask=Some((0.3437966965469058, 150.0)) (TP ask@0.34)
[2m2026-07-04T18:46:25.424033Z[0m [32m INFO[0m [2mpm_bot[0m[2m:[0m MAKER DOWN quotes: bid=None ask=Some((0.3436393914450051, 150.0)) (TP ask@0.34)
[2m2026-07-04T18:46:25.674173Z[0m [32m INFO[0m [2mpm_bot[0m[2m:[0m MAKER DOWN quotes: bid=None ask=Some((0.3435482282121157, 150.0)) (TP ask@0.34)
[2m2026-07-04T18:46:25.924408Z[0m [32m INFO[0m [2mpm_bot[0m[2m:[0m MAKER DOWN quotes: bid=None ask=Some((0.34345691518754606, 150.0)) (TP ask@0.34)
[2m2026-07-04T18:46:26.174510Z[0m [32m INFO[0m [2mpm_bot[0m[2m:[0m MAKER DOWN quotes: bid=None ask=Some((0.3433654519613518, 150.0)) (TP ask@0.34)
[2m2026-07-04T18:46:26.424552Z[0m [32m INFO[0m [2mpm_bot[0m[2m:[0m MAKER DOWN quotes: bid=None ask=Some((0.3430323389210441, 150.0)) (TP ask@0.34)
[2m2026-07-04T18:46:26.674076Z[0m [32m INFO[0m [2mpm_bot[0m[2m:[0m MAKER DOWN quotes: bid=None ask=Some((0.34294045891619507, 150.0)) (TP ask@0.34)
[2m2026-07-04T18:46:26.924118Z[0m [32m INFO[0m [2mpm_bot[0m[2m:[0m MAKER DOWN quotes: bid=None ask=Some((0.342848427311357, 150.0)) (TP ask@0.34)
[2m2026-07-04T18:46:27.173884Z[0m [32m INFO[0m [2mpm_bot[0m[2m:[0m MAKER DOWN quotes: bid=None ask=Some((0.3427566127277697, 150.0)) (TP ask@0.34)
[2m2026-07-04T18:46:27.424146Z[0m [32m INFO[0m [2mpm_bot[0m[2m:[0m MAKER DOWN quotes: bid=None ask=Some((0.34262421298859014, 150.0)) (TP ask@0.34)
[2m2026-07-04T18:46:27.674759Z[0m [32m INFO[0m [2mpm_bot[0m[2m:[0m MAKER DOWN quotes: bid=None ask=Some((0.3425317050917024, 150.0)) (TP ask@0.34)
[2m2026-07-04T18:46:27.924177Z[0m [32m INFO[0m [2mpm_bot[0m[2m:[0m MAKER DOWN quotes: bid=None ask=Some((0.3424390438924172, 150.0)) (TP ask@0.34)
[2m2026-07-04T18:46:28.173920Z[0m [32m INFO[0m [2mpm_bot[0m[2m:[0m MAKER DOWN quotes: bid=None ask=Some((0.3423466005340887, 150.0)) (TP ask@0.34)
[2m2026-07-04T18:46:28.424029Z[0m [32m INFO[0m [2mpm_bot[0m[2m:[0m MAKER DOWN quotes: bid=None ask=Some((0.3422536320764389, 150.0)) (TP ask@0.34)
[2m2026-07-04T18:46:28.674080Z[0m [32m INFO[0m [2mpm_bot[0m[2m:[0m MAKER DOWN quotes: bid=None ask=Some((0.34216013624071584, 150.0)) (TP ask@0.34)
[2m2026-07-04T18:46:28.923907Z[0m [32m INFO[0m [2mpm_bot[0m[2m:[0m MAKER DOWN quotes: bid=None ask=Some((0.3420662407616395, 150.0)) (TP ask@0.34)
[2m2026-07-04T18:46:29.173906Z[0m [32m INFO[0m [2mpm_bot[0m[2m:[0m MAKER DOWN quotes: bid=None ask=Some((0.3419913929698546, 150.0)) (TP ask@0.34)
[2m2026-07-04T18:46:29.424600Z[0m [32m INFO[0m [2mpm_bot[0m[2m:[0m MAKER DOWN quotes: bid=None ask=Some((0.34189743746963286, 150.0)) (TP ask@0.34)
[2m2026-07-04T18:46:29.674332Z[0m [32m INFO[0m [2mpm_bot[0m[2m:[0m MAKER DOWN quotes: bid=None ask=Some((0.34180369969502866, 150.0)) (TP ask@0.34)
[2m2026-07-04T18:46:29.924133Z[0m [32m INFO[0m [2mpm_bot[0m[2m:[0m MAKER DOWN quotes: bid=None ask=Some((0.34170980519862515, 150.0)) (TP ask@0.34)
[2m2026-07-04T18:46:30.174512Z[0m [32m INFO[0m [2mpm_bot[0m[2m:[0m MAKER DOWN quotes: bid=None ask=Some((0.3416157535440214, 150.0)) (TP ask@0.34)
[2m2026-07-04T18:46:30.423835Z[0m [32m INFO[0m [2mpm_bot[0m[2m:[0m MAKER DOWN quotes: bid=None ask=Some((0.3415219214446339, 150.0)) (TP ask@0.34)
[2m2026-07-04T18:46:30.489019Z[0m [32m INFO[0m [2mpm_bot[0m[2m:[0m résolution officielle : Up
[2m2026-07-04T18:46:30.489095Z[0m [32m INFO[0m [2mpm_acquisition::clob[0m[2m:[0m CLOB flux terminé (marché résolu/fermé)
[2m2026-07-04T18:46:30.674547Z[0m [32m INFO[0m [2mpm_bot[0m[2m:[0m MAKER DOWN quotes: bid=None ask=Some((0.3414271770061005, 150.0)) (TP ask@0.34)
[2m2026-07-04T18:46:30.923890Z[0m [32m INFO[0m [2mpm_bot[0m[2m:[0m MAKER DOWN quotes: bid=None ask=Some((0.34, 150.0)) (TP ask@0.34)
[2m2026-07-04T18:46:37.173777Z[0m [32m INFO[0m [2mexecution[0m[2m:[0m [DRY-RUN] dryrun-8 Sell 11055521 x 150 @ 0.250 (Fak)
[2m2026-07-04T18:46:37.424296Z[0m [32m INFO[0m [2mpm_bot[0m[2m:[0m MAKER UP quotes: bid=Some((0.73, 50.0)) ask=None (bid@0.73 fair=0.786)
[2m2026-07-04T18:46:37.573875Z[0m [32m INFO[0m [2mpm_bot[0m[2m:[0m PAPER fill maker 54956344 sur trade @0.730 (achat=true vente=false)
[2m2026-07-04T18:46:37.674499Z[0m [32m INFO[0m [2mpm_bot[0m[2m:[0m MAKER UP quotes: bid=Some((0.72, 50.0)) ask=Some((0.8099999999999999, 50.0)) (TP ask@0.81 | bid@0.72 fair=0.786)
[2m2026-07-04T18:46:38.296799Z[0m [32m INFO[0m [2mpm_bot[0m[2m:[0m PAPER fill maker 54956344 sur trade @0.720 (achat=true vente=false)
[2m2026-07-04T18:46:38.424628Z[0m [32m INFO[0m [2mpm_bot[0m[2m:[0m MAKER UP quotes: bid=Some((0.72, 50.0)) ask=Some((0.8049999999999999, 100.0)) (TP ask@0.80 | bid@0.72 fair=0.787)
[2m2026-07-04T18:46:38.474556Z[0m [32m INFO[0m [2mpm_bot[0m[2m:[0m PAPER fill maker 54956344 sur trade @0.720 (achat=true vente=false)
[2m2026-07-04T18:46:38.673935Z[0m [32m INFO[0m [2mpm_bot[0m[2m:[0m MAKER UP quotes: bid=None ask=Some((0.8116755884073027, 150.0)) (TP ask@0.81)
[2m2026-07-04T18:46:38.924480Z[0m [32m INFO[0m [2mpm_bot[0m[2m:[0m MAKER UP quotes: bid=None ask=Some((0.8117105837893587, 150.0)) (TP ask@0.81)
[2m2026-07-04T18:46:39.174239Z[0m [32m INFO[0m [2mpm_bot[0m[2m:[0m MAKER UP quotes: bid=None ask=Some((0.8213335719165642, 150.0)) (TP ask@0.82)
[2m2026-07-04T18:46:39.424125Z[0m [32m INFO[0m [2mpm_bot[0m[2m:[0m MAKER UP quotes: bid=None ask=Some((0.8213617649431315, 150.0)) (TP ask@0.82)
[2m2026-07-04T18:46:39.674026Z[0m [32m INFO[0m [2mpm_bot[0m[2m:[0m MAKER UP quotes: bid=None ask=Some((0.8213899696994602, 150.0)) (TP ask@0.82)
[2m2026-07-04T18:46:39.924603Z[0m [32m INFO[0m [2mpm_bot[0m[2m:[0m MAKER UP quotes: bid=None ask=Some((0.821418527165594, 150.0)) (TP ask@0.82)
[2m2026-07-04T18:46:40.174242Z[0m [32m INFO[0m [2mpm_bot[0m[2m:[0m MAKER UP quotes: bid=None ask=Some((0.8214470971842968, 150.0)) (TP ask@0.82)
[2m2026-07-04T18:46:40.424762Z[0m [32m INFO[0m [2mpm_bot[0m[2m:[0m MAKER UP quotes: bid=None ask=Some((0.8421549656070322, 150.0)) (TP ask@0.84)
[2m2026-07-04T18:46:40.673791Z[0m [32m INFO[0m [2mpm_bot[0m[2m:[0m MAKER UP quotes: bid=None ask=Some((0.8421765581503203, 150.0)) (TP ask@0.84)
[2m2026-07-04T18:46:40.924213Z[0m [32m INFO[0m [2mpm_bot[0m[2m:[0m MAKER UP quotes: bid=None ask=Some((0.8421984450892751, 150.0)) (TP ask@0.84)
[2m2026-07-04T18:46:41.174541Z[0m [32m INFO[0m [2mpm_bot[0m[2m:[0m MAKER UP quotes: bid=None ask=Some((0.8422203659554385, 150.0)) (TP ask@0.84)
[2m2026-07-04T18:46:41.424519Z[0m [32m INFO[0m [2mpm_bot[0m[2m:[0m MAKER UP quotes: bid=None ask=Some((0.8236105378085826, 150.0)) (TP ask@0.82)
[2m2026-07-04T18:46:41.674622Z[0m [32m INFO[0m [2mpm_bot[0m[2m:[0m MAKER UP quotes: bid=None ask=Some((0.8236392717269099, 150.0)) (TP ask@0.82)
[2m2026-07-04T18:46:41.924161Z[0m [32m INFO[0m [2mpm_bot[0m[2m:[0m MAKER UP quotes: bid=None ask=Some((0.8236681341405045, 150.0)) (TP ask@0.82)
[2m2026-07-04T18:46:42.174049Z[0m [32m INFO[0m [2mpm_bot[0m[2m:[0m MAKER UP quotes: bid=None ask=Some((0.8236971254745244, 150.0)) (TP ask@0.82)
[2m2026-07-04T18:46:42.423895Z[0m [32m INFO[0m [2mpm_bot[0m[2m:[0m MAKER UP quotes: bid=None ask=Some((0.8237261294149636, 150.0)) (TP ask@0.82)
[2m2026-07-04T18:46:42.674035Z[0m [32m INFO[0m [2mpm_bot[0m[2m:[0m MAKER UP quotes: bid=None ask=Some((0.8237554966134263, 150.0)) (TP ask@0.82)
[2m2026-07-04T18:46:42.923775Z[0m [32m INFO[0m [2mpm_bot[0m[2m:[0m MAKER UP quotes: bid=None ask=Some((0.8234741164070869, 150.0)) (TP ask@0.82)
[2m2026-07-04T18:46:43.174480Z[0m [32m INFO[0m [2mpm_bot[0m[2m:[0m MAKER UP quotes: bid=None ask=Some((0.823503857728014, 150.0)) (TP ask@0.82)
[2m2026-07-04T18:46:43.424792Z[0m [32m INFO[0m [2mpm_bot[0m[2m:[0m MAKER UP quotes: bid=None ask=Some((0.8383959192035288, 150.0)) (TP ask@0.84)
[2m2026-07-04T18:46:43.673933Z[0m [32m INFO[0m [2mpm_bot[0m[2m:[0m MAKER UP quotes: bid=None ask=Some((0.8384216912559015, 150.0)) (TP ask@0.84)
[2m2026-07-04T18:46:43.924855Z[0m [32m INFO[0m [2mpm_bot[0m[2m:[0m MAKER UP quotes: bid=None ask=Some((0.8384477991717825, 150.0)) (TP ask@0.84)
[2m2026-07-04T18:46:44.174129Z[0m [32m INFO[0m [2mpm_bot[0m[2m:[0m MAKER UP quotes: bid=None ask=Some((0.8384739321065956, 150.0)) (TP ask@0.84)
[2m2026-07-04T18:46:44.424412Z[0m [32m INFO[0m [2mpm_bot[0m[2m:[0m MAKER UP quotes: bid=None ask=Some((0.845537568201892, 150.0)) (TP ask@0.85)
[2m2026-07-04T18:46:44.674346Z[0m [32m INFO[0m [2mpm_bot[0m[2m:[0m MAKER UP quotes: bid=None ask=Some((0.8455591573784041, 150.0)) (TP ask@0.85)
[2m2026-07-04T18:46:44.924282Z[0m [32m INFO[0m [2mpm_bot[0m[2m:[0m MAKER UP quotes: bid=None ask=Some((0.8455808714607866, 150.0)) (TP ask@0.85)
[2m2026-07-04T18:46:45.174311Z[0m [32m INFO[0m [2mpm_bot[0m[2m:[0m MAKER UP quotes: bid=None ask=Some((0.8456027108775874, 150.0)) (TP ask@0.85)
[2m2026-07-04T18:46:45.423967Z[0m [32m INFO[0m [2mpm_bot[0m[2m:[0m MAKER UP quotes: bid=None ask=Some((0.8456245879473596, 150.0)) (TP ask@0.85)
[2m2026-07-04T18:46:45.674464Z[0m [32m INFO[0m [2mpm_bot[0m[2m:[0m MAKER UP quotes: bid=None ask=Some((0.8488862389634508, 150.0)) (TP ask@0.85)
[2m2026-07-04T18:46:45.924793Z[0m [32m INFO[0m [2mpm_bot[0m[2m:[0m MAKER UP quotes: bid=None ask=Some((0.8489060946502531, 150.0)) (TP ask@0.85)
[2m2026-07-04T18:46:46.174224Z[0m [32m INFO[0m [2mpm_bot[0m[2m:[0m MAKER UP quotes: bid=None ask=Some((0.8630818995882276, 150.0)) (TP ask@0.86)
[2m2026-07-04T18:46:46.424724Z[0m [32m INFO[0m [2mpm_bot[0m[2m:[0m MAKER UP quotes: bid=None ask=Some((0.8630919645345756, 150.0)) (TP ask@0.86)
[2m2026-07-04T18:46:46.674769Z[0m [32m INFO[0m [2mpm_bot[0m[2m:[0m MAKER UP quotes: bid=None ask=Some((0.863102142736512, 150.0)) (TP ask@0.86)
[2m2026-07-04T18:46:46.924204Z[0m [32m INFO[0m [2mpm_bot[0m[2m:[0m MAKER UP quotes: bid=None ask=Some((0.8631124346071264, 150.0)) (TP ask@0.86)
[2m2026-07-04T18:46:47.174499Z[0m [32m INFO[0m [2mpm_bot[0m[2m:[0m MAKER UP quotes: bid=None ask=Some((0.8735664079854482, 150.0)) (TP ask@0.87)
[2m2026-07-04T18:46:47.424064Z[0m [32m INFO[0m [2mpm_bot[0m[2m:[0m MAKER UP quotes: bid=None ask=Some((0.8735698571773141, 150.0)) (TP ask@0.87)
[2m2026-07-04T18:46:47.674160Z[0m [32m INFO[0m [2mpm_bot[0m[2m:[0m MAKER UP quotes: bid=None ask=Some((0.8735734118850448, 150.0)) (TP ask@0.87)
[2m2026-07-04T18:46:47.924652Z[0m [32m INFO[0m [2mpm_bot[0m[2m:[0m MAKER UP quotes: bid=None ask=Some((0.873577072510721, 150.0)) (TP ask@0.87)
[2m2026-07-04T18:46:48.174065Z[0m [32m INFO[0m [2mpm_bot[0m[2m:[0m MAKER UP quotes: bid=None ask=Some((0.8895029175016624, 150.0)) (TP ask@0.89)
[2m2026-07-04T18:46:48.424553Z[0m [32m INFO[0m [2mpm_bot[0m[2m:[0m MAKER UP quotes: bid=None ask=Some((0.8894983247489939, 150.0)) (TP ask@0.89)
[2m2026-07-04T18:46:48.674739Z[0m [32m INFO[0m [2mpm_bot[0m[2m:[0m MAKER UP quotes: bid=None ask=Some((0.8894938260907026, 150.0)) (TP ask@0.89)
[2m2026-07-04T18:46:48.923752Z[0m [32m INFO[0m [2mpm_bot[0m[2m:[0m MAKER UP quotes: bid=None ask=Some((0.8894894393378251, 150.0)) (TP ask@0.89)
[2m2026-07-04T18:46:49.174149Z[0m [32m INFO[0m [2mpm_bot[0m[2m:[0m MAKER UP quotes: bid=None ask=Some((0.8894851125910739, 150.0)) (TP ask@0.89)
[2m2026-07-04T18:46:49.424217Z[0m [32m INFO[0m [2mpm_bot[0m[2m:[0m MAKER UP quotes: bid=None ask=Some((0.8813228757412557, 150.0)) (TP ask@0.88)
[2m2026-07-04T18:46:49.674512Z[0m [32m INFO[0m [2mpm_bot[0m[2m:[0m MAKER UP quotes: bid=None ask=Some((0.8813305018316842, 150.0)) (TP ask@0.88)
[2m2026-07-04T18:46:49.924308Z[0m [32m INFO[0m [2mpm_bot[0m[2m:[0m MAKER UP quotes: bid=None ask=Some((0.8813382403181775, 150.0)) (TP ask@0.88)
[2m2026-07-04T18:46:50.174121Z[0m [32m INFO[0m [2mpm_bot[0m[2m:[0m MAKER UP quotes: bid=None ask=Some((0.8813460916218765, 150.0)) (TP ask@0.88)
[2m2026-07-04T18:46:50.424476Z[0m [32m INFO[0m [2mpm_bot[0m[2m:[0m MAKER UP quotes: bid=None ask=Some((0.881354056165777, 150.0)) (TP ask@0.88)
[2m2026-07-04T18:46:50.674790Z[0m [32m INFO[0m [2mpm_bot[0m[2m:[0m MAKER UP quotes: bid=None ask=Some((0.8735820549711338, 150.0)) (TP ask@0.87)
[2m2026-07-04T18:46:50.924130Z[0m [32m INFO[0m [2mpm_bot[0m[2m:[0m MAKER UP quotes: bid=None ask=Some((0.8735964293137726, 150.0)) (TP ask@0.87)
[2m2026-07-04T18:46:51.174546Z[0m [32m INFO[0m [2mpm_bot[0m[2m:[0m MAKER UP quotes: bid=None ask=Some((0.873610926502385, 150.0)) (TP ask@0.87)
[2m2026-07-04T18:46:51.424661Z[0m [32m INFO[0m [2mpm_bot[0m[2m:[0m MAKER UP quotes: bid=None ask=Some((0.8831464727040903, 150.0)) (TP ask@0.88)
[2m2026-07-04T18:46:51.673935Z[0m [32m INFO[0m [2mpm_bot[0m[2m:[0m MAKER UP quotes: bid=None ask=Some((0.8831596179604292, 150.0)) (TP ask@0.88)
[2m2026-07-04T18:46:51.924747Z[0m [32m INFO[0m [2mpm_bot[0m[2m:[0m MAKER UP quotes: bid=None ask=Some((0.8831729905000905, 150.0)) (TP ask@0.88)
[2m2026-07-04T18:46:52.174317Z[0m [32m INFO[0m [2mpm_bot[0m[2m:[0m MAKER UP quotes: bid=None ask=Some((0.8831864316634488, 150.0)) (TP ask@0.88)
[2m2026-07-04T18:46:52.423803Z[0m [32m INFO[0m [2mpm_bot[0m[2m:[0m MAKER UP quotes: bid=None ask=Some((0.8949410054467088, 150.0)) (TP ask@0.89)
[2m2026-07-04T18:46:52.673809Z[0m [32m INFO[0m [2mpm_bot[0m[2m:[0m MAKER UP quotes: bid=None ask=Some((0.8949516641038134, 150.0)) (TP ask@0.89)
[2m2026-07-04T18:46:52.923909Z[0m [32m INFO[0m [2mpm_bot[0m[2m:[0m MAKER UP quotes: bid=None ask=Some((0.8949624401070206, 150.0)) (TP ask@0.89)
[2m2026-07-04T18:46:53.174467Z[0m [32m INFO[0m [2mpm_bot[0m[2m:[0m MAKER UP quotes: bid=None ask=Some((0.8949733777044085, 150.0)) (TP ask@0.89)
[2m2026-07-04T18:46:53.424106Z[0m [32m INFO[0m [2mpm_bot[0m[2m:[0m MAKER UP quotes: bid=None ask=Some((0.8812087432270078, 150.0)) (TP ask@0.88)
[2m2026-07-04T18:46:53.674172Z[0m [32m INFO[0m [2mpm_bot[0m[2m:[0m MAKER UP quotes: bid=None ask=Some((0.8812311352208119, 150.0)) (TP ask@0.88)
[2m2026-07-04T18:46:53.924777Z[0m [32m INFO[0m [2mpm_bot[0m[2m:[0m MAKER UP quotes: bid=None ask=Some((0.8812536617208637, 150.0)) (TP ask@0.88)
[2m2026-07-04T18:46:54.173852Z[0m [32m INFO[0m [2mpm_bot[0m[2m:[0m MAKER UP quotes: bid=None ask=Some((0.8812762322850383, 150.0)) (TP ask@0.88)
[2m2026-07-04T18:46:54.424323Z[0m [32m INFO[0m [2mpm_bot[0m[2m:[0m MAKER UP quotes: bid=None ask=Some((0.8812991201349513, 150.0)) (TP ask@0.88)
[2m2026-07-04T18:46:54.673832Z[0m [32m INFO[0m [2mpm_bot[0m[2m:[0m MAKER UP quotes: bid=None ask=Some((0.8456199926836006, 150.0)) (TP ask@0.85)
[2m2026-07-04T18:46:54.924239Z[0m [32m INFO[0m [2mpm_bot[0m[2m:[0m MAKER UP quotes: bid=None ask=Some((0.845666155644522, 150.0)) (TP ask@0.85)
[2m2026-07-04T18:46:55.174711Z[0m [32m INFO[0m [2mpm_bot[0m[2m:[0m MAKER UP quotes: bid=None ask=Some((0.845712299183937, 150.0)) (TP ask@0.85)
[2m2026-07-04T18:46:55.423834Z[0m [32m INFO[0m [2mpm_bot[0m[2m:[0m MAKER UP quotes: bid=None ask=Some((0.8319130501467651, 150.0)) (TP ask@0.83)
[2m2026-07-04T18:46:55.674461Z[0m [32m INFO[0m [2mpm_bot[0m[2m:[0m MAKER UP quotes: bid=None ask=Some((0.8319682896870375, 150.0)) (TP ask@0.83)
[2m2026-07-04T18:46:55.924131Z[0m [32m INFO[0m [2mpm_bot[0m[2m:[0m MAKER UP quotes: bid=None ask=Some((0.832023484084702, 150.0)) (TP ask@0.83)
[2m2026-07-04T18:46:56.174298Z[0m [32m INFO[0m [2mpm_bot[0m[2m:[0m MAKER UP quotes: bid=None ask=Some((0.8320788536396295, 150.0)) (TP ask@0.83)
[2m2026-07-04T18:46:56.424210Z[0m [32m INFO[0m [2mpm_bot[0m[2m:[0m MAKER UP quotes: bid=None ask=Some((0.8313974053752042, 150.0)) (TP ask@0.83)
[2m2026-07-04T18:46:56.674169Z[0m [32m INFO[0m [2mpm_bot[0m[2m:[0m MAKER UP quotes: bid=None ask=Some((0.8314536071088445, 150.0)) (TP ask@0.83)
[2m2026-07-04T18:46:56.924283Z[0m [32m INFO[0m [2mpm_bot[0m[2m:[0m MAKER UP quotes: bid=None ask=Some((0.83150998620216, 150.0)) (TP ask@0.83)
[2m2026-07-04T18:46:57.174015Z[0m [32m INFO[0m [2mpm_bot[0m[2m:[0m MAKER UP quotes: bid=None ask=Some((0.8989544580786534, 150.0)) (TP ask@0.90)
[2m2026-07-04T18:46:57.423975Z[0m [32m INFO[0m [2mpm_bot[0m[2m:[0m MAKER UP quotes: bid=None ask=Some((0.898949322705594, 150.0)) (TP ask@0.90)
[2m2026-07-04T18:46:57.674242Z[0m [32m INFO[0m [2mpm_bot[0m[2m:[0m MAKER UP quotes: bid=None ask=Some((0.8989442686204745, 150.0)) (TP ask@0.90)
[2m2026-07-04T18:46:57.924579Z[0m [32m INFO[0m [2mpm_bot[0m[2m:[0m MAKER UP quotes: bid=None ask=Some((0.8989393365309752, 150.0)) (TP ask@0.90)
[2m2026-07-04T18:46:58.174628Z[0m [32m INFO[0m [2mpm_bot[0m[2m:[0m MAKER UP quotes: bid=None ask=Some((0.8989345065352627, 150.0)) (TP ask@0.90)
[2m2026-07-04T18:46:58.424081Z[0m [32m INFO[0m [2mpm_bot[0m[2m:[0m MAKER UP quotes: bid=None ask=Some((0.8972355795295238, 150.0)) (TP ask@0.90)
[2m2026-07-04T18:46:58.674478Z[0m [32m INFO[0m [2mpm_bot[0m[2m:[0m MAKER UP quotes: bid=None ask=Some((0.8972199342915238, 150.0)) (TP ask@0.90)
[2m2026-07-04T18:46:58.924418Z[0m [32m INFO[0m [2mpm_bot[0m[2m:[0m MAKER UP quotes: bid=None ask=Some((0.8972043762464044, 150.0)) (TP ask@0.90)
[2m2026-07-04T18:46:59.174286Z[0m [32m INFO[0m [2mpm_bot[0m[2m:[0m MAKER UP quotes: bid=None ask=Some((0.8971889058107038, 150.0)) (TP ask@0.90)
[2m2026-07-04T18:46:59.424064Z[0m [32m INFO[0m [2mpm_bot[0m[2m:[0m MAKER UP quotes: bid=None ask=Some((0.9326903400102826, 150.0)) (TP ask@0.93)
[2m2026-07-04T18:46:59.674070Z[0m [32m INFO[0m [2mpm_bot[0m[2m:[0m MAKER UP quotes: bid=None ask=Some((0.9326645775856783, 150.0)) (TP ask@0.93)
[2m2026-07-04T18:46:59.924498Z[0m [32m INFO[0m [2mpm_bot[0m[2m:[0m MAKER UP quotes: bid=None ask=Some((0.932638872071964, 150.0)) (TP ask@0.93)
[2m2026-07-04T18:47:00.174210Z[0m [32m INFO[0m [2mpm_bot[0m[2m:[0m MAKER UP quotes: bid=None ask=Some((0.9326132238181601, 150.0)) (TP ask@0.93)
[2m2026-07-04T18:47:00.424187Z[0m [32m INFO[0m [2mpm_bot[0m[2m:[0m MAKER UP quotes: bid=None ask=Some((0.9278139502696753, 150.0)) (TP ask@0.93)
[2m2026-07-04T18:47:00.673819Z[0m [32m INFO[0m [2mpm_bot[0m[2m:[0m MAKER UP quotes: bid=None ask=Some((0.9277876800936111, 150.0)) (TP ask@0.93)
[2m2026-07-04T18:47:00.924596Z[0m [32m INFO[0m [2mpm_bot[0m[2m:[0m MAKER UP quotes: bid=None ask=Some((0.9277612585814589, 150.0)) (TP ask@0.93)
[2m2026-07-04T18:47:01.174021Z[0m [32m INFO[0m [2mpm_bot[0m[2m:[0m MAKER UP quotes: bid=None ask=Some((0.9277351071526586, 150.0)) (TP ask@0.93)
[2m2026-07-04T18:47:01.423894Z[0m [32m INFO[0m [2mpm_bot[0m[2m:[0m MAKER UP quotes: bid=None ask=Some((0.9362552700336595, 150.0)) (TP ask@0.94)
[2m2026-07-04T18:47:01.674530Z[0m [32m INFO[0m [2mpm_bot[0m[2m:[0m MAKER UP quotes: bid=None ask=Some((0.9362274150904824, 150.0)) (TP ask@0.94)
[2m2026-07-04T18:47:01.924164Z[0m [32m INFO[0m [2mpm_bot[0m[2m:[0m MAKER UP quotes: bid=None ask=Some((0.9361997238803529, 150.0)) (TP ask@0.94)
[2m2026-07-04T18:47:02.174726Z[0m [32m INFO[0m [2mpm_bot[0m[2m:[0m MAKER UP quotes: bid=None ask=Some((0.9361720856702966, 150.0)) (TP ask@0.94)
[2m2026-07-04T18:47:02.424259Z[0m [32m INFO[0m [2mpm_bot[0m[2m:[0m MAKER UP quotes: bid=None ask=Some((0.9361445008099298, 150.0)) (TP ask@0.94)
[2m2026-07-04T18:47:02.674727Z[0m [32m INFO[0m [2mpm_bot[0m[2m:[0m MAKER UP quotes: bid=None ask=Some((0.948492642585553, 150.0)) (TP ask@0.95)
[2m2026-07-04T18:47:02.923966Z[0m [32m INFO[0m [2mpm_bot[0m[2m:[0m MAKER UP quotes: bid=None ask=Some((0.9484608011894858, 150.0)) (TP ask@0.95)
[2m2026-07-04T18:47:03.174507Z[0m [32m INFO[0m [2mpm_bot[0m[2m:[0m MAKER UP quotes: bid=None ask=Some((0.9487433840103229, 150.0)) (TP ask@0.95)
[2m2026-07-04T18:47:03.424369Z[0m [32m INFO[0m [2mpm_bot[0m[2m:[0m MAKER UP quotes: bid=None ask=Some((0.94871158367443, 150.0)) (TP ask@0.95)
[2m2026-07-04T18:47:03.674148Z[0m [32m INFO[0m [2mpm_bot[0m[2m:[0m MAKER UP quotes: bid=None ask=Some((0.9486798191830684, 150.0)) (TP ask@0.95)
[2m2026-07-04T18:47:03.924287Z[0m [32m INFO[0m [2mpm_bot[0m[2m:[0m MAKER UP quotes: bid=None ask=Some((0.9486480908480519, 150.0)) (TP ask@0.95)
[2m2026-07-04T18:47:04.173861Z[0m [32m INFO[0m [2mpm_bot[0m[2m:[0m MAKER UP quotes: bid=None ask=Some((0.9481593942570662, 150.0)) (TP ask@0.95)
[2m2026-07-04T18:47:04.424417Z[0m [32m INFO[0m [2mpm_bot[0m[2m:[0m MAKER UP quotes: bid=None ask=Some((0.9481273913285444, 150.0)) (TP ask@0.95)
[2m2026-07-04T18:47:04.674245Z[0m [32m INFO[0m [2mpm_bot[0m[2m:[0m MAKER UP quotes: bid=None ask=Some((0.9480955530109774, 150.0)) (TP ask@0.95)
[2m2026-07-04T18:47:04.924172Z[0m [32m INFO[0m [2mpm_bot[0m[2m:[0m MAKER UP quotes: bid=None ask=Some((0.9480637520483726, 150.0)) (TP ask@0.95)
[2m2026-07-04T18:47:05.174324Z[0m [32m INFO[0m [2mpm_bot[0m[2m:[0m MAKER UP quotes: bid=None ask=Some((0.9353046483780141, 150.0)) (TP ask@0.94)
[2m2026-07-04T18:47:05.424431Z[0m [32m INFO[0m [2mpm_bot[0m[2m:[0m MAKER UP quotes: bid=None ask=Some((0.9352769193940065, 150.0)) (TP ask@0.94)
[2m2026-07-04T18:47:05.674766Z[0m [32m INFO[0m [2mpm_bot[0m[2m:[0m MAKER UP quotes: bid=None ask=Some((0.9352492472250618, 150.0)) (TP ask@0.94)
[2m2026-07-04T18:47:05.924078Z[0m [32m INFO[0m [2mpm_bot[0m[2m:[0m MAKER UP quotes: bid=None ask=Some((0.9352216322462743, 150.0)) (TP ask@0.94)
[2m2026-07-04T18:47:06.174202Z[0m [32m INFO[0m [2mpm_bot[0m[2m:[0m MAKER UP quotes: bid=None ask=Some((0.935194074834799, 150.0)) (TP ask@0.94)
[2m2026-07-04T18:47:06.424619Z[0m [32m INFO[0m [2mpm_bot[0m[2m:[0m MAKER UP quotes: bid=None ask=Some((0.9399689565651916, 150.0)) (TP ask@0.94)
[2m2026-07-04T18:47:06.674403Z[0m [32m INFO[0m [2mpm_bot[0m[2m:[0m MAKER UP quotes: bid=None ask=Some((0.9399419647514711, 150.0)) (TP ask@0.94)
[2m2026-07-04T18:47:06.923934Z[0m [32m INFO[0m [2mpm_bot[0m[2m:[0m MAKER UP quotes: bid=None ask=Some((0.9399151367879892, 150.0)) (TP ask@0.94)
[2m2026-07-04T18:47:07.174802Z[0m [32m INFO[0m [2mpm_bot[0m[2m:[0m MAKER UP quotes: bid=None ask=Some((0.9398881501617733, 150.0)) (TP ask@0.94)
[2m2026-07-04T18:47:07.424169Z[0m [32m INFO[0m [2mpm_bot[0m[2m:[0m MAKER UP quotes: bid=None ask=Some((0.922388912560368, 150.0)) (TP ask@0.92)
[2m2026-07-04T18:47:07.674018Z[0m [32m INFO[0m [2mpm_bot[0m[2m:[0m MAKER UP quotes: bid=None ask=Some((0.9223682267420097, 150.0)) (TP ask@0.92)
[2m2026-07-04T18:47:07.924440Z[0m [32m INFO[0m [2mpm_bot[0m[2m:[0m MAKER UP quotes: bid=None ask=Some((0.9223474549010976, 150.0)) (TP ask@0.92)
[2m2026-07-04T18:47:08.174736Z[0m [32m INFO[0m [2mpm_bot[0m[2m:[0m MAKER UP quotes: bid=None ask=Some((0.9223268462274402, 150.0)) (TP ask@0.92)
[2m2026-07-04T18:47:08.424750Z[0m [32m INFO[0m [2mpm_bot[0m[2m:[0m MAKER UP quotes: bid=None ask=Some((0.9324124480846399, 150.0)) (TP ask@0.93)
[2m2026-07-04T18:47:08.674137Z[0m [32m INFO[0m [2mpm_bot[0m[2m:[0m MAKER UP quotes: bid=None ask=Some((0.9323932412970921, 150.0)) (TP ask@0.93)
[2m2026-07-04T18:47:08.923907Z[0m [32m INFO[0m [2mpm_bot[0m[2m:[0m MAKER UP quotes: bid=None ask=Some((0.9323741892274144, 150.0)) (TP ask@0.93)
[2m2026-07-04T18:47:09.173836Z[0m [32m INFO[0m [2mpm_bot[0m[2m:[0m MAKER UP quotes: bid=None ask=Some((0.9323551392817675, 150.0)) (TP ask@0.93)
[2m2026-07-04T18:47:09.424559Z[0m [32m INFO[0m [2mpm_bot[0m[2m:[0m MAKER UP quotes: bid=None ask=Some((0.9481972153504478, 150.0)) (TP ask@0.95)
[2m2026-07-04T18:47:09.674406Z[0m [32m INFO[0m [2mpm_bot[0m[2m:[0m MAKER UP quotes: bid=None ask=Some((0.9481732275858771, 150.0)) (TP ask@0.95)
[2m2026-07-04T18:47:09.924613Z[0m [32m INFO[0m [2mpm_bot[0m[2m:[0m MAKER UP quotes: bid=None ask=Some((0.9481492985323414, 150.0)) (TP ask@0.95)
[2m2026-07-04T18:47:10.174777Z[0m [32m INFO[0m [2mpm_bot[0m[2m:[0m MAKER UP quotes: bid=None ask=Some((0.9481254285786415, 150.0)) (TP ask@0.95)
[2m2026-07-04T18:47:10.424426Z[0m [32m INFO[0m [2mpm_bot[0m[2m:[0m MAKER UP quotes: bid=None ask=Some((0.9481016181157286, 150.0)) (TP ask@0.95)
[2m2026-07-04T18:47:10.673887Z[0m [32m INFO[0m [2mpm_bot[0m[2m:[0m MAKER UP quotes: bid=None ask=Some((0.9476559469660951, 150.0)) (TP ask@0.95)
[2m2026-07-04T18:47:10.924446Z[0m [32m INFO[0m [2mpm_bot[0m[2m:[0m MAKER UP quotes: bid=None ask=Some((0.9476325817354472, 150.0)) (TP ask@0.95)
[2m2026-07-04T18:47:11.174786Z[0m [32m INFO[0m [2mpm_bot[0m[2m:[0m MAKER UP quotes: bid=None ask=Some((0.9492165020112189, 150.0)) (TP ask@0.95)
[2m2026-07-04T18:47:11.424643Z[0m [32m INFO[0m [2mpm_bot[0m[2m:[0m MAKER UP quotes: bid=None ask=Some((0.9491937329495806, 150.0)) (TP ask@0.95)
[2m2026-07-04T18:47:11.674654Z[0m [32m INFO[0m [2mpm_bot[0m[2m:[0m MAKER UP quotes: bid=None ask=Some((0.9491710259758561, 150.0)) (TP ask@0.95)
[2m2026-07-04T18:47:11.924429Z[0m [32m INFO[0m [2mpm_bot[0m[2m:[0m MAKER UP quotes: bid=None ask=Some((0.9491483814936423, 150.0)) (TP ask@0.95)
[2m2026-07-04T18:47:12.174130Z[0m [32m INFO[0m [2mpm_bot[0m[2m:[0m MAKER UP quotes: bid=None ask=Some((0.9461992971671309, 150.0)) (TP ask@0.95)
[2m2026-07-04T18:47:12.424207Z[0m [32m INFO[0m [2mpm_bot[0m[2m:[0m MAKER UP quotes: bid=None ask=Some((0.9461768884933228, 150.0)) (TP ask@0.95)
[2m2026-07-04T18:47:12.673933Z[0m [32m INFO[0m [2mpm_bot[0m[2m:[0m MAKER UP quotes: bid=None ask=Some((0.9461546355369301, 150.0)) (TP ask@0.95)
[2m2026-07-04T18:47:12.924062Z[0m [32m INFO[0m [2mpm_bot[0m[2m:[0m MAKER UP quotes: bid=None ask=Some((0.946132271012409, 150.0)) (TP ask@0.95)
[2m2026-07-04T18:47:13.174750Z[0m [32m INFO[0m [2mpm_bot[0m[2m:[0m MAKER UP quotes: bid=None ask=Some((0.9461100630512218, 150.0)) (TP ask@0.95)
[2m2026-07-04T18:47:13.424464Z[0m [32m INFO[0m [2mpm_bot[0m[2m:[0m MAKER UP quotes: bid=None ask=Some((0.9435088890144383, 150.0)) (TP ask@0.94)
[2m2026-07-04T18:47:13.673947Z[0m [32m INFO[0m [2mpm_bot[0m[2m:[0m MAKER UP quotes: bid=None ask=Some((0.9434885197712412, 150.0)) (TP ask@0.94)
[2m2026-07-04T18:47:13.924516Z[0m [32m INFO[0m [2mpm_bot[0m[2m:[0m MAKER UP quotes: bid=None ask=Some((0.9434680612007498, 150.0)) (TP ask@0.94)
[2m2026-07-04T18:47:14.174630Z[0m [32m INFO[0m [2mpm_bot[0m[2m:[0m MAKER UP quotes: bid=None ask=Some((0.9434477587193623, 150.0)) (TP ask@0.94)
[2m2026-07-04T18:47:14.424719Z[0m [32m INFO[0m [2mpm_bot[0m[2m:[0m MAKER UP quotes: bid=None ask=Some((0.9433196483884568, 150.0)) (TP ask@0.94)
[2m2026-07-04T18:47:14.674489Z[0m [32m INFO[0m [2mpm_bot[0m[2m:[0m MAKER UP quotes: bid=None ask=Some((0.9432983697581916, 150.0)) (TP ask@0.94)
[2m2026-07-04T18:47:14.924189Z[0m [32m INFO[0m [2mpm_bot[0m[2m:[0m MAKER UP quotes: bid=None ask=Some((0.9432771647566831, 150.0)) (TP ask@0.94)
[2m2026-07-04T18:47:15.174588Z[0m [32m INFO[0m [2mpm_bot[0m[2m:[0m MAKER UP quotes: bid=None ask=Some((0.9432560338369642, 150.0)) (TP ask@0.94)
[2m2026-07-04T18:47:15.424848Z[0m [32m INFO[0m [2mpm_bot[0m[2m:[0m MAKER UP quotes: bid=None ask=Some((0.9432443734633155, 150.0)) (TP ask@0.94)
[2m2026-07-04T18:47:15.674625Z[0m [32m INFO[0m [2mpm_bot[0m[2m:[0m MAKER UP quotes: bid=None ask=Some((0.9432244820162918, 150.0)) (TP ask@0.94)
[2m2026-07-04T18:47:15.924044Z[0m [32m INFO[0m [2mpm_bot[0m[2m:[0m MAKER UP quotes: bid=None ask=Some((0.9432046681923911, 150.0)) (TP ask@0.94)
[2m2026-07-04T18:47:16.174406Z[0m [32m INFO[0m [2mpm_bot[0m[2m:[0m MAKER UP quotes: bid=None ask=Some((0.9431849324586203, 150.0)) (TP ask@0.94)
[2m2026-07-04T18:47:16.424735Z[0m [32m INFO[0m [2mpm_bot[0m[2m:[0m MAKER UP quotes: bid=None ask=Some((0.9431652752845613, 150.0)) (TP ask@0.94)
[2m2026-07-04T18:47:16.673921Z[0m [32m INFO[0m [2mpm_bot[0m[2m:[0m MAKER UP quotes: bid=None ask=Some((0.9285738644239933, 150.0)) (TP ask@0.93)
[2m2026-07-04T18:47:16.924037Z[0m [32m INFO[0m [2mpm_bot[0m[2m:[0m MAKER UP quotes: bid=None ask=Some((0.9048029096114821, 150.0)) (TP ask@0.90)
[2m2026-07-04T18:47:17.174140Z[0m [32m INFO[0m [2mpm_bot[0m[2m:[0m MAKER UP quotes: bid=None ask=Some((0.9047997703307202, 150.0)) (TP ask@0.90)
[2m2026-07-04T18:47:17.424594Z[0m [32m INFO[0m [2mpm_bot[0m[2m:[0m MAKER UP quotes: bid=None ask=Some((0.9047967606697349, 150.0)) (TP ask@0.90)
[2m2026-07-04T18:47:17.673704Z[0m [32m INFO[0m [2mpm_bot[0m[2m:[0m MAKER UP quotes: bid=None ask=Some((0.9047938924986088, 150.0)) (TP ask@0.90)
[2m2026-07-04T18:47:17.924885Z[0m [32m INFO[0m [2mpm_bot[0m[2m:[0m MAKER UP quotes: bid=None ask=Some((0.9047911326607242, 150.0)) (TP ask@0.90)
[2m2026-07-04T18:47:18.174148Z[0m [32m INFO[0m [2mpm_bot[0m[2m:[0m MAKER UP quotes: bid=None ask=Some((0.8853643851793738, 150.0)) (TP ask@0.89)
[2m2026-07-04T18:47:18.424325Z[0m [32m INFO[0m [2mpm_bot[0m[2m:[0m MAKER UP quotes: bid=None ask=Some((0.8853869934126529, 150.0)) (TP ask@0.89)
[2m2026-07-04T18:47:18.674327Z[0m [32m INFO[0m [2mpm_bot[0m[2m:[0m MAKER UP quotes: bid=None ask=Some((0.8854097755241837, 150.0)) (TP ask@0.89)
[2m2026-07-04T18:47:18.924811Z[0m [32m INFO[0m [2mpm_bot[0m[2m:[0m MAKER UP quotes: bid=None ask=Some((0.8854327322280796, 150.0)) (TP ask@0.89)
[2m2026-07-04T18:47:19.174865Z[0m [32m INFO[0m [2mpm_bot[0m[2m:[0m MAKER UP quotes: bid=None ask=Some((0.8578625320529457, 150.0)) (TP ask@0.86)
[2m2026-07-04T18:47:19.424644Z[0m [32m INFO[0m [2mpm_bot[0m[2m:[0m MAKER UP quotes: bid=None ask=Some((0.8579041832486063, 150.0)) (TP ask@0.86)
[2m2026-07-04T18:47:19.674385Z[0m [32m INFO[0m [2mpm_bot[0m[2m:[0m MAKER UP quotes: bid=None ask=Some((0.857946038357429, 150.0)) (TP ask@0.86)
[2m2026-07-04T18:47:19.924101Z[0m [32m INFO[0m [2mpm_bot[0m[2m:[0m MAKER UP quotes: bid=None ask=Some((0.8579880981778307, 150.0)) (TP ask@0.86)
[2m2026-07-04T18:47:20.174772Z[0m [32m INFO[0m [2mpm_bot[0m[2m:[0m MAKER UP quotes: bid=None ask=Some((0.8591962170096084, 150.0)) (TP ask@0.86)
[2m2026-07-04T18:47:20.424758Z[0m [32m INFO[0m [2mpm_bot[0m[2m:[0m MAKER UP quotes: bid=None ask=Some((0.8592406806624238, 150.0)) (TP ask@0.86)
[2m2026-07-04T18:47:20.673813Z[0m [32m INFO[0m [2mpm_bot[0m[2m:[0m MAKER UP quotes: bid=None ask=Some((0.8592851745671303, 150.0)) (TP ask@0.86)
[2m2026-07-04T18:47:20.924777Z[0m [32m INFO[0m [2mpm_bot[0m[2m:[0m MAKER UP quotes: bid=None ask=Some((0.8593302368707914, 150.0)) (TP ask@0.86)
[2m2026-07-04T18:47:21.173986Z[0m [32m INFO[0m [2mpm_bot[0m[2m:[0m MAKER UP quotes: bid=None ask=Some((0.8593751502651971, 150.0)) (TP ask@0.86)
[2m2026-07-04T18:47:21.423870Z[0m [32m INFO[0m [2mpm_bot[0m[2m:[0m MAKER UP quotes: bid=None ask=Some((0.8614079518411957, 150.0)) (TP ask@0.86)
[2m2026-07-04T18:47:21.674280Z[0m [32m INFO[0m [2mpm_bot[0m[2m:[0m MAKER UP quotes: bid=None ask=Some((0.8614517134440519, 150.0)) (TP ask@0.86)
[2m2026-07-04T18:47:21.924012Z[0m [32m INFO[0m [2mpm_bot[0m[2m:[0m MAKER UP quotes: bid=None ask=Some((0.8614953364582033, 150.0)) (TP ask@0.86)
[2m2026-07-04T18:47:22.174189Z[0m [32m INFO[0m [2mpm_bot[0m[2m:[0m MAKER UP quotes: bid=None ask=Some((0.8615395224903618, 150.0)) (TP ask@0.86)
[2m2026-07-04T18:47:22.423859Z[0m [32m INFO[0m [2mpm_bot[0m[2m:[0m MAKER UP quotes: bid=None ask=Some((0.8595618487137107, 150.0)) (TP ask@0.86)
[2m2026-07-04T18:47:22.674634Z[0m [32m INFO[0m [2mpm_bot[0m[2m:[0m MAKER UP quotes: bid=None ask=Some((0.8596092887860545, 150.0)) (TP ask@0.86)
[2m2026-07-04T18:47:22.924223Z[0m [32m INFO[0m [2mpm_bot[0m[2m:[0m MAKER UP quotes: bid=None ask=Some((0.8596567581777903, 150.0)) (TP ask@0.86)
[2m2026-07-04T18:47:23.174322Z[0m [32m INFO[0m [2mpm_bot[0m[2m:[0m MAKER UP quotes: bid=None ask=Some((0.8597044463137986, 150.0)) (TP ask@0.86)
[2m2026-07-04T18:47:23.424034Z[0m [32m INFO[0m [2mpm_bot[0m[2m:[0m MAKER UP quotes: bid=None ask=Some((0.868123465736072, 150.0)) (TP ask@0.87)
[2m2026-07-04T18:47:23.674740Z[0m [32m INFO[0m [2mpm_bot[0m[2m:[0m MAKER UP quotes: bid=None ask=Some((0.8681688945528848, 150.0)) (TP ask@0.87)
[2m2026-07-04T18:47:23.924551Z[0m [32m INFO[0m [2mpm_bot[0m[2m:[0m MAKER UP quotes: bid=None ask=Some((0.8682145402191872, 150.0)) (TP ask@0.87)
[2m2026-07-04T18:47:24.174195Z[0m [32m INFO[0m [2mpm_bot[0m[2m:[0m MAKER UP quotes: bid=None ask=Some((0.8682604035900024, 150.0)) (TP ask@0.87)
[2m2026-07-04T18:47:24.423884Z[0m [32m INFO[0m [2mpm_bot[0m[2m:[0m MAKER UP quotes: bid=None ask=Some((0.8631025643670899, 150.0)) (TP ask@0.86)
[2m2026-07-04T18:47:24.674613Z[0m [32m INFO[0m [2mpm_bot[0m[2m:[0m MAKER UP quotes: bid=None ask=Some((0.863154418300845, 150.0)) (TP ask@0.86)
[2m2026-07-04T18:47:24.924013Z[0m [32m INFO[0m [2mpm_bot[0m[2m:[0m MAKER UP quotes: bid=None ask=Some((0.8655433927646812, 150.0)) (TP ask@0.87)
[2m2026-07-04T18:47:25.174277Z[0m [32m INFO[0m [2mpm_bot[0m[2m:[0m MAKER UP quotes: bid=None ask=Some((0.865593344980029, 150.0)) (TP ask@0.87)
[2m2026-07-04T18:47:25.423878Z[0m [32m INFO[0m [2mpm_bot[0m[2m:[0m MAKER UP quotes: bid=None ask=Some((0.8656431243324738, 150.0)) (TP ask@0.87)
[2m2026-07-04T18:47:25.674201Z[0m [32m INFO[0m [2mpm_bot[0m[2m:[0m MAKER UP quotes: bid=None ask=Some((0.8656935313854732, 150.0)) (TP ask@0.87)
[2m2026-07-04T18:47:25.924709Z[0m [32m INFO[0m [2mpm_bot[0m[2m:[0m MAKER UP quotes: bid=None ask=Some((0.8657439659226773, 150.0)) (TP ask@0.87)
[2m2026-07-04T18:47:26.174483Z[0m [32m INFO[0m [2mpm_bot[0m[2m:[0m MAKER UP quotes: bid=None ask=Some((0.865794629213813, 150.0)) (TP ask@0.87)
[2m2026-07-04T18:47:26.424612Z[0m [32m INFO[0m [2mpm_bot[0m[2m:[0m MAKER UP quotes: bid=None ask=Some((0.8731529859537657, 150.0)) (TP ask@0.87)
[2m2026-07-04T18:47:26.674453Z[0m [32m INFO[0m [2mpm_bot[0m[2m:[0m MAKER UP quotes: bid=None ask=Some((0.873201105183145, 150.0)) (TP ask@0.87)
[2m2026-07-04T18:47:26.924564Z[0m [32m INFO[0m [2mpm_bot[0m[2m:[0m MAKER UP quotes: bid=None ask=Some((0.8732494508584825, 150.0)) (TP ask@0.87)
[2m2026-07-04T18:47:27.174284Z[0m [32m INFO[0m [2mpm_bot[0m[2m:[0m MAKER UP quotes: bid=None ask=Some((0.8732980238787075, 150.0)) (TP ask@0.87)
[2m2026-07-04T18:47:27.423862Z[0m [32m INFO[0m [2mpm_bot[0m[2m:[0m MAKER UP quotes: bid=None ask=Some((0.8706502096177771, 150.0)) (TP ask@0.87)
[2m2026-07-04T18:47:27.674085Z[0m [32m INFO[0m [2mpm_bot[0m[2m:[0m MAKER UP quotes: bid=None ask=Some((0.8706967651087003, 150.0)) (TP ask@0.87)
[2m2026-07-04T18:47:27.923900Z[0m [32m INFO[0m [2mpm_bot[0m[2m:[0m MAKER UP quotes: bid=None ask=Some((0.8707431763048027, 150.0)) (TP ask@0.87)
[2m2026-07-04T18:47:28.174362Z[0m [32m INFO[0m [2mpm_bot[0m[2m:[0m MAKER UP quotes: bid=None ask=Some((0.8707901896914212, 150.0)) (TP ask@0.87)
[2m2026-07-04T18:47:28.424709Z[0m [32m INFO[0m [2mpm_bot[0m[2m:[0m MAKER UP quotes: bid=None ask=Some((0.8653460037898746, 150.0)) (TP ask@0.87)
[2m2026-07-04T18:47:28.674539Z[0m [32m INFO[0m [2mpm_bot[0m[2m:[0m MAKER UP quotes: bid=None ask=Some((0.8653989623973775, 150.0)) (TP ask@0.87)
[2m2026-07-04T18:47:28.924416Z[0m [32m INFO[0m [2mpm_bot[0m[2m:[0m MAKER UP quotes: bid=None ask=Some((0.8654521600918978, 150.0)) (TP ask@0.87)
[2m2026-07-04T18:47:29.174887Z[0m [32m INFO[0m [2mpm_bot[0m[2m:[0m MAKER UP quotes: bid=None ask=Some((0.8655055978304786, 150.0)) (TP ask@0.87)
[2m2026-07-04T18:47:29.424850Z[0m [32m INFO[0m [2mpm_bot[0m[2m:[0m MAKER UP quotes: bid=None ask=Some((0.8424537579398614, 150.0)) (TP ask@0.84)
[2m2026-07-04T18:47:29.674015Z[0m [32m INFO[0m [2mpm_bot[0m[2m:[0m MAKER UP quotes: bid=None ask=Some((0.8425150238695482, 150.0)) (TP ask@0.84)
[2m2026-07-04T18:47:29.924625Z[0m [32m INFO[0m [2mpm_bot[0m[2m:[0m MAKER UP quotes: bid=None ask=Some((0.8425770378981108, 150.0)) (TP ask@0.84)
[2m2026-07-04T18:47:30.174557Z[0m [32m INFO[0m [2mpm_bot[0m[2m:[0m MAKER UP quotes: bid=None ask=Some((0.8426390613818177, 150.0)) (TP ask@0.84)
[2m2026-07-04T18:47:30.424608Z[0m [32m INFO[0m [2mpm_bot[0m[2m:[0m MAKER UP quotes: bid=None ask=Some((0.8389656992748808, 150.0)) (TP ask@0.84)
[2m2026-07-04T18:47:30.674435Z[0m [32m INFO[0m [2mpm_bot[0m[2m:[0m MAKER UP quotes: bid=None ask=Some((0.8390324981361419, 150.0)) (TP ask@0.84)
[2m2026-07-04T18:47:30.924042Z[0m [32m INFO[0m [2mpm_bot[0m[2m:[0m MAKER UP quotes: bid=None ask=Some((0.8390995614206622, 150.0)) (TP ask@0.84)
[2m2026-07-04T18:47:31.174176Z[0m [32m INFO[0m [2mpm_bot[0m[2m:[0m MAKER UP quotes: bid=None ask=Some((0.8587523557807839, 150.0)) (TP ask@0.86)
[2m2026-07-04T18:47:31.424601Z[0m [32m INFO[0m [2mpm_bot[0m[2m:[0m MAKER UP quotes: bid=None ask=Some((0.8588162186147708, 150.0)) (TP ask@0.86)
[2m2026-07-04T18:47:31.674924Z[0m [32m INFO[0m [2mpm_bot[0m[2m:[0m MAKER UP quotes: bid=None ask=Some((0.8588803422111745, 150.0)) (TP ask@0.86)
[2m2026-07-04T18:47:31.924031Z[0m [32m INFO[0m [2mpm_bot[0m[2m:[0m MAKER UP quotes: bid=None ask=Some((0.858944727608826, 150.0)) (TP ask@0.86)
[2m2026-07-04T18:47:32.174877Z[0m [32m INFO[0m [2mpm_bot[0m[2m:[0m MAKER UP quotes: bid=None ask=Some((0.8420259834536045, 150.0)) (TP ask@0.84)
[2m2026-07-04T18:47:32.424575Z[0m [32m INFO[0m [2mpm_bot[0m[2m:[0m MAKER UP quotes: bid=None ask=Some((0.8420993026617668, 150.0)) (TP ask@0.84)
[2m2026-07-04T18:47:32.674103Z[0m [32m INFO[0m [2mpm_bot[0m[2m:[0m MAKER UP quotes: bid=None ask=Some((0.8421728989754877, 150.0)) (TP ask@0.84)
[2m2026-07-04T18:47:32.923898Z[0m [32m INFO[0m [2mpm_bot[0m[2m:[0m MAKER UP quotes: bid=None ask=Some((0.8422464774471132, 150.0)) (TP ask@0.84)
[2m2026-07-04T18:47:33.173824Z[0m [32m INFO[0m [2mpm_bot[0m[2m:[0m MAKER UP quotes: bid=None ask=Some((0.8332378559725848, 150.0)) (TP ask@0.83)
[2m2026-07-04T18:47:33.424046Z[0m [32m INFO[0m [2mpm_bot[0m[2m:[0m MAKER UP quotes: bid=None ask=Some((0.8333225104622473, 150.0)) (TP ask@0.83)
[2m2026-07-04T18:47:33.674321Z[0m [32m INFO[0m [2mpm_bot[0m[2m:[0m MAKER UP quotes: bid=None ask=Some((0.8334071218468713, 150.0)) (TP ask@0.83)
[2m2026-07-04T18:47:33.923860Z[0m [32m INFO[0m [2mpm_bot[0m[2m:[0m MAKER UP quotes: bid=None ask=Some((0.8334916877574942, 150.0)) (TP ask@0.83)
[2m2026-07-04T18:47:34.174687Z[0m [32m INFO[0m [2mpm_bot[0m[2m:[0m MAKER UP quotes: bid=None ask=Some((0.8335772300005666, 150.0)) (TP ask@0.83)
[2m2026-07-04T18:47:34.424097Z[0m [32m INFO[0m [2mpm_bot[0m[2m:[0m MAKER UP quotes: bid=None ask=Some((0.8336627291096612, 150.0)) (TP ask@0.83)
[2m2026-07-04T18:47:34.674359Z[0m [32m INFO[0m [2mpm_bot[0m[2m:[0m MAKER UP quotes: bid=None ask=Some((0.833748526477114, 150.0)) (TP ask@0.83)
[2m2026-07-04T18:47:34.923973Z[0m [32m INFO[0m [2mpm_bot[0m[2m:[0m MAKER UP quotes: bid=None ask=Some((0.8338342783029501, 150.0)) (TP ask@0.83)
[2m2026-07-04T18:47:35.173945Z[0m [32m INFO[0m [2mpm_bot[0m[2m:[0m MAKER UP quotes: bid=None ask=Some((0.8033333333333333, 150.0)) (TP ask@0.80)
[2m2026-07-04T18:47:37.174656Z[0m [32m INFO[0m [2mexecution[0m[2m:[0m [DRY-RUN] dryrun-9 Sell 54956344 x 150 @ 0.690 (Fak)
[2m2026-07-04T18:47:37.424619Z[0m [32m INFO[0m [2mpm_bot[0m[2m:[0m MAKER UP quotes: bid=Some((0.72, 50.0)) ask=None (bid@0.72 fair=0.832)
[2m2026-07-04T18:47:37.425275Z[0m [32m INFO[0m [2mpm_bot[0m[2m:[0m PAPER fill maker 54956344 sur trade @0.720 (achat=true vente=false)
[2m2026-07-04T18:47:37.674472Z[0m [32m INFO[0m [2mpm_bot[0m[2m:[0m MAKER UP quotes: bid=Some((0.72, 50.0)) ask=Some((0.8421711350846448, 50.0)) (TP ask@0.84 | bid@0.72 fair=0.832)
[2m2026-07-04T18:47:37.924584Z[0m [32m INFO[0m [2mpm_bot[0m[2m:[0m MAKER UP quotes: bid=Some((0.73, 50.0)) ask=Some((0.8422581248255042, 50.0)) (TP ask@0.84 | bid@0.73 fair=0.832)
[2m2026-07-04T18:47:38.016240Z[0m [32m INFO[0m [2mpm_bot[0m[2m:[0m PAPER fill maker 54956344 sur trade @0.730 (achat=true vente=false)
[2m2026-07-04T18:47:38.174661Z[0m [32m INFO[0m [2mpm_bot[0m[2m:[0m MAKER UP quotes: bid=Some((0.71, 50.0)) ask=Some((0.8049999999999999, 100.0)) (TP ask@0.80 | bid@0.71 fair=0.740)
[2m2026-07-04T18:47:38.673838Z[0m [32m INFO[0m [2mpm_bot[0m[2m:[0m MAKER UP quotes: bid=None ask=Some((0.8049999999999999, 100.0)) (TP ask@0.80)
[2m2026-07-04T18:47:42.924144Z[0m [32m INFO[0m [2mpm_bot[0m[2m:[0m MAKER UP quotes: bid=Some((0.72, 50.0)) ask=Some((0.8049999999999999, 100.0)) (TP ask@0.80 | bid@0.72 fair=0.756)
[2m2026-07-04T18:47:43.674030Z[0m [32m INFO[0m [2mpm_bot[0m[2m:[0m MAKER UP quotes: bid=None ask=Some((0.8049999999999999, 100.0)) (TP ask@0.80)
[2m2026-07-04T18:47:44.424538Z[0m [32m INFO[0m [2mpm_bot[0m[2m:[0m MAKER DOWN quotes: bid=Some((0.21, 50.0)) ask=None (bid@0.21 fair=0.256)
[2m2026-07-04T18:47:44.505904Z[0m [32m INFO[0m [2mpm_bot[0m[2m:[0m PAPER fill maker 11055521 sur trade @0.210 (achat=true vente=false)
[2m2026-07-04T18:47:44.592417Z[0m [32m INFO[0m [2mpm_bot[0m[2m:[0m PAPER fill maker 54956344 sur trade @0.810 (achat=false vente=true)
[2m2026-07-04T18:47:44.673878Z[0m [32m INFO[0m [2mpm_bot[0m[2m:[0m MAKER DOWN quotes: bid=Some((0.2, 50.0)) ask=Some((0.29, 50.0)) (TP ask@0.29 | bid@0.20 fair=0.245)
[2m2026-07-04T18:47:44.723056Z[0m [32m INFO[0m [2mpm_bot[0m[2m:[0m PAPER fill maker 11055521 sur trade @0.200 (achat=true vente=false)
[2m2026-07-04T18:47:44.924488Z[0m [32m INFO[0m [2mpm_bot[0m[2m:[0m MAKER DOWN quotes: bid=Some((0.2, 50.0)) ask=Some((0.285, 100.0)) (TP ask@0.28 | bid@0.20 fair=0.245)
[2m2026-07-04T18:47:44.929362Z[0m [32m INFO[0m [2mpm_bot[0m[2m:[0m PAPER fill maker 11055521 sur trade @0.200 (achat=true vente=false)
[2m2026-07-04T18:47:45.174239Z[0m [32m INFO[0m [2mpm_bot[0m[2m:[0m MAKER DOWN quotes: bid=None ask=Some((0.2833333333333333, 150.0)) (TP ask@0.28)
[2m2026-07-04T18:47:51.679715Z[0m [32m INFO[0m [2mpm_bot[0m[2m:[0m MAKER UP quotes: bid=Some((0.77, 50.0)) ask=None (bid@0.77 fair=0.807)
[2m2026-07-04T18:47:52.429502Z[0m [32m INFO[0m [2mpm_bot[0m[2m:[0m MAKER UP quotes: bid=None ask=None ()
[2m2026-07-04T18:47:59.428952Z[0m [32m INFO[0m [2mexecution[0m[2m:[0m [DRY-RUN] dryrun-10 Sell 11055521 x 150 @ 0.090 (Fak)
[2m2026-07-04T18:48:31.929719Z[0m [32m INFO[0m [2mpm_bot[0m[2m:[0m MAKER UP quotes: bid=Some((0.73, 50.0)) ask=None (bid@0.73 fair=0.768)
[2m2026-07-04T18:48:33.098613Z[0m [32m INFO[0m [2mpm_bot[0m[2m:[0m PAPER fill maker 54956344 sur trade @0.720 (achat=true vente=false)
[2m2026-07-04T18:48:33.178837Z[0m [32m INFO[0m [2mpm_bot[0m[2m:[0m MAKER UP quotes: bid=Some((0.73, 50.0)) ask=Some((0.8099999999999999, 50.0)) (TP ask@0.81 | bid@0.73 fair=0.770)
[2m2026-07-04T18:48:33.428813Z[0m [32m INFO[0m [2mpm_bot[0m[2m:[0m MAKER UP quotes: bid=None ask=Some((0.8099999999999999, 50.0)) (TP ask@0.81)
[2m2026-07-04T18:48:33.679754Z[0m [32m INFO[0m [2mpm_bot[0m[2m:[0m MAKER UP quotes: bid=Some((0.71, 50.0)) ask=Some((0.8099999999999999, 50.0)) (TP ask@0.81 | bid@0.71 fair=0.743)
[2m2026-07-04T18:48:33.727432Z[0m [32m INFO[0m [2mpm_bot[0m[2m:[0m PAPER fill maker 54956344 sur trade @0.700 (achat=true vente=false)
[2m2026-07-04T18:48:33.929094Z[0m [32m INFO[0m [2mpm_bot[0m[2m:[0m MAKER UP quotes: bid=Some((0.69, 50.0)) ask=Some((0.7999999999999999, 100.0)) (TP ask@0.80 | bid@0.69 fair=0.744)
[2m2026-07-04T18:48:34.429559Z[0m [32m INFO[0m [2mpm_bot[0m[2m:[0m MAKER UP quotes: bid=Some((0.67, 50.0)) ask=Some((0.7999999999999999, 100.0)) (TP ask@0.80 | bid@0.67 fair=0.744)
[2m2026-07-04T18:48:35.179634Z[0m [32m INFO[0m [2mpm_bot[0m[2m:[0m MAKER UP quotes: bid=Some((0.66, 50.0)) ask=Some((0.7999999999999999, 100.0)) (TP ask@0.80 | bid@0.66 fair=0.745)
[2m2026-07-04T18:48:35.429382Z[0m [32m INFO[0m [2mpm_bot[0m[2m:[0m MAKER UP quotes: bid=Some((0.64, 50.0)) ask=Some((0.7999999999999999, 100.0)) (TP ask@0.80 | bid@0.64 fair=0.745)
[2m2026-07-04T18:48:35.929058Z[0m [32m INFO[0m [2mpm_bot[0m[2m:[0m MAKER UP quotes: bid=Some((0.65, 50.0)) ask=Some((0.7999999999999999, 100.0)) (TP ask@0.80 | bid@0.65 fair=0.709)
[2m2026-07-04T18:48:35.995503Z[0m [32m INFO[0m [2mpm_bot[0m[2m:[0m PAPER fill maker 54956344 sur trade @0.650 (achat=true vente=false)
[2m2026-07-04T18:48:36.179183Z[0m [32m INFO[0m [2mpm_bot[0m[2m:[0m MAKER UP quotes: bid=None ask=Some((0.7766666666666666, 150.0)) (TP ask@0.78)
[2m2026-07-04T18:48:37.679598Z[0m [32m INFO[0m [2mexecution[0m[2m:[0m [DRY-RUN] dryrun-11 Sell 54956344 x 150 @ 0.540 (Fak)
[2m2026-07-04T18:48:37.679630Z[0m [32m INFO[0m [2mpm_bot[0m[2m:[0m MAKER DOWN quotes: bid=Some((0.41, 50.0)) ask=None (bid@0.41 fair=0.442)
[2m2026-07-04T18:48:37.852419Z[0m [32m INFO[0m [2mpm_bot[0m[2m:[0m PAPER fill maker 11055521 sur trade @0.410 (achat=true vente=false)
[2m2026-07-04T18:48:37.929571Z[0m [32m INFO[0m [2mpm_bot[0m[2m:[0m MAKER DOWN quotes: bid=Some((0.41, 50.0)) ask=Some((0.49, 50.0)) (TP ask@0.49 | bid@0.41 fair=0.442)
[2m2026-07-04T18:48:38.516815Z[0m [32m INFO[0m [2mpm_bot[0m[2m:[0m PAPER fill maker 11055521 sur trade @0.410 (achat=true vente=false)
[2m2026-07-04T18:48:38.679546Z[0m [32m INFO[0m [2mpm_bot[0m[2m:[0m MAKER DOWN quotes: bid=Some((0.4, 50.0)) ask=Some((0.49, 100.0)) (TP ask@0.49 | bid@0.40 fair=0.442)
[2m2026-07-04T18:48:38.870094Z[0m [32m INFO[0m [2mpm_bot[0m[2m:[0m PAPER fill maker 11055521 sur trade @0.400 (achat=true vente=false)
[2m2026-07-04T18:48:38.929057Z[0m [32m INFO[0m [2mpm_bot[0m[2m:[0m MAKER DOWN quotes: bid=None ask=Some((0.4866666666666667, 150.0)) (TP ask@0.49)
[2m2026-07-04T18:48:39.929521Z[0m [32m INFO[0m [2mpm_bot[0m[2m:[0m MAKER DOWN quotes: bid=None ask=Some((0.5112217013110762, 150.0)) (TP ask@0.51)
[2m2026-07-04T18:48:40.179184Z[0m [32m INFO[0m [2mpm_bot[0m[2m:[0m MAKER DOWN quotes: bid=None ask=Some((0.510806756784664, 150.0)) (TP ask@0.51)
[2m2026-07-04T18:48:40.429747Z[0m [32m INFO[0m [2mpm_bot[0m[2m:[0m MAKER DOWN quotes: bid=None ask=Some((0.5103905116496197, 150.0)) (TP ask@0.51)
[2m2026-07-04T18:48:40.679237Z[0m [32m INFO[0m [2mpm_bot[0m[2m:[0m MAKER DOWN quotes: bid=None ask=Some((0.509972956149622, 150.0)) (TP ask@0.51)
[2m2026-07-04T18:48:40.928863Z[0m [32m INFO[0m [2mpm_bot[0m[2m:[0m MAKER DOWN quotes: bid=None ask=Some((0.5095557616407294, 150.0)) (TP ask@0.51)
[2m2026-07-04T18:48:41.179703Z[0m [32m INFO[0m [2mpm_bot[0m[2m:[0m MAKER DOWN quotes: bid=None ask=Some((0.5101239725912734, 150.0)) (TP ask@0.51)
[2m2026-07-04T18:48:41.429017Z[0m [32m INFO[0m [2mpm_bot[0m[2m:[0m MAKER DOWN quotes: bid=None ask=Some((0.5097024261504052, 150.0)) (TP ask@0.51)
[2m2026-07-04T18:48:41.678867Z[0m [32m INFO[0m [2mpm_bot[0m[2m:[0m MAKER DOWN quotes: bid=None ask=Some((0.5092778412867609, 150.0)) (TP ask@0.51)
[2m2026-07-04T18:48:41.929153Z[0m [32m INFO[0m [2mpm_bot[0m[2m:[0m MAKER DOWN quotes: bid=None ask=Some((0.5088501915318715, 150.0)) (TP ask@0.51)
[2m2026-07-04T18:48:42.179937Z[0m [32m INFO[0m [2mpm_bot[0m[2m:[0m MAKER DOWN quotes: bid=None ask=Some((0.5084228750990336, 150.0)) (TP ask@0.51)
[2m2026-07-04T18:48:42.429257Z[0m [32m INFO[0m [2mpm_bot[0m[2m:[0m MAKER DOWN quotes: bid=None ask=Some((0.5079941815079354, 150.0)) (TP ask@0.51)
[2m2026-07-04T18:48:42.679379Z[0m [32m INFO[0m [2mpm_bot[0m[2m:[0m MAKER DOWN quotes: bid=None ask=Some((0.5105849336374517, 150.0)) (TP ask@0.51)
[2m2026-07-04T18:48:42.929313Z[0m [32m INFO[0m [2mpm_bot[0m[2m:[0m MAKER DOWN quotes: bid=None ask=Some((0.5101547843950679, 150.0)) (TP ask@0.51)
[2m2026-07-04T18:48:43.179688Z[0m [32m INFO[0m [2mpm_bot[0m[2m:[0m MAKER DOWN quotes: bid=None ask=Some((0.5097232367676934, 150.0)) (TP ask@0.51)
[2m2026-07-04T18:48:43.429281Z[0m [32m INFO[0m [2mpm_bot[0m[2m:[0m MAKER DOWN quotes: bid=None ask=Some((0.5092902831095524, 150.0)) (TP ask@0.51)
[2m2026-07-04T18:48:43.678822Z[0m [32m INFO[0m [2mpm_bot[0m[2m:[0m MAKER DOWN quotes: bid=None ask=Some((0.5088576528991694, 150.0)) (TP ask@0.51)
[2m2026-07-04T18:48:43.929928Z[0m [32m INFO[0m [2mpm_bot[0m[2m:[0m MAKER DOWN quotes: bid=None ask=Some((0.5084201152322119, 150.0)) (TP ask@0.51)
[2m2026-07-04T18:48:44.179246Z[0m [32m INFO[0m [2mexecution[0m[2m:[0m [DRY-RUN] dryrun-12 Sell 11055521 x 150 @ 0.460 (Fak)
[2m2026-07-04T18:48:48.894488Z[0m [33m WARN[0m [2mpm_acquisition::watchdog[0m[2m:[0m flux rtds stale (6347 ms de silence)
[2m2026-07-04T18:48:48.894585Z[0m [33m WARN[0m [2mpm_bot[0m[2m:[0m FEED STALE: rtds silencieux 6347 ms
[2m2026-07-04T18:48:49.599949Z[0m [33m WARN[0m [2mpm_acquisition::rtds[0m[2m:[0m RTDS silencieux 5500 ms → réabonnement
[2m2026-07-04T18:48:50.929641Z[0m [32m INFO[0m [2mpm_bot[0m[2m:[0m MAKER DOWN quotes: bid=Some((0.53, 50.0)) ask=None (bid@0.53 fair=0.620)
[2m2026-07-04T18:48:50.931787Z[0m [32m INFO[0m [2mpm_bot[0m[2m:[0m PAPER fill maker 11055521 sur trade @0.530 (achat=true vente=false)
[2m2026-07-04T18:48:51.178810Z[0m [32m INFO[0m [2mpm_bot[0m[2m:[0m MAKER DOWN quotes: bid=Some((0.53, 50.0)) ask=Some((0.6659580312857625, 50.0)) (TP ask@0.67 | bid@0.53 fair=0.656)
[2m2026-07-04T18:48:51.279320Z[0m [32m INFO[0m [2mpm_bot[0m[2m:[0m PAPER fill maker 11055521 sur trade @0.530 (achat=true vente=false)
[2m2026-07-04T18:48:51.429878Z[0m [32m INFO[0m [2mpm_bot[0m[2m:[0m MAKER DOWN quotes: bid=Some((0.52, 50.0)) ask=Some((0.6655294704082599, 100.0)) (TP ask@0.67 | bid@0.52 fair=0.656)
[2m2026-07-04T18:48:51.644968Z[0m [32m INFO[0m [2mpm_bot[0m[2m:[0m PAPER fill maker 11055521 sur trade @0.510 (achat=true vente=false)
[2m2026-07-04T18:48:51.679567Z[0m [32m INFO[0m [2mpm_bot[0m[2m:[0m MAKER DOWN quotes: bid=None ask=Some((0.665101347013187, 150.0)) (TP ask@0.67)
[2m2026-07-04T18:48:51.929399Z[0m [32m INFO[0m [2mpm_bot[0m[2m:[0m MAKER DOWN quotes: bid=None ask=Some((0.664671947730301, 150.0)) (TP ask@0.66)
[2m2026-07-04T18:48:52.179396Z[0m [32m INFO[0m [2mpm_bot[0m[2m:[0m MAKER DOWN quotes: bid=None ask=Some((0.7097675054521158, 150.0)) (TP ask@0.71)
[2m2026-07-04T18:48:52.428932Z[0m [32m INFO[0m [2mpm_bot[0m[2m:[0m MAKER DOWN quotes: bid=None ask=Some((0.7093681487509204, 150.0)) (TP ask@0.71)
[2m2026-07-04T18:48:52.679453Z[0m [32m INFO[0m [2mpm_bot[0m[2m:[0m MAKER DOWN quotes: bid=None ask=Some((0.7089644747363295, 150.0)) (TP ask@0.71)
[2m2026-07-04T18:48:52.928753Z[0m [32m INFO[0m [2mpm_bot[0m[2m:[0m MAKER DOWN quotes: bid=None ask=Some((0.7085629098312616, 150.0)) (TP ask@0.71)
[2m2026-07-04T18:48:53.179499Z[0m [32m INFO[0m [2mpm_bot[0m[2m:[0m MAKER DOWN quotes: bid=None ask=Some((0.7172012686016818, 150.0)) (TP ask@0.72)
[2m2026-07-04T18:48:53.429847Z[0m [32m INFO[0m [2mpm_bot[0m[2m:[0m MAKER DOWN quotes: bid=None ask=Some((0.7168042197102584, 150.0)) (TP ask@0.72)
[2m2026-07-04T18:48:53.679145Z[0m [32m INFO[0m [2mpm_bot[0m[2m:[0m MAKER DOWN quotes: bid=None ask=Some((0.7164060877267404, 150.0)) (TP ask@0.72)
[2m2026-07-04T18:48:53.929153Z[0m [32m INFO[0m [2mpm_bot[0m[2m:[0m MAKER DOWN quotes: bid=None ask=Some((0.7160068662407535, 150.0)) (TP ask@0.72)
[2m2026-07-04T18:48:54.179187Z[0m [32m INFO[0m [2mpm_bot[0m[2m:[0m MAKER DOWN quotes: bid=None ask=Some((0.7080591371332582, 150.0)) (TP ask@0.71)
[2m2026-07-04T18:48:54.429426Z[0m [32m INFO[0m [2mpm_bot[0m[2m:[0m MAKER DOWN quotes: bid=None ask=Some((0.7076660420632774, 150.0)) (TP ask@0.71)
[2m2026-07-04T18:48:54.679633Z[0m [32m INFO[0m [2mpm_bot[0m[2m:[0m MAKER DOWN quotes: bid=None ask=Some((0.707271872729264, 150.0)) (TP ask@0.71)
[2m2026-07-04T18:48:54.928987Z[0m [32m INFO[0m [2mpm_bot[0m[2m:[0m MAKER DOWN quotes: bid=None ask=Some((0.7068782057808676, 150.0)) (TP ask@0.71)
[2m2026-07-04T18:48:55.179574Z[0m [32m INFO[0m [2mpm_bot[0m[2m:[0m MAKER DOWN quotes: bid=None ask=Some((0.7031455214955056, 150.0)) (TP ask@0.70)
[2m2026-07-04T18:48:55.429699Z[0m [32m INFO[0m [2mpm_bot[0m[2m:[0m MAKER DOWN quotes: bid=None ask=Some((0.702752287023352, 150.0)) (TP ask@0.70)
[2m2026-07-04T18:48:55.678780Z[0m [32m INFO[0m [2mpm_bot[0m[2m:[0m MAKER DOWN quotes: bid=None ask=Some((0.7023595484705796, 150.0)) (TP ask@0.70)
[2m2026-07-04T18:48:55.929191Z[0m [32m INFO[0m [2mpm_bot[0m[2m:[0m MAKER DOWN quotes: bid=None ask=Some((0.7019625608184821, 150.0)) (TP ask@0.70)
[2m2026-07-04T18:48:56.178950Z[0m [32m INFO[0m [2mpm_bot[0m[2m:[0m MAKER DOWN quotes: bid=None ask=Some((0.702030085229743, 150.0)) (TP ask@0.70)
[2m2026-07-04T18:48:56.429193Z[0m [32m INFO[0m [2mpm_bot[0m[2m:[0m MAKER DOWN quotes: bid=None ask=Some((0.7016318150952048, 150.0)) (TP ask@0.70)
[2m2026-07-04T18:48:56.679611Z[0m [32m INFO[0m [2mpm_bot[0m[2m:[0m MAKER DOWN quotes: bid=None ask=Some((0.7012340240322088, 150.0)) (TP ask@0.70)
[2m2026-07-04T18:48:56.929795Z[0m [32m INFO[0m [2mpm_bot[0m[2m:[0m MAKER DOWN quotes: bid=None ask=Some((0.7008351205709755, 150.0)) (TP ask@0.70)
[2m2026-07-04T18:48:57.178936Z[0m [32m INFO[0m [2mpm_bot[0m[2m:[0m MAKER DOWN quotes: bid=None ask=Some((0.7004367000299678, 150.0)) (TP ask@0.70)
[2m2026-07-04T18:48:57.429209Z[0m [32m INFO[0m [2mpm_bot[0m[2m:[0m MAKER DOWN quotes: bid=None ask=Some((0.7000339483292823, 150.0)) (TP ask@0.70)
[2m2026-07-04T18:48:57.679241Z[0m [32m INFO[0m [2mpm_bot[0m[2m:[0m MAKER DOWN quotes: bid=None ask=Some((0.6901194788004482, 150.0)) (TP ask@0.69)
[2m2026-07-04T18:48:57.928906Z[0m [32m INFO[0m [2mpm_bot[0m[2m:[0m MAKER DOWN quotes: bid=None ask=Some((0.6897306591252574, 150.0)) (TP ask@0.69)
[2m2026-07-04T18:48:58.179662Z[0m [32m INFO[0m [2mpm_bot[0m[2m:[0m MAKER DOWN quotes: bid=None ask=Some((0.6497129866094489, 150.0)) (TP ask@0.65)
[2m2026-07-04T18:48:58.429578Z[0m [32m INFO[0m [2mpm_bot[0m[2m:[0m MAKER DOWN quotes: bid=None ask=Some((0.649316917917484, 150.0)) (TP ask@0.65)
[2m2026-07-04T18:48:58.679543Z[0m [32m INFO[0m [2mpm_bot[0m[2m:[0m MAKER DOWN quotes: bid=None ask=Some((0.6489196389727446, 150.0)) (TP ask@0.65)
[2m2026-07-04T18:48:58.928982Z[0m [32m INFO[0m [2mpm_bot[0m[2m:[0m MAKER DOWN quotes: bid=None ask=Some((0.648522737329937, 150.0)) (TP ask@0.65)
[2m2026-07-04T18:48:59.179101Z[0m [32m INFO[0m [2mpm_bot[0m[2m:[0m MAKER DOWN quotes: bid=None ask=Some((0.6630390342310873, 150.0)) (TP ask@0.66)
[2m2026-07-04T18:48:59.429430Z[0m [32m INFO[0m [2mpm_bot[0m[2m:[0m MAKER DOWN quotes: bid=None ask=Some((0.6626230443246148, 150.0)) (TP ask@0.66)
[2m2026-07-04T18:48:59.472798Z[0m [32m INFO[0m [2mpm_bot[0m[2m:[0m PAPER fill maker 11055521 sur trade @0.690 (achat=false vente=true)
[2m2026-07-04T18:48:59.679297Z[0m [32m INFO[0m [2mpm_bot[0m[2m:[0m MAKER UP quotes: bid=Some((0.28, 50.0)) ask=None (bid@0.28 fair=0.348)
[2m2026-07-04T18:48:59.684421Z[0m [32m INFO[0m [2mpm_bot[0m[2m:[0m PAPER fill maker 54956344 sur trade @0.270 (achat=true vente=false)
[2m2026-07-04T18:48:59.929522Z[0m [32m INFO[0m [2mpm_bot[0m[2m:[0m MAKER UP quotes: bid=Some((0.28, 50.0)) ask=Some((0.36000000000000004, 50.0)) (TP ask@0.36 | bid@0.28 fair=0.348)
[2m2026-07-04T18:48:59.939613Z[0m [32m INFO[0m [2mpm_bot[0m[2m:[0m PAPER fill maker 54956344 sur trade @0.280 (achat=true vente=false)
[2m2026-07-04T18:49:00.179252Z[0m [32m INFO[0m [2mpm_bot[0m[2m:[0m MAKER UP quotes: bid=None ask=Some((0.36000000000000004, 100.0)) (TP ask@0.36)
[2m2026-07-04T18:49:04.929547Z[0m [32m INFO[0m [2mexecution[0m[2m:[0m [DRY-RUN] dryrun-13 Sell 54956344 x 100 @ 0.130 (Fak)
[2m2026-07-04T18:50:02.418048Z[0m [32m INFO[0m [2mpm_bot[0m[2m:[0m RÈGLEMENT btc-updown-5m-1783190700 | strike=Some("63067.95") issue=Down (estimé) | PnL up=-35.50 down=-26.11 | taker=0 maker_fills=30 | PnL cumulé=-77.10
[2m2026-07-04T18:50:02.418093Z[0m [32m INFO[0m [2mpm_bot[0m[2m:[0m fenêtre active: btc-updown-5m-1783191000 [1783191000000 → 1783191300000]
[2m2026-07-04T18:50:02.418180Z[0m [32m INFO[0m [2mpm_bot[0m[2m:[0m strike gelé: Some(63052.88782981614) (confidence=1.000, gap=Some(0) ms)
[2m2026-07-04T18:50:02.968010Z[0m [32m INFO[0m [2mpm_acquisition::clob[0m[2m:[0m CLOB connecté (up=72119226…, down=17843050…)
[2m2026-07-04T18:50:27.929349Z[0m [32m INFO[0m [2mpm_bot[0m[2m:[0m MAKER DOWN quotes: bid=Some((0.4, 50.0)) ask=None (bid@0.40 fair=0.840)
[2m2026-07-04T18:50:28.104958Z[0m [32m INFO[0m [2mpm_bot[0m[2m:[0m PAPER fill maker 17843050 sur trade @0.400 (achat=true vente=false)
[2m2026-07-04T18:50:28.179149Z[0m [32m INFO[0m [2mpm_bot[0m[2m:[0m MAKER DOWN quotes: bid=Some((0.4, 50.0)) ask=Some((0.8501621714455578, 50.0)) (TP ask@0.85 | bid@0.40 fair=0.840)
[2m2026-07-04T18:50:28.428746Z[0m [32m INFO[0m [2mpm_bot[0m[2m:[0m MAKER DOWN quotes: bid=Some((0.4, 50.0)) ask=Some((0.850009242141582, 50.0)) (TP ask@0.85 | bid@0.40 fair=0.840)
[2m2026-07-04T18:50:28.449478Z[0m [32m INFO[0m [2mpm_bot[0m[2m:[0m PAPER fill maker 17843050 sur trade @0.400 (achat=true vente=false)
[2m2026-07-04T18:50:28.679040Z[0m [32m INFO[0m [2mpm_bot[0m[2m:[0m MAKER DOWN quotes: bid=Some((0.4, 50.0)) ask=Some((0.8498548970904785, 100.0)) (TP ask@0.85 | bid@0.40 fair=0.840)
[2m2026-07-04T18:50:28.698342Z[0m [32m INFO[0m [2mpm_bot[0m[2m:[0m PAPER fill maker 17843050 sur trade @0.400 (achat=true vente=false)
[2m2026-07-04T18:50:28.928780Z[0m [32m INFO[0m [2mpm_bot[0m[2m:[0m MAKER DOWN quotes: bid=None ask=Some((0.8497015956550578, 150.0)) (TP ask@0.85)
[2m2026-07-04T18:50:29.178813Z[0m [32m INFO[0m [2mpm_bot[0m[2m:[0m MAKER DOWN quotes: bid=None ask=Some((0.877609851083807, 150.0)) (TP ask@0.88)
[2m2026-07-04T18:50:29.429594Z[0m [32m INFO[0m [2mpm_bot[0m[2m:[0m MAKER DOWN quotes: bid=None ask=Some((0.8774696100555731, 150.0)) (TP ask@0.88)
[2m2026-07-04T18:50:29.679097Z[0m [32m INFO[0m [2mpm_bot[0m[2m:[0m MAKER DOWN quotes: bid=None ask=Some((0.8773297476821741, 150.0)) (TP ask@0.88)
[2m2026-07-04T18:50:29.929068Z[0m [32m INFO[0m [2mpm_bot[0m[2m:[0m MAKER DOWN quotes: bid=None ask=Some((0.8771897052811568, 150.0)) (TP ask@0.88)
[2m2026-07-04T18:50:30.179075Z[0m [32m INFO[0m [2mpm_bot[0m[2m:[0m MAKER DOWN quotes: bid=None ask=Some((0.8770494825394725, 150.0)) (TP ask@0.88)
[2m2026-07-04T18:50:30.429239Z[0m [32m INFO[0m [2mpm_bot[0m[2m:[0m MAKER DOWN quotes: bid=None ask=Some((0.8879577435206927, 150.0)) (TP ask@0.89)
[2m2026-07-04T18:50:30.678831Z[0m [32m INFO[0m [2mpm_bot[0m[2m:[0m MAKER DOWN quotes: bid=None ask=Some((0.8878239572674426, 150.0)) (TP ask@0.89)
[2m2026-07-04T18:50:30.929736Z[0m [32m INFO[0m [2mpm_bot[0m[2m:[0m MAKER DOWN quotes: bid=None ask=Some((0.8876889179285958, 150.0)) (TP ask@0.89)
[2m2026-07-04T18:50:31.179145Z[0m [32m INFO[0m [2mpm_bot[0m[2m:[0m MAKER DOWN quotes: bid=None ask=Some((0.8875542381408998, 150.0)) (TP ask@0.89)
[2m2026-07-04T18:50:31.429779Z[0m [32m INFO[0m [2mpm_bot[0m[2m:[0m MAKER DOWN quotes: bid=None ask=Some((0.8874193799421118, 150.0)) (TP ask@0.89)
[2m2026-07-04T18:50:31.679176Z[0m [32m INFO[0m [2mpm_bot[0m[2m:[0m MAKER DOWN quotes: bid=None ask=Some((0.9013755678783337, 150.0)) (TP ask@0.90)
[2m2026-07-04T18:50:31.929615Z[0m [32m INFO[0m [2mpm_bot[0m[2m:[0m MAKER DOWN quotes: bid=None ask=Some((0.9012491786612669, 150.0)) (TP ask@0.90)
[2m2026-07-04T18:50:32.179290Z[0m [32m INFO[0m [2mpm_bot[0m[2m:[0m MAKER DOWN quotes: bid=None ask=Some((0.9011226157292431, 150.0)) (TP ask@0.90)
[2m2026-07-04T18:50:32.429227Z[0m [32m INFO[0m [2mpm_bot[0m[2m:[0m MAKER DOWN quotes: bid=None ask=Some((0.9009958787735397, 150.0)) (TP ask@0.90)
[2m2026-07-04T18:50:32.679484Z[0m [32m INFO[0m [2mpm_bot[0m[2m:[0m MAKER DOWN quotes: bid=None ask=Some((0.9008689674846736, 150.0)) (TP ask@0.90)
[2m2026-07-04T18:50:32.929043Z[0m [32m INFO[0m [2mpm_bot[0m[2m:[0m MAKER DOWN quotes: bid=None ask=Some((0.8991381516790514, 150.0)) (TP ask@0.90)
[2m2026-07-04T18:50:33.179296Z[0m [32m INFO[0m [2mpm_bot[0m[2m:[0m MAKER DOWN quotes: bid=None ask=Some((0.899009903732539, 150.0)) (TP ask@0.90)
[2m2026-07-04T18:50:33.429014Z[0m [32m INFO[0m [2mpm_bot[0m[2m:[0m MAKER DOWN quotes: bid=None ask=Some((0.8641617945928984, 150.0)) (TP ask@0.86)
[2m2026-07-04T18:50:33.679593Z[0m [32m INFO[0m [2mpm_bot[0m[2m:[0m MAKER DOWN quotes: bid=None ask=Some((0.8640198992275132, 150.0)) (TP ask@0.86)
[2m2026-07-04T18:50:33.928898Z[0m [32m INFO[0m [2mpm_bot[0m[2m:[0m MAKER DOWN quotes: bid=None ask=Some((0.863878963546032, 150.0)) (TP ask@0.86)
[2m2026-07-04T18:50:34.179358Z[0m [32m INFO[0m [2mpm_bot[0m[2m:[0m MAKER DOWN quotes: bid=None ask=Some((0.8637367232274293, 150.0)) (TP ask@0.86)
[2m2026-07-04T18:50:34.429186Z[0m [32m INFO[0m [2mpm_bot[0m[2m:[0m MAKER DOWN quotes: bid=None ask=Some((0.8758349967521033, 150.0)) (TP ask@0.88)
[2m2026-07-04T18:50:34.678954Z[0m [32m INFO[0m [2mpm_bot[0m[2m:[0m MAKER DOWN quotes: bid=None ask=Some((0.8756995926677034, 150.0)) (TP ask@0.88)
[2m2026-07-04T18:50:34.929729Z[0m [32m INFO[0m [2mpm_bot[0m[2m:[0m MAKER DOWN quotes: bid=None ask=Some((0.8755629306434993, 150.0)) (TP ask@0.88)
[2m2026-07-04T18:50:35.178936Z[0m [32m INFO[0m [2mpm_bot[0m[2m:[0m MAKER DOWN quotes: bid=None ask=Some((0.8754271882713035, 150.0)) (TP ask@0.88)
[2m2026-07-04T18:50:35.429594Z[0m [32m INFO[0m [2mpm_bot[0m[2m:[0m MAKER DOWN quotes: bid=None ask=Some((0.8403432223407207, 150.0)) (TP ask@0.84)
[2m2026-07-04T18:50:35.679161Z[0m [32m INFO[0m [2mpm_bot[0m[2m:[0m MAKER DOWN quotes: bid=None ask=Some((0.8402009316531809, 150.0)) (TP ask@0.84)
[2m2026-07-04T18:50:35.929781Z[0m [32m INFO[0m [2mpm_bot[0m[2m:[0m MAKER DOWN quotes: bid=None ask=Some((0.8400584837654079, 150.0)) (TP ask@0.84)
[2m2026-07-04T18:50:36.179034Z[0m [32m INFO[0m [2mpm_bot[0m[2m:[0m MAKER DOWN quotes: bid=None ask=Some((0.8220006720899291, 150.0)) (TP ask@0.82)
[2m2026-07-04T18:50:36.429370Z[0m [32m INFO[0m [2mpm_bot[0m[2m:[0m MAKER DOWN quotes: bid=None ask=Some((0.8218574268303633, 150.0)) (TP ask@0.82)
[2m2026-07-04T18:50:36.679402Z[0m [32m INFO[0m [2mpm_bot[0m[2m:[0m MAKER DOWN quotes: bid=None ask=Some((0.8217140319279453, 150.0)) (TP ask@0.82)
[2m2026-07-04T18:50:36.929162Z[0m [32m INFO[0m [2mpm_bot[0m[2m:[0m MAKER DOWN quotes: bid=None ask=Some((0.8215704871377421, 150.0)) (TP ask@0.82)
[2m2026-07-04T18:50:37.179510Z[0m [32m INFO[0m [2mpm_bot[0m[2m:[0m MAKER DOWN quotes: bid=None ask=Some((0.793197086729222, 150.0)) (TP ask@0.79)
[2m2026-07-04T18:50:37.428760Z[0m [32m INFO[0m [2mpm_bot[0m[2m:[0m MAKER DOWN quotes: bid=None ask=Some((0.7930553495371233, 150.0)) (TP ask@0.79)
[2m2026-07-04T18:50:37.678947Z[0m [32m INFO[0m [2mpm_bot[0m[2m:[0m MAKER DOWN quotes: bid=None ask=Some((0.7929129059201827, 150.0)) (TP ask@0.79)
[2m2026-07-04T18:50:37.929533Z[0m [32m INFO[0m [2mpm_bot[0m[2m:[0m MAKER DOWN quotes: bid=None ask=Some((0.7503778581924081, 150.0)) (TP ask@0.75)
[2m2026-07-04T18:50:38.179669Z[0m [32m INFO[0m [2mpm_bot[0m[2m:[0m MAKER DOWN quotes: bid=None ask=Some((0.7502284342689438, 150.0)) (TP ask@0.75)
[2m2026-07-04T18:50:38.428789Z[0m [32m INFO[0m [2mpm_bot[0m[2m:[0m MAKER DOWN quotes: bid=None ask=Some((0.7500794693342635, 150.0)) (TP ask@0.75)
[2m2026-07-04T18:50:38.679239Z[0m [32m INFO[0m [2mpm_bot[0m[2m:[0m MAKER DOWN quotes: bid=None ask=Some((0.7499291675550861, 150.0)) (TP ask@0.75)
[2m2026-07-04T18:50:38.929097Z[0m [32m INFO[0m [2mpm_bot[0m[2m:[0m MAKER DOWN quotes: bid=None ask=Some((0.7497793242903886, 150.0)) (TP ask@0.75)
[2m2026-07-04T18:50:39.179595Z[0m [32m INFO[0m [2mpm_bot[0m[2m:[0m MAKER DOWN quotes: bid=None ask=Some((0.7496293407698875, 150.0)) (TP ask@0.75)
[2m2026-07-04T18:50:39.428937Z[0m [32m INFO[0m [2mpm_bot[0m[2m:[0m MAKER DOWN quotes: bid=None ask=Some((0.7494798175310382, 150.0)) (TP ask@0.75)
[2m2026-07-04T18:50:39.679150Z[0m [32m INFO[0m [2mpm_bot[0m[2m:[0m MAKER DOWN quotes: bid=None ask=Some((0.7567309157926332, 150.0)) (TP ask@0.76)
[2m2026-07-04T18:50:39.929118Z[0m [32m INFO[0m [2mpm_bot[0m[2m:[0m MAKER DOWN quotes: bid=None ask=Some((0.7565922802653573, 150.0)) (TP ask@0.76)
[2m2026-07-04T18:50:40.179720Z[0m [32m INFO[0m [2mpm_bot[0m[2m:[0m MAKER DOWN quotes: bid=None ask=Some((0.7564535205927936, 150.0)) (TP ask@0.76)
[2m2026-07-04T18:50:40.429588Z[0m [32m INFO[0m [2mpm_bot[0m[2m:[0m MAKER DOWN quotes: bid=None ask=Some((0.7603605815178374, 150.0)) (TP ask@0.76)
[2m2026-07-04T18:50:40.679783Z[0m [32m INFO[0m [2mpm_bot[0m[2m:[0m MAKER DOWN quotes: bid=None ask=Some((0.760221383553678, 150.0)) (TP ask@0.76)
[2m2026-07-04T18:50:40.929910Z[0m [32m INFO[0m [2mpm_bot[0m[2m:[0m MAKER DOWN quotes: bid=None ask=Some((0.7600820599379166, 150.0)) (TP ask@0.76)
[2m2026-07-04T18:50:41.179227Z[0m [32m INFO[0m [2mpm_bot[0m[2m:[0m MAKER DOWN quotes: bid=None ask=Some((0.7599426104627585, 150.0)) (TP ask@0.76)
[2m2026-07-04T18:50:41.429124Z[0m [32m INFO[0m [2mpm_bot[0m[2m:[0m MAKER DOWN quotes: bid=None ask=Some((0.7563283004811944, 150.0)) (TP ask@0.76)
[2m2026-07-04T18:50:41.679147Z[0m [32m INFO[0m [2mpm_bot[0m[2m:[0m MAKER DOWN quotes: bid=None ask=Some((0.7561888428071423, 150.0)) (TP ask@0.76)
[2m2026-07-04T18:50:41.928883Z[0m [32m INFO[0m [2mpm_bot[0m[2m:[0m MAKER DOWN quotes: bid=None ask=Some((0.7560498181215344, 150.0)) (TP ask@0.76)
[2m2026-07-04T18:50:42.179554Z[0m [32m INFO[0m [2mpm_bot[0m[2m:[0m MAKER DOWN quotes: bid=None ask=Some((0.7559095504647013, 150.0)) (TP ask@0.76)
[2m2026-07-04T18:50:42.429442Z[0m [32m INFO[0m [2mpm_bot[0m[2m:[0m MAKER DOWN quotes: bid=None ask=Some((0.7542593387914667, 150.0)) (TP ask@0.75)
[2m2026-07-04T18:50:42.679708Z[0m [32m INFO[0m [2mpm_bot[0m[2m:[0m MAKER DOWN quotes: bid=None ask=Some((0.7541197732078546, 150.0)) (TP ask@0.75)
[2m2026-07-04T18:50:42.929781Z[0m [32m INFO[0m [2mpm_bot[0m[2m:[0m MAKER DOWN quotes: bid=None ask=Some((0.7539800820098912, 150.0)) (TP ask@0.75)
[2m2026-07-04T18:50:43.179213Z[0m [32m INFO[0m [2mpm_bot[0m[2m:[0m MAKER DOWN quotes: bid=None ask=Some((0.7538402649875473, 150.0)) (TP ask@0.75)
[2m2026-07-04T18:50:43.429034Z[0m [32m INFO[0m [2mpm_bot[0m[2m:[0m MAKER DOWN quotes: bid=None ask=Some((0.6426449713357352, 150.0)) (TP ask@0.64)
[2m2026-07-04T18:50:43.678743Z[0m [32m INFO[0m [2mpm_bot[0m[2m:[0m MAKER DOWN quotes: bid=None ask=Some((0.6425230103314602, 150.0)) (TP ask@0.64)
[2m2026-07-04T18:50:43.929504Z[0m [32m INFO[0m [2mpm_bot[0m[2m:[0m MAKER DOWN quotes: bid=None ask=Some((0.6423999666748264, 150.0)) (TP ask@0.64)
[2m2026-07-04T18:50:44.178811Z[0m [32m INFO[0m [2mpm_bot[0m[2m:[0m MAKER DOWN quotes: bid=None ask=Some((0.6422778010302301, 150.0)) (TP ask@0.64)
[2m2026-07-04T18:50:44.429554Z[0m [32m INFO[0m [2mpm_bot[0m[2m:[0m MAKER DOWN quotes: bid=None ask=Some((0.7082517724277666, 150.0)) (TP ask@0.71)
[2m2026-07-04T18:50:44.679289Z[0m [32m INFO[0m [2mpm_bot[0m[2m:[0m MAKER DOWN quotes: bid=None ask=Some((0.70812670186046, 150.0)) (TP ask@0.71)
[2m2026-07-04T18:50:44.929781Z[0m [32m INFO[0m [2mpm_bot[0m[2m:[0m MAKER DOWN quotes: bid=None ask=Some((0.7080015288502932, 150.0)) (TP ask@0.71)
[2m2026-07-04T18:50:45.179046Z[0m [32m INFO[0m [2mpm_bot[0m[2m:[0m MAKER DOWN quotes: bid=None ask=Some((0.6947063422612206, 150.0)) (TP ask@0.69)
[2m2026-07-04T18:50:45.428912Z[0m [32m INFO[0m [2mpm_bot[0m[2m:[0m MAKER DOWN quotes: bid=None ask=Some((0.6945821535766208, 150.0)) (TP ask@0.69)
[2m2026-07-04T18:50:45.679589Z[0m [32m INFO[0m [2mpm_bot[0m[2m:[0m MAKER DOWN quotes: bid=None ask=Some((0.6944568646295795, 150.0)) (TP ask@0.69)
[2m2026-07-04T18:50:45.929172Z[0m [32m INFO[0m [2mpm_bot[0m[2m:[0m MAKER DOWN quotes: bid=None ask=Some((0.6943319721041438, 150.0)) (TP ask@0.69)
[2m2026-07-04T18:50:46.179399Z[0m [32m INFO[0m [2mpm_bot[0m[2m:[0m MAKER DOWN quotes: bid=None ask=Some((0.693056581650082, 150.0)) (TP ask@0.69)
[2m2026-07-04T18:50:46.429333Z[0m [32m INFO[0m [2mpm_bot[0m[2m:[0m MAKER DOWN quotes: bid=None ask=Some((0.6929320675649364, 150.0)) (TP ask@0.69)
[2m2026-07-04T18:50:46.679586Z[0m [32m INFO[0m [2mpm_bot[0m[2m:[0m MAKER DOWN quotes: bid=None ask=Some((0.6928074511371928, 150.0)) (TP ask@0.69)
[2m2026-07-04T18:50:46.929713Z[0m [32m INFO[0m [2mpm_bot[0m[2m:[0m MAKER DOWN quotes: bid=None ask=Some((0.6926827321870495, 150.0)) (TP ask@0.69)
[2m2026-07-04T18:50:47.179129Z[0m [32m INFO[0m [2mpm_bot[0m[2m:[0m MAKER DOWN quotes: bid=None ask=Some((0.6889113228476249, 150.0)) (TP ask@0.69)
[2m2026-07-04T18:50:47.429654Z[0m [32m INFO[0m [2mpm_bot[0m[2m:[0m MAKER DOWN quotes: bid=None ask=Some((0.6887870284603004, 150.0)) (TP ask@0.69)
[2m2026-07-04T18:50:47.678976Z[0m [32m INFO[0m [2mpm_bot[0m[2m:[0m MAKER DOWN quotes: bid=None ask=Some((0.688663129475271, 150.0)) (TP ask@0.69)
[2m2026-07-04T18:50:47.929143Z[0m [32m INFO[0m [2mpm_bot[0m[2m:[0m MAKER DOWN quotes: bid=None ask=Some((0.6885381323371441, 150.0)) (TP ask@0.69)
[2m2026-07-04T18:50:48.179408Z[0m [32m INFO[0m [2mpm_bot[0m[2m:[0m MAKER DOWN quotes: bid=None ask=Some((0.6921692353905389, 150.0)) (TP ask@0.69)
[2m2026-07-04T18:50:48.429403Z[0m [32m INFO[0m [2mpm_bot[0m[2m:[0m MAKER DOWN quotes: bid=None ask=Some((0.6920450266843698, 150.0)) (TP ask@0.69)
[2m2026-07-04T18:50:48.679235Z[0m [32m INFO[0m [2mpm_bot[0m[2m:[0m MAKER DOWN quotes: bid=None ask=Some((0.6919207156843746, 150.0)) (TP ask@0.69)
[2m2026-07-04T18:50:48.928911Z[0m [32m INFO[0m [2mpm_bot[0m[2m:[0m MAKER DOWN quotes: bid=None ask=Some((0.6917968000679597, 150.0)) (TP ask@0.69)
[2m2026-07-04T18:50:49.179436Z[0m [32m INFO[0m [2mpm_bot[0m[2m:[0m MAKER DOWN quotes: bid=None ask=Some((0.6916717860789312, 150.0)) (TP ask@0.69)
[2m2026-07-04T18:50:49.429706Z[0m [32m INFO[0m [2mpm_bot[0m[2m:[0m MAKER DOWN quotes: bid=None ask=Some((0.6898258074579848, 150.0)) (TP ask@0.69)
[2m2026-07-04T18:50:49.679096Z[0m [32m INFO[0m [2mpm_bot[0m[2m:[0m MAKER DOWN quotes: bid=None ask=Some((0.6897016751146631, 150.0)) (TP ask@0.69)
[2m2026-07-04T18:50:49.928870Z[0m [32m INFO[0m [2mpm_bot[0m[2m:[0m MAKER DOWN quotes: bid=None ask=Some((0.6895779374140523, 150.0)) (TP ask@0.69)
[2m2026-07-04T18:50:50.179169Z[0m [32m INFO[0m [2mpm_bot[0m[2m:[0m MAKER DOWN quotes: bid=None ask=Some((0.6894531027422229, 150.0)) (TP ask@0.69)
[2m2026-07-04T18:50:50.429212Z[0m [32m INFO[0m [2mpm_bot[0m[2m:[0m MAKER DOWN quotes: bid=None ask=Some((0.6878576923727933, 150.0)) (TP ask@0.69)
[2m2026-07-04T18:50:50.679036Z[0m [32m INFO[0m [2mpm_bot[0m[2m:[0m MAKER DOWN quotes: bid=None ask=Some((0.6877337340543378, 150.0)) (TP ask@0.69)
[2m2026-07-04T18:50:50.929135Z[0m [32m INFO[0m [2mpm_bot[0m[2m:[0m MAKER DOWN quotes: bid=None ask=Some((0.6876096732015216, 150.0)) (TP ask@0.69)
[2m2026-07-04T18:50:51.179034Z[0m [32m INFO[0m [2mpm_bot[0m[2m:[0m MAKER DOWN quotes: bid=None ask=Some((0.6874855096307246, 150.0)) (TP ask@0.69)
[2m2026-07-04T18:50:51.429823Z[0m [32m INFO[0m [2mpm_bot[0m[2m:[0m MAKER DOWN quotes: bid=None ask=Some((0.6673681332533948, 150.0)) (TP ask@0.67)
[2m2026-07-04T18:50:51.679851Z[0m [32m INFO[0m [2mpm_bot[0m[2m:[0m MAKER DOWN quotes: bid=None ask=Some((0.6672509132360483, 150.0)) (TP ask@0.67)
[2m2026-07-04T18:50:51.928980Z[0m [32m INFO[0m [2mpm_bot[0m[2m:[0m MAKER DOWN quotes: bid=None ask=Some((0.6671340671735431, 150.0)) (TP ask@0.67)
[2m2026-07-04T18:50:52.179544Z[0m [32m INFO[0m [2mpm_bot[0m[2m:[0m MAKER DOWN quotes: bid=None ask=Some((0.6670161865333629, 150.0)) (TP ask@0.67)
[2m2026-07-04T18:50:52.429285Z[0m [32m INFO[0m [2mpm_bot[0m[2m:[0m MAKER DOWN quotes: bid=None ask=Some((0.7665452312925847, 150.0)) (TP ask@0.77)
[2m2026-07-04T18:50:52.679558Z[0m [32m INFO[0m [2mpm_bot[0m[2m:[0m MAKER DOWN quotes: bid=None ask=Some((0.7664366741193536, 150.0)) (TP ask@0.77)
[2m2026-07-04T18:50:52.929063Z[0m [32m INFO[0m [2mpm_bot[0m[2m:[0m MAKER DOWN quotes: bid=None ask=Some((0.7663280366455338, 150.0)) (TP ask@0.77)
[2m2026-07-04T18:50:53.179674Z[0m [32m INFO[0m [2mpm_bot[0m[2m:[0m MAKER DOWN quotes: bid=None ask=Some((0.7662193187576305, 150.0)) (TP ask@0.77)
[2m2026-07-04T18:50:53.428735Z[0m [32m INFO[0m [2mpm_bot[0m[2m:[0m MAKER DOWN quotes: bid=None ask=Some((0.8705319948034497, 150.0)) (TP ask@0.87)
[2m2026-07-04T18:50:53.678818Z[0m [32m INFO[0m [2mpm_bot[0m[2m:[0m MAKER DOWN quotes: bid=None ask=Some((0.8704409977884356, 150.0)) (TP ask@0.87)
[2m2026-07-04T18:50:53.929156Z[0m [32m INFO[0m [2mpm_bot[0m[2m:[0m MAKER DOWN quotes: bid=None ask=Some((0.8703495654881582, 150.0)) (TP ask@0.87)
[2m2026-07-04T18:50:54.179913Z[0m [32m INFO[0m [2mpm_bot[0m[2m:[0m MAKER DOWN quotes: bid=None ask=Some((0.8702584263809013, 150.0)) (TP ask@0.87)
[2m2026-07-04T18:50:54.429468Z[0m [32m INFO[0m [2mpm_bot[0m[2m:[0m MAKER DOWN quotes: bid=None ask=Some((0.7816820736926011, 150.0)) (TP ask@0.78)
[2m2026-07-04T18:50:54.679428Z[0m [32m INFO[0m [2mpm_bot[0m[2m:[0m MAKER DOWN quotes: bid=None ask=Some((0.7815756472619397, 150.0)) (TP ask@0.78)
[2m2026-07-04T18:50:54.929324Z[0m [32m INFO[0m [2mpm_bot[0m[2m:[0m MAKER DOWN quotes: bid=None ask=Some((0.7814691428845859, 150.0)) (TP ask@0.78)
[2m2026-07-04T18:50:55.179159Z[0m [32m INFO[0m [2mpm_bot[0m[2m:[0m MAKER DOWN quotes: bid=None ask=Some((0.7813625604568442, 150.0)) (TP ask@0.78)
[2m2026-07-04T18:50:55.428879Z[0m [32m INFO[0m [2mpm_bot[0m[2m:[0m MAKER DOWN quotes: bid=None ask=Some((0.6869566561909468, 150.0)) (TP ask@0.69)
[2m2026-07-04T18:50:55.679866Z[0m [32m INFO[0m [2mpm_bot[0m[2m:[0m MAKER DOWN quotes: bid=None ask=Some((0.6868473961949261, 150.0)) (TP ask@0.69)
[2m2026-07-04T18:50:55.929516Z[0m [32m INFO[0m [2mpm_bot[0m[2m:[0m MAKER DOWN quotes: bid=None ask=Some((0.6867384879190539, 150.0)) (TP ask@0.69)
[2m2026-07-04T18:50:56.179139Z[0m [32m INFO[0m [2mpm_bot[0m[2m:[0m MAKER DOWN quotes: bid=None ask=Some((0.6866294960863033, 150.0)) (TP ask@0.69)
[2m2026-07-04T18:50:56.428802Z[0m [32m INFO[0m [2mpm_bot[0m[2m:[0m MAKER DOWN quotes: bid=None ask=Some((0.6776604434802241, 150.0)) (TP ask@0.68)
[2m2026-07-04T18:50:56.679477Z[0m [32m INFO[0m [2mpm_bot[0m[2m:[0m MAKER DOWN quotes: bid=None ask=Some((0.6775513489688958, 150.0)) (TP ask@0.68)
[2m2026-07-04T18:50:56.929497Z[0m [32m INFO[0m [2mpm_bot[0m[2m:[0m MAKER DOWN quotes: bid=None ask=Some((0.6774426046734159, 150.0)) (TP ask@0.68)
[2m2026-07-04T18:50:57.179560Z[0m [32m INFO[0m [2mpm_bot[0m[2m:[0m MAKER DOWN quotes: bid=None ask=Some((0.6773337759728038, 150.0)) (TP ask@0.68)
[2m2026-07-04T18:50:57.429396Z[0m [32m INFO[0m [2mpm_bot[0m[2m:[0m MAKER DOWN quotes: bid=None ask=Some((0.6772248627168119, 150.0)) (TP ask@0.68)
[2m2026-07-04T18:50:57.679135Z[0m [32m INFO[0m [2mpm_bot[0m[2m:[0m MAKER DOWN quotes: bid=None ask=Some((0.6771158647547468, 150.0)) (TP ask@0.68)
[2m2026-07-04T18:50:57.929845Z[0m [32m INFO[0m [2mpm_bot[0m[2m:[0m MAKER DOWN quotes: bid=None ask=Some((0.6770067819354676, 150.0)) (TP ask@0.68)
[2m2026-07-04T18:50:58.179679Z[0m [32m INFO[0m [2mpm_bot[0m[2m:[0m MAKER DOWN quotes: bid=None ask=Some((0.6720778723804923, 150.0)) (TP ask@0.67)
[2m2026-07-04T18:50:58.429479Z[0m [32m INFO[0m [2mpm_bot[0m[2m:[0m MAKER DOWN quotes: bid=None ask=Some((0.671968759496339, 150.0)) (TP ask@0.67)
[2m2026-07-04T18:50:58.679192Z[0m [32m INFO[0m [2mpm_bot[0m[2m:[0m MAKER DOWN quotes: bid=None ask=Some((0.6882596878058789, 150.0)) (TP ask@0.69)
[2m2026-07-04T18:50:58.929741Z[0m [32m INFO[0m [2mpm_bot[0m[2m:[0m MAKER DOWN quotes: bid=None ask=Some((0.6881441410917171, 150.0)) (TP ask@0.69)
[2m2026-07-04T18:50:59.179729Z[0m [32m INFO[0m [2mpm_bot[0m[2m:[0m MAKER DOWN quotes: bid=None ask=Some((0.6880285018409007, 150.0)) (TP ask@0.69)
[2m2026-07-04T18:50:59.429389Z[0m [32m INFO[0m [2mpm_bot[0m[2m:[0m MAKER DOWN quotes: bid=None ask=Some((0.7275745150894315, 150.0)) (TP ask@0.73)
[2m2026-07-04T18:50:59.679409Z[0m [32m INFO[0m [2mpm_bot[0m[2m:[0m MAKER DOWN quotes: bid=None ask=Some((0.7274593806859879, 150.0)) (TP ask@0.73)
[2m2026-07-04T18:50:59.929300Z[0m [32m INFO[0m [2mpm_bot[0m[2m:[0m MAKER DOWN quotes: bid=None ask=Some((0.727344156513178, 150.0)) (TP ask@0.73)
[2m2026-07-04T18:51:00.179010Z[0m [32m INFO[0m [2mpm_bot[0m[2m:[0m MAKER DOWN quotes: bid=None ask=Some((0.7272293038596767, 150.0)) (TP ask@0.73)
[2m2026-07-04T18:51:00.428824Z[0m [32m INFO[0m [2mpm_bot[0m[2m:[0m MAKER DOWN quotes: bid=None ask=Some((0.7346046231127994, 150.0)) (TP ask@0.73)
[2m2026-07-04T18:51:00.679165Z[0m [32m INFO[0m [2mpm_bot[0m[2m:[0m MAKER DOWN quotes: bid=None ask=Some((0.7344946778985872, 150.0)) (TP ask@0.73)
[2m2026-07-04T18:51:00.929484Z[0m [32m INFO[0m [2mpm_bot[0m[2m:[0m MAKER DOWN quotes: bid=None ask=Some((0.7343850890130869, 150.0)) (TP ask@0.73)
[2m2026-07-04T18:51:01.179413Z[0m [32m INFO[0m [2mpm_bot[0m[2m:[0m MAKER DOWN quotes: bid=None ask=Some((0.7342754184638957, 150.0)) (TP ask@0.73)
[2m2026-07-04T18:51:01.429123Z[0m [32m INFO[0m [2mpm_bot[0m[2m:[0m MAKER DOWN quotes: bid=None ask=Some((0.7339810412078744, 150.0)) (TP ask@0.73)
[2m2026-07-04T18:51:01.678813Z[0m [32m INFO[0m [2mpm_bot[0m[2m:[0m MAKER DOWN quotes: bid=None ask=Some((0.7338813056860324, 150.0)) (TP ask@0.73)
[2m2026-07-04T18:51:01.929609Z[0m [32m INFO[0m [2mpm_bot[0m[2m:[0m MAKER DOWN quotes: bid=None ask=Some((0.7337807005566084, 150.0)) (TP ask@0.73)
[2m2026-07-04T18:51:02.178797Z[0m [32m INFO[0m [2mpm_bot[0m[2m:[0m MAKER DOWN quotes: bid=None ask=Some((0.7336808289919223, 150.0)) (TP ask@0.73)
[2m2026-07-04T18:51:02.429624Z[0m [32m INFO[0m [2mpm_bot[0m[2m:[0m MAKER DOWN quotes: bid=None ask=Some((0.7212982655629935, 150.0)) (TP ask@0.72)
[2m2026-07-04T18:51:02.679262Z[0m [32m INFO[0m [2mpm_bot[0m[2m:[0m MAKER DOWN quotes: bid=None ask=Some((0.7212031161850243, 150.0)) (TP ask@0.72)
[2m2026-07-04T18:51:02.928844Z[0m [32m INFO[0m [2mpm_bot[0m[2m:[0m MAKER DOWN quotes: bid=None ask=Some((0.721108285527041, 150.0)) (TP ask@0.72)
[2m2026-07-04T18:51:03.179573Z[0m [32m INFO[0m [2mpm_bot[0m[2m:[0m MAKER DOWN quotes: bid=None ask=Some((0.7210126305891875, 150.0)) (TP ask@0.72)
[2m2026-07-04T18:51:03.429237Z[0m [32m INFO[0m [2mpm_bot[0m[2m:[0m MAKER DOWN quotes: bid=None ask=Some((0.7065450345517753, 150.0)) (TP ask@0.71)
[2m2026-07-04T18:51:03.679356Z[0m [32m INFO[0m [2mpm_bot[0m[2m:[0m MAKER DOWN quotes: bid=None ask=Some((0.706453605241266, 150.0)) (TP ask@0.71)
[2m2026-07-04T18:51:03.929319Z[0m [32m INFO[0m [2mpm_bot[0m[2m:[0m MAKER DOWN quotes: bid=None ask=Some((0.7063621171597969, 150.0)) (TP ask@0.71)
[2m2026-07-04T18:51:04.179090Z[0m [32m INFO[0m [2mpm_bot[0m[2m:[0m MAKER DOWN quotes: bid=None ask=Some((0.706270570222415, 150.0)) (TP ask@0.71)
[2m2026-07-04T18:51:04.429431Z[0m [32m INFO[0m [2mpm_bot[0m[2m:[0m MAKER DOWN quotes: bid=None ask=Some((0.7061789643439553, 150.0)) (TP ask@0.71)
[2m2026-07-04T18:51:04.678799Z[0m [32m INFO[0m [2mpm_bot[0m[2m:[0m MAKER DOWN quotes: bid=None ask=Some((0.6270284385927636, 150.0)) (TP ask@0.63)
[2m2026-07-04T18:51:04.928886Z[0m [32m INFO[0m [2mpm_bot[0m[2m:[0m MAKER DOWN quotes: bid=None ask=Some((0.6269486876251946, 150.0)) (TP ask@0.63)
[2m2026-07-04T18:51:05.178740Z[0m [32m INFO[0m [2mpm_bot[0m[2m:[0m MAKER DOWN quotes: bid=None ask=Some((0.626868878955497, 150.0)) (TP ask@0.63)
[2m2026-07-04T18:51:05.428858Z[0m [32m INFO[0m [2mpm_bot[0m[2m:[0m MAKER DOWN quotes: bid=None ask=Some((0.6267890124762476, 150.0)) (TP ask@0.63)
[2m2026-07-04T18:51:05.679368Z[0m [32m INFO[0m [2mpm_bot[0m[2m:[0m MAKER DOWN quotes: bid=None ask=Some((0.48000000000000004, 150.0)) (TP ask@0.48)
[2m2026-07-04T18:51:08.679385Z[0m [32m INFO[0m [2mpm_bot[0m[2m:[0m MAKER UP quotes: bid=Some((0.53, 50.0)) ask=None (bid@0.53 fair=0.564)
[2m2026-07-04T18:51:09.428985Z[0m [32m INFO[0m [2mpm_bot[0m[2m:[0m MAKER UP quotes: bid=Some((0.54, 50.0)) ask=None (bid@0.54 fair=0.574)
[2m2026-07-04T18:51:10.086981Z[0m [32m INFO[0m [2mpm_bot[0m[2m:[0m PAPER fill maker 72119226 sur trade @0.540 (achat=true vente=false)
[2m2026-07-04T18:51:10.179616Z[0m [32m INFO[0m [2mpm_bot[0m[2m:[0m MAKER UP quotes: bid=None ask=Some((0.62, 50.0)) (TP ask@0.62)
[2m2026-07-04T18:51:20.128622Z[0m [32m INFO[0m [2mpm_bot[0m[2m:[0m PAPER fill maker 72119226 sur trade @0.620 (achat=false vente=true)
[2m2026-07-04T18:51:32.179181Z[0m [32m INFO[0m [2mexecution[0m[2m:[0m [DRY-RUN] dryrun-14 Sell 17843050 x 150 @ 0.150 (Fak)
[2m2026-07-04T18:51:32.428809Z[0m [32m INFO[0m [2mpm_bot[0m[2m:[0m MAKER UP quotes: bid=Some((0.79, 50.0)) ask=None (bid@0.79 fair=0.825)
[2m2026-07-04T18:51:33.179756Z[0m [32m INFO[0m [2mpm_bot[0m[2m:[0m MAKER UP quotes: bid=None ask=None ()
[2m2026-07-04T18:51:33.679375Z[0m [32m INFO[0m [2mpm_bot[0m[2m:[0m MAKER UP quotes: bid=Some((0.79, 50.0)) ask=None (bid@0.79 fair=0.825)
[2m2026-07-04T18:51:33.928856Z[0m [32m INFO[0m [2mpm_bot[0m[2m:[0m MAKER UP quotes: bid=None ask=None ()
[2m2026-07-04T18:51:38.679440Z[0m [32m INFO[0m [2mpm_bot[0m[2m:[0m MAKER UP quotes: bid=Some((0.8, 50.0)) ask=None (bid@0.80 fair=0.840)
[2m2026-07-04T18:51:39.179296Z[0m [32m INFO[0m [2mpm_bot[0m[2m:[0m MAKER UP quotes: bid=Some((0.81, 50.0)) ask=None (bid@0.81 fair=0.840)
[2m2026-07-04T18:51:39.679491Z[0m [32m INFO[0m [2mpm_bot[0m[2m:[0m MAKER UP quotes: bid=None ask=None ()
[2m2026-07-04T18:51:40.679817Z[0m [32m INFO[0m [2mpm_bot[0m[2m:[0m MAKER DOWN quotes: bid=Some((0.15, 50.0)) ask=None (bid@0.15 fair=0.196)
[2m2026-07-04T18:51:40.929605Z[0m [32m INFO[0m [2mpm_bot[0m[2m:[0m MAKER DOWN quotes: bid=Some((0.16, 50.0)) ask=None (bid@0.16 fair=0.196)
[2m2026-07-04T18:51:42.679388Z[0m [32m INFO[0m [2mpm_bot[0m[2m:[0m MAKER DOWN quotes: bid=Some((0.17, 50.0)) ask=None (bid@0.17 fair=0.202)
[2m2026-07-04T18:51:43.679410Z[0m [32m INFO[0m [2mpm_bot[0m[2m:[0m MAKER DOWN quotes: bid=None ask=None ()
[2m2026-07-04T18:51:47.179587Z[0m [32m INFO[0m [2mpm_bot[0m[2m:[0m MAKER UP quotes: bid=Some((0.79, 50.0)) ask=None (bid@0.79 fair=0.828)
[2m2026-07-04T18:51:47.929777Z[0m [32m INFO[0m [2mpm_bot[0m[2m:[0m MAKER UP quotes: bid=None ask=None ()
[2m2026-07-04T18:52:03.428864Z[0m [32m INFO[0m [2mpm_bot[0m[2m:[0m TAKER: UP (z=2.24 p=0.987 ask=0.890 avg=0.890 tau=177s)
[2m2026-07-04T18:52:03.428894Z[0m [32m INFO[0m [2mexecution[0m[2m:[0m [DRY-RUN] dryrun-15 Buy 72119226 x 248 @ 0.900 (Fak)
[2m2026-07-04T18:52:03.428905Z[0m [32m INFO[0m [2mpm_bot[0m[2m:[0m MAKER UP quotes: bid=None ask=Some((0.99, 248.0)) (TP ask@0.99)
[2m2026-07-04T18:52:09.178818Z[0m [32m INFO[0m [2mexecution[0m[2m:[0m [DRY-RUN] dryrun-16 Sell 72119226 x 248 @ 0.880 (Fak)
[2m2026-07-04T18:52:28.493723Z[0m [32m INFO[0m [2mpm_bot[0m[2m:[0m résolution officielle : Down
[2m2026-07-04T18:52:28.493803Z[0m [32m INFO[0m [2mpm_acquisition::clob[0m[2m:[0m CLOB flux terminé (marché résolu/fermé)
[2m2026-07-04T18:55:02.400325Z[0m [32m INFO[0m [2mpm_bot[0m[2m:[0m RÈGLEMENT btc-updown-5m-1783191000 | strike=Some("63052.89") issue=Up (estimé) | PnL up=+1.52 down=-37.50 | taker=1 maker_fills=5 | PnL cumulé=-113.08
[2m2026-07-04T18:55:02.400477Z[0m [32m INFO[0m [2mpm_bot[0m[2m:[0m fenêtre active: btc-updown-5m-1783191300 [1783191300000 → 1783191600000]
[2m2026-07-04T18:55:02.400546Z[0m [32m INFO[0m [2mpm_bot[0m[2m:[0m strike gelé: Some(63100.233301499386) (confidence=1.000, gap=Some(0) ms)
[2m2026-07-04T18:55:03.043054Z[0m [32m INFO[0m [2mpm_acquisition::clob[0m[2m:[0m CLOB connecté (up=89175800…, down=72877497…)
[2m2026-07-04T18:55:03.197717Z[0m [32m INFO[0m [2mpm_bot[0m[2m:[0m MAKER DOWN quotes: bid=Some((0.49, 50.0)) ask=None (bid@0.49 fair=0.744)
[2m2026-07-04T18:55:03.882190Z[0m [32m INFO[0m [2mpm_bot[0m[2m:[0m PAPER fill maker 72877497 sur trade @0.490 (achat=true vente=false)
[2m2026-07-04T18:55:03.947792Z[0m [32m INFO[0m [2mpm_bot[0m[2m:[0m MAKER DOWN quotes: bid=Some((0.49, 50.0)) ask=Some((0.7559087029462819, 50.0)) (TP ask@0.76 | bid@0.49 fair=0.746)
[2m2026-07-04T18:55:04.127108Z[0m [32m INFO[0m [2mpm_bot[0m[2m:[0m PAPER fill maker 72877497 sur trade @0.490 (achat=true vente=false)
[2m2026-07-04T18:55:04.197244Z[0m [32m INFO[0m [2mpm_bot[0m[2m:[0m MAKER DOWN quotes: bid=Some((0.5, 50.0)) ask=Some((0.7558199906260018, 100.0)) (TP ask@0.76 | bid@0.50 fair=0.746)
[2m2026-07-04T18:55:04.447283Z[0m [32m INFO[0m [2mpm_bot[0m[2m:[0m MAKER DOWN quotes: bid=Some((0.5, 50.0)) ask=Some((0.7557312249216181, 100.0)) (TP ask@0.76 | bid@0.50 fair=0.746)
[2m2026-07-04T18:55:04.697460Z[0m [32m INFO[0m [2mpm_bot[0m[2m:[0m MAKER DOWN quotes: bid=Some((0.5, 50.0)) ask=Some((0.7312221817896034, 100.0)) (TP ask@0.73 | bid@0.50 fair=0.721)
[2m2026-07-04T18:55:04.947056Z[0m [32m INFO[0m [2mpm_bot[0m[2m:[0m MAKER DOWN quotes: bid=Some((0.5, 50.0)) ask=Some((0.7311334860565175, 100.0)) (TP ask@0.73 | bid@0.50 fair=0.721)
[2m2026-07-04T18:55:05.197468Z[0m [32m INFO[0m [2mpm_bot[0m[2m:[0m MAKER DOWN quotes: bid=Some((0.5, 50.0)) ask=Some((0.7310447367609736, 100.0)) (TP ask@0.73 | bid@0.50 fair=0.721)
[2m2026-07-04T18:55:05.331340Z[0m [32m INFO[0m [2mpm_bot[0m[2m:[0m PAPER fill maker 72877497 sur trade @0.500 (achat=true vente=false)
[2m2026-07-04T18:55:05.447621Z[0m [32m INFO[0m [2mpm_bot[0m[2m:[0m MAKER DOWN quotes: bid=None ask=Some((0.7309559338349978, 150.0)) (TP ask@0.73)
[2m2026-07-04T18:55:05.697943Z[0m [32m INFO[0m [2mpm_bot[0m[2m:[0m MAKER DOWN quotes: bid=None ask=Some((0.7533810436145043, 150.0)) (TP ask@0.75)
[2m2026-07-04T18:55:05.947463Z[0m [32m INFO[0m [2mpm_bot[0m[2m:[0m MAKER DOWN quotes: bid=None ask=Some((0.7532878389428501, 150.0)) (TP ask@0.75)
[2m2026-07-04T18:55:06.197764Z[0m [32m INFO[0m [2mpm_bot[0m[2m:[0m MAKER DOWN quotes: bid=None ask=Some((0.7531945754288144, 150.0)) (TP ask@0.75)
[2m2026-07-04T18:55:06.447791Z[0m [32m INFO[0m [2mpm_bot[0m[2m:[0m MAKER DOWN quotes: bid=None ask=Some((0.7826101175879561, 150.0)) (TP ask@0.78)
[2m2026-07-04T18:55:06.697805Z[0m [32m INFO[0m [2mpm_bot[0m[2m:[0m MAKER DOWN quotes: bid=None ask=Some((0.7825175605662948, 150.0)) (TP ask@0.78)
[2m2026-07-04T18:55:06.947729Z[0m [32m INFO[0m [2mpm_bot[0m[2m:[0m MAKER DOWN quotes: bid=None ask=Some((0.7824249443566111, 150.0)) (TP ask@0.78)
[2m2026-07-04T18:55:07.197504Z[0m [32m INFO[0m [2mpm_bot[0m[2m:[0m MAKER DOWN quotes: bid=None ask=Some((0.7823322688899521, 150.0)) (TP ask@0.78)
[2m2026-07-04T18:55:07.447624Z[0m [32m INFO[0m [2mpm_bot[0m[2m:[0m MAKER DOWN quotes: bid=None ask=Some((0.7822395340972296, 150.0)) (TP ask@0.78)
[2m2026-07-04T18:55:07.697641Z[0m [32m INFO[0m [2mpm_bot[0m[2m:[0m MAKER DOWN quotes: bid=None ask=Some((0.7821467399092212, 150.0)) (TP ask@0.78)
[2m2026-07-04T18:55:07.947780Z[0m [32m INFO[0m [2mpm_bot[0m[2m:[0m MAKER DOWN quotes: bid=None ask=Some((0.7389506415549619, 150.0)) (TP ask@0.74)
[2m2026-07-04T18:55:08.197333Z[0m [32m INFO[0m [2mpm_bot[0m[2m:[0m MAKER DOWN quotes: bid=None ask=Some((0.7388610900715966, 150.0)) (TP ask@0.74)
[2m2026-07-04T18:55:08.447200Z[0m [32m INFO[0m [2mpm_bot[0m[2m:[0m MAKER DOWN quotes: bid=None ask=Some((0.7386721446124705, 150.0)) (TP ask@0.74)
[2m2026-07-04T18:55:08.697799Z[0m [32m INFO[0m [2mpm_bot[0m[2m:[0m MAKER DOWN quotes: bid=None ask=Some((0.7385824937743869, 150.0)) (TP ask@0.74)
[2m2026-07-04T18:55:08.947206Z[0m [32m INFO[0m [2mpm_bot[0m[2m:[0m MAKER DOWN quotes: bid=None ask=Some((0.7384927883567396, 150.0)) (TP ask@0.74)
[2m2026-07-04T18:55:09.197212Z[0m [32m INFO[0m [2mpm_bot[0m[2m:[0m MAKER DOWN quotes: bid=None ask=Some((0.7365172671122335, 150.0)) (TP ask@0.74)
[2m2026-07-04T18:55:09.447782Z[0m [32m INFO[0m [2mpm_bot[0m[2m:[0m MAKER DOWN quotes: bid=None ask=Some((0.736427967356213, 150.0)) (TP ask@0.74)
[2m2026-07-04T18:55:09.697542Z[0m [32m INFO[0m [2mpm_bot[0m[2m:[0m MAKER DOWN quotes: bid=None ask=Some((0.7363386133918886, 150.0)) (TP ask@0.74)
[2m2026-07-04T18:55:09.947437Z[0m [32m INFO[0m [2mpm_bot[0m[2m:[0m MAKER DOWN quotes: bid=None ask=Some((0.7362492051509391, 150.0)) (TP ask@0.74)
[2m2026-07-04T18:55:10.197364Z[0m [32m INFO[0m [2mpm_bot[0m[2m:[0m MAKER DOWN quotes: bid=None ask=Some((0.7659647480217223, 150.0)) (TP ask@0.77)
[2m2026-07-04T18:55:10.447774Z[0m [32m INFO[0m [2mpm_bot[0m[2m:[0m MAKER DOWN quotes: bid=None ask=Some((0.7658749020543419, 150.0)) (TP ask@0.77)
[2m2026-07-04T18:55:10.696933Z[0m [32m INFO[0m [2mpm_bot[0m[2m:[0m MAKER DOWN quotes: bid=None ask=Some((0.7657853608882365, 150.0)) (TP ask@0.77)
[2m2026-07-04T18:55:10.947024Z[0m [32m INFO[0m [2mpm_bot[0m[2m:[0m MAKER DOWN quotes: bid=None ask=Some((0.765695405253388, 150.0)) (TP ask@0.77)
[2m2026-07-04T18:55:11.197090Z[0m [32m INFO[0m [2mpm_bot[0m[2m:[0m MAKER DOWN quotes: bid=None ask=Some((0.7656050344254997, 150.0)) (TP ask@0.77)
[2m2026-07-04T18:55:11.447331Z[0m [32m INFO[0m [2mpm_bot[0m[2m:[0m MAKER DOWN quotes: bid=None ask=Some((0.7656837047082332, 150.0)) (TP ask@0.77)
[2m2026-07-04T18:55:11.697247Z[0m [32m INFO[0m [2mpm_bot[0m[2m:[0m MAKER DOWN quotes: bid=None ask=Some((0.7655935887664725, 150.0)) (TP ask@0.77)
[2m2026-07-04T18:55:11.947663Z[0m [32m INFO[0m [2mpm_bot[0m[2m:[0m MAKER DOWN quotes: bid=None ask=Some((0.7655034175939213, 150.0)) (TP ask@0.77)
[2m2026-07-04T18:55:12.197507Z[0m [32m INFO[0m [2mpm_bot[0m[2m:[0m MAKER DOWN quotes: bid=None ask=Some((0.765413191125902, 150.0)) (TP ask@0.77)
[2m2026-07-04T18:55:12.447582Z[0m [32m INFO[0m [2mpm_bot[0m[2m:[0m MAKER DOWN quotes: bid=None ask=Some((0.7830951813560545, 150.0)) (TP ask@0.78)
[2m2026-07-04T18:55:12.697499Z[0m [32m INFO[0m [2mpm_bot[0m[2m:[0m MAKER DOWN quotes: bid=None ask=Some((0.7830010875738589, 150.0)) (TP ask@0.78)
[2m2026-07-04T18:55:12.947732Z[0m [32m INFO[0m [2mpm_bot[0m[2m:[0m MAKER DOWN quotes: bid=None ask=Some((0.7829069326018399, 150.0)) (TP ask@0.78)
[2m2026-07-04T18:55:13.197052Z[0m [32m INFO[0m [2mpm_bot[0m[2m:[0m MAKER DOWN quotes: bid=None ask=Some((0.7828127163676428, 150.0)) (TP ask@0.78)
[2m2026-07-04T18:55:13.447609Z[0m [32m INFO[0m [2mpm_bot[0m[2m:[0m MAKER DOWN quotes: bid=None ask=Some((0.7751550564408675, 150.0)) (TP ask@0.78)
[2m2026-07-04T18:55:13.697189Z[0m [32m INFO[0m [2mpm_bot[0m[2m:[0m MAKER DOWN quotes: bid=None ask=Some((0.7750600971145956, 150.0)) (TP ask@0.78)
[2m2026-07-04T18:55:13.947615Z[0m [32m INFO[0m [2mpm_bot[0m[2m:[0m MAKER DOWN quotes: bid=None ask=Some((0.7749650759465927, 150.0)) (TP ask@0.77)
[2m2026-07-04T18:55:14.197044Z[0m [32m INFO[0m [2mpm_bot[0m[2m:[0m MAKER DOWN quotes: bid=None ask=Some((0.7748699928618094, 150.0)) (TP ask@0.77)
[2m2026-07-04T18:55:14.447092Z[0m [32m INFO[0m [2mpm_bot[0m[2m:[0m MAKER DOWN quotes: bid=None ask=Some((0.7747748477850426, 150.0)) (TP ask@0.77)
[2m2026-07-04T18:55:14.697433Z[0m [32m INFO[0m [2mpm_bot[0m[2m:[0m MAKER DOWN quotes: bid=None ask=Some((0.7471578221092561, 150.0)) (TP ask@0.75)
[2m2026-07-04T18:55:14.947777Z[0m [32m INFO[0m [2mpm_bot[0m[2m:[0m MAKER DOWN quotes: bid=None ask=Some((0.7470626463013856, 150.0)) (TP ask@0.75)
[2m2026-07-04T18:55:15.197781Z[0m [32m INFO[0m [2mpm_bot[0m[2m:[0m MAKER DOWN quotes: bid=None ask=Some((0.7309970916386634, 150.0)) (TP ask@0.73)
[2m2026-07-04T18:55:15.447732Z[0m [32m INFO[0m [2mpm_bot[0m[2m:[0m MAKER DOWN quotes: bid=None ask=Some((0.7309062205367576, 150.0)) (TP ask@0.73)
[2m2026-07-04T18:55:15.697793Z[0m [32m INFO[0m [2mpm_bot[0m[2m:[0m MAKER DOWN quotes: bid=None ask=Some((0.7308152931541334, 150.0)) (TP ask@0.73)
