[2m2026-07-04T18:08:31.901379Z[0m [32m INFO[0m [2mpm_bot[0m[2m:[0m pm-bot démarre (PAPER mode) — archives: /home/user/rustfactor/polymarket-btc5m-bot/data_v2/run_20260704T180831
[2m2026-07-04T18:08:32.315987Z[0m [32m INFO[0m [2mpm_bot[0m[2m:[0m fenêtre active: btc-updown-5m-1783188300 [1783188300000 → 1783188600000]
[2m2026-07-04T18:08:32.652615Z[0m [32m INFO[0m [2mpm_acquisition::rtds[0m[2m:[0m RTDS connecté
[2m2026-07-04T18:08:32.905740Z[0m [32m INFO[0m [2mpm_acquisition::clob[0m[2m:[0m CLOB connecté (up=14030344…, down=10054964…)
[2m2026-07-04T18:08:34.091311Z[0m [32m INFO[0m [2mpm_bot[0m[2m:[0m strike gelé: Some(63201.07125483498) (confidence=0.000, gap=Some(213000) ms)
[2m2026-07-04T18:10:02.059364Z[0m [32m INFO[0m [2mpm_bot[0m[2m:[0m fenêtre active: btc-updown-5m-1783188600 [1783188600000 → 1783188900000]
[2m2026-07-04T18:10:02.059471Z[0m [32m INFO[0m [2mpm_bot[0m[2m:[0m strike gelé: Some(63146.2931939774) (confidence=1.000, gap=Some(0) ms)
[2m2026-07-04T18:10:02.649356Z[0m [32m INFO[0m [2mpm_acquisition::clob[0m[2m:[0m CLOB connecté (up=79591743…, down=56784515…)
[2m2026-07-04T18:10:10.157065Z[0m [32m INFO[0m [2mpm_bot[0m[2m:[0m TAKER: DOWN (z=-3.81 p=1.000 ask=0.570 avg=0.570 tau=290s)
[2m2026-07-04T18:10:10.157091Z[0m [32m INFO[0m [2mexecution[0m[2m:[0m [DRY-RUN] dryrun-0 Buy 56784515 x 438 @ 0.580 (Fak)
[2m2026-07-04T18:10:10.406378Z[0m [32m INFO[0m [2mpm_bot[0m[2m:[0m TAKER: DOWN (z=-3.79 p=1.000 ask=0.550 avg=0.564 tau=290s)
[2m2026-07-04T18:10:10.406406Z[0m [32m INFO[0m [2mexecution[0m[2m:[0m [DRY-RUN] dryrun-1 Buy 56784515 x 454 @ 0.574 (Fak)
[2m2026-07-04T18:10:10.656338Z[0m [32m INFO[0m [2mpm_bot[0m[2m:[0m TAKER: DOWN (z=-3.79 p=1.000 ask=0.550 avg=0.570 tau=289s)
[2m2026-07-04T18:10:10.656365Z[0m [32m INFO[0m [2mexecution[0m[2m:[0m [DRY-RUN] dryrun-2 Buy 56784515 x 454 @ 0.580 (Fak)
[2m2026-07-04T18:10:10.907319Z[0m [32m INFO[0m [2mpm_bot[0m[2m:[0m TAKER: DOWN (z=-3.79 p=1.000 ask=0.560 avg=0.571 tau=289s)
[2m2026-07-04T18:10:10.907347Z[0m [32m INFO[0m [2mexecution[0m[2m:[0m [DRY-RUN] dryrun-3 Buy 56784515 x 446 @ 0.581 (Fak)
[2m2026-07-04T18:10:11.156200Z[0m [32m INFO[0m [2mpm_bot[0m[2m:[0m TAKER: DOWN (z=-3.77 p=1.000 ask=0.560 avg=0.576 tau=289s)
[2m2026-07-04T18:10:11.156227Z[0m [32m INFO[0m [2mexecution[0m[2m:[0m [DRY-RUN] dryrun-4 Buy 56784515 x 446 @ 0.586 (Fak)
[2m2026-07-04T18:10:11.407072Z[0m [32m INFO[0m [2mpm_bot[0m[2m:[0m TAKER: DOWN (z=-3.77 p=1.000 ask=0.560 avg=0.562 tau=289s)
[2m2026-07-04T18:10:11.407108Z[0m [32m INFO[0m [2mexecution[0m[2m:[0m [DRY-RUN] dryrun-5 Buy 56784515 x 446 @ 0.572 (Fak)
[2m2026-07-04T18:10:11.656409Z[0m [32m INFO[0m [2mpm_bot[0m[2m:[0m TAKER: DOWN (z=-3.77 p=1.000 ask=0.520 avg=0.524 tau=288s)
[2m2026-07-04T18:10:11.656446Z[0m [32m INFO[0m [2mexecution[0m[2m:[0m [DRY-RUN] dryrun-6 Buy 56784515 x 480 @ 0.534 (Fak)
[2m2026-07-04T18:10:11.906991Z[0m [32m INFO[0m [2mpm_bot[0m[2m:[0m TAKER: DOWN (z=-3.77 p=1.000 ask=0.520 avg=0.524 tau=288s)
[2m2026-07-04T18:10:11.907026Z[0m [32m INFO[0m [2mexecution[0m[2m:[0m [DRY-RUN] dryrun-7 Buy 56784515 x 480 @ 0.534 (Fak)
[2m2026-07-04T18:10:12.157186Z[0m [32m INFO[0m [2mpm_bot[0m[2m:[0m TAKER: DOWN (z=-3.77 p=1.000 ask=0.520 avg=0.524 tau=288s)
[2m2026-07-04T18:10:12.157218Z[0m [32m INFO[0m [2mexecution[0m[2m:[0m [DRY-RUN] dryrun-8 Buy 56784515 x 480 @ 0.534 (Fak)
[2m2026-07-04T18:10:12.406246Z[0m [32m INFO[0m [2mpm_bot[0m[2m:[0m TAKER: DOWN (z=-3.75 p=1.000 ask=0.520 avg=0.530 tau=288s)
[2m2026-07-04T18:10:12.406271Z[0m [32m INFO[0m [2mexecution[0m[2m:[0m [DRY-RUN] dryrun-9 Buy 56784515 x 480 @ 0.540 (Fak)
[2m2026-07-04T18:10:12.657161Z[0m [32m INFO[0m [2mpm_bot[0m[2m:[0m TAKER: DOWN (z=-3.75 p=1.000 ask=0.520 avg=0.534 tau=287s)
[2m2026-07-04T18:10:12.657191Z[0m [32m INFO[0m [2mexecution[0m[2m:[0m [DRY-RUN] dryrun-10 Buy 56784515 x 480 @ 0.544 (Fak)
[2m2026-07-04T18:10:12.906386Z[0m [32m INFO[0m [2mpm_bot[0m[2m:[0m TAKER: DOWN (z=-3.75 p=1.000 ask=0.520 avg=0.534 tau=287s)
[2m2026-07-04T18:10:12.906434Z[0m [32m INFO[0m [2mexecution[0m[2m:[0m [DRY-RUN] dryrun-11 Buy 56784515 x 480 @ 0.544 (Fak)
[2m2026-07-04T18:10:13.156522Z[0m [32m INFO[0m [2mpm_bot[0m[2m:[0m TAKER: DOWN (z=-3.74 p=1.000 ask=0.520 avg=0.534 tau=287s)
[2m2026-07-04T18:10:13.156572Z[0m [32m INFO[0m [2mexecution[0m[2m:[0m [DRY-RUN] dryrun-12 Buy 56784515 x 480 @ 0.544 (Fak)
[2m2026-07-04T18:10:13.406355Z[0m [32m INFO[0m [2mpm_bot[0m[2m:[0m TAKER: DOWN (z=-3.73 p=1.000 ask=0.520 avg=0.531 tau=287s)
[2m2026-07-04T18:10:13.406385Z[0m [32m INFO[0m [2mexecution[0m[2m:[0m [DRY-RUN] dryrun-13 Buy 56784515 x 480 @ 0.541 (Fak)
[2m2026-07-04T18:10:13.656345Z[0m [32m INFO[0m [2mpm_bot[0m[2m:[0m TAKER: DOWN (z=-3.73 p=1.000 ask=0.520 avg=0.532 tau=286s)
[2m2026-07-04T18:10:13.656371Z[0m [32m INFO[0m [2mexecution[0m[2m:[0m [DRY-RUN] dryrun-14 Buy 56784515 x 480 @ 0.542 (Fak)
[2m2026-07-04T18:10:13.907069Z[0m [32m INFO[0m [2mpm_bot[0m[2m:[0m TAKER: DOWN (z=-3.72 p=1.000 ask=0.520 avg=0.532 tau=286s)
[2m2026-07-04T18:10:13.907102Z[0m [32m INFO[0m [2mexecution[0m[2m:[0m [DRY-RUN] dryrun-15 Buy 56784515 x 480 @ 0.542 (Fak)
[2m2026-07-04T18:10:14.157081Z[0m [32m INFO[0m [2mpm_bot[0m[2m:[0m TAKER: DOWN (z=-3.72 p=1.000 ask=0.520 avg=0.532 tau=286s)
[2m2026-07-04T18:10:14.157112Z[0m [32m INFO[0m [2mexecution[0m[2m:[0m [DRY-RUN] dryrun-16 Buy 56784515 x 480 @ 0.542 (Fak)
[2m2026-07-04T18:10:15.656765Z[0m [32m INFO[0m [2mpm_bot[0m[2m:[0m TAKER: DOWN (z=-3.64 p=1.000 ask=0.560 avg=0.574 tau=284s)
[2m2026-07-04T18:10:15.656791Z[0m [32m INFO[0m [2mexecution[0m[2m:[0m [DRY-RUN] dryrun-17 Buy 56784515 x 446 @ 0.584 (Fak)
[2m2026-07-04T18:10:15.906331Z[0m [32m INFO[0m [2mpm_bot[0m[2m:[0m TAKER: DOWN (z=-3.64 p=1.000 ask=0.560 avg=0.561 tau=284s)
[2m2026-07-04T18:10:15.906359Z[0m [32m INFO[0m [2mexecution[0m[2m:[0m [DRY-RUN] dryrun-18 Buy 56784515 x 446 @ 0.571 (Fak)
[2m2026-07-04T18:10:16.156724Z[0m [32m INFO[0m [2mpm_bot[0m[2m:[0m TAKER: DOWN (z=-3.64 p=1.000 ask=0.550 avg=0.561 tau=284s)
[2m2026-07-04T18:10:16.156753Z[0m [32m INFO[0m [2mexecution[0m[2m:[0m [DRY-RUN] dryrun-19 Buy 56784515 x 454 @ 0.571 (Fak)
[2m2026-07-04T18:10:16.407060Z[0m [32m INFO[0m [2mpm_bot[0m[2m:[0m TAKER: DOWN (z=-3.62 p=1.000 ask=0.550 avg=0.565 tau=284s)
[2m2026-07-04T18:10:16.407090Z[0m [32m INFO[0m [2mexecution[0m[2m:[0m [DRY-RUN] dryrun-20 Buy 56784515 x 454 @ 0.575 (Fak)
[2m2026-07-04T18:10:16.656762Z[0m [32m INFO[0m [2mpm_bot[0m[2m:[0m TAKER: DOWN (z=-3.62 p=1.000 ask=0.550 avg=0.555 tau=283s)
[2m2026-07-04T18:10:16.656790Z[0m [32m INFO[0m [2mexecution[0m[2m:[0m [DRY-RUN] dryrun-21 Buy 56784515 x 454 @ 0.565 (Fak)
[2m2026-07-04T18:10:16.906506Z[0m [32m INFO[0m [2mpm_bot[0m[2m:[0m TAKER: DOWN (z=-3.62 p=1.000 ask=0.550 avg=0.550 tau=283s)
[2m2026-07-04T18:10:16.906562Z[0m [32m INFO[0m [2mexecution[0m[2m:[0m [DRY-RUN] dryrun-22 Buy 56784515 x 454 @ 0.560 (Fak)
[2m2026-07-04T18:10:17.156406Z[0m [32m INFO[0m [2mpm_bot[0m[2m:[0m TAKER: DOWN (z=-3.62 p=1.000 ask=0.550 avg=0.550 tau=283s)
[2m2026-07-04T18:10:17.156434Z[0m [32m INFO[0m [2mexecution[0m[2m:[0m [DRY-RUN] dryrun-23 Buy 56784515 x 454 @ 0.560 (Fak)
[2m2026-07-04T18:10:17.406946Z[0m [32m INFO[0m [2mpm_bot[0m[2m:[0m TAKER: DOWN (z=-3.60 p=1.000 ask=0.540 avg=0.549 tau=283s)
[2m2026-07-04T18:10:17.406976Z[0m [32m INFO[0m [2mexecution[0m[2m:[0m [DRY-RUN] dryrun-24 Buy 56784515 x 462 @ 0.559 (Fak)
[2m2026-07-04T18:10:17.657157Z[0m [32m INFO[0m [2mpm_bot[0m[2m:[0m TAKER: DOWN (z=-3.60 p=1.000 ask=0.540 avg=0.552 tau=282s)
[2m2026-07-04T18:10:17.657184Z[0m [32m INFO[0m [2mexecution[0m[2m:[0m [DRY-RUN] dryrun-25 Buy 56784515 x 462 @ 0.562 (Fak)
[2m2026-07-04T18:10:17.906398Z[0m [32m INFO[0m [2mpm_bot[0m[2m:[0m TAKER: DOWN (z=-3.60 p=1.000 ask=0.550 avg=0.552 tau=282s)
[2m2026-07-04T18:10:17.906424Z[0m [32m INFO[0m [2mexecution[0m[2m:[0m [DRY-RUN] dryrun-26 Buy 56784515 x 454 @ 0.562 (Fak)
[2m2026-07-04T18:10:18.156579Z[0m [32m INFO[0m [2mpm_bot[0m[2m:[0m TAKER: DOWN (z=-3.60 p=1.000 ask=0.550 avg=0.550 tau=282s)
[2m2026-07-04T18:10:18.156609Z[0m [32m INFO[0m [2mexecution[0m[2m:[0m [DRY-RUN] dryrun-27 Buy 56784515 x 454 @ 0.560 (Fak)
[2m2026-07-04T18:10:18.406732Z[0m [32m INFO[0m [2mpm_bot[0m[2m:[0m TAKER: DOWN (z=-3.59 p=1.000 ask=0.540 avg=0.540 tau=282s)
[2m2026-07-04T18:10:18.406758Z[0m [32m INFO[0m [2mexecution[0m[2m:[0m [DRY-RUN] dryrun-28 Buy 56784515 x 462 @ 0.550 (Fak)
[2m2026-07-04T18:10:18.657225Z[0m [32m INFO[0m [2mpm_bot[0m[2m:[0m TAKER: DOWN (z=-3.58 p=1.000 ask=0.540 avg=0.540 tau=281s)
[2m2026-07-04T18:10:18.657254Z[0m [32m INFO[0m [2mexecution[0m[2m:[0m [DRY-RUN] dryrun-29 Buy 56784515 x 462 @ 0.550 (Fak)
[2m2026-07-04T18:10:18.906567Z[0m [32m INFO[0m [2mpm_bot[0m[2m:[0m TAKER: DOWN (z=-3.58 p=1.000 ask=0.540 avg=0.540 tau=281s)
[2m2026-07-04T18:10:18.906596Z[0m [32m INFO[0m [2mexecution[0m[2m:[0m [DRY-RUN] dryrun-30 Buy 56784515 x 462 @ 0.550 (Fak)
[2m2026-07-04T18:10:19.156686Z[0m [32m INFO[0m [2mpm_bot[0m[2m:[0m TAKER: DOWN (z=-3.58 p=1.000 ask=0.540 avg=0.540 tau=281s)
[2m2026-07-04T18:10:19.156714Z[0m [32m INFO[0m [2mexecution[0m[2m:[0m [DRY-RUN] dryrun-31 Buy 56784515 x 462 @ 0.550 (Fak)
[2m2026-07-04T18:10:19.656682Z[0m [32m INFO[0m [2mpm_bot[0m[2m:[0m TAKER: DOWN (z=-3.58 p=1.000 ask=0.570 avg=0.582 tau=280s)
[2m2026-07-04T18:10:19.656711Z[0m [32m INFO[0m [2mexecution[0m[2m:[0m [DRY-RUN] dryrun-32 Buy 56784515 x 438 @ 0.592 (Fak)
[2m2026-07-04T18:10:19.906886Z[0m [32m INFO[0m [2mpm_bot[0m[2m:[0m TAKER: DOWN (z=-3.57 p=1.000 ask=0.570 avg=0.579 tau=280s)
[2m2026-07-04T18:10:19.906946Z[0m [32m INFO[0m [2mexecution[0m[2m:[0m [DRY-RUN] dryrun-33 Buy 56784515 x 438 @ 0.589 (Fak)
[2m2026-07-04T18:10:20.157027Z[0m [32m INFO[0m [2mpm_bot[0m[2m:[0m TAKER: DOWN (z=-3.57 p=1.000 ask=0.570 avg=0.570 tau=280s)
[2m2026-07-04T18:10:20.157060Z[0m [32m INFO[0m [2mexecution[0m[2m:[0m [DRY-RUN] dryrun-34 Buy 56784515 x 438 @ 0.580 (Fak)
[2m2026-07-04T18:10:20.406627Z[0m [32m INFO[0m [2mpm_bot[0m[2m:[0m TAKER: DOWN (z=-3.55 p=1.000 ask=0.530 avg=0.533 tau=280s)
[2m2026-07-04T18:10:20.406655Z[0m [32m INFO[0m [2mexecution[0m[2m:[0m [DRY-RUN] dryrun-35 Buy 56784515 x 471 @ 0.543 (Fak)
[2m2026-07-04T18:10:20.657295Z[0m [32m INFO[0m [2mpm_bot[0m[2m:[0m TAKER: DOWN (z=-3.55 p=1.000 ask=0.530 avg=0.530 tau=279s)
[2m2026-07-04T18:10:20.657325Z[0m [32m INFO[0m [2mexecution[0m[2m:[0m [DRY-RUN] dryrun-36 Buy 56784515 x 471 @ 0.540 (Fak)
[2m2026-07-04T18:10:20.906644Z[0m [32m INFO[0m [2mpm_bot[0m[2m:[0m TAKER: DOWN (z=-3.55 p=1.000 ask=0.520 avg=0.521 tau=279s)
[2m2026-07-04T18:10:20.906672Z[0m [32m INFO[0m [2mexecution[0m[2m:[0m [DRY-RUN] dryrun-37 Buy 56784515 x 480 @ 0.531 (Fak)
[2m2026-07-04T18:10:21.157274Z[0m [32m INFO[0m [2mpm_bot[0m[2m:[0m TAKER: DOWN (z=-3.55 p=1.000 ask=0.500 avg=0.507 tau=279s)
[2m2026-07-04T18:10:21.157304Z[0m [32m INFO[0m [2mexecution[0m[2m:[0m [DRY-RUN] dryrun-38 Buy 56784515 x 499 @ 0.517 (Fak)
[2m2026-07-04T18:10:21.406729Z[0m [32m INFO[0m [2mpm_bot[0m[2m:[0m TAKER: DOWN (z=-3.55 p=1.000 ask=0.500 avg=0.507 tau=279s)
[2m2026-07-04T18:10:21.406763Z[0m [32m INFO[0m [2mexecution[0m[2m:[0m [DRY-RUN] dryrun-39 Buy 56784515 x 499 @ 0.517 (Fak)
[2m2026-07-04T18:10:22.906813Z[0m [32m INFO[0m [2mpm_bot[0m[2m:[0m TAKER: DOWN (z=-3.48 p=1.000 ask=0.530 avg=0.533 tau=277s)
[2m2026-07-04T18:10:22.906844Z[0m [32m INFO[0m [2mexecution[0m[2m:[0m [DRY-RUN] dryrun-40 Buy 56784515 x 471 @ 0.543 (Fak)
[2m2026-07-04T18:10:23.656405Z[0m [32m INFO[0m [2mpm_bot[0m[2m:[0m TAKER: DOWN (z=-3.35 p=1.000 ask=0.540 avg=0.550 tau=276s)
[2m2026-07-04T18:10:23.656433Z[0m [32m INFO[0m [2mexecution[0m[2m:[0m [DRY-RUN] dryrun-41 Buy 56784515 x 462 @ 0.560 (Fak)
[2m2026-07-04T18:10:23.906971Z[0m [32m INFO[0m [2mpm_bot[0m[2m:[0m TAKER: DOWN (z=-3.35 p=1.000 ask=0.540 avg=0.551 tau=276s)
[2m2026-07-04T18:10:23.907000Z[0m [32m INFO[0m [2mexecution[0m[2m:[0m [DRY-RUN] dryrun-42 Buy 56784515 x 462 @ 0.561 (Fak)
[2m2026-07-04T18:10:24.157180Z[0m [32m INFO[0m [2mpm_bot[0m[2m:[0m TAKER: DOWN (z=-3.35 p=1.000 ask=0.550 avg=0.550 tau=276s)
[2m2026-07-04T18:10:24.157262Z[0m [32m INFO[0m [2mexecution[0m[2m:[0m [DRY-RUN] dryrun-43 Buy 56784515 x 454 @ 0.560 (Fak)
[2m2026-07-04T18:10:24.406704Z[0m [32m INFO[0m [2mpm_bot[0m[2m:[0m TAKER: DOWN (z=-3.27 p=0.999 ask=0.550 avg=0.550 tau=276s)
[2m2026-07-04T18:10:24.406734Z[0m [32m INFO[0m [2mexecution[0m[2m:[0m [DRY-RUN] dryrun-44 Buy 56784515 x 454 @ 0.560 (Fak)
[2m2026-07-04T18:10:24.657006Z[0m [32m INFO[0m [2mpm_bot[0m[2m:[0m TAKER: DOWN (z=-3.27 p=0.999 ask=0.550 avg=0.550 tau=275s)
[2m2026-07-04T18:10:24.657033Z[0m [32m INFO[0m [2mexecution[0m[2m:[0m [DRY-RUN] dryrun-45 Buy 56784515 x 454 @ 0.560 (Fak)
[2m2026-07-04T18:10:24.906493Z[0m [32m INFO[0m [2mpm_bot[0m[2m:[0m TAKER: DOWN (z=-3.27 p=0.999 ask=0.540 avg=0.540 tau=275s)
[2m2026-07-04T18:10:24.906518Z[0m [32m INFO[0m [2mexecution[0m[2m:[0m [DRY-RUN] dryrun-46 Buy 56784515 x 462 @ 0.550 (Fak)
[2m2026-07-04T18:10:25.157320Z[0m [32m INFO[0m [2mpm_bot[0m[2m:[0m TAKER: DOWN (z=-3.27 p=0.999 ask=0.530 avg=0.530 tau=275s)
[2m2026-07-04T18:10:25.157353Z[0m [32m INFO[0m [2mexecution[0m[2m:[0m [DRY-RUN] dryrun-47 Buy 56784515 x 471 @ 0.540 (Fak)
[2m2026-07-04T18:10:25.406392Z[0m [32m INFO[0m [2mpm_bot[0m[2m:[0m TAKER: DOWN (z=-3.27 p=0.999 ask=0.490 avg=0.506 tau=275s)
[2m2026-07-04T18:10:25.406418Z[0m [32m INFO[0m [2mexecution[0m[2m:[0m [DRY-RUN] dryrun-48 Buy 56784515 x 509 @ 0.516 (Fak)
[2m2026-07-04T18:10:26.156404Z[0m [32m INFO[0m [2mpm_bot[0m[2m:[0m TAKER: DOWN (z=-3.22 p=0.999 ask=0.440 avg=0.446 tau=274s)
[2m2026-07-04T18:10:26.156431Z[0m [32m INFO[0m [2mexecution[0m[2m:[0m [DRY-RUN] dryrun-49 Buy 56784515 x 567 @ 0.456 (Fak)
[2m2026-07-04T18:10:26.406845Z[0m [32m INFO[0m [2mpm_bot[0m[2m:[0m TAKER: DOWN (z=-3.22 p=0.999 ask=0.440 avg=0.453 tau=274s)
[2m2026-07-04T18:10:26.406875Z[0m [32m INFO[0m [2mexecution[0m[2m:[0m [DRY-RUN] dryrun-50 Buy 56784515 x 567 @ 0.463 (Fak)
[2m2026-07-04T18:10:26.656297Z[0m [32m INFO[0m [2mpm_bot[0m[2m:[0m TAKER: DOWN (z=-3.16 p=0.999 ask=0.440 avg=0.455 tau=273s)
[2m2026-07-04T18:10:26.656324Z[0m [32m INFO[0m [2mexecution[0m[2m:[0m [DRY-RUN] dryrun-51 Buy 56784515 x 567 @ 0.465 (Fak)
[2m2026-07-04T18:10:27.157032Z[0m [32m INFO[0m [2mpm_bot[0m[2m:[0m TAKER: DOWN (z=-3.16 p=0.999 ask=0.440 avg=0.440 tau=273s)
[2m2026-07-04T18:10:27.157060Z[0m [32m INFO[0m [2mexecution[0m[2m:[0m [DRY-RUN] dryrun-52 Buy 56784515 x 567 @ 0.450 (Fak)
[2m2026-07-04T18:10:27.407226Z[0m [32m INFO[0m [2mpm_bot[0m[2m:[0m TAKER: DOWN (z=-2.30 p=0.989 ask=0.440 avg=0.440 tau=273s)
[2m2026-07-04T18:10:27.407253Z[0m [32m INFO[0m [2mexecution[0m[2m:[0m [DRY-RUN] dryrun-53 Buy 56784515 x 557 @ 0.450 (Fak)
[2m2026-07-04T18:10:27.657075Z[0m [32m INFO[0m [2mpm_bot[0m[2m:[0m TAKER: DOWN (z=-2.30 p=0.989 ask=0.440 avg=0.440 tau=272s)
[2m2026-07-04T18:10:27.657100Z[0m [32m INFO[0m [2mexecution[0m[2m:[0m [DRY-RUN] dryrun-54 Buy 56784515 x 557 @ 0.450 (Fak)
[2m2026-07-04T18:10:29.406616Z[0m [32m INFO[0m [2mpm_bot[0m[2m:[0m TAKER: DOWN (z=-2.30 p=0.989 ask=0.510 avg=0.520 tau=271s)
[2m2026-07-04T18:10:29.406647Z[0m [32m INFO[0m [2mexecution[0m[2m:[0m [DRY-RUN] dryrun-55 Buy 56784515 x 479 @ 0.530 (Fak)
[2m2026-07-04T18:10:31.656497Z[0m [32m INFO[0m [2mpm_bot[0m[2m:[0m TAKER: DOWN (z=-2.25 p=0.988 ask=0.480 avg=0.480 tau=268s)
[2m2026-07-04T18:10:31.656526Z[0m [32m INFO[0m [2mexecution[0m[2m:[0m [DRY-RUN] dryrun-56 Buy 56784515 x 508 @ 0.490 (Fak)
[2m2026-07-04T18:10:31.906852Z[0m [32m INFO[0m [2mpm_bot[0m[2m:[0m TAKER: DOWN (z=-2.23 p=0.987 ask=0.470 avg=0.470 tau=268s)
[2m2026-07-04T18:10:31.906932Z[0m [32m INFO[0m [2mexecution[0m[2m:[0m [DRY-RUN] dryrun-57 Buy 56784515 x 519 @ 0.480 (Fak)
[2m2026-07-04T18:10:32.157063Z[0m [32m INFO[0m [2mpm_bot[0m[2m:[0m TAKER: DOWN (z=-2.23 p=0.987 ask=0.450 avg=0.450 tau=268s)
[2m2026-07-04T18:10:32.157091Z[0m [32m INFO[0m [2mexecution[0m[2m:[0m [DRY-RUN] dryrun-58 Buy 56784515 x 542 @ 0.460 (Fak)
[2m2026-07-04T18:10:32.406965Z[0m [32m INFO[0m [2mpm_bot[0m[2m:[0m TAKER: DOWN (z=-2.23 p=0.987 ask=0.450 avg=0.450 tau=268s)
[2m2026-07-04T18:10:32.407002Z[0m [32m INFO[0m [2mexecution[0m[2m:[0m [DRY-RUN] dryrun-59 Buy 56784515 x 542 @ 0.460 (Fak)
[2m2026-07-04T18:10:32.656644Z[0m [32m INFO[0m [2mpm_bot[0m[2m:[0m TAKER: DOWN (z=-2.22 p=0.987 ask=0.450 avg=0.450 tau=267s)
[2m2026-07-04T18:10:32.656673Z[0m [32m INFO[0m [2mexecution[0m[2m:[0m [DRY-RUN] dryrun-60 Buy 56784515 x 542 @ 0.460 (Fak)
[2m2026-07-04T18:10:32.906472Z[0m [32m INFO[0m [2mpm_bot[0m[2m:[0m TAKER: DOWN (z=-2.22 p=0.987 ask=0.450 avg=0.450 tau=267s)
[2m2026-07-04T18:10:32.906506Z[0m [32m INFO[0m [2mexecution[0m[2m:[0m [DRY-RUN] dryrun-61 Buy 56784515 x 542 @ 0.460 (Fak)
[2m2026-07-04T18:10:33.156641Z[0m [32m INFO[0m [2mpm_bot[0m[2m:[0m TAKER: DOWN (z=-2.22 p=0.987 ask=0.430 avg=0.444 tau=267s)
[2m2026-07-04T18:10:33.156670Z[0m [32m INFO[0m [2mexecution[0m[2m:[0m [DRY-RUN] dryrun-62 Buy 56784515 x 567 @ 0.454 (Fak)
[2m2026-07-04T18:10:43.420709Z[0m [32m INFO[0m [2mpm_bot[0m[2m:[0m TAKER: DOWN (z=-2.19 p=0.986 ask=0.450 avg=0.451 tau=257s)
[2m2026-07-04T18:10:43.420752Z[0m [32m INFO[0m [2mexecution[0m[2m:[0m [DRY-RUN] dryrun-63 Buy 56784515 x 541 @ 0.461 (Fak)
[2m2026-07-04T18:10:43.671140Z[0m [32m INFO[0m [2mpm_bot[0m[2m:[0m TAKER: DOWN (z=-2.19 p=0.986 ask=0.450 avg=0.451 tau=256s)
[2m2026-07-04T18:10:43.671172Z[0m [32m INFO[0m [2mexecution[0m[2m:[0m [DRY-RUN] dryrun-64 Buy 56784515 x 541 @ 0.461 (Fak)
[2m2026-07-04T18:10:43.920584Z[0m [32m INFO[0m [2mpm_bot[0m[2m:[0m TAKER: DOWN (z=-2.19 p=0.986 ask=0.440 avg=0.450 tau=256s)
[2m2026-07-04T18:10:43.920610Z[0m [32m INFO[0m [2mexecution[0m[2m:[0m [DRY-RUN] dryrun-65 Buy 56784515 x 553 @ 0.460 (Fak)
[2m2026-07-04T18:10:44.170277Z[0m [32m INFO[0m [2mpm_bot[0m[2m:[0m TAKER: DOWN (z=-2.19 p=0.986 ask=0.420 avg=0.421 tau=256s)
[2m2026-07-04T18:10:44.170305Z[0m [32m INFO[0m [2mexecution[0m[2m:[0m [DRY-RUN] dryrun-66 Buy 56784515 x 580 @ 0.431 (Fak)
[2m2026-07-04T18:10:44.421101Z[0m [32m INFO[0m [2mpm_bot[0m[2m:[0m TAKER: DOWN (z=-2.19 p=0.986 ask=0.410 avg=0.410 tau=256s)
[2m2026-07-04T18:10:44.421132Z[0m [32m INFO[0m [2mexecution[0m[2m:[0m [DRY-RUN] dryrun-67 Buy 56784515 x 594 @ 0.420 (Fak)
[2m2026-07-04T18:10:44.671094Z[0m [32m INFO[0m [2mpm_bot[0m[2m:[0m TAKER: DOWN (z=-2.19 p=0.986 ask=0.400 avg=0.400 tau=255s)
[2m2026-07-04T18:10:44.671125Z[0m [32m INFO[0m [2mexecution[0m[2m:[0m [DRY-RUN] dryrun-68 Buy 56784515 x 610 @ 0.410 (Fak)
[2m2026-07-04T18:10:44.921119Z[0m [32m INFO[0m [2mpm_bot[0m[2m:[0m TAKER: DOWN (z=-2.19 p=0.986 ask=0.400 avg=0.400 tau=255s)
[2m2026-07-04T18:10:44.921153Z[0m [32m INFO[0m [2mexecution[0m[2m:[0m [DRY-RUN] dryrun-69 Buy 56784515 x 609 @ 0.410 (Fak)
[2m2026-07-04T18:11:03.921184Z[0m [32m INFO[0m [2mexecution[0m[2m:[0m [DRY-RUN] dryrun-70 Buy 56784515 x 50 @ 0.360 (Gtc)
[2m2026-07-04T18:11:04.171169Z[0m [32m INFO[0m [2mexecution[0m[2m:[0m [DRY-RUN] dryrun-71 Buy 56784515 x 50 @ 0.360 (Gtc)
[2m2026-07-04T18:11:04.421266Z[0m [32m INFO[0m [2mexecution[0m[2m:[0m [DRY-RUN] dryrun-72 Buy 56784515 x 50 @ 0.300 (Gtc)
[2m2026-07-04T18:11:04.670611Z[0m [32m INFO[0m [2mexecution[0m[2m:[0m [DRY-RUN] dryrun-73 Buy 56784515 x 50 @ 0.300 (Gtc)
[2m2026-07-04T18:11:04.920529Z[0m [32m INFO[0m [2mexecution[0m[2m:[0m [DRY-RUN] dryrun-74 Buy 56784515 x 50 @ 0.300 (Gtc)
[2m2026-07-04T18:11:05.170937Z[0m [32m INFO[0m [2mexecution[0m[2m:[0m [DRY-RUN] dryrun-75 Buy 56784515 x 50 @ 0.300 (Gtc)
[2m2026-07-04T18:11:05.421186Z[0m [32m INFO[0m [2mexecution[0m[2m:[0m [DRY-RUN] dryrun-76 Buy 56784515 x 50 @ 0.300 (Gtc)
[2m2026-07-04T18:11:05.670572Z[0m [32m INFO[0m [2mexecution[0m[2m:[0m [DRY-RUN] dryrun-77 Buy 56784515 x 50 @ 0.300 (Gtc)
[2m2026-07-04T18:11:05.921322Z[0m [32m INFO[0m [2mexecution[0m[2m:[0m [DRY-RUN] dryrun-78 Buy 56784515 x 50 @ 0.300 (Gtc)
[2m2026-07-04T18:11:06.170784Z[0m [32m INFO[0m [2mexecution[0m[2m:[0m [DRY-RUN] dryrun-79 Buy 56784515 x 50 @ 0.300 (Gtc)
[2m2026-07-04T18:11:06.421204Z[0m [32m INFO[0m [2mexecution[0m[2m:[0m [DRY-RUN] dryrun-80 Buy 56784515 x 50 @ 0.300 (Gtc)
[2m2026-07-04T18:11:06.671195Z[0m [32m INFO[0m [2mexecution[0m[2m:[0m [DRY-RUN] dryrun-81 Buy 56784515 x 50 @ 0.300 (Gtc)
[2m2026-07-04T18:11:06.921198Z[0m [32m INFO[0m [2mexecution[0m[2m:[0m [DRY-RUN] dryrun-82 Buy 56784515 x 50 @ 0.300 (Gtc)
[2m2026-07-04T18:11:07.170684Z[0m [32m INFO[0m [2mexecution[0m[2m:[0m [DRY-RUN] dryrun-83 Buy 56784515 x 50 @ 0.300 (Gtc)
[2m2026-07-04T18:11:07.420485Z[0m [32m INFO[0m [2mexecution[0m[2m:[0m [DRY-RUN] dryrun-84 Buy 56784515 x 50 @ 0.300 (Gtc)
[2m2026-07-04T18:11:07.670848Z[0m [32m INFO[0m [2mexecution[0m[2m:[0m [DRY-RUN] dryrun-85 Buy 56784515 x 50 @ 0.300 (Gtc)
[2m2026-07-04T18:11:07.920478Z[0m [32m INFO[0m [2mexecution[0m[2m:[0m [DRY-RUN] dryrun-86 Buy 56784515 x 50 @ 0.330 (Gtc)
[2m2026-07-04T18:11:08.171190Z[0m [32m INFO[0m [2mexecution[0m[2m:[0m [DRY-RUN] dryrun-87 Buy 56784515 x 50 @ 0.330 (Gtc)
[2m2026-07-04T18:11:08.420354Z[0m [32m INFO[0m [2mexecution[0m[2m:[0m [DRY-RUN] dryrun-88 Buy 56784515 x 50 @ 0.330 (Gtc)
[2m2026-07-04T18:11:08.670285Z[0m [32m INFO[0m [2mexecution[0m[2m:[0m [DRY-RUN] dryrun-89 Buy 56784515 x 50 @ 0.330 (Gtc)
[2m2026-07-04T18:11:08.921328Z[0m [32m INFO[0m [2mexecution[0m[2m:[0m [DRY-RUN] dryrun-90 Buy 56784515 x 50 @ 0.330 (Gtc)
[2m2026-07-04T18:11:09.171166Z[0m [32m INFO[0m [2mexecution[0m[2m:[0m [DRY-RUN] dryrun-91 Buy 56784515 x 50 @ 0.330 (Gtc)
[2m2026-07-04T18:11:09.420275Z[0m [32m INFO[0m [2mexecution[0m[2m:[0m [DRY-RUN] dryrun-92 Buy 56784515 x 50 @ 0.330 (Gtc)
[2m2026-07-04T18:11:09.670217Z[0m [32m INFO[0m [2mexecution[0m[2m:[0m [DRY-RUN] dryrun-93 Buy 56784515 x 50 @ 0.330 (Gtc)
[2m2026-07-04T18:11:09.920994Z[0m [32m INFO[0m [2mexecution[0m[2m:[0m [DRY-RUN] dryrun-94 Buy 56784515 x 50 @ 0.330 (Gtc)
[2m2026-07-04T18:11:10.170869Z[0m [32m INFO[0m [2mexecution[0m[2m:[0m [DRY-RUN] dryrun-95 Buy 56784515 x 50 @ 0.340 (Gtc)
[2m2026-07-04T18:11:10.420603Z[0m [32m INFO[0m [2mexecution[0m[2m:[0m [DRY-RUN] dryrun-96 Buy 56784515 x 50 @ 0.340 (Gtc)
[2m2026-07-04T18:11:10.671138Z[0m [32m INFO[0m [2mexecution[0m[2m:[0m [DRY-RUN] dryrun-97 Buy 56784515 x 50 @ 0.340 (Gtc)
[2m2026-07-04T18:11:10.920574Z[0m [32m INFO[0m [2mexecution[0m[2m:[0m [DRY-RUN] dryrun-98 Buy 56784515 x 50 @ 0.340 (Gtc)
[2m2026-07-04T18:11:11.170661Z[0m [32m INFO[0m [2mexecution[0m[2m:[0m [DRY-RUN] dryrun-99 Buy 56784515 x 50 @ 0.320 (Gtc)
[2m2026-07-04T18:11:11.421209Z[0m [32m INFO[0m [2mexecution[0m[2m:[0m [DRY-RUN] dryrun-100 Buy 56784515 x 50 @ 0.320 (Gtc)
[2m2026-07-04T18:11:11.670630Z[0m [32m INFO[0m [2mexecution[0m[2m:[0m [DRY-RUN] dryrun-101 Buy 56784515 x 50 @ 0.320 (Gtc)
[2m2026-07-04T18:11:11.920886Z[0m [32m INFO[0m [2mexecution[0m[2m:[0m [DRY-RUN] dryrun-102 Buy 56784515 x 50 @ 0.310 (Gtc)
[2m2026-07-04T18:11:12.170228Z[0m [32m INFO[0m [2mexecution[0m[2m:[0m [DRY-RUN] dryrun-103 Buy 56784515 x 50 @ 0.300 (Gtc)
[2m2026-07-04T18:11:12.421137Z[0m [32m INFO[0m [2mexecution[0m[2m:[0m [DRY-RUN] dryrun-104 Buy 56784515 x 50 @ 0.300 (Gtc)
[2m2026-07-04T18:11:12.670391Z[0m [32m INFO[0m [2mexecution[0m[2m:[0m [DRY-RUN] dryrun-105 Buy 56784515 x 50 @ 0.300 (Gtc)
[2m2026-07-04T18:11:12.920695Z[0m [32m INFO[0m [2mexecution[0m[2m:[0m [DRY-RUN] dryrun-106 Buy 56784515 x 50 @ 0.300 (Gtc)
[2m2026-07-04T18:11:13.170418Z[0m [32m INFO[0m [2mexecution[0m[2m:[0m [DRY-RUN] dryrun-107 Buy 56784515 x 50 @ 0.300 (Gtc)
[2m2026-07-04T18:11:13.421184Z[0m [32m INFO[0m [2mexecution[0m[2m:[0m [DRY-RUN] dryrun-108 Buy 56784515 x 50 @ 0.300 (Gtc)
[2m2026-07-04T18:11:13.671139Z[0m [32m INFO[0m [2mexecution[0m[2m:[0m [DRY-RUN] dryrun-109 Buy 56784515 x 50 @ 0.300 (Gtc)
[2m2026-07-04T18:11:13.920470Z[0m [32m INFO[0m [2mexecution[0m[2m:[0m [DRY-RUN] dryrun-110 Buy 56784515 x 50 @ 0.300 (Gtc)
[2m2026-07-04T18:11:14.170771Z[0m [32m INFO[0m [2mexecution[0m[2m:[0m [DRY-RUN] dryrun-111 Buy 56784515 x 50 @ 0.300 (Gtc)
[2m2026-07-04T18:11:14.420688Z[0m [32m INFO[0m [2mexecution[0m[2m:[0m [DRY-RUN] dryrun-112 Buy 56784515 x 50 @ 0.300 (Gtc)
[2m2026-07-04T18:11:14.670409Z[0m [32m INFO[0m [2mexecution[0m[2m:[0m [DRY-RUN] dryrun-113 Buy 56784515 x 50 @ 0.300 (Gtc)
[2m2026-07-04T18:11:14.920693Z[0m [32m INFO[0m [2mexecution[0m[2m:[0m [DRY-RUN] dryrun-114 Buy 56784515 x 50 @ 0.300 (Gtc)
[2m2026-07-04T18:11:16.171340Z[0m [32m INFO[0m [2mexecution[0m[2m:[0m [DRY-RUN] dryrun-115 Buy 56784515 x 50 @ 0.260 (Gtc)
[2m2026-07-04T18:11:16.420255Z[0m [32m INFO[0m [2mexecution[0m[2m:[0m [DRY-RUN] dryrun-116 Buy 56784515 x 50 @ 0.260 (Gtc)
[2m2026-07-04T18:11:16.671063Z[0m [32m INFO[0m [2mexecution[0m[2m:[0m [DRY-RUN] dryrun-117 Buy 56784515 x 50 @ 0.260 (Gtc)
[2m2026-07-04T18:11:16.920674Z[0m [32m INFO[0m [2mexecution[0m[2m:[0m [DRY-RUN] dryrun-118 Buy 56784515 x 50 @ 0.260 (Gtc)
[2m2026-07-04T18:11:17.171296Z[0m [32m INFO[0m [2mexecution[0m[2m:[0m [DRY-RUN] dryrun-119 Buy 56784515 x 50 @ 0.260 (Gtc)
[2m2026-07-04T18:11:17.203370Z[0m [33m WARN[0m [2mpm_acquisition::clob[0m[2m:[0m CLOB erreur: WebSocket protocol error: Connection reset without closing handshake: Connection reset without closing handshake
[2m2026-07-04T18:11:17.421031Z[0m [32m INFO[0m [2mexecution[0m[2m:[0m [DRY-RUN] dryrun-120 Buy 56784515 x 50 @ 0.260 (Gtc)
[2m2026-07-04T18:11:17.671024Z[0m [32m INFO[0m [2mexecution[0m[2m:[0m [DRY-RUN] dryrun-121 Buy 56784515 x 50 @ 0.260 (Gtc)
[2m2026-07-04T18:11:17.920809Z[0m [32m INFO[0m [2mexecution[0m[2m:[0m [DRY-RUN] dryrun-122 Buy 56784515 x 50 @ 0.260 (Gtc)
[2m2026-07-04T18:11:18.171500Z[0m [32m INFO[0m [2mexecution[0m[2m:[0m [DRY-RUN] dryrun-123 Buy 56784515 x 50 @ 0.260 (Gtc)
[2m2026-07-04T18:11:18.712245Z[0m [32m INFO[0m [2mpm_acquisition::clob[0m[2m:[0m CLOB connecté (up=79591743…, down=56784515…)
[2m2026-07-04T18:11:19.171294Z[0m [32m INFO[0m [2mpm_bot[0m[2m:[0m TAKER: UP (z=2.02 p=0.978 ask=0.840 avg=0.840 tau=221s)
[2m2026-07-04T18:11:19.171319Z[0m [32m INFO[0m [2mexecution[0m[2m:[0m [DRY-RUN] dryrun-124 Buy 79591743 x 257 @ 0.850 (Fak)
[2m2026-07-04T18:11:19.420966Z[0m [32m INFO[0m [2mpm_bot[0m[2m:[0m TAKER: UP (z=2.02 p=0.978 ask=0.840 avg=0.842 tau=221s)
[2m2026-07-04T18:11:19.420992Z[0m [32m INFO[0m [2mexecution[0m[2m:[0m [DRY-RUN] dryrun-125 Buy 79591743 x 257 @ 0.852 (Fak)
[2m2026-07-04T18:11:19.671195Z[0m [32m INFO[0m [2mpm_bot[0m[2m:[0m TAKER: UP (z=2.02 p=0.978 ask=0.840 avg=0.843 tau=220s)
[2m2026-07-04T18:11:19.671223Z[0m [32m INFO[0m [2mexecution[0m[2m:[0m [DRY-RUN] dryrun-126 Buy 79591743 x 257 @ 0.853 (Fak)
[2m2026-07-04T18:11:19.920439Z[0m [32m INFO[0m [2mpm_bot[0m[2m:[0m TAKER: UP (z=2.02 p=0.978 ask=0.840 avg=0.848 tau=220s)
[2m2026-07-04T18:11:19.920470Z[0m [32m INFO[0m [2mexecution[0m[2m:[0m [DRY-RUN] dryrun-127 Buy 79591743 x 257 @ 0.858 (Fak)
[2m2026-07-04T18:11:20.170978Z[0m [32m INFO[0m [2mpm_bot[0m[2m:[0m TAKER: UP (z=2.02 p=0.978 ask=0.840 avg=0.852 tau=220s)
[2m2026-07-04T18:11:20.171006Z[0m [32m INFO[0m [2mexecution[0m[2m:[0m [DRY-RUN] dryrun-128 Buy 79591743 x 257 @ 0.862 (Fak)
[2m2026-07-04T18:11:20.420660Z[0m [32m INFO[0m [2mpm_bot[0m[2m:[0m TAKER: UP (z=2.19 p=0.986 ask=0.840 avg=0.849 tau=220s)
[2m2026-07-04T18:11:20.420689Z[0m [32m INFO[0m [2mexecution[0m[2m:[0m [DRY-RUN] dryrun-129 Buy 79591743 x 270 @ 0.859 (Fak)
[2m2026-07-04T18:11:20.670210Z[0m [32m INFO[0m [2mpm_bot[0m[2m:[0m TAKER: UP (z=2.19 p=0.986 ask=0.840 avg=0.842 tau=219s)
[2m2026-07-04T18:11:20.670245Z[0m [32m INFO[0m [2mexecution[0m[2m:[0m [DRY-RUN] dryrun-130 Buy 79591743 x 270 @ 0.852 (Fak)
[2m2026-07-04T18:11:20.920496Z[0m [32m INFO[0m [2mpm_bot[0m[2m:[0m TAKER: UP (z=2.19 p=0.986 ask=0.840 avg=0.843 tau=219s)
[2m2026-07-04T18:11:20.920529Z[0m [32m INFO[0m [2mexecution[0m[2m:[0m [DRY-RUN] dryrun-131 Buy 79591743 x 270 @ 0.853 (Fak)
[2m2026-07-04T18:11:21.171238Z[0m [32m INFO[0m [2mpm_bot[0m[2m:[0m TAKER: UP (z=2.25 p=0.988 ask=0.830 avg=0.830 tau=219s)
[2m2026-07-04T18:11:21.171281Z[0m [32m INFO[0m [2mexecution[0m[2m:[0m [DRY-RUN] dryrun-132 Buy 79591743 x 279 @ 0.840 (Fak)
[2m2026-07-04T18:11:21.670651Z[0m [32m INFO[0m [2mpm_bot[0m[2m:[0m TAKER: UP (z=2.25 p=0.988 ask=0.870 avg=0.878 tau=218s)
[2m2026-07-04T18:11:21.670688Z[0m [32m INFO[0m [2mexecution[0m[2m:[0m [DRY-RUN] dryrun-133 Buy 79591743 x 260 @ 0.888 (Fak)
[2m2026-07-04T18:11:21.920163Z[0m [32m INFO[0m [2mpm_bot[0m[2m:[0m TAKER: UP (z=2.25 p=0.988 ask=0.860 avg=0.867 tau=218s)
[2m2026-07-04T18:11:21.920191Z[0m [32m INFO[0m [2mexecution[0m[2m:[0m [DRY-RUN] dryrun-134 Buy 79591743 x 265 @ 0.877 (Fak)
[2m2026-07-04T18:11:22.170682Z[0m [32m INFO[0m [2mpm_bot[0m[2m:[0m TAKER: UP (z=2.25 p=0.988 ask=0.850 avg=0.850 tau=218s)
[2m2026-07-04T18:11:22.170713Z[0m [32m INFO[0m [2mexecution[0m[2m:[0m [DRY-RUN] dryrun-135 Buy 79591743 x 269 @ 0.860 (Fak)
[2m2026-07-04T18:11:22.420384Z[0m [32m INFO[0m [2mpm_bot[0m[2m:[0m TAKER: UP (z=2.25 p=0.988 ask=0.850 avg=0.851 tau=218s)
[2m2026-07-04T18:11:22.420413Z[0m [32m INFO[0m [2mexecution[0m[2m:[0m [DRY-RUN] dryrun-136 Buy 79591743 x 269 @ 0.861 (Fak)
[2m2026-07-04T18:11:22.670693Z[0m [32m INFO[0m [2mpm_bot[0m[2m:[0m TAKER: UP (z=2.23 p=0.987 ask=0.850 avg=0.854 tau=217s)
[2m2026-07-04T18:11:22.670723Z[0m [32m INFO[0m [2mexecution[0m[2m:[0m [DRY-RUN] dryrun-137 Buy 79591743 x 268 @ 0.864 (Fak)
[2m2026-07-04T18:11:23.171069Z[0m [32m INFO[0m [2mpm_bot[0m[2m:[0m TAKER: UP (z=2.23 p=0.987 ask=0.860 avg=0.870 tau=217s)
[2m2026-07-04T18:11:23.171100Z[0m [32m INFO[0m [2mexecution[0m[2m:[0m [DRY-RUN] dryrun-138 Buy 79591743 x 263 @ 0.880 (Fak)
[2m2026-07-04T18:11:23.420742Z[0m [32m INFO[0m [2mpm_bot[0m[2m:[0m TAKER: UP (z=2.21 p=0.987 ask=0.860 avg=0.860 tau=217s)
[2m2026-07-04T18:11:23.420769Z[0m [32m INFO[0m [2mexecution[0m[2m:[0m [DRY-RUN] dryrun-139 Buy 79591743 x 262 @ 0.870 (Fak)
[2m2026-07-04T18:11:23.671335Z[0m [32m INFO[0m [2mpm_bot[0m[2m:[0m TAKER: UP (z=2.21 p=0.987 ask=0.850 avg=0.860 tau=216s)
[2m2026-07-04T18:11:23.671365Z[0m [32m INFO[0m [2mexecution[0m[2m:[0m [DRY-RUN] dryrun-140 Buy 79591743 x 267 @ 0.870 (Fak)
[2m2026-07-04T18:11:23.920921Z[0m [32m INFO[0m [2mpm_bot[0m[2m:[0m TAKER: UP (z=2.21 p=0.987 ask=0.860 avg=0.878 tau=216s)
[2m2026-07-04T18:11:23.920954Z[0m [32m INFO[0m [2mexecution[0m[2m:[0m [DRY-RUN] dryrun-141 Buy 79591743 x 262 @ 0.888 (Fak)
[2m2026-07-04T18:11:24.170582Z[0m [32m INFO[0m [2mpm_bot[0m[2m:[0m TAKER: UP (z=2.21 p=0.987 ask=0.860 avg=0.867 tau=216s)
[2m2026-07-04T18:11:24.170615Z[0m [32m INFO[0m [2mexecution[0m[2m:[0m [DRY-RUN] dryrun-142 Buy 79591743 x 262 @ 0.877 (Fak)
[2m2026-07-04T18:11:24.421137Z[0m [32m INFO[0m [2mpm_bot[0m[2m:[0m TAKER: UP (z=2.21 p=0.987 ask=0.860 avg=0.873 tau=216s)
[2m2026-07-04T18:11:24.421165Z[0m [32m INFO[0m [2mexecution[0m[2m:[0m [DRY-RUN] dryrun-143 Buy 79591743 x 262 @ 0.883 (Fak)
[2m2026-07-04T18:11:24.671031Z[0m [32m INFO[0m [2mpm_bot[0m[2m:[0m TAKER: UP (z=2.25 p=0.988 ask=0.880 avg=0.880 tau=215s)
[2m2026-07-04T18:11:24.671058Z[0m [32m INFO[0m [2mexecution[0m[2m:[0m [DRY-RUN] dryrun-144 Buy 79591743 x 255 @ 0.890 (Fak)
[2m2026-07-04T18:11:24.920451Z[0m [32m INFO[0m [2mpm_bot[0m[2m:[0m TAKER: UP (z=2.25 p=0.988 ask=0.870 avg=0.870 tau=215s)
[2m2026-07-04T18:11:24.920480Z[0m [32m INFO[0m [2mexecution[0m[2m:[0m [DRY-RUN] dryrun-145 Buy 79591743 x 260 @ 0.880 (Fak)
[2m2026-07-04T18:11:25.170690Z[0m [32m INFO[0m [2mpm_bot[0m[2m:[0m TAKER: UP (z=2.26 p=0.988 ask=0.860 avg=0.868 tau=215s)
[2m2026-07-04T18:11:25.170721Z[0m [32m INFO[0m [2mexecution[0m[2m:[0m [DRY-RUN] dryrun-146 Buy 79591743 x 265 @ 0.878 (Fak)
[2m2026-07-04T18:11:25.420851Z[0m [32m INFO[0m [2mpm_bot[0m[2m:[0m TAKER: UP (z=2.26 p=0.988 ask=0.860 avg=0.870 tau=215s)
[2m2026-07-04T18:11:25.420892Z[0m [32m INFO[0m [2mexecution[0m[2m:[0m [DRY-RUN] dryrun-147 Buy 79591743 x 265 @ 0.880 (Fak)
[2m2026-07-04T18:11:25.670826Z[0m [32m INFO[0m [2mpm_bot[0m[2m:[0m TAKER: UP (z=2.26 p=0.988 ask=0.860 avg=0.869 tau=214s)
[2m2026-07-04T18:11:25.670858Z[0m [32m INFO[0m [2mexecution[0m[2m:[0m [DRY-RUN] dryrun-148 Buy 79591743 x 265 @ 0.879 (Fak)
[2m2026-07-04T18:11:25.920831Z[0m [32m INFO[0m [2mpm_bot[0m[2m:[0m TAKER: UP (z=2.26 p=0.988 ask=0.860 avg=0.868 tau=214s)
[2m2026-07-04T18:11:25.920861Z[0m [32m INFO[0m [2mexecution[0m[2m:[0m [DRY-RUN] dryrun-149 Buy 79591743 x 265 @ 0.878 (Fak)
[2m2026-07-04T18:11:26.170976Z[0m [32m INFO[0m [2mpm_bot[0m[2m:[0m TAKER: UP (z=2.26 p=0.988 ask=0.870 avg=0.870 tau=214s)
[2m2026-07-04T18:11:26.171000Z[0m [32m INFO[0m [2mexecution[0m[2m:[0m [DRY-RUN] dryrun-150 Buy 79591743 x 260 @ 0.880 (Fak)
[2m2026-07-04T18:11:26.420993Z[0m [32m INFO[0m [2mpm_bot[0m[2m:[0m TAKER: UP (z=2.26 p=0.988 ask=0.870 avg=0.870 tau=214s)
[2m2026-07-04T18:11:26.421022Z[0m [32m INFO[0m [2mexecution[0m[2m:[0m [DRY-RUN] dryrun-151 Buy 79591743 x 260 @ 0.880 (Fak)
[2m2026-07-04T18:11:26.670843Z[0m [32m INFO[0m [2mpm_bot[0m[2m:[0m TAKER: UP (z=2.38 p=0.991 ask=0.870 avg=0.870 tau=213s)
[2m2026-07-04T18:11:26.670873Z[0m [32m INFO[0m [2mexecution[0m[2m:[0m [DRY-RUN] dryrun-152 Buy 79591743 x 267 @ 0.880 (Fak)
[2m2026-07-04T18:11:26.921270Z[0m [32m INFO[0m [2mpm_bot[0m[2m:[0m TAKER: UP (z=2.38 p=0.991 ask=0.870 avg=0.870 tau=213s)
[2m2026-07-04T18:11:26.921300Z[0m [32m INFO[0m [2mexecution[0m[2m:[0m [DRY-RUN] dryrun-153 Buy 79591743 x 267 @ 0.880 (Fak)
[2m2026-07-04T18:11:27.170803Z[0m [32m INFO[0m [2mpm_bot[0m[2m:[0m TAKER: UP (z=2.38 p=0.991 ask=0.870 avg=0.878 tau=213s)
[2m2026-07-04T18:11:27.170831Z[0m [32m INFO[0m [2mexecution[0m[2m:[0m [DRY-RUN] dryrun-154 Buy 79591743 x 267 @ 0.888 (Fak)
[2m2026-07-04T18:11:27.420825Z[0m [32m INFO[0m [2mpm_bot[0m[2m:[0m TAKER: UP (z=2.38 p=0.991 ask=0.880 avg=0.880 tau=213s)
[2m2026-07-04T18:11:27.420858Z[0m [32m INFO[0m [2mexecution[0m[2m:[0m [DRY-RUN] dryrun-155 Buy 79591743 x 263 @ 0.890 (Fak)
[2m2026-07-04T18:11:27.671219Z[0m [32m INFO[0m [2mpm_bot[0m[2m:[0m TAKER: UP (z=2.41 p=0.992 ask=0.880 avg=0.884 tau=212s)
[2m2026-07-04T18:11:27.671247Z[0m [32m INFO[0m [2mexecution[0m[2m:[0m [DRY-RUN] dryrun-156 Buy 79591743 x 265 @ 0.894 (Fak)
[2m2026-07-04T18:11:27.921111Z[0m [32m INFO[0m [2mpm_bot[0m[2m:[0m TAKER: UP (z=2.41 p=0.992 ask=0.880 avg=0.890 tau=212s)
[2m2026-07-04T18:11:27.921141Z[0m [32m INFO[0m [2mexecution[0m[2m:[0m [DRY-RUN] dryrun-157 Buy 79591743 x 265 @ 0.900 (Fak)
[2m2026-07-04T18:11:28.170607Z[0m [32m INFO[0m [2mpm_bot[0m[2m:[0m TAKER: UP (z=2.41 p=0.992 ask=0.890 avg=0.890 tau=212s)
[2m2026-07-04T18:11:28.170639Z[0m [32m INFO[0m [2mexecution[0m[2m:[0m [DRY-RUN] dryrun-158 Buy 79591743 x 260 @ 0.900 (Fak)
[2m2026-07-04T18:11:28.421301Z[0m [32m INFO[0m [2mpm_bot[0m[2m:[0m TAKER: UP (z=2.49 p=0.994 ask=0.890 avg=0.890 tau=212s)
[2m2026-07-04T18:11:28.421328Z[0m [32m INFO[0m [2mexecution[0m[2m:[0m [DRY-RUN] dryrun-159 Buy 79591743 x 264 @ 0.900 (Fak)
[2m2026-07-04T18:11:28.670326Z[0m [32m INFO[0m [2mpm_bot[0m[2m:[0m TAKER: UP (z=2.48 p=0.994 ask=0.880 avg=0.889 tau=211s)
[2m2026-07-04T18:11:28.670355Z[0m [32m INFO[0m [2mexecution[0m[2m:[0m [DRY-RUN] dryrun-160 Buy 79591743 x 268 @ 0.899 (Fak)
[2m2026-07-04T18:11:28.921229Z[0m [32m INFO[0m [2mpm_bot[0m[2m:[0m TAKER: UP (z=2.48 p=0.994 ask=0.880 avg=0.889 tau=211s)
[2m2026-07-04T18:11:28.921277Z[0m [32m INFO[0m [2mexecution[0m[2m:[0m [DRY-RUN] dryrun-161 Buy 79591743 x 268 @ 0.899 (Fak)
[2m2026-07-04T18:11:29.171156Z[0m [32m INFO[0m [2mpm_bot[0m[2m:[0m TAKER: UP (z=2.49 p=0.994 ask=0.880 avg=0.890 tau=211s)
[2m2026-07-04T18:11:29.171186Z[0m [32m INFO[0m [2mexecution[0m[2m:[0m [DRY-RUN] dryrun-162 Buy 79591743 x 269 @ 0.900 (Fak)
[2m2026-07-04T18:11:29.420739Z[0m [32m INFO[0m [2mpm_bot[0m[2m:[0m TAKER: UP (z=2.49 p=0.994 ask=0.890 avg=0.890 tau=211s)
[2m2026-07-04T18:11:29.420770Z[0m [32m INFO[0m [2mexecution[0m[2m:[0m [DRY-RUN] dryrun-163 Buy 79591743 x 264 @ 0.900 (Fak)
[2m2026-07-04T18:11:29.670842Z[0m [32m INFO[0m [2mpm_bot[0m[2m:[0m TAKER: UP (z=2.49 p=0.994 ask=0.890 avg=0.890 tau=210s)
[2m2026-07-04T18:11:29.670874Z[0m [32m INFO[0m [2mexecution[0m[2m:[0m [DRY-RUN] dryrun-164 Buy 79591743 x 264 @ 0.900 (Fak)
[2m2026-07-04T18:11:29.920672Z[0m [32m INFO[0m [2mpm_bot[0m[2m:[0m TAKER: UP (z=2.49 p=0.994 ask=0.890 avg=0.890 tau=210s)
[2m2026-07-04T18:11:29.920704Z[0m [32m INFO[0m [2mexecution[0m[2m:[0m [DRY-RUN] dryrun-165 Buy 79591743 x 264 @ 0.900 (Fak)
[2m2026-07-04T18:11:30.171118Z[0m [32m INFO[0m [2mpm_bot[0m[2m:[0m TAKER: UP (z=2.49 p=0.994 ask=0.890 avg=0.890 tau=210s)
[2m2026-07-04T18:11:30.171148Z[0m [32m INFO[0m [2mexecution[0m[2m:[0m [DRY-RUN] dryrun-166 Buy 79591743 x 264 @ 0.900 (Fak)
[2m2026-07-04T18:11:30.420352Z[0m [32m INFO[0m [2mpm_bot[0m[2m:[0m TAKER: UP (z=2.49 p=0.994 ask=0.890 avg=0.890 tau=210s)
[2m2026-07-04T18:11:30.420377Z[0m [32m INFO[0m [2mexecution[0m[2m:[0m [DRY-RUN] dryrun-167 Buy 79591743 x 264 @ 0.900 (Fak)
[2m2026-07-04T18:11:30.670215Z[0m [32m INFO[0m [2mpm_bot[0m[2m:[0m TAKER: UP (z=2.49 p=0.994 ask=0.890 avg=0.890 tau=209s)
[2m2026-07-04T18:11:30.670245Z[0m [32m INFO[0m [2mexecution[0m[2m:[0m [DRY-RUN] dryrun-168 Buy 79591743 x 264 @ 0.900 (Fak)
[2m2026-07-04T18:11:30.921054Z[0m [32m INFO[0m [2mpm_bot[0m[2m:[0m TAKER: UP (z=2.52 p=0.994 ask=0.890 avg=0.897 tau=209s)
[2m2026-07-04T18:11:30.921081Z[0m [32m INFO[0m [2mexecution[0m[2m:[0m [DRY-RUN] dryrun-169 Buy 79591743 x 265 @ 0.907 (Fak)
[2m2026-07-04T18:11:31.170958Z[0m [32m INFO[0m [2mpm_bot[0m[2m:[0m TAKER: UP (z=2.52 p=0.994 ask=0.890 avg=0.897 tau=209s)
[2m2026-07-04T18:11:31.170989Z[0m [32m INFO[0m [2mexecution[0m[2m:[0m [DRY-RUN] dryrun-170 Buy 79591743 x 265 @ 0.907 (Fak)
[2m2026-07-04T18:11:31.420998Z[0m [32m INFO[0m [2mpm_bot[0m[2m:[0m TAKER: UP (z=2.52 p=0.994 ask=0.890 avg=0.898 tau=209s)
[2m2026-07-04T18:11:31.421032Z[0m [32m INFO[0m [2mexecution[0m[2m:[0m [DRY-RUN] dryrun-171 Buy 79591743 x 265 @ 0.908 (Fak)
[2m2026-07-04T18:11:31.670748Z[0m [32m INFO[0m [2mpm_bot[0m[2m:[0m TAKER: UP (z=2.51 p=0.994 ask=0.890 avg=0.898 tau=208s)
[2m2026-07-04T18:11:31.670777Z[0m [32m INFO[0m [2mexecution[0m[2m:[0m [DRY-RUN] dryrun-172 Buy 79591743 x 265 @ 0.908 (Fak)
[2m2026-07-04T18:11:31.920822Z[0m [32m INFO[0m [2mpm_bot[0m[2m:[0m TAKER: UP (z=2.51 p=0.994 ask=0.900 avg=0.900 tau=208s)
[2m2026-07-04T18:11:31.920849Z[0m [32m INFO[0m [2mexecution[0m[2m:[0m [DRY-RUN] dryrun-173 Buy 79591743 x 261 @ 0.910 (Fak)
[2m2026-07-04T18:11:32.170665Z[0m [32m INFO[0m [2mpm_bot[0m[2m:[0m TAKER: UP (z=2.51 p=0.994 ask=0.900 avg=0.900 tau=208s)
[2m2026-07-04T18:11:32.170700Z[0m [32m INFO[0m [2mexecution[0m[2m:[0m [DRY-RUN] dryrun-174 Buy 79591743 x 261 @ 0.910 (Fak)
[2m2026-07-04T18:11:32.421181Z[0m [32m INFO[0m [2mpm_bot[0m[2m:[0m TAKER: UP (z=2.51 p=0.994 ask=0.900 avg=0.900 tau=208s)
[2m2026-07-04T18:11:32.421212Z[0m [32m INFO[0m [2mexecution[0m[2m:[0m [DRY-RUN] dryrun-175 Buy 79591743 x 261 @ 0.910 (Fak)
[2m2026-07-04T18:11:32.670993Z[0m [32m INFO[0m [2mpm_bot[0m[2m:[0m TAKER: UP (z=2.65 p=0.996 ask=0.900 avg=0.900 tau=207s)
[2m2026-07-04T18:11:32.671020Z[0m [32m INFO[0m [2mexecution[0m[2m:[0m [DRY-RUN] dryrun-176 Buy 79591743 x 266 @ 0.910 (Fak)
[2m2026-07-04T18:11:32.920763Z[0m [32m INFO[0m [2mpm_bot[0m[2m:[0m TAKER: UP (z=2.65 p=0.996 ask=0.900 avg=0.900 tau=207s)
[2m2026-07-04T18:11:32.920792Z[0m [32m INFO[0m [2mexecution[0m[2m:[0m [DRY-RUN] dryrun-177 Buy 79591743 x 266 @ 0.910 (Fak)
[2m2026-07-04T18:11:33.170332Z[0m [32m INFO[0m [2mpm_bot[0m[2m:[0m TAKER: UP (z=2.65 p=0.996 ask=0.900 avg=0.900 tau=207s)
[2m2026-07-04T18:11:33.170355Z[0m [32m INFO[0m [2mexecution[0m[2m:[0m [DRY-RUN] dryrun-178 Buy 79591743 x 266 @ 0.910 (Fak)
[2m2026-07-04T18:11:33.421096Z[0m [32m INFO[0m [2mpm_bot[0m[2m:[0m TAKER: UP (z=2.78 p=0.997 ask=0.900 avg=0.900 tau=207s)
[2m2026-07-04T18:11:33.421127Z[0m [32m INFO[0m [2mexecution[0m[2m:[0m [DRY-RUN] dryrun-179 Buy 79591743 x 270 @ 0.910 (Fak)
[2m2026-07-04T18:11:33.670597Z[0m [32m INFO[0m [2mpm_bot[0m[2m:[0m TAKER: UP (z=2.78 p=0.997 ask=0.900 avg=0.900 tau=206s)
[2m2026-07-04T18:11:33.670623Z[0m [32m INFO[0m [2mexecution[0m[2m:[0m [DRY-RUN] dryrun-180 Buy 79591743 x 270 @ 0.910 (Fak)
[2m2026-07-04T18:11:33.920331Z[0m [32m INFO[0m [2mpm_bot[0m[2m:[0m TAKER: UP (z=2.78 p=0.997 ask=0.900 avg=0.900 tau=206s)
[2m2026-07-04T18:11:33.920360Z[0m [32m INFO[0m [2mexecution[0m[2m:[0m [DRY-RUN] dryrun-181 Buy 79591743 x 270 @ 0.910 (Fak)
[2m2026-07-04T18:11:34.170426Z[0m [32m INFO[0m [2mpm_bot[0m[2m:[0m TAKER: UP (z=2.78 p=0.997 ask=0.900 avg=0.900 tau=206s)
[2m2026-07-04T18:11:34.170460Z[0m [32m INFO[0m [2mexecution[0m[2m:[0m [DRY-RUN] dryrun-182 Buy 79591743 x 270 @ 0.910 (Fak)
[2m2026-07-04T18:11:34.420851Z[0m [32m INFO[0m [2mpm_bot[0m[2m:[0m TAKER: UP (z=2.83 p=0.998 ask=0.900 avg=0.900 tau=206s)
[2m2026-07-04T18:11:34.420879Z[0m [32m INFO[0m [2mexecution[0m[2m:[0m [DRY-RUN] dryrun-183 Buy 79591743 x 271 @ 0.910 (Fak)
[2m2026-07-04T18:11:34.670340Z[0m [32m INFO[0m [2mpm_bot[0m[2m:[0m TAKER: UP (z=2.83 p=0.998 ask=0.900 avg=0.900 tau=205s)
[2m2026-07-04T18:11:34.670369Z[0m [32m INFO[0m [2mexecution[0m[2m:[0m [DRY-RUN] dryrun-184 Buy 79591743 x 271 @ 0.910 (Fak)
[2m2026-07-04T18:11:34.920778Z[0m [32m INFO[0m [2mpm_bot[0m[2m:[0m TAKER: UP (z=2.83 p=0.998 ask=0.900 avg=0.900 tau=205s)
[2m2026-07-04T18:11:34.920805Z[0m [32m INFO[0m [2mexecution[0m[2m:[0m [DRY-RUN] dryrun-185 Buy 79591743 x 271 @ 0.910 (Fak)
[2m2026-07-04T18:11:35.170783Z[0m [32m INFO[0m [2mpm_bot[0m[2m:[0m TAKER: UP (z=2.79 p=0.997 ask=0.900 avg=0.900 tau=205s)
[2m2026-07-04T18:11:35.170813Z[0m [32m INFO[0m [2mexecution[0m[2m:[0m [DRY-RUN] dryrun-186 Buy 79591743 x 270 @ 0.910 (Fak)
[2m2026-07-04T18:11:35.420530Z[0m [32m INFO[0m [2mpm_bot[0m[2m:[0m TAKER: UP (z=2.79 p=0.997 ask=0.900 avg=0.900 tau=205s)
[2m2026-07-04T18:11:35.420598Z[0m [32m INFO[0m [2mexecution[0m[2m:[0m [DRY-RUN] dryrun-187 Buy 79591743 x 270 @ 0.910 (Fak)
[2m2026-07-04T18:11:35.670555Z[0m [32m INFO[0m [2mpm_bot[0m[2m:[0m TAKER: UP (z=2.79 p=0.997 ask=0.900 avg=0.900 tau=204s)
[2m2026-07-04T18:11:35.670582Z[0m [32m INFO[0m [2mexecution[0m[2m:[0m [DRY-RUN] dryrun-188 Buy 79591743 x 270 @ 0.910 (Fak)
[2m2026-07-04T18:11:35.920929Z[0m [32m INFO[0m [2mpm_bot[0m[2m:[0m TAKER: UP (z=2.79 p=0.997 ask=0.900 avg=0.902 tau=204s)
[2m2026-07-04T18:11:35.920960Z[0m [32m INFO[0m [2mexecution[0m[2m:[0m [DRY-RUN] dryrun-189 Buy 79591743 x 270 @ 0.912 (Fak)
[2m2026-07-04T18:11:36.170515Z[0m [32m INFO[0m [2mpm_bot[0m[2m:[0m TAKER: UP (z=2.81 p=0.997 ask=0.900 avg=0.903 tau=204s)
[2m2026-07-04T18:11:36.170566Z[0m [32m INFO[0m [2mexecution[0m[2m:[0m [DRY-RUN] dryrun-190 Buy 79591743 x 270 @ 0.913 (Fak)
[2m2026-07-04T18:11:36.420454Z[0m [32m INFO[0m [2mpm_bot[0m[2m:[0m TAKER: UP (z=2.81 p=0.997 ask=0.900 avg=0.903 tau=204s)
[2m2026-07-04T18:11:36.420484Z[0m [32m INFO[0m [2mexecution[0m[2m:[0m [DRY-RUN] dryrun-191 Buy 79591743 x 270 @ 0.913 (Fak)
[2m2026-07-04T18:11:36.671191Z[0m [32m INFO[0m [2mpm_bot[0m[2m:[0m TAKER: UP (z=2.81 p=0.997 ask=0.900 avg=0.903 tau=203s)
[2m2026-07-04T18:11:36.671232Z[0m [32m INFO[0m [2mexecution[0m[2m:[0m [DRY-RUN] dryrun-192 Buy 79591743 x 270 @ 0.913 (Fak)
[2m2026-07-04T18:11:36.920305Z[0m [32m INFO[0m [2mpm_bot[0m[2m:[0m TAKER: UP (z=2.81 p=0.997 ask=0.900 avg=0.903 tau=203s)
[2m2026-07-04T18:11:36.920336Z[0m [32m INFO[0m [2mexecution[0m[2m:[0m [DRY-RUN] dryrun-193 Buy 79591743 x 270 @ 0.913 (Fak)
[2m2026-07-04T18:11:37.170614Z[0m [32m INFO[0m [2mpm_bot[0m[2m:[0m TAKER: UP (z=2.86 p=0.998 ask=0.900 avg=0.903 tau=203s)
[2m2026-07-04T18:11:37.170646Z[0m [32m INFO[0m [2mexecution[0m[2m:[0m [DRY-RUN] dryrun-194 Buy 79591743 x 271 @ 0.913 (Fak)
[2m2026-07-04T18:11:37.421097Z[0m [32m INFO[0m [2mpm_bot[0m[2m:[0m TAKER: UP (z=2.86 p=0.998 ask=0.900 avg=0.903 tau=203s)
[2m2026-07-04T18:11:37.421126Z[0m [32m INFO[0m [2mexecution[0m[2m:[0m [DRY-RUN] dryrun-195 Buy 79591743 x 271 @ 0.913 (Fak)
[2m2026-07-04T18:11:37.670580Z[0m [32m INFO[0m [2mpm_bot[0m[2m:[0m TAKER: UP (z=2.86 p=0.998 ask=0.900 avg=0.903 tau=202s)
[2m2026-07-04T18:11:37.670610Z[0m [32m INFO[0m [2mexecution[0m[2m:[0m [DRY-RUN] dryrun-196 Buy 79591743 x 271 @ 0.913 (Fak)
[2m2026-07-04T18:11:37.920960Z[0m [32m INFO[0m [2mpm_bot[0m[2m:[0m TAKER: UP (z=2.86 p=0.998 ask=0.900 avg=0.903 tau=202s)
[2m2026-07-04T18:11:37.920989Z[0m [32m INFO[0m [2mexecution[0m[2m:[0m [DRY-RUN] dryrun-197 Buy 79591743 x 271 @ 0.913 (Fak)
[2m2026-07-04T18:11:38.170753Z[0m [32m INFO[0m [2mpm_bot[0m[2m:[0m TAKER: UP (z=2.88 p=0.998 ask=0.900 avg=0.903 tau=202s)
[2m2026-07-04T18:11:38.170785Z[0m [32m INFO[0m [2mexecution[0m[2m:[0m [DRY-RUN] dryrun-198 Buy 79591743 x 272 @ 0.913 (Fak)
[2m2026-07-04T18:11:38.420393Z[0m [32m INFO[0m [2mpm_bot[0m[2m:[0m TAKER: UP (z=2.88 p=0.998 ask=0.900 avg=0.900 tau=202s)
[2m2026-07-04T18:11:38.420422Z[0m [32m INFO[0m [2mexecution[0m[2m:[0m [DRY-RUN] dryrun-199 Buy 79591743 x 272 @ 0.910 (Fak)
[2m2026-07-04T18:11:38.671201Z[0m [32m INFO[0m [2mpm_bot[0m[2m:[0m TAKER: UP (z=2.88 p=0.998 ask=0.920 avg=0.920 tau=201s)
[2m2026-07-04T18:11:38.671226Z[0m [32m INFO[0m [2mexecution[0m[2m:[0m [DRY-RUN] dryrun-200 Buy 79591743 x 264 @ 0.930 (Fak)
[2m2026-07-04T18:11:38.920668Z[0m [32m INFO[0m [2mpm_bot[0m[2m:[0m TAKER: UP (z=2.88 p=0.998 ask=0.920 avg=0.920 tau=201s)
[2m2026-07-04T18:11:38.920694Z[0m [32m INFO[0m [2mexecution[0m[2m:[0m [DRY-RUN] dryrun-201 Buy 79591743 x 264 @ 0.930 (Fak)
[2m2026-07-04T18:11:39.170871Z[0m [32m INFO[0m [2mpm_bot[0m[2m:[0m TAKER: UP (z=2.99 p=0.999 ask=0.920 avg=0.920 tau=201s)
[2m2026-07-04T18:11:39.170937Z[0m [32m INFO[0m [2mexecution[0m[2m:[0m [DRY-RUN] dryrun-202 Buy 79591743 x 267 @ 0.930 (Fak)
[2m2026-07-04T18:11:39.420340Z[0m [32m INFO[0m [2mpm_bot[0m[2m:[0m TAKER: UP (z=2.99 p=0.999 ask=0.920 avg=0.920 tau=201s)
[2m2026-07-04T18:11:39.420370Z[0m [32m INFO[0m [2mexecution[0m[2m:[0m [DRY-RUN] dryrun-203 Buy 79591743 x 267 @ 0.930 (Fak)
[2m2026-07-04T18:11:39.671233Z[0m [32m INFO[0m [2mpm_bot[0m[2m:[0m TAKER: UP (z=2.99 p=0.999 ask=0.920 avg=0.920 tau=200s)
[2m2026-07-04T18:11:39.671263Z[0m [32m INFO[0m [2mexecution[0m[2m:[0m [DRY-RUN] dryrun-204 Buy 79591743 x 267 @ 0.930 (Fak)
[2m2026-07-04T18:11:39.920842Z[0m [32m INFO[0m [2mpm_bot[0m[2m:[0m TAKER: UP (z=2.99 p=0.999 ask=0.920 avg=0.920 tau=200s)
[2m2026-07-04T18:11:39.920869Z[0m [32m INFO[0m [2mexecution[0m[2m:[0m [DRY-RUN] dryrun-205 Buy 79591743 x 267 @ 0.930 (Fak)
[2m2026-07-04T18:11:40.171192Z[0m [32m INFO[0m [2mpm_bot[0m[2m:[0m TAKER: UP (z=3.11 p=0.999 ask=0.920 avg=0.920 tau=200s)
[2m2026-07-04T18:11:40.171252Z[0m [32m INFO[0m [2mexecution[0m[2m:[0m [DRY-RUN] dryrun-206 Buy 79591743 x 268 @ 0.930 (Fak)
[2m2026-07-04T18:11:40.421276Z[0m [32m INFO[0m [2mpm_bot[0m[2m:[0m TAKER: UP (z=3.11 p=0.999 ask=0.920 avg=0.920 tau=200s)
[2m2026-07-04T18:11:40.421309Z[0m [32m INFO[0m [2mexecution[0m[2m:[0m [DRY-RUN] dryrun-207 Buy 79591743 x 268 @ 0.930 (Fak)
[2m2026-07-04T18:11:40.671094Z[0m [32m INFO[0m [2mpm_bot[0m[2m:[0m TAKER: UP (z=3.11 p=0.999 ask=0.920 avg=0.920 tau=199s)
[2m2026-07-04T18:11:40.671126Z[0m [32m INFO[0m [2mexecution[0m[2m:[0m [DRY-RUN] dryrun-208 Buy 79591743 x 268 @ 0.930 (Fak)
[2m2026-07-04T18:11:40.921379Z[0m [32m INFO[0m [2mpm_bot[0m[2m:[0m TAKER: UP (z=3.11 p=0.999 ask=0.920 avg=0.920 tau=199s)
[2m2026-07-04T18:11:40.921409Z[0m [32m INFO[0m [2mexecution[0m[2m:[0m [DRY-RUN] dryrun-209 Buy 79591743 x 268 @ 0.930 (Fak)
[2m2026-07-04T18:11:41.170363Z[0m [32m INFO[0m [2mpm_bot[0m[2m:[0m TAKER: UP (z=3.24 p=0.999 ask=0.910 avg=0.910 tau=199s)
[2m2026-07-04T18:11:41.170393Z[0m [32m INFO[0m [2mexecution[0m[2m:[0m [DRY-RUN] dryrun-210 Buy 79591743 x 272 @ 0.920 (Fak)
[2m2026-07-04T18:11:41.420963Z[0m [32m INFO[0m [2mpm_bot[0m[2m:[0m TAKER: UP (z=3.24 p=0.999 ask=0.910 avg=0.910 tau=199s)
[2m2026-07-04T18:11:41.420987Z[0m [32m INFO[0m [2mexecution[0m[2m:[0m [DRY-RUN] dryrun-211 Buy 79591743 x 272 @ 0.920 (Fak)
[2m2026-07-04T18:11:41.671017Z[0m [32m INFO[0m [2mpm_bot[0m[2m:[0m TAKER: UP (z=3.24 p=0.999 ask=0.910 avg=0.910 tau=198s)
[2m2026-07-04T18:11:41.671053Z[0m [32m INFO[0m [2mexecution[0m[2m:[0m [DRY-RUN] dryrun-212 Buy 79591743 x 272 @ 0.920 (Fak)
[2m2026-07-04T18:11:41.921012Z[0m [32m INFO[0m [2mpm_bot[0m[2m:[0m TAKER: UP (z=3.24 p=0.999 ask=0.920 avg=0.920 tau=198s)
[2m2026-07-04T18:11:41.921040Z[0m [32m INFO[0m [2mexecution[0m[2m:[0m [DRY-RUN] dryrun-213 Buy 79591743 x 269 @ 0.930 (Fak)
[2m2026-07-04T18:11:42.171275Z[0m [32m INFO[0m [2mpm_bot[0m[2m:[0m TAKER: UP (z=3.33 p=1.000 ask=0.920 avg=0.920 tau=198s)
[2m2026-07-04T18:11:42.171305Z[0m [32m INFO[0m [2mexecution[0m[2m:[0m [DRY-RUN] dryrun-214 Buy 79591743 x 270 @ 0.930 (Fak)
[2m2026-07-04T18:11:42.421345Z[0m [32m INFO[0m [2mpm_bot[0m[2m:[0m TAKER: UP (z=3.33 p=1.000 ask=0.920 avg=0.920 tau=198s)
[2m2026-07-04T18:11:42.421375Z[0m [32m INFO[0m [2mexecution[0m[2m:[0m [DRY-RUN] dryrun-215 Buy 79591743 x 270 @ 0.930 (Fak)
[2m2026-07-04T18:11:42.670497Z[0m [32m INFO[0m [2mpm_bot[0m[2m:[0m TAKER: UP (z=3.33 p=1.000 ask=0.920 avg=0.920 tau=197s)
[2m2026-07-04T18:11:42.670526Z[0m [32m INFO[0m [2mexecution[0m[2m:[0m [DRY-RUN] dryrun-216 Buy 79591743 x 270 @ 0.930 (Fak)
[2m2026-07-04T18:11:42.921214Z[0m [32m INFO[0m [2mpm_bot[0m[2m:[0m TAKER: UP (z=3.33 p=1.000 ask=0.910 avg=0.911 tau=197s)
[2m2026-07-04T18:11:42.921242Z[0m [32m INFO[0m [2mexecution[0m[2m:[0m [DRY-RUN] dryrun-217 Buy 79591743 x 273 @ 0.921 (Fak)
[2m2026-07-04T18:11:43.170748Z[0m [32m INFO[0m [2mpm_bot[0m[2m:[0m TAKER: UP (z=3.44 p=1.000 ask=0.900 avg=0.905 tau=197s)
[2m2026-07-04T18:11:43.170779Z[0m [32m INFO[0m [2mexecution[0m[2m:[0m [DRY-RUN] dryrun-218 Buy 79591743 x 276 @ 0.915 (Fak)
[2m2026-07-04T18:11:43.421086Z[0m [32m INFO[0m [2mpm_bot[0m[2m:[0m TAKER: UP (z=3.44 p=1.000 ask=0.900 avg=0.903 tau=197s)
[2m2026-07-04T18:11:43.421116Z[0m [32m INFO[0m [2mexecution[0m[2m:[0m [DRY-RUN] dryrun-219 Buy 79591743 x 276 @ 0.913 (Fak)
[2m2026-07-04T18:11:43.671345Z[0m [32m INFO[0m [2mpm_bot[0m[2m:[0m TAKER: UP (z=3.44 p=1.000 ask=0.890 avg=0.890 tau=196s)
[2m2026-07-04T18:11:43.671375Z[0m [32m INFO[0m [2mexecution[0m[2m:[0m [DRY-RUN] dryrun-220 Buy 79591743 x 280 @ 0.900 (Fak)
[2m2026-07-04T18:11:43.921042Z[0m [32m INFO[0m [2mpm_bot[0m[2m:[0m TAKER: UP (z=3.44 p=1.000 ask=0.890 avg=0.890 tau=196s)
[2m2026-07-04T18:11:43.921069Z[0m [32m INFO[0m [2mexecution[0m[2m:[0m [DRY-RUN] dryrun-221 Buy 79591743 x 280 @ 0.900 (Fak)
[2m2026-07-04T18:11:44.171137Z[0m [32m INFO[0m [2mpm_bot[0m[2m:[0m TAKER: UP (z=3.40 p=1.000 ask=0.890 avg=0.890 tau=196s)
[2m2026-07-04T18:11:44.171171Z[0m [32m INFO[0m [2mexecution[0m[2m:[0m [DRY-RUN] dryrun-222 Buy 79591743 x 280 @ 0.900 (Fak)
[2m2026-07-04T18:11:44.421093Z[0m [32m INFO[0m [2mpm_bot[0m[2m:[0m TAKER: UP (z=3.40 p=1.000 ask=0.880 avg=0.887 tau=196s)
[2m2026-07-04T18:11:44.421139Z[0m [32m INFO[0m [2mexecution[0m[2m:[0m [DRY-RUN] dryrun-223 Buy 79591743 x 283 @ 0.897 (Fak)
[2m2026-07-04T18:11:44.670397Z[0m [32m INFO[0m [2mpm_bot[0m[2m:[0m TAKER: UP (z=3.40 p=1.000 ask=0.880 avg=0.880 tau=195s)
[2m2026-07-04T18:11:44.670429Z[0m [32m INFO[0m [2mexecution[0m[2m:[0m [DRY-RUN] dryrun-224 Buy 79591743 x 283 @ 0.890 (Fak)
[2m2026-07-04T18:11:44.920866Z[0m [32m INFO[0m [2mpm_bot[0m[2m:[0m TAKER: UP (z=3.40 p=1.000 ask=0.880 avg=0.880 tau=195s)
[2m2026-07-04T18:11:44.920900Z[0m [32m INFO[0m [2mexecution[0m[2m:[0m [DRY-RUN] dryrun-225 Buy 79591743 x 283 @ 0.890 (Fak)
[2m2026-07-04T18:11:45.170957Z[0m [32m INFO[0m [2mpm_bot[0m[2m:[0m TAKER: UP (z=3.42 p=1.000 ask=0.880 avg=0.880 tau=195s)
[2m2026-07-04T18:11:45.170988Z[0m [32m INFO[0m [2mexecution[0m[2m:[0m [DRY-RUN] dryrun-226 Buy 79591743 x 283 @ 0.890 (Fak)
[2m2026-07-04T18:11:45.421137Z[0m [32m INFO[0m [2mpm_bot[0m[2m:[0m TAKER: UP (z=3.42 p=1.000 ask=0.870 avg=0.879 tau=195s)
[2m2026-07-04T18:11:45.421167Z[0m [32m INFO[0m [2mexecution[0m[2m:[0m [DRY-RUN] dryrun-227 Buy 79591743 x 286 @ 0.889 (Fak)
[2m2026-07-04T18:11:45.670762Z[0m [32m INFO[0m [2mpm_bot[0m[2m:[0m TAKER: UP (z=3.42 p=1.000 ask=0.870 avg=0.877 tau=194s)
[2m2026-07-04T18:11:45.670791Z[0m [32m INFO[0m [2mexecution[0m[2m:[0m [DRY-RUN] dryrun-228 Buy 79591743 x 286 @ 0.887 (Fak)
[2m2026-07-04T18:11:45.920907Z[0m [32m INFO[0m [2mpm_bot[0m[2m:[0m TAKER: UP (z=3.42 p=1.000 ask=0.870 avg=0.877 tau=194s)
[2m2026-07-04T18:11:45.920937Z[0m [32m INFO[0m [2mexecution[0m[2m:[0m [DRY-RUN] dryrun-229 Buy 79591743 x 286 @ 0.887 (Fak)
[2m2026-07-04T18:11:46.170369Z[0m [32m INFO[0m [2mpm_bot[0m[2m:[0m TAKER: UP (z=3.42 p=1.000 ask=0.870 avg=0.878 tau=194s)
[2m2026-07-04T18:11:46.170396Z[0m [32m INFO[0m [2mexecution[0m[2m:[0m [DRY-RUN] dryrun-230 Buy 79591743 x 286 @ 0.888 (Fak)
[2m2026-07-04T18:11:46.421244Z[0m [32m INFO[0m [2mpm_bot[0m[2m:[0m TAKER: UP (z=3.42 p=1.000 ask=0.870 avg=0.879 tau=194s)
[2m2026-07-04T18:11:46.421275Z[0m [32m INFO[0m [2mexecution[0m[2m:[0m [DRY-RUN] dryrun-231 Buy 79591743 x 286 @ 0.889 (Fak)
[2m2026-07-04T18:11:46.670974Z[0m [32m INFO[0m [2mpm_bot[0m[2m:[0m TAKER: UP (z=3.22 p=0.999 ask=0.850 avg=0.863 tau=193s)
[2m2026-07-04T18:11:46.671004Z[0m [32m INFO[0m [2mexecution[0m[2m:[0m [DRY-RUN] dryrun-232 Buy 79591743 x 292 @ 0.873 (Fak)
[2m2026-07-04T18:11:46.920631Z[0m [32m INFO[0m [2mpm_bot[0m[2m:[0m TAKER: UP (z=3.22 p=0.999 ask=0.850 avg=0.868 tau=193s)
[2m2026-07-04T18:11:46.920662Z[0m [32m INFO[0m [2mexecution[0m[2m:[0m [DRY-RUN] dryrun-233 Buy 79591743 x 292 @ 0.878 (Fak)
[2m2026-07-04T18:11:47.170346Z[0m [32m INFO[0m [2mpm_bot[0m[2m:[0m TAKER: UP (z=3.22 p=0.999 ask=0.880 avg=0.880 tau=193s)
[2m2026-07-04T18:11:47.170377Z[0m [32m INFO[0m [2mexecution[0m[2m:[0m [DRY-RUN] dryrun-234 Buy 79591743 x 282 @ 0.890 (Fak)
[2m2026-07-04T18:11:47.421003Z[0m [32m INFO[0m [2mpm_bot[0m[2m:[0m TAKER: UP (z=3.22 p=0.999 ask=0.880 avg=0.880 tau=193s)
[2m2026-07-04T18:11:47.421030Z[0m [32m INFO[0m [2mexecution[0m[2m:[0m [DRY-RUN] dryrun-235 Buy 79591743 x 282 @ 0.890 (Fak)
[2m2026-07-04T18:11:47.671080Z[0m [32m INFO[0m [2mpm_bot[0m[2m:[0m TAKER: UP (z=3.22 p=0.999 ask=0.880 avg=0.880 tau=192s)
[2m2026-07-04T18:11:47.671108Z[0m [32m INFO[0m [2mexecution[0m[2m:[0m [DRY-RUN] dryrun-236 Buy 79591743 x 282 @ 0.890 (Fak)
[2m2026-07-04T18:11:48.171171Z[0m [32m INFO[0m [2mpm_bot[0m[2m:[0m TAKER: UP (z=3.21 p=0.999 ask=0.850 avg=0.859 tau=192s)
[2m2026-07-04T18:11:48.171201Z[0m [32m INFO[0m [2mexecution[0m[2m:[0m [DRY-RUN] dryrun-237 Buy 79591743 x 292 @ 0.869 (Fak)
[2m2026-07-04T18:11:48.421214Z[0m [32m INFO[0m [2mpm_bot[0m[2m:[0m TAKER: UP (z=3.18 p=0.999 ask=0.850 avg=0.868 tau=192s)
[2m2026-07-04T18:11:48.421244Z[0m [32m INFO[0m [2mexecution[0m[2m:[0m [DRY-RUN] dryrun-238 Buy 79591743 x 292 @ 0.878 (Fak)
[2m2026-07-04T18:11:49.420675Z[0m [32m INFO[0m [2mpm_bot[0m[2m:[0m TAKER: UP (z=3.17 p=0.999 ask=0.870 avg=0.870 tau=191s)
[2m2026-07-04T18:11:49.420703Z[0m [32m INFO[0m [2mexecution[0m[2m:[0m [DRY-RUN] dryrun-239 Buy 79591743 x 285 @ 0.880 (Fak)
[2m2026-07-04T18:11:49.671194Z[0m [32m INFO[0m [2mpm_bot[0m[2m:[0m TAKER: UP (z=3.17 p=0.999 ask=0.870 avg=0.870 tau=190s)
[2m2026-07-04T18:11:49.671223Z[0m [32m INFO[0m [2mexecution[0m[2m:[0m [DRY-RUN] dryrun-240 Buy 79591743 x 285 @ 0.880 (Fak)
[2m2026-07-04T18:11:49.920399Z[0m [32m INFO[0m [2mpm_bot[0m[2m:[0m TAKER: UP (z=3.17 p=0.999 ask=0.850 avg=0.850 tau=190s)
[2m2026-07-04T18:11:49.920428Z[0m [32m INFO[0m [2mexecution[0m[2m:[0m [DRY-RUN] dryrun-241 Buy 79591743 x 292 @ 0.860 (Fak)
[2m2026-07-04T18:11:50.170505Z[0m [32m INFO[0m [2mpm_bot[0m[2m:[0m TAKER: UP (z=3.17 p=0.999 ask=0.850 avg=0.850 tau=190s)
[2m2026-07-04T18:11:50.170563Z[0m [32m INFO[0m [2mexecution[0m[2m:[0m [DRY-RUN] dryrun-242 Buy 79591743 x 292 @ 0.860 (Fak)
[2m2026-07-04T18:11:50.420716Z[0m [32m INFO[0m [2mpm_bot[0m[2m:[0m TAKER: UP (z=2.97 p=0.999 ask=0.850 avg=0.852 tau=190s)
[2m2026-07-04T18:11:50.420752Z[0m [32m INFO[0m [2mexecution[0m[2m:[0m [DRY-RUN] dryrun-243 Buy 79591743 x 291 @ 0.862 (Fak)
[2m2026-07-04T18:11:50.670662Z[0m [32m INFO[0m [2mpm_bot[0m[2m:[0m TAKER: UP (z=2.97 p=0.999 ask=0.850 avg=0.852 tau=189s)
[2m2026-07-04T18:11:50.670693Z[0m [32m INFO[0m [2mexecution[0m[2m:[0m [DRY-RUN] dryrun-244 Buy 79591743 x 291 @ 0.862 (Fak)
[2m2026-07-04T18:11:50.920441Z[0m [32m INFO[0m [2mpm_bot[0m[2m:[0m TAKER: UP (z=2.97 p=0.999 ask=0.830 avg=0.839 tau=189s)
[2m2026-07-04T18:11:50.920471Z[0m [32m INFO[0m [2mexecution[0m[2m:[0m [DRY-RUN] dryrun-245 Buy 79591743 x 298 @ 0.849 (Fak)
[2m2026-07-04T18:11:51.420584Z[0m [32m INFO[0m [2mpm_bot[0m[2m:[0m TAKER: UP (z=2.93 p=0.998 ask=0.870 avg=0.876 tau=189s)
[2m2026-07-04T18:11:51.420613Z[0m [32m INFO[0m [2mexecution[0m[2m:[0m [DRY-RUN] dryrun-246 Buy 79591743 x 283 @ 0.886 (Fak)
[2m2026-07-04T18:11:51.670771Z[0m [32m INFO[0m [2mpm_bot[0m[2m:[0m TAKER: UP (z=2.93 p=0.998 ask=0.870 avg=0.874 tau=188s)
[2m2026-07-04T18:11:51.670799Z[0m [32m INFO[0m [2mexecution[0m[2m:[0m [DRY-RUN] dryrun-247 Buy 79591743 x 283 @ 0.884 (Fak)
[2m2026-07-04T18:11:51.920972Z[0m [32m INFO[0m [2mpm_bot[0m[2m:[0m TAKER: UP (z=2.93 p=0.998 ask=0.860 avg=0.870 tau=188s)
[2m2026-07-04T18:11:51.921000Z[0m [32m INFO[0m [2mexecution[0m[2m:[0m [DRY-RUN] dryrun-248 Buy 79591743 x 287 @ 0.880 (Fak)
[2m2026-07-04T18:11:52.170701Z[0m [32m INFO[0m [2mpm_bot[0m[2m:[0m TAKER: UP (z=2.93 p=0.998 ask=0.860 avg=0.874 tau=188s)
[2m2026-07-04T18:11:52.170725Z[0m [32m INFO[0m [2mexecution[0m[2m:[0m [DRY-RUN] dryrun-249 Buy 79591743 x 287 @ 0.884 (Fak)
[2m2026-07-04T18:11:52.420613Z[0m [32m INFO[0m [2mpm_bot[0m[2m:[0m TAKER: UP (z=2.89 p=0.998 ask=0.860 avg=0.877 tau=188s)
[2m2026-07-04T18:11:52.420644Z[0m [32m INFO[0m [2mexecution[0m[2m:[0m [DRY-RUN] dryrun-250 Buy 79591743 x 286 @ 0.887 (Fak)
[2m2026-07-04T18:11:53.670683Z[0m [32m INFO[0m [2mpm_bot[0m[2m:[0m TAKER: UP (z=2.90 p=0.998 ask=0.860 avg=0.880 tau=186s)
[2m2026-07-04T18:11:53.670713Z[0m [32m INFO[0m [2mexecution[0m[2m:[0m [DRY-RUN] dryrun-251 Buy 79591743 x 286 @ 0.890 (Fak)
[2m2026-07-04T18:11:53.920947Z[0m [32m INFO[0m [2mpm_bot[0m[2m:[0m TAKER: UP (z=2.90 p=0.998 ask=0.860 avg=0.880 tau=186s)
[2m2026-07-04T18:11:53.920976Z[0m [32m INFO[0m [2mexecution[0m[2m:[0m [DRY-RUN] dryrun-252 Buy 79591743 x 286 @ 0.890 (Fak)
[2m2026-07-04T18:11:54.670887Z[0m [32m INFO[0m [2mpm_bot[0m[2m:[0m TAKER: UP (z=2.87 p=0.998 ask=0.870 avg=0.876 tau=185s)
[2m2026-07-04T18:11:54.670936Z[0m [32m INFO[0m [2mexecution[0m[2m:[0m [DRY-RUN] dryrun-253 Buy 79591743 x 282 @ 0.886 (Fak)
[2m2026-07-04T18:11:54.921059Z[0m [32m INFO[0m [2mpm_bot[0m[2m:[0m TAKER: UP (z=2.87 p=0.998 ask=0.870 avg=0.870 tau=185s)
[2m2026-07-04T18:11:54.921087Z[0m [32m INFO[0m [2mexecution[0m[2m:[0m [DRY-RUN] dryrun-254 Buy 79591743 x 282 @ 0.880 (Fak)
[2m2026-07-04T18:11:55.170559Z[0m [32m INFO[0m [2mpm_bot[0m[2m:[0m TAKER: UP (z=2.87 p=0.998 ask=0.850 avg=0.856 tau=185s)
[2m2026-07-04T18:11:55.170588Z[0m [32m INFO[0m [2mexecution[0m[2m:[0m [DRY-RUN] dryrun-255 Buy 79591743 x 290 @ 0.866 (Fak)
[2m2026-07-04T18:11:55.420412Z[0m [32m INFO[0m [2mpm_bot[0m[2m:[0m TAKER: UP (z=2.94 p=0.998 ask=0.840 avg=0.842 tau=185s)
[2m2026-07-04T18:11:55.420438Z[0m [32m INFO[0m [2mexecution[0m[2m:[0m [DRY-RUN] dryrun-256 Buy 79591743 x 294 @ 0.852 (Fak)
[2m2026-07-04T18:11:55.671305Z[0m [32m INFO[0m [2mpm_bot[0m[2m:[0m TAKER: UP (z=2.94 p=0.998 ask=0.840 avg=0.840 tau=184s)
[2m2026-07-04T18:11:55.671336Z[0m [32m INFO[0m [2mexecution[0m[2m:[0m [DRY-RUN] dryrun-257 Buy 79591743 x 294 @ 0.850 (Fak)
[2m2026-07-04T18:11:55.921219Z[0m [32m INFO[0m [2mpm_bot[0m[2m:[0m TAKER: UP (z=2.94 p=0.998 ask=0.840 avg=0.840 tau=184s)
[2m2026-07-04T18:11:55.921263Z[0m [32m INFO[0m [2mexecution[0m[2m:[0m [DRY-RUN] dryrun-258 Buy 79591743 x 294 @ 0.850 (Fak)
[2m2026-07-04T18:11:56.170356Z[0m [32m INFO[0m [2mpm_bot[0m[2m:[0m TAKER: UP (z=2.94 p=0.998 ask=0.820 avg=0.825 tau=184s)
[2m2026-07-04T18:11:56.170384Z[0m [32m INFO[0m [2mexecution[0m[2m:[0m [DRY-RUN] dryrun-259 Buy 79591743 x 302 @ 0.835 (Fak)
[2m2026-07-04T18:11:56.421036Z[0m [32m INFO[0m [2mpm_bot[0m[2m:[0m TAKER: UP (z=2.98 p=0.999 ask=0.820 avg=0.830 tau=184s)
[2m2026-07-04T18:11:56.421065Z[0m [32m INFO[0m [2mexecution[0m[2m:[0m [DRY-RUN] dryrun-260 Buy 79591743 x 302 @ 0.840 (Fak)
[2m2026-07-04T18:11:56.670862Z[0m [32m INFO[0m [2mpm_bot[0m[2m:[0m TAKER: UP (z=2.98 p=0.999 ask=0.820 avg=0.831 tau=183s)
[2m2026-07-04T18:11:56.670921Z[0m [32m INFO[0m [2mexecution[0m[2m:[0m [DRY-RUN] dryrun-261 Buy 79591743 x 302 @ 0.841 (Fak)
[2m2026-07-04T18:11:56.920794Z[0m [32m INFO[0m [2mpm_bot[0m[2m:[0m TAKER: UP (z=2.98 p=0.999 ask=0.820 avg=0.832 tau=183s)
[2m2026-07-04T18:11:56.920823Z[0m [32m INFO[0m [2mexecution[0m[2m:[0m [DRY-RUN] dryrun-262 Buy 79591743 x 302 @ 0.842 (Fak)
[2m2026-07-04T18:11:57.171206Z[0m [32m INFO[0m [2mpm_bot[0m[2m:[0m TAKER: UP (z=2.98 p=0.999 ask=0.820 avg=0.831 tau=183s)
[2m2026-07-04T18:11:57.171324Z[0m [32m INFO[0m [2mexecution[0m[2m:[0m [DRY-RUN] dryrun-263 Buy 79591743 x 302 @ 0.841 (Fak)
[2m2026-07-04T18:11:57.420718Z[0m [32m INFO[0m [2mpm_bot[0m[2m:[0m TAKER: UP (z=2.98 p=0.999 ask=0.820 avg=0.831 tau=183s)
[2m2026-07-04T18:11:57.420746Z[0m [32m INFO[0m [2mexecution[0m[2m:[0m [DRY-RUN] dryrun-264 Buy 79591743 x 302 @ 0.841 (Fak)
[2m2026-07-04T18:11:57.671161Z[0m [32m INFO[0m [2mpm_bot[0m[2m:[0m TAKER: UP (z=3.00 p=0.999 ask=0.820 avg=0.831 tau=182s)
[2m2026-07-04T18:11:57.671191Z[0m [32m INFO[0m [2mexecution[0m[2m:[0m [DRY-RUN] dryrun-265 Buy 79591743 x 302 @ 0.841 (Fak)
[2m2026-07-04T18:11:57.920632Z[0m [32m INFO[0m [2mpm_bot[0m[2m:[0m TAKER: UP (z=3.02 p=0.999 ask=0.830 avg=0.833 tau=182s)
[2m2026-07-04T18:11:57.920659Z[0m [32m INFO[0m [2mexecution[0m[2m:[0m [DRY-RUN] dryrun-266 Buy 79591743 x 298 @ 0.843 (Fak)
[2m2026-07-04T18:11:58.170522Z[0m [32m INFO[0m [2mpm_bot[0m[2m:[0m TAKER: UP (z=3.02 p=0.999 ask=0.830 avg=0.833 tau=182s)
[2m2026-07-04T18:11:58.170577Z[0m [32m INFO[0m [2mexecution[0m[2m:[0m [DRY-RUN] dryrun-267 Buy 79591743 x 298 @ 0.843 (Fak)
[2m2026-07-04T18:11:58.421032Z[0m [32m INFO[0m [2mpm_bot[0m[2m:[0m TAKER: UP (z=3.02 p=0.999 ask=0.830 avg=0.830 tau=182s)
[2m2026-07-04T18:11:58.421062Z[0m [32m INFO[0m [2mexecution[0m[2m:[0m [DRY-RUN] dryrun-268 Buy 79591743 x 298 @ 0.840 (Fak)
[2m2026-07-04T18:11:58.670585Z[0m [32m INFO[0m [2mpm_bot[0m[2m:[0m TAKER: UP (z=3.02 p=0.999 ask=0.830 avg=0.830 tau=181s)
[2m2026-07-04T18:11:58.670616Z[0m [32m INFO[0m [2mexecution[0m[2m:[0m [DRY-RUN] dryrun-269 Buy 79591743 x 298 @ 0.840 (Fak)
[2m2026-07-04T18:11:58.921053Z[0m [32m INFO[0m [2mpm_bot[0m[2m:[0m TAKER: UP (z=3.02 p=0.999 ask=0.830 avg=0.831 tau=181s)
[2m2026-07-04T18:11:58.921094Z[0m [32m INFO[0m [2mexecution[0m[2m:[0m [DRY-RUN] dryrun-270 Buy 79591743 x 298 @ 0.841 (Fak)
[2m2026-07-04T18:11:59.170463Z[0m [32m INFO[0m [2mpm_bot[0m[2m:[0m TAKER: UP (z=3.02 p=0.999 ask=0.830 avg=0.845 tau=181s)
[2m2026-07-04T18:11:59.170491Z[0m [32m INFO[0m [2mexecution[0m[2m:[0m [DRY-RUN] dryrun-271 Buy 79591743 x 298 @ 0.855 (Fak)
[2m2026-07-04T18:11:59.420847Z[0m [32m INFO[0m [2mpm_bot[0m[2m:[0m TAKER: UP (z=3.02 p=0.999 ask=0.830 avg=0.845 tau=181s)
[2m2026-07-04T18:11:59.420883Z[0m [32m INFO[0m [2mexecution[0m[2m:[0m [DRY-RUN] dryrun-272 Buy 79591743 x 298 @ 0.855 (Fak)
[2m2026-07-04T18:11:59.670446Z[0m [32m INFO[0m [2mpm_bot[0m[2m:[0m TAKER: UP (z=3.02 p=0.999 ask=0.830 avg=0.845 tau=180s)
[2m2026-07-04T18:11:59.670483Z[0m [32m INFO[0m [2mexecution[0m[2m:[0m [DRY-RUN] dryrun-273 Buy 79591743 x 298 @ 0.855 (Fak)
[2m2026-07-04T18:11:59.920645Z[0m [32m INFO[0m [2mpm_bot[0m[2m:[0m TAKER: UP (z=3.02 p=0.999 ask=0.830 avg=0.845 tau=180s)
[2m2026-07-04T18:11:59.920675Z[0m [32m INFO[0m [2mexecution[0m[2m:[0m [DRY-RUN] dryrun-274 Buy 79591743 x 298 @ 0.855 (Fak)
[2m2026-07-04T18:12:00.170606Z[0m [32m INFO[0m [2mpm_bot[0m[2m:[0m TAKER: UP (z=3.02 p=0.999 ask=0.840 avg=0.840 tau=180s)
[2m2026-07-04T18:12:00.170635Z[0m [32m INFO[0m [2mexecution[0m[2m:[0m [DRY-RUN] dryrun-275 Buy 79591743 x 295 @ 0.850 (Fak)
[2m2026-07-04T18:12:00.420795Z[0m [32m INFO[0m [2mpm_bot[0m[2m:[0m TAKER: UP (z=3.03 p=0.999 ask=0.820 avg=0.828 tau=180s)
[2m2026-07-04T18:12:00.420876Z[0m [32m INFO[0m [2mexecution[0m[2m:[0m [DRY-RUN] dryrun-276 Buy 79591743 x 302 @ 0.838 (Fak)
[2m2026-07-04T18:12:00.670429Z[0m [32m INFO[0m [2mpm_bot[0m[2m:[0m TAKER: UP (z=3.03 p=0.999 ask=0.820 avg=0.824 tau=179s)
[2m2026-07-04T18:12:00.670456Z[0m [32m INFO[0m [2mexecution[0m[2m:[0m [DRY-RUN] dryrun-277 Buy 79591743 x 302 @ 0.834 (Fak)
[2m2026-07-04T18:12:00.920470Z[0m [32m INFO[0m [2mpm_bot[0m[2m:[0m TAKER: UP (z=3.03 p=0.999 ask=0.820 avg=0.820 tau=179s)
[2m2026-07-04T18:12:00.920501Z[0m [32m INFO[0m [2mexecution[0m[2m:[0m [DRY-RUN] dryrun-278 Buy 79591743 x 302 @ 0.830 (Fak)
[2m2026-07-04T18:12:01.170948Z[0m [32m INFO[0m [2mpm_bot[0m[2m:[0m TAKER: UP (z=3.03 p=0.999 ask=0.820 avg=0.820 tau=179s)
[2m2026-07-04T18:12:01.170982Z[0m [32m INFO[0m [2mexecution[0m[2m:[0m [DRY-RUN] dryrun-279 Buy 79591743 x 302 @ 0.830 (Fak)
[2m2026-07-04T18:12:01.420796Z[0m [32m INFO[0m [2mpm_bot[0m[2m:[0m TAKER: UP (z=3.03 p=0.999 ask=0.820 avg=0.820 tau=179s)
[2m2026-07-04T18:12:01.420822Z[0m [32m INFO[0m [2mexecution[0m[2m:[0m [DRY-RUN] dryrun-280 Buy 79591743 x 302 @ 0.830 (Fak)
[2m2026-07-04T18:12:01.670936Z[0m [32m INFO[0m [2mpm_bot[0m[2m:[0m TAKER: UP (z=3.03 p=0.999 ask=0.820 avg=0.820 tau=178s)
[2m2026-07-04T18:12:01.670969Z[0m [32m INFO[0m [2mexecution[0m[2m:[0m [DRY-RUN] dryrun-281 Buy 79591743 x 302 @ 0.830 (Fak)
[2m2026-07-04T18:12:01.920993Z[0m [32m INFO[0m [2mpm_bot[0m[2m:[0m TAKER: UP (z=3.03 p=0.999 ask=0.820 avg=0.826 tau=178s)
[2m2026-07-04T18:12:01.921023Z[0m [32m INFO[0m [2mexecution[0m[2m:[0m [DRY-RUN] dryrun-282 Buy 79591743 x 302 @ 0.836 (Fak)
[2m2026-07-04T18:12:02.171316Z[0m [32m INFO[0m [2mpm_bot[0m[2m:[0m TAKER: UP (z=3.03 p=0.999 ask=0.820 avg=0.831 tau=178s)
[2m2026-07-04T18:12:02.171346Z[0m [32m INFO[0m [2mexecution[0m[2m:[0m [DRY-RUN] dryrun-283 Buy 79591743 x 302 @ 0.841 (Fak)
[2m2026-07-04T18:12:02.421023Z[0m [32m INFO[0m [2mpm_bot[0m[2m:[0m TAKER: UP (z=3.02 p=0.999 ask=0.830 avg=0.844 tau=178s)
[2m2026-07-04T18:12:02.421051Z[0m [32m INFO[0m [2mexecution[0m[2m:[0m [DRY-RUN] dryrun-284 Buy 79591743 x 298 @ 0.854 (Fak)
[2m2026-07-04T18:12:02.670790Z[0m [32m INFO[0m [2mpm_bot[0m[2m:[0m TAKER: UP (z=3.02 p=0.999 ask=0.830 avg=0.845 tau=177s)
[2m2026-07-04T18:12:02.670819Z[0m [32m INFO[0m [2mexecution[0m[2m:[0m [DRY-RUN] dryrun-285 Buy 79591743 x 298 @ 0.855 (Fak)
[2m2026-07-04T18:12:02.920661Z[0m [32m INFO[0m [2mpm_bot[0m[2m:[0m TAKER: UP (z=3.02 p=0.999 ask=0.840 avg=0.840 tau=177s)
[2m2026-07-04T18:12:02.920692Z[0m [32m INFO[0m [2mexecution[0m[2m:[0m [DRY-RUN] dryrun-286 Buy 79591743 x 295 @ 0.850 (Fak)
[2m2026-07-04T18:12:03.171200Z[0m [32m INFO[0m [2mpm_bot[0m[2m:[0m TAKER: UP (z=3.02 p=0.999 ask=0.840 avg=0.840 tau=177s)
[2m2026-07-04T18:12:03.171229Z[0m [32m INFO[0m [2mexecution[0m[2m:[0m [DRY-RUN] dryrun-287 Buy 79591743 x 295 @ 0.850 (Fak)
[2m2026-07-04T18:12:03.420368Z[0m [32m INFO[0m [2mpm_bot[0m[2m:[0m TAKER: UP (z=3.01 p=0.999 ask=0.840 avg=0.841 tau=177s)
[2m2026-07-04T18:12:03.420398Z[0m [32m INFO[0m [2mexecution[0m[2m:[0m [DRY-RUN] dryrun-288 Buy 79591743 x 295 @ 0.851 (Fak)
[2m2026-07-04T18:12:03.670736Z[0m [32m INFO[0m [2mpm_bot[0m[2m:[0m TAKER: UP (z=3.01 p=0.999 ask=0.840 avg=0.842 tau=176s)
[2m2026-07-04T18:12:03.670763Z[0m [32m INFO[0m [2mexecution[0m[2m:[0m [DRY-RUN] dryrun-289 Buy 79591743 x 295 @ 0.852 (Fak)
[2m2026-07-04T18:12:03.920491Z[0m [32m INFO[0m [2mpm_bot[0m[2m:[0m TAKER: UP (z=3.01 p=0.999 ask=0.840 avg=0.841 tau=176s)
[2m2026-07-04T18:12:03.920520Z[0m [32m INFO[0m [2mexecution[0m[2m:[0m [DRY-RUN] dryrun-290 Buy 79591743 x 295 @ 0.851 (Fak)
[2m2026-07-04T18:12:04.171148Z[0m [32m INFO[0m [2mpm_bot[0m[2m:[0m TAKER: UP (z=3.01 p=0.999 ask=0.840 avg=0.843 tau=176s)
[2m2026-07-04T18:12:04.171179Z[0m [32m INFO[0m [2mexecution[0m[2m:[0m [DRY-RUN] dryrun-291 Buy 79591743 x 295 @ 0.853 (Fak)
[2m2026-07-04T18:12:04.421145Z[0m [32m INFO[0m [2mpm_bot[0m[2m:[0m TAKER: UP (z=3.25 p=0.999 ask=0.840 avg=0.845 tau=176s)
[2m2026-07-04T18:12:04.421171Z[0m [32m INFO[0m [2mexecution[0m[2m:[0m [DRY-RUN] dryrun-292 Buy 79591743 x 296 @ 0.855 (Fak)
[2m2026-07-04T18:12:04.670509Z[0m [32m INFO[0m [2mpm_bot[0m[2m:[0m TAKER: UP (z=3.25 p=0.999 ask=0.840 avg=0.849 tau=175s)
[2m2026-07-04T18:12:04.670567Z[0m [32m INFO[0m [2mexecution[0m[2m:[0m [DRY-RUN] dryrun-293 Buy 79591743 x 296 @ 0.859 (Fak)
[2m2026-07-04T18:12:04.920874Z[0m [32m INFO[0m [2mpm_bot[0m[2m:[0m TAKER: UP (z=3.25 p=0.999 ask=0.840 avg=0.850 tau=175s)
[2m2026-07-04T18:12:04.920900Z[0m [32m INFO[0m [2mexecution[0m[2m:[0m [DRY-RUN] dryrun-294 Buy 79591743 x 296 @ 0.860 (Fak)
[2m2026-07-04T18:12:05.171018Z[0m [32m INFO[0m [2mpm_bot[0m[2m:[0m TAKER: UP (z=3.32 p=1.000 ask=0.840 avg=0.850 tau=175s)
[2m2026-07-04T18:12:05.171046Z[0m [32m INFO[0m [2mexecution[0m[2m:[0m [DRY-RUN] dryrun-295 Buy 79591743 x 296 @ 0.860 (Fak)
[2m2026-07-04T18:12:05.421202Z[0m [32m INFO[0m [2mpm_bot[0m[2m:[0m TAKER: UP (z=3.32 p=1.000 ask=0.870 avg=0.872 tau=175s)
[2m2026-07-04T18:12:05.421228Z[0m [32m INFO[0m [2mexecution[0m[2m:[0m [DRY-RUN] dryrun-296 Buy 79591743 x 286 @ 0.882 (Fak)
[2m2026-07-04T18:12:05.670990Z[0m [32m INFO[0m [2mpm_bot[0m[2m:[0m TAKER: UP (z=3.32 p=1.000 ask=0.850 avg=0.863 tau=174s)
[2m2026-07-04T18:12:05.671017Z[0m [32m INFO[0m [2mexecution[0m[2m:[0m [DRY-RUN] dryrun-297 Buy 79591743 x 293 @ 0.873 (Fak)
[2m2026-07-04T18:12:05.921293Z[0m [32m INFO[0m [2mpm_bot[0m[2m:[0m TAKER: UP (z=3.32 p=1.000 ask=0.850 avg=0.854 tau=174s)
[2m2026-07-04T18:12:05.921423Z[0m [32m INFO[0m [2mexecution[0m[2m:[0m [DRY-RUN] dryrun-298 Buy 79591743 x 293 @ 0.864 (Fak)
[2m2026-07-04T18:12:06.170963Z[0m [32m INFO[0m [2mpm_bot[0m[2m:[0m TAKER: UP (z=3.33 p=1.000 ask=0.850 avg=0.857 tau=174s)
[2m2026-07-04T18:12:06.170991Z[0m [32m INFO[0m [2mexecution[0m[2m:[0m [DRY-RUN] dryrun-299 Buy 79591743 x 293 @ 0.867 (Fak)
[2m2026-07-04T18:12:06.421038Z[0m [32m INFO[0m [2mpm_bot[0m[2m:[0m TAKER: UP (z=3.33 p=1.000 ask=0.850 avg=0.858 tau=174s)
[2m2026-07-04T18:12:06.421064Z[0m [32m INFO[0m [2mexecution[0m[2m:[0m [DRY-RUN] dryrun-300 Buy 79591743 x 293 @ 0.868 (Fak)
[2m2026-07-04T18:12:06.670255Z[0m [32m INFO[0m [2mpm_bot[0m[2m:[0m TAKER: UP (z=3.33 p=1.000 ask=0.850 avg=0.858 tau=173s)
[2m2026-07-04T18:12:06.670291Z[0m [32m INFO[0m [2mexecution[0m[2m:[0m [DRY-RUN] dryrun-301 Buy 79591743 x 293 @ 0.868 (Fak)
[2m2026-07-04T18:12:06.920655Z[0m [32m INFO[0m [2mpm_bot[0m[2m:[0m TAKER: UP (z=3.33 p=1.000 ask=0.850 avg=0.858 tau=173s)
[2m2026-07-04T18:12:06.920684Z[0m [32m INFO[0m [2mexecution[0m[2m:[0m [DRY-RUN] dryrun-302 Buy 79591743 x 293 @ 0.868 (Fak)
[2m2026-07-04T18:12:07.170382Z[0m [32m INFO[0m [2mpm_bot[0m[2m:[0m TAKER: UP (z=3.39 p=1.000 ask=0.850 avg=0.859 tau=173s)
[2m2026-07-04T18:12:07.170407Z[0m [32m INFO[0m [2mexecution[0m[2m:[0m [DRY-RUN] dryrun-303 Buy 79591743 x 293 @ 0.869 (Fak)
[2m2026-07-04T18:12:07.420501Z[0m [32m INFO[0m [2mpm_bot[0m[2m:[0m TAKER: UP (z=3.39 p=1.000 ask=0.850 avg=0.861 tau=173s)
[2m2026-07-04T18:12:07.420527Z[0m [32m INFO[0m [2mexecution[0m[2m:[0m [DRY-RUN] dryrun-304 Buy 79591743 x 293 @ 0.871 (Fak)
[2m2026-07-04T18:12:07.671261Z[0m [32m INFO[0m [2mpm_bot[0m[2m:[0m TAKER: UP (z=3.39 p=1.000 ask=0.850 avg=0.869 tau=172s)
[2m2026-07-04T18:12:07.671299Z[0m [32m INFO[0m [2mexecution[0m[2m:[0m [DRY-RUN] dryrun-305 Buy 79591743 x 293 @ 0.879 (Fak)
[2m2026-07-04T18:12:08.170368Z[0m [32m INFO[0m [2mpm_bot[0m[2m:[0m TAKER: UP (z=3.39 p=1.000 ask=0.860 avg=0.871 tau=172s)
[2m2026-07-04T18:12:08.170395Z[0m [32m INFO[0m [2mexecution[0m[2m:[0m [DRY-RUN] dryrun-306 Buy 79591743 x 289 @ 0.881 (Fak)
[2m2026-07-04T18:12:08.420491Z[0m [32m INFO[0m [2mpm_bot[0m[2m:[0m TAKER: UP (z=3.38 p=1.000 ask=0.860 avg=0.872 tau=172s)
[2m2026-07-04T18:12:08.420522Z[0m [32m INFO[0m [2mexecution[0m[2m:[0m [DRY-RUN] dryrun-307 Buy 79591743 x 289 @ 0.882 (Fak)
[2m2026-07-04T18:12:08.670747Z[0m [32m INFO[0m [2mpm_bot[0m[2m:[0m TAKER: UP (z=3.38 p=1.000 ask=0.860 avg=0.872 tau=171s)
[2m2026-07-04T18:12:08.670776Z[0m [32m INFO[0m [2mexecution[0m[2m:[0m [DRY-RUN] dryrun-308 Buy 79591743 x 289 @ 0.882 (Fak)
[2m2026-07-04T18:12:08.921148Z[0m [32m INFO[0m [2mpm_bot[0m[2m:[0m TAKER: UP (z=3.38 p=1.000 ask=0.860 avg=0.875 tau=171s)
[2m2026-07-04T18:12:08.921175Z[0m [32m INFO[0m [2mexecution[0m[2m:[0m [DRY-RUN] dryrun-309 Buy 79591743 x 289 @ 0.885 (Fak)
[2m2026-07-04T18:12:09.420868Z[0m [32m INFO[0m [2mpm_bot[0m[2m:[0m TAKER: UP (z=3.38 p=1.000 ask=0.880 avg=0.896 tau=171s)
[2m2026-07-04T18:12:09.420906Z[0m [32m INFO[0m [2mexecution[0m[2m:[0m [DRY-RUN] dryrun-310 Buy 79591743 x 283 @ 0.906 (Fak)
[2m2026-07-04T18:12:09.670710Z[0m [32m INFO[0m [2mpm_bot[0m[2m:[0m TAKER: UP (z=3.38 p=1.000 ask=0.910 avg=0.915 tau=170s)
[2m2026-07-04T18:12:09.670736Z[0m [32m INFO[0m [2mexecution[0m[2m:[0m [DRY-RUN] dryrun-311 Buy 79591743 x 273 @ 0.925 (Fak)
[2m2026-07-04T18:12:09.921000Z[0m [32m INFO[0m [2mpm_bot[0m[2m:[0m TAKER: UP (z=3.44 p=1.000 ask=0.910 avg=0.920 tau=170s)
[2m2026-07-04T18:12:09.921030Z[0m [32m INFO[0m [2mexecution[0m[2m:[0m [DRY-RUN] dryrun-312 Buy 79591743 x 273 @ 0.930 (Fak)
[2m2026-07-04T18:12:10.171002Z[0m [32m INFO[0m [2mpm_bot[0m[2m:[0m TAKER: UP (z=3.44 p=1.000 ask=0.900 avg=0.915 tau=170s)
[2m2026-07-04T18:12:10.171032Z[0m [32m INFO[0m [2mexecution[0m[2m:[0m [DRY-RUN] dryrun-313 Buy 79591743 x 276 @ 0.925 (Fak)
[2m2026-07-04T18:12:10.420818Z[0m [32m INFO[0m [2mpm_bot[0m[2m:[0m TAKER: UP (z=3.44 p=1.000 ask=0.910 avg=0.910 tau=170s)
[2m2026-07-04T18:12:10.420848Z[0m [32m INFO[0m [2mexecution[0m[2m:[0m [DRY-RUN] dryrun-314 Buy 79591743 x 273 @ 0.920 (Fak)
[2m2026-07-04T18:12:10.670998Z[0m [32m INFO[0m [2mpm_bot[0m[2m:[0m TAKER: UP (z=3.43 p=1.000 ask=0.910 avg=0.910 tau=169s)
[2m2026-07-04T18:12:10.671026Z[0m [32m INFO[0m [2mexecution[0m[2m:[0m [DRY-RUN] dryrun-315 Buy 79591743 x 273 @ 0.920 (Fak)
[2m2026-07-04T18:12:10.921278Z[0m [32m INFO[0m [2mpm_bot[0m[2m:[0m TAKER: UP (z=3.43 p=1.000 ask=0.890 avg=0.902 tau=169s)
[2m2026-07-04T18:12:10.921304Z[0m [32m INFO[0m [2mexecution[0m[2m:[0m [DRY-RUN] dryrun-316 Buy 79591743 x 280 @ 0.912 (Fak)
[2m2026-07-04T18:12:11.170443Z[0m [32m INFO[0m [2mpm_bot[0m[2m:[0m TAKER: UP (z=3.43 p=1.000 ask=0.890 avg=0.890 tau=169s)
[2m2026-07-04T18:12:11.170473Z[0m [32m INFO[0m [2mexecution[0m[2m:[0m [DRY-RUN] dryrun-317 Buy 79591743 x 280 @ 0.900 (Fak)
[2m2026-07-04T18:12:11.420212Z[0m [32m INFO[0m [2mpm_bot[0m[2m:[0m TAKER: UP (z=3.43 p=1.000 ask=0.890 avg=0.899 tau=169s)
[2m2026-07-04T18:12:11.420253Z[0m [32m INFO[0m [2mexecution[0m[2m:[0m [DRY-RUN] dryrun-318 Buy 79591743 x 280 @ 0.909 (Fak)
[2m2026-07-04T18:12:11.670613Z[0m [32m INFO[0m [2mpm_bot[0m[2m:[0m TAKER: UP (z=3.43 p=1.000 ask=0.900 avg=0.911 tau=168s)
[2m2026-07-04T18:12:11.670645Z[0m [32m INFO[0m [2mexecution[0m[2m:[0m [DRY-RUN] dryrun-319 Buy 79591743 x 276 @ 0.921 (Fak)
[2m2026-07-04T18:12:11.920582Z[0m [32m INFO[0m [2mpm_bot[0m[2m:[0m TAKER: UP (z=3.74 p=1.000 ask=0.900 avg=0.912 tau=168s)
[2m2026-07-04T18:12:11.920613Z[0m [32m INFO[0m [2mexecution[0m[2m:[0m [DRY-RUN] dryrun-320 Buy 79591743 x 277 @ 0.922 (Fak)
[2m2026-07-04T18:12:12.170469Z[0m [32m INFO[0m [2mpm_bot[0m[2m:[0m TAKER: UP (z=3.73 p=1.000 ask=0.910 avg=0.910 tau=168s)
[2m2026-07-04T18:12:12.170500Z[0m [32m INFO[0m [2mexecution[0m[2m:[0m [DRY-RUN] dryrun-321 Buy 79591743 x 274 @ 0.920 (Fak)
[2m2026-07-04T18:12:12.420832Z[0m [32m INFO[0m [2mpm_bot[0m[2m:[0m TAKER: UP (z=3.73 p=1.000 ask=0.890 avg=0.901 tau=168s)
[2m2026-07-04T18:12:12.420859Z[0m [32m INFO[0m [2mexecution[0m[2m:[0m [DRY-RUN] dryrun-322 Buy 79591743 x 280 @ 0.911 (Fak)
[2m2026-07-04T18:12:12.670525Z[0m [32m INFO[0m [2mpm_bot[0m[2m:[0m TAKER: UP (z=3.97 p=1.000 ask=0.900 avg=0.900 tau=167s)
[2m2026-07-04T18:12:12.670570Z[0m [32m INFO[0m [2mexecution[0m[2m:[0m [DRY-RUN] dryrun-323 Buy 79591743 x 277 @ 0.910 (Fak)
[2m2026-07-04T18:12:12.921018Z[0m [32m INFO[0m [2mpm_bot[0m[2m:[0m TAKER: UP (z=3.97 p=1.000 ask=0.900 avg=0.900 tau=167s)
[2m2026-07-04T18:12:12.921048Z[0m [32m INFO[0m [2mexecution[0m[2m:[0m [DRY-RUN] dryrun-324 Buy 79591743 x 277 @ 0.910 (Fak)
[2m2026-07-04T18:12:13.171282Z[0m [32m INFO[0m [2mpm_bot[0m[2m:[0m TAKER: UP (z=3.99 p=1.000 ask=0.900 avg=0.900 tau=167s)
[2m2026-07-04T18:12:13.171323Z[0m [32m INFO[0m [2mexecution[0m[2m:[0m [DRY-RUN] dryrun-325 Buy 79591743 x 277 @ 0.910 (Fak)
[2m2026-07-04T18:12:13.420523Z[0m [32m INFO[0m [2mpm_bot[0m[2m:[0m TAKER: UP (z=3.99 p=1.000 ask=0.900 avg=0.911 tau=167s)
[2m2026-07-04T18:12:13.420580Z[0m [32m INFO[0m [2mexecution[0m[2m:[0m [DRY-RUN] dryrun-326 Buy 79591743 x 277 @ 0.921 (Fak)
[2m2026-07-04T18:12:13.670773Z[0m [32m INFO[0m [2mpm_bot[0m[2m:[0m TAKER: UP (z=3.99 p=1.000 ask=0.920 avg=0.928 tau=166s)
[2m2026-07-04T18:12:13.670802Z[0m [32m INFO[0m [2mexecution[0m[2m:[0m [DRY-RUN] dryrun-327 Buy 79591743 x 271 @ 0.938 (Fak)
[2m2026-07-04T18:12:13.920496Z[0m [32m INFO[0m [2mpm_bot[0m[2m:[0m TAKER: UP (z=3.99 p=1.000 ask=0.920 avg=0.920 tau=166s)
[2m2026-07-04T18:12:13.920520Z[0m [32m INFO[0m [2mexecution[0m[2m:[0m [DRY-RUN] dryrun-328 Buy 79591743 x 271 @ 0.930 (Fak)
[2m2026-07-04T18:12:14.170668Z[0m [32m INFO[0m [2mpm_bot[0m[2m:[0m TAKER: UP (z=4.00 p=1.000 ask=0.920 avg=0.920 tau=166s)
[2m2026-07-04T18:12:14.170725Z[0m [32m INFO[0m [2mexecution[0m[2m:[0m [DRY-RUN] dryrun-329 Buy 79591743 x 271 @ 0.930 (Fak)
[2m2026-07-04T18:12:14.420751Z[0m [32m INFO[0m [2mpm_bot[0m[2m:[0m TAKER: UP (z=4.00 p=1.000 ask=0.890 avg=0.890 tau=166s)
[2m2026-07-04T18:12:14.420780Z[0m [32m INFO[0m [2mexecution[0m[2m:[0m [DRY-RUN] dryrun-330 Buy 79591743 x 280 @ 0.900 (Fak)
[2m2026-07-04T18:12:14.670690Z[0m [32m INFO[0m [2mpm_bot[0m[2m:[0m TAKER: UP (z=4.00 p=1.000 ask=0.890 avg=0.897 tau=165s)
[2m2026-07-04T18:12:14.670718Z[0m [32m INFO[0m [2mexecution[0m[2m:[0m [DRY-RUN] dryrun-331 Buy 79591743 x 280 @ 0.907 (Fak)
[2m2026-07-04T18:12:14.920448Z[0m [32m INFO[0m [2mpm_bot[0m[2m:[0m TAKER: UP (z=4.00 p=1.000 ask=0.900 avg=0.901 tau=165s)
[2m2026-07-04T18:12:14.920490Z[0m [32m INFO[0m [2mexecution[0m[2m:[0m [DRY-RUN] dryrun-332 Buy 79591743 x 277 @ 0.911 (Fak)
[2m2026-07-04T18:12:15.171149Z[0m [32m INFO[0m [2mpm_bot[0m[2m:[0m TAKER: UP (z=4.00 p=1.000 ask=0.900 avg=0.900 tau=165s)
[2m2026-07-04T18:12:15.171179Z[0m [32m INFO[0m [2mexecution[0m[2m:[0m [DRY-RUN] dryrun-333 Buy 79591743 x 277 @ 0.910 (Fak)
[2m2026-07-04T18:12:15.420768Z[0m [32m INFO[0m [2mpm_bot[0m[2m:[0m TAKER: UP (z=4.03 p=1.000 ask=0.900 avg=0.900 tau=165s)
[2m2026-07-04T18:12:15.420795Z[0m [32m INFO[0m [2mexecution[0m[2m:[0m [DRY-RUN] dryrun-334 Buy 79591743 x 277 @ 0.910 (Fak)
[2m2026-07-04T18:12:15.671099Z[0m [32m INFO[0m [2mpm_bot[0m[2m:[0m TAKER: UP (z=4.03 p=1.000 ask=0.900 avg=0.900 tau=164s)
[2m2026-07-04T18:12:15.671135Z[0m [32m INFO[0m [2mexecution[0m[2m:[0m [DRY-RUN] dryrun-335 Buy 79591743 x 277 @ 0.910 (Fak)
[2m2026-07-04T18:12:15.920591Z[0m [32m INFO[0m [2mpm_bot[0m[2m:[0m TAKER: UP (z=4.03 p=1.000 ask=0.900 avg=0.900 tau=164s)
[2m2026-07-04T18:12:15.920626Z[0m [32m INFO[0m [2mexecution[0m[2m:[0m [DRY-RUN] dryrun-336 Buy 79591743 x 277 @ 0.910 (Fak)
[2m2026-07-04T18:12:16.170860Z[0m [32m INFO[0m [2mpm_bot[0m[2m:[0m TAKER: UP (z=4.02 p=1.000 ask=0.900 avg=0.900 tau=164s)
[2m2026-07-04T18:12:16.170932Z[0m [32m INFO[0m [2mexecution[0m[2m:[0m [DRY-RUN] dryrun-337 Buy 79591743 x 277 @ 0.910 (Fak)
[2m2026-07-04T18:12:16.420180Z[0m [32m INFO[0m [2mpm_bot[0m[2m:[0m TAKER: UP (z=4.02 p=1.000 ask=0.870 avg=0.888 tau=164s)
[2m2026-07-04T18:12:16.420217Z[0m [32m INFO[0m [2mexecution[0m[2m:[0m [DRY-RUN] dryrun-338 Buy 79591743 x 287 @ 0.898 (Fak)
[2m2026-07-04T18:12:16.671240Z[0m [32m INFO[0m [2mpm_bot[0m[2m:[0m TAKER: UP (z=4.02 p=1.000 ask=0.890 avg=0.890 tau=163s)
[2m2026-07-04T18:12:16.671266Z[0m [32m INFO[0m [2mexecution[0m[2m:[0m [DRY-RUN] dryrun-339 Buy 79591743 x 280 @ 0.900 (Fak)
[2m2026-07-04T18:12:16.920993Z[0m [32m INFO[0m [2mpm_bot[0m[2m:[0m TAKER: UP (z=4.22 p=1.000 ask=0.880 avg=0.888 tau=163s)
[2m2026-07-04T18:12:16.921021Z[0m [32m INFO[0m [2mexecution[0m[2m:[0m [DRY-RUN] dryrun-340 Buy 79591743 x 284 @ 0.898 (Fak)
[2m2026-07-04T18:12:17.170479Z[0m [32m INFO[0m [2mpm_bot[0m[2m:[0m TAKER: UP (z=4.22 p=1.000 ask=0.890 avg=0.890 tau=163s)
[2m2026-07-04T18:12:17.170509Z[0m [32m INFO[0m [2mexecution[0m[2m:[0m [DRY-RUN] dryrun-341 Buy 79591743 x 280 @ 0.900 (Fak)
[2m2026-07-04T18:12:17.421080Z[0m [32m INFO[0m [2mpm_bot[0m[2m:[0m TAKER: UP (z=4.29 p=1.000 ask=0.890 avg=0.890 tau=163s)
[2m2026-07-04T18:12:17.421108Z[0m [32m INFO[0m [2mexecution[0m[2m:[0m [DRY-RUN] dryrun-342 Buy 79591743 x 280 @ 0.900 (Fak)
[2m2026-07-04T18:12:17.671110Z[0m [32m INFO[0m [2mpm_bot[0m[2m:[0m TAKER: UP (z=4.29 p=1.000 ask=0.890 avg=0.890 tau=162s)
[2m2026-07-04T18:12:17.671137Z[0m [32m INFO[0m [2mexecution[0m[2m:[0m [DRY-RUN] dryrun-343 Buy 79591743 x 280 @ 0.900 (Fak)
[2m2026-07-04T18:12:17.921114Z[0m [32m INFO[0m [2mpm_bot[0m[2m:[0m TAKER: UP (z=4.29 p=1.000 ask=0.890 avg=0.890 tau=162s)
[2m2026-07-04T18:12:17.921143Z[0m [32m INFO[0m [2mexecution[0m[2m:[0m [DRY-RUN] dryrun-344 Buy 79591743 x 280 @ 0.900 (Fak)
[2m2026-07-04T18:12:18.170354Z[0m [32m INFO[0m [2mpm_bot[0m[2m:[0m TAKER: UP (z=4.29 p=1.000 ask=0.870 avg=0.887 tau=162s)
[2m2026-07-04T18:12:18.170383Z[0m [32m INFO[0m [2mexecution[0m[2m:[0m [DRY-RUN] dryrun-345 Buy 79591743 x 287 @ 0.897 (Fak)
[2m2026-07-04T18:12:18.420379Z[0m [32m INFO[0m [2mpm_bot[0m[2m:[0m TAKER: UP (z=4.20 p=1.000 ask=0.880 avg=0.889 tau=162s)
[2m2026-07-04T18:12:18.420408Z[0m [32m INFO[0m [2mexecution[0m[2m:[0m [DRY-RUN] dryrun-346 Buy 79591743 x 284 @ 0.899 (Fak)
[2m2026-07-04T18:12:18.670482Z[0m [32m INFO[0m [2mpm_bot[0m[2m:[0m TAKER: UP (z=4.20 p=1.000 ask=0.880 avg=0.890 tau=161s)
[2m2026-07-04T18:12:18.670510Z[0m [32m INFO[0m [2mexecution[0m[2m:[0m [DRY-RUN] dryrun-347 Buy 79591743 x 284 @ 0.900 (Fak)
[2m2026-07-04T18:12:18.921160Z[0m [32m INFO[0m [2mpm_bot[0m[2m:[0m TAKER: UP (z=4.20 p=1.000 ask=0.880 avg=0.890 tau=161s)
[2m2026-07-04T18:12:18.921188Z[0m [32m INFO[0m [2mexecution[0m[2m:[0m [DRY-RUN] dryrun-348 Buy 79591743 x 284 @ 0.900 (Fak)
[2m2026-07-04T18:12:19.170368Z[0m [32m INFO[0m [2mpm_bot[0m[2m:[0m TAKER: UP (z=4.20 p=1.000 ask=0.880 avg=0.890 tau=161s)
[2m2026-07-04T18:12:19.170396Z[0m [32m INFO[0m [2mexecution[0m[2m:[0m [DRY-RUN] dryrun-349 Buy 79591743 x 284 @ 0.900 (Fak)
[2m2026-07-04T18:12:19.421198Z[0m [32m INFO[0m [2mpm_bot[0m[2m:[0m TAKER: UP (z=4.23 p=1.000 ask=0.880 avg=0.890 tau=161s)
[2m2026-07-04T18:12:19.421228Z[0m [32m INFO[0m [2mexecution[0m[2m:[0m [DRY-RUN] dryrun-350 Buy 79591743 x 284 @ 0.900 (Fak)
[2m2026-07-04T18:12:19.670750Z[0m [32m INFO[0m [2mpm_bot[0m[2m:[0m TAKER: UP (z=4.23 p=1.000 ask=0.890 avg=0.890 tau=160s)
[2m2026-07-04T18:12:19.670781Z[0m [32m INFO[0m [2mexecution[0m[2m:[0m [DRY-RUN] dryrun-351 Buy 79591743 x 280 @ 0.900 (Fak)
[2m2026-07-04T18:12:19.920808Z[0m [32m INFO[0m [2mpm_bot[0m[2m:[0m TAKER: UP (z=4.23 p=1.000 ask=0.890 avg=0.892 tau=160s)
[2m2026-07-04T18:12:19.920840Z[0m [32m INFO[0m [2mexecution[0m[2m:[0m [DRY-RUN] dryrun-352 Buy 79591743 x 280 @ 0.902 (Fak)
[2m2026-07-04T18:12:20.170589Z[0m [32m INFO[0m [2mpm_bot[0m[2m:[0m TAKER: UP (z=4.23 p=1.000 ask=0.890 avg=0.890 tau=160s)
[2m2026-07-04T18:12:20.170623Z[0m [32m INFO[0m [2mexecution[0m[2m:[0m [DRY-RUN] dryrun-353 Buy 79591743 x 280 @ 0.900 (Fak)
[2m2026-07-04T18:12:20.420300Z[0m [32m INFO[0m [2mpm_bot[0m[2m:[0m TAKER: UP (z=4.23 p=1.000 ask=0.890 avg=0.891 tau=160s)
[2m2026-07-04T18:12:20.420328Z[0m [32m INFO[0m [2mexecution[0m[2m:[0m [DRY-RUN] dryrun-354 Buy 79591743 x 280 @ 0.901 (Fak)
[2m2026-07-04T18:12:20.670947Z[0m [32m INFO[0m [2mpm_bot[0m[2m:[0m TAKER: UP (z=4.22 p=1.000 ask=0.890 avg=0.890 tau=159s)
[2m2026-07-04T18:12:20.670976Z[0m [32m INFO[0m [2mexecution[0m[2m:[0m [DRY-RUN] dryrun-355 Buy 79591743 x 280 @ 0.900 (Fak)
[2m2026-07-04T18:12:20.920893Z[0m [32m INFO[0m [2mpm_bot[0m[2m:[0m TAKER: UP (z=4.22 p=1.000 ask=0.890 avg=0.892 tau=159s)
[2m2026-07-04T18:12:20.920921Z[0m [32m INFO[0m [2mexecution[0m[2m:[0m [DRY-RUN] dryrun-356 Buy 79591743 x 280 @ 0.902 (Fak)
[2m2026-07-04T18:12:21.170756Z[0m [32m INFO[0m [2mpm_bot[0m[2m:[0m TAKER: UP (z=4.22 p=1.000 ask=0.890 avg=0.892 tau=159s)
[2m2026-07-04T18:12:21.170788Z[0m [32m INFO[0m [2mexecution[0m[2m:[0m [DRY-RUN] dryrun-357 Buy 79591743 x 280 @ 0.902 (Fak)
[2m2026-07-04T18:12:21.420397Z[0m [32m INFO[0m [2mpm_bot[0m[2m:[0m TAKER: UP (z=4.21 p=1.000 ask=0.880 avg=0.880 tau=159s)
[2m2026-07-04T18:12:21.420428Z[0m [32m INFO[0m [2mexecution[0m[2m:[0m [DRY-RUN] dryrun-358 Buy 79591743 x 284 @ 0.890 (Fak)
[2m2026-07-04T18:12:21.670299Z[0m [32m INFO[0m [2mpm_bot[0m[2m:[0m TAKER: UP (z=4.21 p=1.000 ask=0.870 avg=0.872 tau=158s)
[2m2026-07-04T18:12:21.670327Z[0m [32m INFO[0m [2mexecution[0m[2m:[0m [DRY-RUN] dryrun-359 Buy 79591743 x 287 @ 0.882 (Fak)
[2m2026-07-04T18:12:21.921275Z[0m [32m INFO[0m [2mpm_bot[0m[2m:[0m TAKER: UP (z=4.21 p=1.000 ask=0.860 avg=0.870 tau=158s)
[2m2026-07-04T18:12:21.921304Z[0m [32m INFO[0m [2mexecution[0m[2m:[0m [DRY-RUN] dryrun-360 Buy 79591743 x 290 @ 0.880 (Fak)
[2m2026-07-04T18:12:22.420452Z[0m [32m INFO[0m [2mpm_bot[0m[2m:[0m TAKER: UP (z=4.15 p=1.000 ask=0.880 avg=0.886 tau=158s)
[2m2026-07-04T18:12:22.420482Z[0m [32m INFO[0m [2mexecution[0m[2m:[0m [DRY-RUN] dryrun-361 Buy 79591743 x 284 @ 0.896 (Fak)
[2m2026-07-04T18:12:22.671187Z[0m [32m INFO[0m [2mpm_bot[0m[2m:[0m TAKER: UP (z=4.15 p=1.000 ask=0.880 avg=0.886 tau=157s)
[2m2026-07-04T18:12:22.671253Z[0m [32m INFO[0m [2mexecution[0m[2m:[0m [DRY-RUN] dryrun-362 Buy 79591743 x 284 @ 0.896 (Fak)
[2m2026-07-04T18:12:22.921250Z[0m [32m INFO[0m [2mpm_bot[0m[2m:[0m TAKER: UP (z=4.15 p=1.000 ask=0.880 avg=0.886 tau=157s)
[2m2026-07-04T18:12:22.921282Z[0m [32m INFO[0m [2mexecution[0m[2m:[0m [DRY-RUN] dryrun-363 Buy 79591743 x 284 @ 0.896 (Fak)
[2m2026-07-04T18:12:23.171158Z[0m [32m INFO[0m [2mpm_bot[0m[2m:[0m TAKER: UP (z=4.12 p=1.000 ask=0.880 avg=0.888 tau=157s)
[2m2026-07-04T18:12:23.171188Z[0m [32m INFO[0m [2mexecution[0m[2m:[0m [DRY-RUN] dryrun-364 Buy 79591743 x 284 @ 0.898 (Fak)
[2m2026-07-04T18:12:23.420948Z[0m [32m INFO[0m [2mpm_bot[0m[2m:[0m TAKER: UP (z=4.12 p=1.000 ask=0.880 avg=0.888 tau=157s)
[2m2026-07-04T18:12:23.420978Z[0m [32m INFO[0m [2mexecution[0m[2m:[0m [DRY-RUN] dryrun-365 Buy 79591743 x 284 @ 0.898 (Fak)
[2m2026-07-04T18:12:23.671158Z[0m [32m INFO[0m [2mpm_bot[0m[2m:[0m TAKER: UP (z=4.12 p=1.000 ask=0.880 avg=0.888 tau=156s)
[2m2026-07-04T18:12:23.671186Z[0m [32m INFO[0m [2mexecution[0m[2m:[0m [DRY-RUN] dryrun-366 Buy 79591743 x 284 @ 0.898 (Fak)
[2m2026-07-04T18:12:23.920357Z[0m [32m INFO[0m [2mpm_bot[0m[2m:[0m TAKER: UP (z=4.12 p=1.000 ask=0.880 avg=0.886 tau=156s)
[2m2026-07-04T18:12:23.920387Z[0m [32m INFO[0m [2mexecution[0m[2m:[0m [DRY-RUN] dryrun-367 Buy 79591743 x 284 @ 0.896 (Fak)
[2m2026-07-04T18:12:24.171122Z[0m [32m INFO[0m [2mpm_bot[0m[2m:[0m TAKER: UP (z=3.95 p=1.000 ask=0.880 avg=0.887 tau=156s)
[2m2026-07-04T18:12:24.171154Z[0m [32m INFO[0m [2mexecution[0m[2m:[0m [DRY-RUN] dryrun-368 Buy 79591743 x 283 @ 0.897 (Fak)
[2m2026-07-04T18:12:24.421060Z[0m [32m INFO[0m [2mpm_bot[0m[2m:[0m TAKER: UP (z=3.95 p=1.000 ask=0.880 avg=0.887 tau=156s)
[2m2026-07-04T18:12:24.421092Z[0m [32m INFO[0m [2mexecution[0m[2m:[0m [DRY-RUN] dryrun-369 Buy 79591743 x 283 @ 0.897 (Fak)
[2m2026-07-04T18:12:24.671120Z[0m [32m INFO[0m [2mpm_bot[0m[2m:[0m TAKER: UP (z=3.95 p=1.000 ask=0.880 avg=0.891 tau=155s)
[2m2026-07-04T18:12:24.671148Z[0m [32m INFO[0m [2mexecution[0m[2m:[0m [DRY-RUN] dryrun-370 Buy 79591743 x 283 @ 0.901 (Fak)
[2m2026-07-04T18:12:24.920586Z[0m [32m INFO[0m [2mpm_bot[0m[2m:[0m TAKER: UP (z=3.95 p=1.000 ask=0.880 avg=0.887 tau=155s)
[2m2026-07-04T18:12:24.920617Z[0m [32m INFO[0m [2mexecution[0m[2m:[0m [DRY-RUN] dryrun-371 Buy 79591743 x 283 @ 0.897 (Fak)
[2m2026-07-04T18:12:25.170738Z[0m [32m INFO[0m [2mpm_bot[0m[2m:[0m TAKER: UP (z=3.95 p=1.000 ask=0.880 avg=0.890 tau=155s)
[2m2026-07-04T18:12:25.170773Z[0m [32m INFO[0m [2mexecution[0m[2m:[0m [DRY-RUN] dryrun-372 Buy 79591743 x 283 @ 0.900 (Fak)
[2m2026-07-04T18:12:25.421198Z[0m [32m INFO[0m [2mpm_bot[0m[2m:[0m TAKER: UP (z=3.81 p=1.000 ask=0.880 avg=0.891 tau=155s)
[2m2026-07-04T18:12:25.421232Z[0m [32m INFO[0m [2mexecution[0m[2m:[0m [DRY-RUN] dryrun-373 Buy 79591743 x 283 @ 0.901 (Fak)
[2m2026-07-04T18:12:25.670876Z[0m [32m INFO[0m [2mpm_bot[0m[2m:[0m TAKER: UP (z=3.81 p=1.000 ask=0.890 avg=0.896 tau=154s)
[2m2026-07-04T18:12:25.670937Z[0m [32m INFO[0m [2mexecution[0m[2m:[0m [DRY-RUN] dryrun-374 Buy 79591743 x 280 @ 0.906 (Fak)
[2m2026-07-04T18:12:25.920723Z[0m [32m INFO[0m [2mpm_bot[0m[2m:[0m TAKER: UP (z=3.81 p=1.000 ask=0.890 avg=0.894 tau=154s)
[2m2026-07-04T18:12:25.920752Z[0m [32m INFO[0m [2mexecution[0m[2m:[0m [DRY-RUN] dryrun-375 Buy 79591743 x 280 @ 0.904 (Fak)
[2m2026-07-04T18:12:26.170953Z[0m [32m INFO[0m [2mpm_bot[0m[2m:[0m TAKER: UP (z=3.81 p=1.000 ask=0.890 avg=0.894 tau=154s)
[2m2026-07-04T18:12:26.170981Z[0m [32m INFO[0m [2mexecution[0m[2m:[0m [DRY-RUN] dryrun-376 Buy 79591743 x 280 @ 0.904 (Fak)
[2m2026-07-04T18:12:26.421193Z[0m [32m INFO[0m [2mpm_bot[0m[2m:[0m TAKER: UP (z=3.80 p=1.000 ask=0.890 avg=0.890 tau=154s)
[2m2026-07-04T18:12:26.421222Z[0m [32m INFO[0m [2mexecution[0m[2m:[0m [DRY-RUN] dryrun-377 Buy 79591743 x 280 @ 0.900 (Fak)
[2m2026-07-04T18:12:26.670766Z[0m [32m INFO[0m [2mpm_bot[0m[2m:[0m TAKER: UP (z=3.80 p=1.000 ask=0.880 avg=0.886 tau=153s)
[2m2026-07-04T18:12:26.670791Z[0m [32m INFO[0m [2mexecution[0m[2m:[0m [DRY-RUN] dryrun-378 Buy 79591743 x 283 @ 0.896 (Fak)
[2m2026-07-04T18:12:26.920879Z[0m [32m INFO[0m [2mpm_bot[0m[2m:[0m TAKER: UP (z=3.80 p=1.000 ask=0.870 avg=0.876 tau=153s)
[2m2026-07-04T18:12:26.920917Z[0m [32m INFO[0m [2mexecution[0m[2m:[0m [DRY-RUN] dryrun-379 Buy 79591743 x 287 @ 0.886 (Fak)
[2m2026-07-04T18:12:27.420687Z[0m [32m INFO[0m [2mpm_bot[0m[2m:[0m TAKER: UP (z=3.80 p=1.000 ask=0.890 avg=0.900 tau=153s)
[2m2026-07-04T18:12:27.420716Z[0m [32m INFO[0m [2mexecution[0m[2m:[0m [DRY-RUN] dryrun-380 Buy 79591743 x 280 @ 0.910 (Fak)
[2m2026-07-04T18:12:27.670417Z[0m [32m INFO[0m [2mpm_bot[0m[2m:[0m TAKER: UP (z=3.51 p=1.000 ask=0.910 avg=0.921 tau=152s)
[2m2026-07-04T18:12:27.670446Z[0m [32m INFO[0m [2mexecution[0m[2m:[0m [DRY-RUN] dryrun-381 Buy 79591743 x 274 @ 0.931 (Fak)
[2m2026-07-04T18:12:27.920251Z[0m [32m INFO[0m [2mpm_bot[0m[2m:[0m TAKER: UP (z=3.51 p=1.000 ask=0.910 avg=0.917 tau=152s)
[2m2026-07-04T18:12:27.920278Z[0m [32m INFO[0m [2mexecution[0m[2m:[0m [DRY-RUN] dryrun-382 Buy 79591743 x 274 @ 0.927 (Fak)
[2m2026-07-04T18:12:28.171335Z[0m [32m INFO[0m [2mpm_bot[0m[2m:[0m TAKER: UP (z=3.52 p=1.000 ask=0.910 avg=0.915 tau=152s)
[2m2026-07-04T18:12:28.171365Z[0m [32m INFO[0m [2mexecution[0m[2m:[0m [DRY-RUN] dryrun-383 Buy 79591743 x 274 @ 0.925 (Fak)
[2m2026-07-04T18:12:28.420212Z[0m [32m INFO[0m [2mpm_bot[0m[2m:[0m TAKER: UP (z=3.52 p=1.000 ask=0.910 avg=0.910 tau=152s)
[2m2026-07-04T18:12:28.420243Z[0m [32m INFO[0m [2mexecution[0m[2m:[0m [DRY-RUN] dryrun-384 Buy 79591743 x 274 @ 0.920 (Fak)
[2m2026-07-04T18:12:28.670838Z[0m [32m INFO[0m [2mpm_bot[0m[2m:[0m TAKER: UP (z=3.52 p=1.000 ask=0.910 avg=0.910 tau=151s)
[2m2026-07-04T18:12:28.670871Z[0m [32m INFO[0m [2mexecution[0m[2m:[0m [DRY-RUN] dryrun-385 Buy 79591743 x 274 @ 0.920 (Fak)
[2m2026-07-04T18:12:28.921101Z[0m [32m INFO[0m [2mpm_bot[0m[2m:[0m TAKER: UP (z=3.52 p=1.000 ask=0.900 avg=0.900 tau=151s)
[2m2026-07-04T18:12:28.921130Z[0m [32m INFO[0m [2mexecution[0m[2m:[0m [DRY-RUN] dryrun-386 Buy 79591743 x 277 @ 0.910 (Fak)
[2m2026-07-04T18:12:29.171281Z[0m [32m INFO[0m [2mpm_bot[0m[2m:[0m TAKER: UP (z=3.50 p=1.000 ask=0.890 avg=0.891 tau=151s)
[2m2026-07-04T18:12:29.171310Z[0m [32m INFO[0m [2mexecution[0m[2m:[0m [DRY-RUN] dryrun-387 Buy 79591743 x 280 @ 0.901 (Fak)
[2m2026-07-04T18:12:29.420449Z[0m [32m INFO[0m [2mpm_bot[0m[2m:[0m TAKER: UP (z=3.50 p=1.000 ask=0.890 avg=0.891 tau=151s)
[2m2026-07-04T18:12:29.420480Z[0m [32m INFO[0m [2mexecution[0m[2m:[0m [DRY-RUN] dryrun-388 Buy 79591743 x 280 @ 0.901 (Fak)
[2m2026-07-04T18:12:29.671254Z[0m [32m INFO[0m [2mpm_bot[0m[2m:[0m TAKER: UP (z=3.50 p=1.000 ask=0.890 avg=0.890 tau=150s)
[2m2026-07-04T18:12:29.671286Z[0m [32m INFO[0m [2mexecution[0m[2m:[0m [DRY-RUN] dryrun-389 Buy 79591743 x 280 @ 0.900 (Fak)
[2m2026-07-04T18:12:29.921006Z[0m [32m INFO[0m [2mpm_bot[0m[2m:[0m TAKER: UP (z=3.50 p=1.000 ask=0.890 avg=0.892 tau=150s)
[2m2026-07-04T18:12:29.921037Z[0m [32m INFO[0m [2mexecution[0m[2m:[0m [DRY-RUN] dryrun-390 Buy 79591743 x 280 @ 0.902 (Fak)
[2m2026-07-04T18:12:30.171238Z[0m [32m INFO[0m [2mpm_bot[0m[2m:[0m TAKER: UP (z=3.50 p=1.000 ask=0.890 avg=0.891 tau=150s)
[2m2026-07-04T18:12:30.171271Z[0m [32m INFO[0m [2mexecution[0m[2m:[0m [DRY-RUN] dryrun-391 Buy 79591743 x 280 @ 0.901 (Fak)
[2m2026-07-04T18:12:30.421221Z[0m [32m INFO[0m [2mpm_bot[0m[2m:[0m TAKER: UP (z=3.52 p=1.000 ask=0.890 avg=0.890 tau=150s)
[2m2026-07-04T18:12:30.421254Z[0m [32m INFO[0m [2mexecution[0m[2m:[0m [DRY-RUN] dryrun-392 Buy 79591743 x 280 @ 0.900 (Fak)
[2m2026-07-04T18:12:30.670857Z[0m [32m INFO[0m [2mpm_bot[0m[2m:[0m TAKER: UP (z=3.52 p=1.000 ask=0.890 avg=0.890 tau=149s)
[2m2026-07-04T18:12:30.670888Z[0m [32m INFO[0m [2mexecution[0m[2m:[0m [DRY-RUN] dryrun-393 Buy 79591743 x 280 @ 0.900 (Fak)
[2m2026-07-04T18:12:30.920691Z[0m [32m INFO[0m [2mpm_bot[0m[2m:[0m TAKER: UP (z=3.52 p=1.000 ask=0.890 avg=0.890 tau=149s)
[2m2026-07-04T18:12:30.920716Z[0m [32m INFO[0m [2mexecution[0m[2m:[0m [DRY-RUN] dryrun-394 Buy 79591743 x 280 @ 0.900 (Fak)
[2m2026-07-04T18:12:31.170934Z[0m [32m INFO[0m [2mpm_bot[0m[2m:[0m TAKER: UP (z=3.48 p=1.000 ask=0.890 avg=0.891 tau=149s)
[2m2026-07-04T18:12:31.170965Z[0m [32m INFO[0m [2mexecution[0m[2m:[0m [DRY-RUN] dryrun-395 Buy 79591743 x 280 @ 0.901 (Fak)
[2m2026-07-04T18:12:31.420954Z[0m [32m INFO[0m [2mpm_bot[0m[2m:[0m TAKER: UP (z=3.48 p=1.000 ask=0.890 avg=0.898 tau=149s)
[2m2026-07-04T18:12:31.420981Z[0m [32m INFO[0m [2mexecution[0m[2m:[0m [DRY-RUN] dryrun-396 Buy 79591743 x 280 @ 0.908 (Fak)
[2m2026-07-04T18:12:31.670446Z[0m [32m INFO[0m [2mpm_bot[0m[2m:[0m TAKER: UP (z=3.48 p=1.000 ask=0.890 avg=0.898 tau=148s)
[2m2026-07-04T18:12:31.670473Z[0m [32m INFO[0m [2mexecution[0m[2m:[0m [DRY-RUN] dryrun-397 Buy 79591743 x 280 @ 0.908 (Fak)
[2m2026-07-04T18:12:31.920938Z[0m [32m INFO[0m [2mpm_bot[0m[2m:[0m TAKER: UP (z=3.48 p=1.000 ask=0.890 avg=0.898 tau=148s)
[2m2026-07-04T18:12:31.920968Z[0m [32m INFO[0m [2mexecution[0m[2m:[0m [DRY-RUN] dryrun-398 Buy 79591743 x 280 @ 0.908 (Fak)
[2m2026-07-04T18:12:32.171193Z[0m [32m INFO[0m [2mpm_bot[0m[2m:[0m TAKER: UP (z=3.48 p=1.000 ask=0.890 avg=0.898 tau=148s)
[2m2026-07-04T18:12:32.171222Z[0m [32m INFO[0m [2mexecution[0m[2m:[0m [DRY-RUN] dryrun-399 Buy 79591743 x 280 @ 0.908 (Fak)
[2m2026-07-04T18:12:32.420345Z[0m [32m INFO[0m [2mpm_bot[0m[2m:[0m TAKER: UP (z=3.38 p=1.000 ask=0.900 avg=0.900 tau=148s)
[2m2026-07-04T18:12:32.420373Z[0m [32m INFO[0m [2mexecution[0m[2m:[0m [DRY-RUN] dryrun-400 Buy 79591743 x 276 @ 0.910 (Fak)
[2m2026-07-04T18:12:32.671247Z[0m [32m INFO[0m [2mpm_bot[0m[2m:[0m TAKER: UP (z=3.38 p=1.000 ask=0.900 avg=0.900 tau=147s)
[2m2026-07-04T18:12:32.671280Z[0m [32m INFO[0m [2mexecution[0m[2m:[0m [DRY-RUN] dryrun-401 Buy 79591743 x 276 @ 0.910 (Fak)
[2m2026-07-04T18:12:32.920223Z[0m [32m INFO[0m [2mpm_bot[0m[2m:[0m TAKER: UP (z=3.38 p=1.000 ask=0.900 avg=0.900 tau=147s)
[2m2026-07-04T18:12:32.920252Z[0m [32m INFO[0m [2mexecution[0m[2m:[0m [DRY-RUN] dryrun-402 Buy 79591743 x 276 @ 0.910 (Fak)
[2m2026-07-04T18:12:33.171179Z[0m [32m INFO[0m [2mpm_bot[0m[2m:[0m TAKER: UP (z=3.38 p=1.000 ask=0.900 avg=0.900 tau=147s)
[2m2026-07-04T18:12:33.171212Z[0m [32m INFO[0m [2mexecution[0m[2m:[0m [DRY-RUN] dryrun-403 Buy 79591743 x 276 @ 0.910 (Fak)
[2m2026-07-04T18:12:33.420580Z[0m [32m INFO[0m [2mpm_bot[0m[2m:[0m TAKER: UP (z=3.38 p=1.000 ask=0.900 avg=0.900 tau=147s)
[2m2026-07-04T18:12:33.420609Z[0m [32m INFO[0m [2mexecution[0m[2m:[0m [DRY-RUN] dryrun-404 Buy 79591743 x 276 @ 0.910 (Fak)
[2m2026-07-04T18:12:33.671138Z[0m [32m INFO[0m [2mpm_bot[0m[2m:[0m TAKER: UP (z=3.28 p=0.999 ask=0.870 avg=0.883 tau=146s)
[2m2026-07-04T18:12:33.671167Z[0m [32m INFO[0m [2mexecution[0m[2m:[0m [DRY-RUN] dryrun-405 Buy 79591743 x 286 @ 0.893 (Fak)
[2m2026-07-04T18:12:34.171234Z[0m [32m INFO[0m [2mpm_bot[0m[2m:[0m TAKER: UP (z=3.28 p=0.999 ask=0.900 avg=0.900 tau=146s)
[2m2026-07-04T18:12:34.171263Z[0m [32m INFO[0m [2mexecution[0m[2m:[0m [DRY-RUN] dryrun-406 Buy 79591743 x 276 @ 0.910 (Fak)
[2m2026-07-04T18:12:34.420913Z[0m [32m INFO[0m [2mpm_bot[0m[2m:[0m TAKER: UP (z=3.28 p=0.999 ask=0.900 avg=0.900 tau=146s)
[2m2026-07-04T18:12:34.420940Z[0m [32m INFO[0m [2mexecution[0m[2m:[0m [DRY-RUN] dryrun-407 Buy 79591743 x 276 @ 0.910 (Fak)
[2m2026-07-04T18:12:34.670557Z[0m [32m INFO[0m [2mpm_bot[0m[2m:[0m TAKER: UP (z=3.18 p=0.999 ask=0.900 avg=0.900 tau=145s)
[2m2026-07-04T18:12:34.670584Z[0m [32m INFO[0m [2mexecution[0m[2m:[0m [DRY-RUN] dryrun-408 Buy 79591743 x 275 @ 0.910 (Fak)
[2m2026-07-04T18:12:34.921291Z[0m [32m INFO[0m [2mpm_bot[0m[2m:[0m TAKER: UP (z=3.18 p=0.999 ask=0.910 avg=0.928 tau=145s)
[2m2026-07-04T18:12:34.921320Z[0m [32m INFO[0m [2mexecution[0m[2m:[0m [DRY-RUN] dryrun-409 Buy 79591743 x 272 @ 0.938 (Fak)
[2m2026-07-04T18:12:35.921326Z[0m [32m INFO[0m [2mpm_bot[0m[2m:[0m TAKER: UP (z=3.14 p=0.999 ask=0.910 avg=0.910 tau=144s)
[2m2026-07-04T18:12:35.921378Z[0m [32m INFO[0m [2mexecution[0m[2m:[0m [DRY-RUN] dryrun-410 Buy 79591743 x 272 @ 0.920 (Fak)
[2m2026-07-04T18:12:36.171077Z[0m [32m INFO[0m [2mpm_bot[0m[2m:[0m TAKER: UP (z=3.14 p=0.999 ask=0.910 avg=0.910 tau=144s)
[2m2026-07-04T18:12:36.171105Z[0m [32m INFO[0m [2mexecution[0m[2m:[0m [DRY-RUN] dryrun-411 Buy 79591743 x 272 @ 0.920 (Fak)
[2m2026-07-04T18:12:36.420629Z[0m [32m INFO[0m [2mpm_bot[0m[2m:[0m TAKER: UP (z=3.14 p=0.999 ask=0.910 avg=0.912 tau=144s)
[2m2026-07-04T18:12:36.420656Z[0m [32m INFO[0m [2mexecution[0m[2m:[0m [DRY-RUN] dryrun-412 Buy 79591743 x 272 @ 0.922 (Fak)
[2m2026-07-04T18:12:36.671202Z[0m [32m INFO[0m [2mpm_bot[0m[2m:[0m TAKER: UP (z=3.16 p=0.999 ask=0.910 avg=0.912 tau=143s)
[2m2026-07-04T18:12:36.671231Z[0m [32m INFO[0m [2mexecution[0m[2m:[0m [DRY-RUN] dryrun-413 Buy 79591743 x 272 @ 0.922 (Fak)
[2m2026-07-04T18:12:36.920749Z[0m [32m INFO[0m [2mpm_bot[0m[2m:[0m TAKER: UP (z=3.16 p=0.999 ask=0.910 avg=0.911 tau=143s)
[2m2026-07-04T18:12:36.920777Z[0m [32m INFO[0m [2mexecution[0m[2m:[0m [DRY-RUN] dryrun-414 Buy 79591743 x 272 @ 0.921 (Fak)
[2m2026-07-04T18:12:37.171061Z[0m [32m INFO[0m [2mpm_bot[0m[2m:[0m TAKER: UP (z=3.38 p=1.000 ask=0.910 avg=0.911 tau=143s)
[2m2026-07-04T18:12:37.171089Z[0m [32m INFO[0m [2mexecution[0m[2m:[0m [DRY-RUN] dryrun-415 Buy 79591743 x 273 @ 0.921 (Fak)
[2m2026-07-04T18:12:37.421404Z[0m [32m INFO[0m [2mpm_bot[0m[2m:[0m TAKER: UP (z=3.38 p=1.000 ask=0.910 avg=0.913 tau=143s)
[2m2026-07-04T18:12:37.421435Z[0m [32m INFO[0m [2mexecution[0m[2m:[0m [DRY-RUN] dryrun-416 Buy 79591743 x 273 @ 0.923 (Fak)
[2m2026-07-04T18:12:37.670667Z[0m [32m INFO[0m [2mpm_bot[0m[2m:[0m TAKER: UP (z=3.38 p=1.000 ask=0.910 avg=0.911 tau=142s)
[2m2026-07-04T18:12:37.670699Z[0m [32m INFO[0m [2mexecution[0m[2m:[0m [DRY-RUN] dryrun-417 Buy 79591743 x 273 @ 0.921 (Fak)
[2m2026-07-04T18:12:37.920948Z[0m [32m INFO[0m [2mpm_bot[0m[2m:[0m TAKER: UP (z=3.38 p=1.000 ask=0.910 avg=0.910 tau=142s)
[2m2026-07-04T18:12:37.920978Z[0m [32m INFO[0m [2mexecution[0m[2m:[0m [DRY-RUN] dryrun-418 Buy 79591743 x 273 @ 0.920 (Fak)
[2m2026-07-04T18:12:38.170829Z[0m [32m INFO[0m [2mpm_bot[0m[2m:[0m TAKER: UP (z=3.19 p=0.999 ask=0.910 avg=0.921 tau=142s)
[2m2026-07-04T18:12:38.170862Z[0m [32m INFO[0m [2mexecution[0m[2m:[0m [DRY-RUN] dryrun-419 Buy 79591743 x 272 @ 0.931 (Fak)
[2m2026-07-04T18:15:02.527655Z[0m [32m INFO[0m [2mpm_bot[0m[2m:[0m fenêtre active: btc-updown-5m-1783188900 [1783188900000 → 1783189200000]
[2m2026-07-04T18:15:02.527784Z[0m [32m INFO[0m [2mpm_bot[0m[2m:[0m strike gelé: Some(63267.872735) (confidence=1.000, gap=Some(0) ms)
[2m2026-07-04T18:15:03.124853Z[0m [32m INFO[0m [2mpm_acquisition::clob[0m[2m:[0m CLOB connecté (up=29979717…, down=11091025…)
[2m2026-07-04T18:15:10.170360Z[0m [32m INFO[0m [2mpm_bot[0m[2m:[0m TAKER: UP (z=2.85 p=0.998 ask=0.500 avg=0.500 tau=290s)
[2m2026-07-04T18:15:10.170388Z[0m [32m INFO[0m [2mexecution[0m[2m:[0m [DRY-RUN] dryrun-420 Buy 29979717 x 497 @ 0.510 (Fak)
[2m2026-07-04T18:15:10.420445Z[0m [32m INFO[0m [2mpm_bot[0m[2m:[0m TAKER: UP (z=2.85 p=0.998 ask=0.500 avg=0.502 tau=290s)
[2m2026-07-04T18:15:10.420475Z[0m [32m INFO[0m [2mexecution[0m[2m:[0m [DRY-RUN] dryrun-421 Buy 29979717 x 497 @ 0.512 (Fak)
[2m2026-07-04T18:15:10.670725Z[0m [32m INFO[0m [2mpm_bot[0m[2m:[0m TAKER: UP (z=2.87 p=0.998 ask=0.500 avg=0.503 tau=289s)
[2m2026-07-04T18:15:10.670753Z[0m [32m INFO[0m [2mexecution[0m[2m:[0m [DRY-RUN] dryrun-422 Buy 29979717 x 497 @ 0.513 (Fak)
[2m2026-07-04T18:15:10.921172Z[0m [32m INFO[0m [2mpm_bot[0m[2m:[0m TAKER: UP (z=2.87 p=0.998 ask=0.500 avg=0.503 tau=289s)
[2m2026-07-04T18:15:10.921201Z[0m [32m INFO[0m [2mexecution[0m[2m:[0m [DRY-RUN] dryrun-423 Buy 29979717 x 497 @ 0.513 (Fak)
[2m2026-07-04T18:15:11.170605Z[0m [32m INFO[0m [2mpm_bot[0m[2m:[0m TAKER: UP (z=2.87 p=0.998 ask=0.440 avg=0.449 tau=289s)
[2m2026-07-04T18:15:11.170650Z[0m [32m INFO[0m [2mexecution[0m[2m:[0m [DRY-RUN] dryrun-424 Buy 29979717 x 566 @ 0.459 (Fak)
[2m2026-07-04T18:15:11.420248Z[0m [32m INFO[0m [2mpm_bot[0m[2m:[0m TAKER: UP (z=2.94 p=0.998 ask=0.430 avg=0.430 tau=289s)
[2m2026-07-04T18:15:11.420275Z[0m [32m INFO[0m [2mexecution[0m[2m:[0m [DRY-RUN] dryrun-425 Buy 29979717 x 579 @ 0.440 (Fak)
[2m2026-07-04T18:15:11.670494Z[0m [32m INFO[0m [2mpm_bot[0m[2m:[0m TAKER: UP (z=2.94 p=0.998 ask=0.400 avg=0.413 tau=288s)
[2m2026-07-04T18:15:11.670516Z[0m [32m INFO[0m [2mexecution[0m[2m:[0m [DRY-RUN] dryrun-426 Buy 29979717 x 623 @ 0.423 (Fak)
[2m2026-07-04T18:15:11.920315Z[0m [32m INFO[0m [2mpm_bot[0m[2m:[0m TAKER: UP (z=2.94 p=0.998 ask=0.360 avg=0.360 tau=288s)
[2m2026-07-04T18:15:11.920347Z[0m [32m INFO[0m [2mexecution[0m[2m:[0m [DRY-RUN] dryrun-427 Buy 29979717 x 692 @ 0.370 (Fak)
[2m2026-07-04T18:15:12.170202Z[0m [32m INFO[0m [2mpm_bot[0m[2m:[0m TAKER: UP (z=2.94 p=0.998 ask=0.360 avg=0.369 tau=288s)
[2m2026-07-04T18:15:12.170229Z[0m [32m INFO[0m [2mexecution[0m[2m:[0m [DRY-RUN] dryrun-428 Buy 29979717 x 692 @ 0.379 (Fak)
[2m2026-07-04T18:15:12.670285Z[0m [32m INFO[0m [2mpm_bot[0m[2m:[0m TAKER: UP (z=2.85 p=0.998 ask=0.440 avg=0.446 tau=287s)
[2m2026-07-04T18:15:12.670309Z[0m [32m INFO[0m [2mexecution[0m[2m:[0m [DRY-RUN] dryrun-429 Buy 29979717 x 565 @ 0.456 (Fak)
[2m2026-07-04T18:15:13.670349Z[0m [32m INFO[0m [2mpm_bot[0m[2m:[0m TAKER: UP (z=2.85 p=0.998 ask=0.450 avg=0.454 tau=286s)
[2m2026-07-04T18:15:13.670375Z[0m [32m INFO[0m [2mexecution[0m[2m:[0m [DRY-RUN] dryrun-430 Buy 29979717 x 553 @ 0.464 (Fak)
[2m2026-07-04T18:15:13.920646Z[0m [32m INFO[0m [2mpm_bot[0m[2m:[0m TAKER: UP (z=2.85 p=0.998 ask=0.450 avg=0.450 tau=286s)
[2m2026-07-04T18:15:13.920674Z[0m [32m INFO[0m [2mexecution[0m[2m:[0m [DRY-RUN] dryrun-431 Buy 29979717 x 553 @ 0.460 (Fak)
[2m2026-07-04T18:15:14.170748Z[0m [32m INFO[0m [2mpm_bot[0m[2m:[0m TAKER: UP (z=2.80 p=0.997 ask=0.440 avg=0.449 tau=286s)
[2m2026-07-04T18:15:14.170775Z[0m [32m INFO[0m [2mexecution[0m[2m:[0m [DRY-RUN] dryrun-432 Buy 29979717 x 565 @ 0.459 (Fak)
[2m2026-07-04T18:15:14.420949Z[0m [32m INFO[0m [2mpm_bot[0m[2m:[0m TAKER: UP (z=2.80 p=0.997 ask=0.430 avg=0.430 tau=286s)
[2m2026-07-04T18:15:14.420976Z[0m [32m INFO[0m [2mexecution[0m[2m:[0m [DRY-RUN] dryrun-433 Buy 29979717 x 578 @ 0.440 (Fak)
[2m2026-07-04T18:15:14.671081Z[0m [32m INFO[0m [2mpm_bot[0m[2m:[0m TAKER: UP (z=2.80 p=0.997 ask=0.430 avg=0.430 tau=285s)
[2m2026-07-04T18:15:14.671115Z[0m [32m INFO[0m [2mexecution[0m[2m:[0m [DRY-RUN] dryrun-434 Buy 29979717 x 578 @ 0.440 (Fak)
[2m2026-07-04T18:15:14.920628Z[0m [32m INFO[0m [2mpm_bot[0m[2m:[0m TAKER: UP (z=3.01 p=0.999 ask=0.430 avg=0.430 tau=285s)
[2m2026-07-04T18:15:14.920656Z[0m [32m INFO[0m [2mexecution[0m[2m:[0m [DRY-RUN] dryrun-435 Buy 29979717 x 580 @ 0.440 (Fak)
[2m2026-07-04T18:15:15.171291Z[0m [32m INFO[0m [2mpm_bot[0m[2m:[0m TAKER: UP (z=3.00 p=0.999 ask=0.430 avg=0.430 tau=285s)
[2m2026-07-04T18:15:15.171317Z[0m [32m INFO[0m [2mexecution[0m[2m:[0m [DRY-RUN] dryrun-436 Buy 29979717 x 580 @ 0.440 (Fak)
[2m2026-07-04T18:15:15.421156Z[0m [32m INFO[0m [2mpm_bot[0m[2m:[0m TAKER: UP (z=3.00 p=0.999 ask=0.430 avg=0.430 tau=285s)
[2m2026-07-04T18:15:15.421186Z[0m [32m INFO[0m [2mexecution[0m[2m:[0m [DRY-RUN] dryrun-437 Buy 29979717 x 580 @ 0.440 (Fak)
[2m2026-07-04T18:15:16.670986Z[0m [32m INFO[0m [2mpm_bot[0m[2m:[0m TAKER: UP (z=3.03 p=0.999 ask=0.420 avg=0.435 tau=283s)
[2m2026-07-04T18:15:16.671016Z[0m [32m INFO[0m [2mexecution[0m[2m:[0m [DRY-RUN] dryrun-438 Buy 29979717 x 594 @ 0.445 (Fak)
[2m2026-07-04T18:15:19.420947Z[0m [32m INFO[0m [2mpm_bot[0m[2m:[0m TAKER: UP (z=2.85 p=0.998 ask=0.520 avg=0.527 tau=281s)
[2m2026-07-04T18:15:19.420977Z[0m [32m INFO[0m [2mexecution[0m[2m:[0m [DRY-RUN] dryrun-439 Buy 29979717 x 478 @ 0.537 (Fak)
[2m2026-07-04T18:15:19.670853Z[0m [32m INFO[0m [2mpm_bot[0m[2m:[0m TAKER: UP (z=2.88 p=0.998 ask=0.520 avg=0.527 tau=280s)
[2m2026-07-04T18:15:19.670884Z[0m [32m INFO[0m [2mexecution[0m[2m:[0m [DRY-RUN] dryrun-440 Buy 29979717 x 478 @ 0.537 (Fak)
[2m2026-07-04T18:15:19.921043Z[0m [32m INFO[0m [2mpm_bot[0m[2m:[0m TAKER: UP (z=2.88 p=0.998 ask=0.520 avg=0.527 tau=280s)
[2m2026-07-04T18:15:19.921074Z[0m [32m INFO[0m [2mexecution[0m[2m:[0m [DRY-RUN] dryrun-441 Buy 29979717 x 478 @ 0.537 (Fak)
[2m2026-07-04T18:15:20.170582Z[0m [32m INFO[0m [2mpm_bot[0m[2m:[0m TAKER: UP (z=2.87 p=0.998 ask=0.520 avg=0.527 tau=280s)
[2m2026-07-04T18:15:20.170612Z[0m [32m INFO[0m [2mexecution[0m[2m:[0m [DRY-RUN] dryrun-442 Buy 29979717 x 478 @ 0.537 (Fak)
[2m2026-07-04T18:15:20.420943Z[0m [32m INFO[0m [2mpm_bot[0m[2m:[0m TAKER: UP (z=2.87 p=0.998 ask=0.520 avg=0.540 tau=280s)
[2m2026-07-04T18:15:20.420971Z[0m [32m INFO[0m [2mexecution[0m[2m:[0m [DRY-RUN] dryrun-443 Buy 29979717 x 478 @ 0.550 (Fak)
[2m2026-07-04T18:15:21.670585Z[0m [32m INFO[0m [2mpm_bot[0m[2m:[0m TAKER: UP (z=2.89 p=0.998 ask=0.520 avg=0.536 tau=278s)
[2m2026-07-04T18:15:21.670619Z[0m [32m INFO[0m [2mexecution[0m[2m:[0m [DRY-RUN] dryrun-444 Buy 29979717 x 478 @ 0.546 (Fak)
[2m2026-07-04T18:15:21.920662Z[0m [32m INFO[0m [2mpm_bot[0m[2m:[0m TAKER: UP (z=2.89 p=0.998 ask=0.520 avg=0.537 tau=278s)
[2m2026-07-04T18:15:21.920694Z[0m [32m INFO[0m [2mexecution[0m[2m:[0m [DRY-RUN] dryrun-445 Buy 29979717 x 478 @ 0.547 (Fak)
[2m2026-07-04T18:15:22.920171Z[0m [32m INFO[0m [2mpm_bot[0m[2m:[0m TAKER: UP (z=2.49 p=0.994 ask=0.500 avg=0.502 tau=277s)
[2m2026-07-04T18:15:22.920199Z[0m [32m INFO[0m [2mexecution[0m[2m:[0m [DRY-RUN] dryrun-446 Buy 29979717 x 493 @ 0.512 (Fak)
[2m2026-07-04T18:15:24.170324Z[0m [32m INFO[0m [2mpm_bot[0m[2m:[0m TAKER: UP (z=2.46 p=0.993 ask=0.530 avg=0.548 tau=276s)
[2m2026-07-04T18:15:24.170353Z[0m [32m INFO[0m [2mexecution[0m[2m:[0m [DRY-RUN] dryrun-447 Buy 29979717 x 464 @ 0.558 (Fak)
[2m2026-07-04T18:15:24.420674Z[0m [32m INFO[0m [2mpm_bot[0m[2m:[0m TAKER: UP (z=2.42 p=0.992 ask=0.530 avg=0.548 tau=276s)
[2m2026-07-04T18:15:24.420704Z[0m [32m INFO[0m [2mexecution[0m[2m:[0m [DRY-RUN] dryrun-448 Buy 29979717 x 463 @ 0.558 (Fak)
[2m2026-07-04T18:15:24.670311Z[0m [32m INFO[0m [2mpm_bot[0m[2m:[0m TAKER: UP (z=2.42 p=0.992 ask=0.530 avg=0.548 tau=275s)
[2m2026-07-04T18:15:24.670340Z[0m [32m INFO[0m [2mexecution[0m[2m:[0m [DRY-RUN] dryrun-449 Buy 29979717 x 463 @ 0.558 (Fak)
[2m2026-07-04T18:15:24.920351Z[0m [32m INFO[0m [2mpm_bot[0m[2m:[0m TAKER: UP (z=2.42 p=0.992 ask=0.530 avg=0.545 tau=275s)
[2m2026-07-04T18:15:24.920378Z[0m [32m INFO[0m [2mexecution[0m[2m:[0m [DRY-RUN] dryrun-450 Buy 29979717 x 463 @ 0.555 (Fak)
[2m2026-07-04T18:15:25.170971Z[0m [32m INFO[0m [2mpm_bot[0m[2m:[0m TAKER: UP (z=2.42 p=0.992 ask=0.530 avg=0.550 tau=275s)
[2m2026-07-04T18:15:25.171004Z[0m [32m INFO[0m [2mexecution[0m[2m:[0m [DRY-RUN] dryrun-451 Buy 29979717 x 463 @ 0.560 (Fak)
[2m2026-07-04T18:15:27.421033Z[0m [32m INFO[0m [2mpm_bot[0m[2m:[0m TAKER: UP (z=2.50 p=0.994 ask=0.550 avg=0.568 tau=273s)
[2m2026-07-04T18:15:27.421064Z[0m [32m INFO[0m [2mexecution[0m[2m:[0m [DRY-RUN] dryrun-452 Buy 29979717 x 448 @ 0.578 (Fak)
[2m2026-07-04T18:15:28.670386Z[0m [32m INFO[0m [2mpm_bot[0m[2m:[0m TAKER: UP (z=2.46 p=0.993 ask=0.630 avg=0.645 tau=271s)
[2m2026-07-04T18:15:28.670415Z[0m [32m INFO[0m [2mexecution[0m[2m:[0m [DRY-RUN] dryrun-453 Buy 29979717 x 389 @ 0.655 (Fak)
[2m2026-07-04T18:15:31.420605Z[0m [32m INFO[0m [2mpm_bot[0m[2m:[0m TAKER: UP (z=3.09 p=0.999 ask=0.640 avg=0.655 tau=269s)
[2m2026-07-04T18:15:31.420634Z[0m [32m INFO[0m [2mexecution[0m[2m:[0m [DRY-RUN] dryrun-454 Buy 29979717 x 389 @ 0.665 (Fak)
[2m2026-07-04T18:15:31.670375Z[0m [32m INFO[0m [2mpm_bot[0m[2m:[0m TAKER: UP (z=3.08 p=0.999 ask=0.640 avg=0.648 tau=268s)
[2m2026-07-04T18:15:31.670414Z[0m [32m INFO[0m [2mexecution[0m[2m:[0m [DRY-RUN] dryrun-455 Buy 29979717 x 389 @ 0.658 (Fak)
[2m2026-07-04T18:15:31.921007Z[0m [32m INFO[0m [2mpm_bot[0m[2m:[0m TAKER: UP (z=3.08 p=0.999 ask=0.640 avg=0.647 tau=268s)
[2m2026-07-04T18:15:31.921034Z[0m [32m INFO[0m [2mexecution[0m[2m:[0m [DRY-RUN] dryrun-456 Buy 29979717 x 389 @ 0.657 (Fak)
[2m2026-07-04T18:15:32.170781Z[0m [32m INFO[0m [2mpm_bot[0m[2m:[0m TAKER: UP (z=3.08 p=0.999 ask=0.640 avg=0.647 tau=268s)
[2m2026-07-04T18:15:32.170812Z[0m [32m INFO[0m [2mexecution[0m[2m:[0m [DRY-RUN] dryrun-457 Buy 29979717 x 389 @ 0.657 (Fak)
[2m2026-07-04T18:15:33.420793Z[0m [32m INFO[0m [2mpm_bot[0m[2m:[0m TAKER: UP (z=3.07 p=0.999 ask=0.660 avg=0.675 tau=267s)
[2m2026-07-04T18:15:33.420823Z[0m [32m INFO[0m [2mexecution[0m[2m:[0m [DRY-RUN] dryrun-458 Buy 29979717 x 377 @ 0.685 (Fak)
[2m2026-07-04T18:15:33.670182Z[0m [32m INFO[0m [2mpm_bot[0m[2m:[0m TAKER: UP (z=3.07 p=0.999 ask=0.660 avg=0.673 tau=266s)
[2m2026-07-04T18:15:33.670213Z[0m [32m INFO[0m [2mexecution[0m[2m:[0m [DRY-RUN] dryrun-459 Buy 29979717 x 377 @ 0.683 (Fak)
[2m2026-07-04T18:15:33.920242Z[0m [32m INFO[0m [2mpm_bot[0m[2m:[0m TAKER: UP (z=3.07 p=0.999 ask=0.660 avg=0.672 tau=266s)
[2m2026-07-04T18:15:33.920273Z[0m [32m INFO[0m [2mexecution[0m[2m:[0m [DRY-RUN] dryrun-460 Buy 29979717 x 377 @ 0.682 (Fak)
[2m2026-07-04T18:15:34.171161Z[0m [32m INFO[0m [2mpm_bot[0m[2m:[0m TAKER: UP (z=3.13 p=0.999 ask=0.660 avg=0.672 tau=266s)
[2m2026-07-04T18:15:34.171191Z[0m [32m INFO[0m [2mexecution[0m[2m:[0m [DRY-RUN] dryrun-461 Buy 29979717 x 377 @ 0.682 (Fak)
[2m2026-07-04T18:15:34.670481Z[0m [32m INFO[0m [2mpm_bot[0m[2m:[0m TAKER: UP (z=3.13 p=0.999 ask=0.640 avg=0.658 tau=265s)
[2m2026-07-04T18:15:34.670513Z[0m [32m INFO[0m [2mexecution[0m[2m:[0m [DRY-RUN] dryrun-462 Buy 29979717 x 389 @ 0.668 (Fak)
[2m2026-07-04T18:15:34.920926Z[0m [32m INFO[0m [2mpm_bot[0m[2m:[0m TAKER: UP (z=3.12 p=0.999 ask=0.650 avg=0.669 tau=265s)
[2m2026-07-04T18:15:34.920954Z[0m [32m INFO[0m [2mexecution[0m[2m:[0m [DRY-RUN] dryrun-463 Buy 29979717 x 383 @ 0.679 (Fak)
[2m2026-07-04T18:15:35.170503Z[0m [32m INFO[0m [2mpm_bot[0m[2m:[0m TAKER: UP (z=3.12 p=0.999 ask=0.650 avg=0.665 tau=265s)
[2m2026-07-04T18:15:35.170535Z[0m [32m INFO[0m [2mexecution[0m[2m:[0m [DRY-RUN] dryrun-464 Buy 29979717 x 383 @ 0.675 (Fak)
[2m2026-07-04T18:15:35.420510Z[0m [32m INFO[0m [2mpm_bot[0m[2m:[0m TAKER: UP (z=2.95 p=0.998 ask=0.650 avg=0.666 tau=265s)
[2m2026-07-04T18:15:35.420544Z[0m [32m INFO[0m [2mexecution[0m[2m:[0m [DRY-RUN] dryrun-465 Buy 29979717 x 382 @ 0.676 (Fak)
[2m2026-07-04T18:15:35.670621Z[0m [32m INFO[0m [2mpm_bot[0m[2m:[0m TAKER: UP (z=2.95 p=0.998 ask=0.650 avg=0.660 tau=264s)
[2m2026-07-04T18:15:35.670652Z[0m [32m INFO[0m [2mexecution[0m[2m:[0m [DRY-RUN] dryrun-466 Buy 29979717 x 382 @ 0.670 (Fak)
[2m2026-07-04T18:15:35.920872Z[0m [32m INFO[0m [2mpm_bot[0m[2m:[0m TAKER: UP (z=2.95 p=0.998 ask=0.650 avg=0.657 tau=264s)
[2m2026-07-04T18:15:35.920907Z[0m [32m INFO[0m [2mexecution[0m[2m:[0m [DRY-RUN] dryrun-467 Buy 29979717 x 382 @ 0.667 (Fak)
[2m2026-07-04T18:15:36.170618Z[0m [32m INFO[0m [2mpm_bot[0m[2m:[0m TAKER: UP (z=3.00 p=0.999 ask=0.650 avg=0.662 tau=264s)
[2m2026-07-04T18:15:36.170647Z[0m [32m INFO[0m [2mexecution[0m[2m:[0m [DRY-RUN] dryrun-468 Buy 29979717 x 383 @ 0.672 (Fak)
[2m2026-07-04T18:15:36.420318Z[0m [32m INFO[0m [2mpm_bot[0m[2m:[0m TAKER: UP (z=2.99 p=0.999 ask=0.640 avg=0.657 tau=264s)
[2m2026-07-04T18:15:36.420352Z[0m [32m INFO[0m [2mexecution[0m[2m:[0m [DRY-RUN] dryrun-469 Buy 29979717 x 389 @ 0.667 (Fak)
[2m2026-07-04T18:15:36.920389Z[0m [32m INFO[0m [2mpm_bot[0m[2m:[0m TAKER: UP (z=2.99 p=0.999 ask=0.620 avg=0.633 tau=263s)
[2m2026-07-04T18:15:36.920427Z[0m [32m INFO[0m [2mexecution[0m[2m:[0m [DRY-RUN] dryrun-470 Buy 29979717 x 401 @ 0.643 (Fak)
[2m2026-07-04T18:15:37.171108Z[0m [32m INFO[0m [2mpm_bot[0m[2m:[0m TAKER: UP (z=2.97 p=0.998 ask=0.620 avg=0.635 tau=263s)
[2m2026-07-04T18:15:37.171145Z[0m [32m INFO[0m [2mexecution[0m[2m:[0m [DRY-RUN] dryrun-471 Buy 29979717 x 401 @ 0.645 (Fak)
[2m2026-07-04T18:15:37.670878Z[0m [32m INFO[0m [2mpm_bot[0m[2m:[0m TAKER: UP (z=2.96 p=0.998 ask=0.620 avg=0.620 tau=262s)
[2m2026-07-04T18:15:37.670945Z[0m [32m INFO[0m [2mexecution[0m[2m:[0m [DRY-RUN] dryrun-472 Buy 29979717 x 401 @ 0.630 (Fak)
[2m2026-07-04T18:15:37.920766Z[0m [32m INFO[0m [2mpm_bot[0m[2m:[0m TAKER: UP (z=2.96 p=0.998 ask=0.620 avg=0.620 tau=262s)
[2m2026-07-04T18:15:37.920801Z[0m [32m INFO[0m [2mexecution[0m[2m:[0m [DRY-RUN] dryrun-473 Buy 29979717 x 401 @ 0.630 (Fak)
[2m2026-07-04T18:15:38.170540Z[0m [32m INFO[0m [2mpm_bot[0m[2m:[0m TAKER: UP (z=2.95 p=0.998 ask=0.620 avg=0.620 tau=262s)
[2m2026-07-04T18:15:38.170593Z[0m [32m INFO[0m [2mexecution[0m[2m:[0m [DRY-RUN] dryrun-474 Buy 29979717 x 401 @ 0.630 (Fak)
[2m2026-07-04T18:15:38.421323Z[0m [32m INFO[0m [2mpm_bot[0m[2m:[0m TAKER: UP (z=2.95 p=0.998 ask=0.620 avg=0.620 tau=262s)
[2m2026-07-04T18:15:38.421354Z[0m [32m INFO[0m [2mexecution[0m[2m:[0m [DRY-RUN] dryrun-475 Buy 29979717 x 401 @ 0.630 (Fak)
[2m2026-07-04T18:15:38.670441Z[0m [32m INFO[0m [2mpm_bot[0m[2m:[0m TAKER: UP (z=2.95 p=0.998 ask=0.620 avg=0.620 tau=261s)
[2m2026-07-04T18:15:38.670469Z[0m [32m INFO[0m [2mexecution[0m[2m:[0m [DRY-RUN] dryrun-476 Buy 29979717 x 401 @ 0.630 (Fak)
[2m2026-07-04T18:15:38.920716Z[0m [32m INFO[0m [2mpm_bot[0m[2m:[0m TAKER: UP (z=2.95 p=0.998 ask=0.620 avg=0.621 tau=261s)
[2m2026-07-04T18:15:38.920751Z[0m [32m INFO[0m [2mexecution[0m[2m:[0m [DRY-RUN] dryrun-477 Buy 29979717 x 401 @ 0.631 (Fak)
[2m2026-07-04T18:15:39.170505Z[0m [32m INFO[0m [2mpm_bot[0m[2m:[0m TAKER: UP (z=3.01 p=0.999 ask=0.620 avg=0.620 tau=261s)
[2m2026-07-04T18:15:39.170541Z[0m [32m INFO[0m [2mexecution[0m[2m:[0m [DRY-RUN] dryrun-478 Buy 29979717 x 401 @ 0.630 (Fak)
[2m2026-07-04T18:15:39.420418Z[0m [32m INFO[0m [2mpm_bot[0m[2m:[0m TAKER: UP (z=3.01 p=0.999 ask=0.600 avg=0.604 tau=261s)
[2m2026-07-04T18:15:39.420447Z[0m [32m INFO[0m [2mexecution[0m[2m:[0m [DRY-RUN] dryrun-479 Buy 29979717 x 415 @ 0.614 (Fak)
[2m2026-07-04T18:15:39.670965Z[0m [32m INFO[0m [2mpm_bot[0m[2m:[0m TAKER: UP (z=3.01 p=0.999 ask=0.600 avg=0.600 tau=260s)
[2m2026-07-04T18:15:39.670995Z[0m [32m INFO[0m [2mexecution[0m[2m:[0m [DRY-RUN] dryrun-480 Buy 29979717 x 415 @ 0.610 (Fak)
[2m2026-07-04T18:15:39.920782Z[0m [32m INFO[0m [2mpm_bot[0m[2m:[0m TAKER: UP (z=3.00 p=0.999 ask=0.600 avg=0.600 tau=260s)
[2m2026-07-04T18:15:39.920817Z[0m [32m INFO[0m [2mexecution[0m[2m:[0m [DRY-RUN] dryrun-481 Buy 29979717 x 415 @ 0.610 (Fak)
[2m2026-07-04T18:15:40.170773Z[0m [32m INFO[0m [2mpm_bot[0m[2m:[0m TAKER: UP (z=2.98 p=0.999 ask=0.590 avg=0.597 tau=260s)
[2m2026-07-04T18:15:40.170823Z[0m [32m INFO[0m [2mexecution[0m[2m:[0m [DRY-RUN] dryrun-482 Buy 29979717 x 422 @ 0.607 (Fak)
[2m2026-07-04T18:15:40.421159Z[0m [32m INFO[0m [2mpm_bot[0m[2m:[0m TAKER: UP (z=2.98 p=0.999 ask=0.590 avg=0.600 tau=260s)
[2m2026-07-04T18:15:40.421189Z[0m [32m INFO[0m [2mexecution[0m[2m:[0m [DRY-RUN] dryrun-483 Buy 29979717 x 422 @ 0.610 (Fak)
[2m2026-07-04T18:15:40.670843Z[0m [32m INFO[0m [2mpm_bot[0m[2m:[0m TAKER: UP (z=2.98 p=0.999 ask=0.590 avg=0.600 tau=259s)
[2m2026-07-04T18:15:40.670876Z[0m [32m INFO[0m [2mexecution[0m[2m:[0m [DRY-RUN] dryrun-484 Buy 29979717 x 422 @ 0.610 (Fak)
[2m2026-07-04T18:15:40.920440Z[0m [32m INFO[0m [2mpm_bot[0m[2m:[0m TAKER: UP (z=2.98 p=0.999 ask=0.590 avg=0.601 tau=259s)
[2m2026-07-04T18:15:40.920466Z[0m [32m INFO[0m [2mexecution[0m[2m:[0m [DRY-RUN] dryrun-485 Buy 29979717 x 422 @ 0.611 (Fak)
[2m2026-07-04T18:15:41.171100Z[0m [32m INFO[0m [2mpm_bot[0m[2m:[0m TAKER: UP (z=2.97 p=0.999 ask=0.590 avg=0.604 tau=259s)
[2m2026-07-04T18:15:41.171122Z[0m [32m INFO[0m [2mexecution[0m[2m:[0m [DRY-RUN] dryrun-486 Buy 29979717 x 422 @ 0.614 (Fak)
[2m2026-07-04T18:15:41.420751Z[0m [32m INFO[0m [2mpm_bot[0m[2m:[0m TAKER: UP (z=2.97 p=0.999 ask=0.590 avg=0.609 tau=259s)
[2m2026-07-04T18:15:41.420780Z[0m [32m INFO[0m [2mexecution[0m[2m:[0m [DRY-RUN] dryrun-487 Buy 29979717 x 422 @ 0.619 (Fak)
[2m2026-07-04T18:15:41.671205Z[0m [32m INFO[0m [2mpm_bot[0m[2m:[0m TAKER: UP (z=2.91 p=0.998 ask=0.590 avg=0.608 tau=258s)
[2m2026-07-04T18:15:41.671234Z[0m [32m INFO[0m [2mexecution[0m[2m:[0m [DRY-RUN] dryrun-488 Buy 29979717 x 421 @ 0.618 (Fak)
[2m2026-07-04T18:15:41.921240Z[0m [32m INFO[0m [2mpm_bot[0m[2m:[0m TAKER: UP (z=2.91 p=0.998 ask=0.590 avg=0.590 tau=258s)
[2m2026-07-04T18:15:41.921264Z[0m [32m INFO[0m [2mexecution[0m[2m:[0m [DRY-RUN] dryrun-489 Buy 29979717 x 421 @ 0.600 (Fak)
[2m2026-07-04T18:15:42.171068Z[0m [32m INFO[0m [2mpm_bot[0m[2m:[0m TAKER: UP (z=2.91 p=0.998 ask=0.590 avg=0.590 tau=258s)
[2m2026-07-04T18:15:42.171093Z[0m [32m INFO[0m [2mexecution[0m[2m:[0m [DRY-RUN] dryrun-490 Buy 29979717 x 421 @ 0.600 (Fak)
[2m2026-07-04T18:15:42.421064Z[0m [32m INFO[0m [2mpm_bot[0m[2m:[0m TAKER: UP (z=2.91 p=0.998 ask=0.560 avg=0.576 tau=258s)
[2m2026-07-04T18:15:42.421091Z[0m [32m INFO[0m [2mexecution[0m[2m:[0m [DRY-RUN] dryrun-491 Buy 29979717 x 444 @ 0.586 (Fak)
[2m2026-07-04T18:15:42.670962Z[0m [32m INFO[0m [2mpm_bot[0m[2m:[0m TAKER: UP (z=2.90 p=0.998 ask=0.560 avg=0.570 tau=257s)
[2m2026-07-04T18:15:42.670990Z[0m [32m INFO[0m [2mexecution[0m[2m:[0m [DRY-RUN] dryrun-492 Buy 29979717 x 444 @ 0.580 (Fak)
[2m2026-07-04T18:15:42.921073Z[0m [32m INFO[0m [2mpm_bot[0m[2m:[0m TAKER: UP (z=2.90 p=0.998 ask=0.560 avg=0.574 tau=257s)
[2m2026-07-04T18:15:42.921104Z[0m [32m INFO[0m [2mexecution[0m[2m:[0m [DRY-RUN] dryrun-493 Buy 29979717 x 444 @ 0.584 (Fak)
[2m2026-07-04T18:15:43.171077Z[0m [32m INFO[0m [2mpm_bot[0m[2m:[0m TAKER: UP (z=2.88 p=0.998 ask=0.560 avg=0.579 tau=257s)
[2m2026-07-04T18:15:43.171107Z[0m [32m INFO[0m [2mexecution[0m[2m:[0m [DRY-RUN] dryrun-494 Buy 29979717 x 444 @ 0.589 (Fak)
[2m2026-07-04T18:15:43.420997Z[0m [32m INFO[0m [2mpm_bot[0m[2m:[0m TAKER: UP (z=2.88 p=0.998 ask=0.560 avg=0.579 tau=257s)
[2m2026-07-04T18:15:43.421029Z[0m [32m INFO[0m [2mexecution[0m[2m:[0m [DRY-RUN] dryrun-495 Buy 29979717 x 444 @ 0.589 (Fak)
[2m2026-07-04T18:15:44.420388Z[0m [32m INFO[0m [2mpm_bot[0m[2m:[0m TAKER: UP (z=2.88 p=0.998 ask=0.580 avg=0.593 tau=256s)
[2m2026-07-04T18:15:44.420418Z[0m [32m INFO[0m [2mexecution[0m[2m:[0m [DRY-RUN] dryrun-496 Buy 29979717 x 428 @ 0.603 (Fak)
[2m2026-07-04T18:15:44.920389Z[0m [32m INFO[0m [2mpm_bot[0m[2m:[0m TAKER: UP (z=2.65 p=0.996 ask=0.600 avg=0.612 tau=255s)
[2m2026-07-04T18:15:44.920418Z[0m [32m INFO[0m [2mexecution[0m[2m:[0m [DRY-RUN] dryrun-497 Buy 29979717 x 412 @ 0.622 (Fak)
[2m2026-07-04T18:15:45.170429Z[0m [32m INFO[0m [2mpm_bot[0m[2m:[0m TAKER: UP (z=2.64 p=0.996 ask=0.600 avg=0.610 tau=255s)
[2m2026-07-04T18:15:45.170460Z[0m [32m INFO[0m [2mexecution[0m[2m:[0m [DRY-RUN] dryrun-498 Buy 29979717 x 412 @ 0.620 (Fak)
[2m2026-07-04T18:15:45.421131Z[0m [32m INFO[0m [2mpm_bot[0m[2m:[0m TAKER: UP (z=2.62 p=0.996 ask=0.600 avg=0.611 tau=255s)
[2m2026-07-04T18:15:45.421164Z[0m [32m INFO[0m [2mexecution[0m[2m:[0m [DRY-RUN] dryrun-499 Buy 29979717 x 412 @ 0.621 (Fak)
[2m2026-07-04T18:15:45.670607Z[0m [32m INFO[0m [2mpm_bot[0m[2m:[0m TAKER: UP (z=2.62 p=0.996 ask=0.600 avg=0.610 tau=254s)
[2m2026-07-04T18:15:45.670635Z[0m [32m INFO[0m [2mexecution[0m[2m:[0m [DRY-RUN] dryrun-500 Buy 29979717 x 412 @ 0.620 (Fak)
[2m2026-07-04T18:15:45.920324Z[0m [32m INFO[0m [2mpm_bot[0m[2m:[0m TAKER: UP (z=2.62 p=0.996 ask=0.600 avg=0.610 tau=254s)
[2m2026-07-04T18:15:45.920352Z[0m [32m INFO[0m [2mexecution[0m[2m:[0m [DRY-RUN] dryrun-501 Buy 29979717 x 412 @ 0.620 (Fak)
[2m2026-07-04T18:15:46.171033Z[0m [32m INFO[0m [2mpm_bot[0m[2m:[0m TAKER: UP (z=2.62 p=0.996 ask=0.600 avg=0.600 tau=254s)
[2m2026-07-04T18:15:46.171077Z[0m [32m INFO[0m [2mexecution[0m[2m:[0m [DRY-RUN] dryrun-502 Buy 29979717 x 412 @ 0.610 (Fak)
[2m2026-07-04T18:15:46.420677Z[0m [32m INFO[0m [2mpm_bot[0m[2m:[0m TAKER: UP (z=2.62 p=0.996 ask=0.600 avg=0.600 tau=254s)
[2m2026-07-04T18:15:46.420709Z[0m [32m INFO[0m [2mexecution[0m[2m:[0m [DRY-RUN] dryrun-503 Buy 29979717 x 412 @ 0.610 (Fak)
[2m2026-07-04T18:15:46.671195Z[0m [32m INFO[0m [2mpm_bot[0m[2m:[0m TAKER: UP (z=2.57 p=0.995 ask=0.590 avg=0.594 tau=253s)
[2m2026-07-04T18:15:46.671223Z[0m [32m INFO[0m [2mexecution[0m[2m:[0m [DRY-RUN] dryrun-504 Buy 29979717 x 418 @ 0.604 (Fak)
[2m2026-07-04T18:15:46.920994Z[0m [32m INFO[0m [2mpm_bot[0m[2m:[0m TAKER: UP (z=2.57 p=0.995 ask=0.560 avg=0.572 tau=253s)
[2m2026-07-04T18:15:46.921026Z[0m [32m INFO[0m [2mexecution[0m[2m:[0m [DRY-RUN] dryrun-505 Buy 29979717 x 441 @ 0.582 (Fak)
[2m2026-07-04T18:15:47.171064Z[0m [32m INFO[0m [2mpm_bot[0m[2m:[0m TAKER: UP (z=2.59 p=0.995 ask=0.550 avg=0.562 tau=253s)
[2m2026-07-04T18:15:47.171096Z[0m [32m INFO[0m [2mexecution[0m[2m:[0m [DRY-RUN] dryrun-506 Buy 29979717 x 449 @ 0.572 (Fak)
[2m2026-07-04T18:15:47.420732Z[0m [32m INFO[0m [2mpm_bot[0m[2m:[0m TAKER: UP (z=2.59 p=0.995 ask=0.530 avg=0.543 tau=253s)
[2m2026-07-04T18:15:47.420767Z[0m [32m INFO[0m [2mexecution[0m[2m:[0m [DRY-RUN] dryrun-507 Buy 29979717 x 466 @ 0.553 (Fak)
[2m2026-07-04T18:15:47.670608Z[0m [32m INFO[0m [2mpm_bot[0m[2m:[0m TAKER: UP (z=2.59 p=0.995 ask=0.530 avg=0.532 tau=252s)
[2m2026-07-04T18:15:47.670634Z[0m [32m INFO[0m [2mexecution[0m[2m:[0m [DRY-RUN] dryrun-508 Buy 29979717 x 466 @ 0.542 (Fak)
[2m2026-07-04T18:15:47.921117Z[0m [32m INFO[0m [2mpm_bot[0m[2m:[0m TAKER: UP (z=2.59 p=0.995 ask=0.530 avg=0.533 tau=252s)
[2m2026-07-04T18:15:47.921150Z[0m [32m INFO[0m [2mexecution[0m[2m:[0m [DRY-RUN] dryrun-509 Buy 29979717 x 466 @ 0.543 (Fak)
[2m2026-07-04T18:15:48.170851Z[0m [32m INFO[0m [2mpm_bot[0m[2m:[0m TAKER: UP (z=2.59 p=0.995 ask=0.530 avg=0.530 tau=252s)
[2m2026-07-04T18:15:48.170880Z[0m [32m INFO[0m [2mexecution[0m[2m:[0m [DRY-RUN] dryrun-510 Buy 29979717 x 466 @ 0.540 (Fak)
[2m2026-07-04T18:15:48.421141Z[0m [32m INFO[0m [2mpm_bot[0m[2m:[0m TAKER: UP (z=2.58 p=0.995 ask=0.530 avg=0.530 tau=252s)
[2m2026-07-04T18:15:48.421170Z[0m [32m INFO[0m [2mexecution[0m[2m:[0m [DRY-RUN] dryrun-511 Buy 29979717 x 466 @ 0.540 (Fak)
[2m2026-07-04T18:15:48.671306Z[0m [32m INFO[0m [2mpm_bot[0m[2m:[0m TAKER: UP (z=2.55 p=0.995 ask=0.530 avg=0.530 tau=251s)
[2m2026-07-04T18:15:48.671337Z[0m [32m INFO[0m [2mexecution[0m[2m:[0m [DRY-RUN] dryrun-512 Buy 29979717 x 466 @ 0.540 (Fak)
[2m2026-07-04T18:15:48.920345Z[0m [32m INFO[0m [2mpm_bot[0m[2m:[0m TAKER: UP (z=2.55 p=0.995 ask=0.530 avg=0.537 tau=251s)
[2m2026-07-04T18:15:48.920372Z[0m [32m INFO[0m [2mexecution[0m[2m:[0m [DRY-RUN] dryrun-513 Buy 29979717 x 466 @ 0.547 (Fak)
[2m2026-07-04T18:15:49.170649Z[0m [32m INFO[0m [2mpm_bot[0m[2m:[0m TAKER: UP (z=2.34 p=0.990 ask=0.530 avg=0.530 tau=251s)
[2m2026-07-04T18:15:49.170678Z[0m [32m INFO[0m [2mexecution[0m[2m:[0m [DRY-RUN] dryrun-514 Buy 29979717 x 462 @ 0.540 (Fak)
[2m2026-07-04T18:15:49.420513Z[0m [32m INFO[0m [2mpm_bot[0m[2m:[0m TAKER: UP (z=2.34 p=0.990 ask=0.530 avg=0.530 tau=251s)
[2m2026-07-04T18:15:49.420542Z[0m [32m INFO[0m [2mexecution[0m[2m:[0m [DRY-RUN] dryrun-515 Buy 29979717 x 462 @ 0.540 (Fak)
[2m2026-07-04T18:15:49.670942Z[0m [32m INFO[0m [2mpm_bot[0m[2m:[0m TAKER: UP (z=2.34 p=0.990 ask=0.530 avg=0.530 tau=250s)
[2m2026-07-04T18:15:49.670969Z[0m [32m INFO[0m [2mexecution[0m[2m:[0m [DRY-RUN] dryrun-516 Buy 29979717 x 462 @ 0.540 (Fak)
[2m2026-07-04T18:15:49.920338Z[0m [32m INFO[0m [2mpm_bot[0m[2m:[0m TAKER: UP (z=2.34 p=0.990 ask=0.530 avg=0.530 tau=250s)
[2m2026-07-04T18:15:49.920368Z[0m [32m INFO[0m [2mexecution[0m[2m:[0m [DRY-RUN] dryrun-517 Buy 29979717 x 461 @ 0.540 (Fak)
[2m2026-07-04T18:15:50.171165Z[0m [32m INFO[0m [2mpm_bot[0m[2m:[0m TAKER: UP (z=2.34 p=0.990 ask=0.530 avg=0.530 tau=250s)
[2m2026-07-04T18:15:50.171195Z[0m [32m INFO[0m [2mexecution[0m[2m:[0m [DRY-RUN] dryrun-518 Buy 29979717 x 461 @ 0.540 (Fak)
[2m2026-07-04T18:15:50.420894Z[0m [32m INFO[0m [2mpm_bot[0m[2m:[0m TAKER: UP (z=2.34 p=0.990 ask=0.530 avg=0.530 tau=250s)
[2m2026-07-04T18:15:50.420919Z[0m [32m INFO[0m [2mexecution[0m[2m:[0m [DRY-RUN] dryrun-519 Buy 29979717 x 461 @ 0.540 (Fak)
[2m2026-07-04T18:15:50.670820Z[0m [32m INFO[0m [2mpm_bot[0m[2m:[0m TAKER: UP (z=2.22 p=0.987 ask=0.530 avg=0.530 tau=249s)
[2m2026-07-04T18:15:50.670851Z[0m [32m INFO[0m [2mexecution[0m[2m:[0m [DRY-RUN] dryrun-520 Buy 29979717 x 458 @ 0.540 (Fak)
[2m2026-07-04T18:15:50.921256Z[0m [32m INFO[0m [2mpm_bot[0m[2m:[0m TAKER: UP (z=2.22 p=0.987 ask=0.510 avg=0.516 tau=249s)
[2m2026-07-04T18:15:50.921289Z[0m [32m INFO[0m [2mexecution[0m[2m:[0m [DRY-RUN] dryrun-521 Buy 29979717 x 477 @ 0.526 (Fak)
[2m2026-07-04T18:15:51.170950Z[0m [32m INFO[0m [2mpm_bot[0m[2m:[0m TAKER: UP (z=2.22 p=0.987 ask=0.470 avg=0.486 tau=249s)
[2m2026-07-04T18:15:51.170978Z[0m [32m INFO[0m [2mexecution[0m[2m:[0m [DRY-RUN] dryrun-522 Buy 29979717 x 518 @ 0.496 (Fak)
[2m2026-07-04T18:15:51.421333Z[0m [32m INFO[0m [2mpm_bot[0m[2m:[0m TAKER: UP (z=2.22 p=0.987 ask=0.440 avg=0.441 tau=249s)
[2m2026-07-04T18:15:51.421361Z[0m [32m INFO[0m [2mexecution[0m[2m:[0m [DRY-RUN] dryrun-523 Buy 29979717 x 554 @ 0.451 (Fak)
[2m2026-07-04T18:15:51.670548Z[0m [32m INFO[0m [2mpm_bot[0m[2m:[0m TAKER: UP (z=2.14 p=0.984 ask=0.440 avg=0.443 tau=248s)
[2m2026-07-04T18:15:51.670602Z[0m [32m INFO[0m [2mexecution[0m[2m:[0m [DRY-RUN] dryrun-524 Buy 29979717 x 551 @ 0.453 (Fak)
[2m2026-07-04T18:16:00.421202Z[0m [32m INFO[0m [2mexecution[0m[2m:[0m [DRY-RUN] dryrun-525 Buy 29979717 x 50 @ 0.410 (Gtc)
[2m2026-07-04T18:16:00.671302Z[0m [32m INFO[0m [2mexecution[0m[2m:[0m [DRY-RUN] dryrun-526 Buy 29979717 x 50 @ 0.410 (Gtc)
[2m2026-07-04T18:16:00.921098Z[0m [32m INFO[0m [2mexecution[0m[2m:[0m [DRY-RUN] dryrun-527 Buy 29979717 x 50 @ 0.410 (Gtc)
[2m2026-07-04T18:16:01.170810Z[0m [32m INFO[0m [2mexecution[0m[2m:[0m [DRY-RUN] dryrun-528 Buy 29979717 x 50 @ 0.410 (Gtc)
[2m2026-07-04T18:16:01.421219Z[0m [32m INFO[0m [2mexecution[0m[2m:[0m [DRY-RUN] dryrun-529 Buy 29979717 x 50 @ 0.360 (Gtc)
[2m2026-07-04T18:16:01.671179Z[0m [32m INFO[0m [2mexecution[0m[2m:[0m [DRY-RUN] dryrun-530 Buy 29979717 x 50 @ 0.340 (Gtc)
[2m2026-07-04T18:16:01.920897Z[0m [32m INFO[0m [2mexecution[0m[2m:[0m [DRY-RUN] dryrun-531 Buy 29979717 x 50 @ 0.300 (Gtc)
[2m2026-07-04T18:16:02.170691Z[0m [32m INFO[0m [2mexecution[0m[2m:[0m [DRY-RUN] dryrun-532 Buy 29979717 x 50 @ 0.290 (Gtc)
[2m2026-07-04T18:16:02.420356Z[0m [32m INFO[0m [2mexecution[0m[2m:[0m [DRY-RUN] dryrun-533 Buy 29979717 x 50 @ 0.290 (Gtc)
[2m2026-07-04T18:16:02.671085Z[0m [32m INFO[0m [2mexecution[0m[2m:[0m [DRY-RUN] dryrun-534 Buy 29979717 x 50 @ 0.290 (Gtc)
[2m2026-07-04T18:16:02.920466Z[0m [32m INFO[0m [2mexecution[0m[2m:[0m [DRY-RUN] dryrun-535 Buy 29979717 x 50 @ 0.290 (Gtc)
[2m2026-07-04T18:16:03.170959Z[0m [32m INFO[0m [2mexecution[0m[2m:[0m [DRY-RUN] dryrun-536 Buy 29979717 x 50 @ 0.290 (Gtc)
[2m2026-07-04T18:16:03.420322Z[0m [32m INFO[0m [2mexecution[0m[2m:[0m [DRY-RUN] dryrun-537 Buy 29979717 x 50 @ 0.280 (Gtc)
[2m2026-07-04T18:16:03.670531Z[0m [32m INFO[0m [2mexecution[0m[2m:[0m [DRY-RUN] dryrun-538 Buy 29979717 x 50 @ 0.280 (Gtc)
[2m2026-07-04T18:16:03.920305Z[0m [32m INFO[0m [2mexecution[0m[2m:[0m [DRY-RUN] dryrun-539 Buy 29979717 x 50 @ 0.280 (Gtc)
[2m2026-07-04T18:16:04.170597Z[0m [32m INFO[0m [2mexecution[0m[2m:[0m [DRY-RUN] dryrun-540 Buy 29979717 x 50 @ 0.270 (Gtc)
[2m2026-07-04T18:16:04.421152Z[0m [32m INFO[0m [2mexecution[0m[2m:[0m [DRY-RUN] dryrun-541 Buy 29979717 x 50 @ 0.240 (Gtc)
[2m2026-07-04T18:16:04.671051Z[0m [32m INFO[0m [2mexecution[0m[2m:[0m [DRY-RUN] dryrun-542 Buy 29979717 x 50 @ 0.240 (Gtc)
[2m2026-07-04T18:16:04.920713Z[0m [32m INFO[0m [2mexecution[0m[2m:[0m [DRY-RUN] dryrun-543 Buy 29979717 x 50 @ 0.240 (Gtc)
[2m2026-07-04T18:16:05.170967Z[0m [32m INFO[0m [2mexecution[0m[2m:[0m [DRY-RUN] dryrun-544 Buy 29979717 x 50 @ 0.250 (Gtc)
[2m2026-07-04T18:16:05.420782Z[0m [32m INFO[0m [2mexecution[0m[2m:[0m [DRY-RUN] dryrun-545 Buy 29979717 x 50 @ 0.250 (Gtc)
[2m2026-07-04T18:16:05.671074Z[0m [32m INFO[0m [2mexecution[0m[2m:[0m [DRY-RUN] dryrun-546 Buy 29979717 x 50 @ 0.250 (Gtc)
[2m2026-07-04T18:16:05.920533Z[0m [32m INFO[0m [2mexecution[0m[2m:[0m [DRY-RUN] dryrun-547 Buy 29979717 x 50 @ 0.250 (Gtc)
[2m2026-07-04T18:16:06.171191Z[0m [32m INFO[0m [2mexecution[0m[2m:[0m [DRY-RUN] dryrun-548 Buy 29979717 x 50 @ 0.250 (Gtc)
[2m2026-07-04T18:16:06.420379Z[0m [32m INFO[0m [2mexecution[0m[2m:[0m [DRY-RUN] dryrun-549 Buy 29979717 x 50 @ 0.250 (Gtc)
[2m2026-07-04T18:16:06.670604Z[0m [32m INFO[0m [2mexecution[0m[2m:[0m [DRY-RUN] dryrun-550 Buy 29979717 x 50 @ 0.250 (Gtc)
[2m2026-07-04T18:16:06.920251Z[0m [32m INFO[0m [2mexecution[0m[2m:[0m [DRY-RUN] dryrun-551 Buy 29979717 x 50 @ 0.250 (Gtc)
[2m2026-07-04T18:16:07.171071Z[0m [32m INFO[0m [2mexecution[0m[2m:[0m [DRY-RUN] dryrun-552 Buy 29979717 x 50 @ 0.250 (Gtc)
[2m2026-07-04T18:16:07.421143Z[0m [32m INFO[0m [2mexecution[0m[2m:[0m [DRY-RUN] dryrun-553 Buy 29979717 x 50 @ 0.250 (Gtc)
[2m2026-07-04T18:16:07.671194Z[0m [32m INFO[0m [2mexecution[0m[2m:[0m [DRY-RUN] dryrun-554 Buy 29979717 x 50 @ 0.250 (Gtc)
[2m2026-07-04T18:16:08.670277Z[0m [32m INFO[0m [2mexecution[0m[2m:[0m [DRY-RUN] dryrun-555 Buy 29979717 x 50 @ 0.260 (Gtc)
[2m2026-07-04T18:16:08.920504Z[0m [32m INFO[0m [2mexecution[0m[2m:[0m [DRY-RUN] dryrun-556 Buy 29979717 x 50 @ 0.260 (Gtc)
[2m2026-07-04T18:16:09.170636Z[0m [32m INFO[0m [2mexecution[0m[2m:[0m [DRY-RUN] dryrun-557 Buy 29979717 x 50 @ 0.260 (Gtc)
[2m2026-07-04T18:16:09.420805Z[0m [32m INFO[0m [2mexecution[0m[2m:[0m [DRY-RUN] dryrun-558 Buy 29979717 x 50 @ 0.260 (Gtc)
[2m2026-07-04T18:16:09.670622Z[0m [32m INFO[0m [2mexecution[0m[2m:[0m [DRY-RUN] dryrun-559 Buy 29979717 x 50 @ 0.260 (Gtc)
[2m2026-07-04T18:16:09.920630Z[0m [32m INFO[0m [2mexecution[0m[2m:[0m [DRY-RUN] dryrun-560 Buy 29979717 x 50 @ 0.260 (Gtc)
[2m2026-07-04T18:16:10.170954Z[0m [32m INFO[0m [2mexecution[0m[2m:[0m [DRY-RUN] dryrun-561 Buy 29979717 x 50 @ 0.260 (Gtc)
[2m2026-07-04T18:16:10.421126Z[0m [32m INFO[0m [2mexecution[0m[2m:[0m [DRY-RUN] dryrun-562 Buy 29979717 x 50 @ 0.260 (Gtc)
[2m2026-07-04T18:16:12.421143Z[0m [32m INFO[0m [2mexecution[0m[2m:[0m [DRY-RUN] dryrun-563 Buy 29979717 x 50 @ 0.260 (Gtc)
[2m2026-07-04T18:16:12.670612Z[0m [32m INFO[0m [2mexecution[0m[2m:[0m [DRY-RUN] dryrun-564 Buy 29979717 x 50 @ 0.260 (Gtc)
[2m2026-07-04T18:16:12.920940Z[0m [32m INFO[0m [2mexecution[0m[2m:[0m [DRY-RUN] dryrun-565 Buy 29979717 x 50 @ 0.240 (Gtc)
[2m2026-07-04T18:16:13.170274Z[0m [32m INFO[0m [2mexecution[0m[2m:[0m [DRY-RUN] dryrun-566 Buy 29979717 x 50 @ 0.240 (Gtc)
[2m2026-07-04T18:16:13.420140Z[0m [32m INFO[0m [2mexecution[0m[2m:[0m [DRY-RUN] dryrun-567 Buy 29979717 x 50 @ 0.250 (Gtc)
[2m2026-07-04T18:16:13.671006Z[0m [32m INFO[0m [2mexecution[0m[2m:[0m [DRY-RUN] dryrun-568 Buy 29979717 x 50 @ 0.260 (Gtc)
[2m2026-07-04T18:16:13.921017Z[0m [32m INFO[0m [2mexecution[0m[2m:[0m [DRY-RUN] dryrun-569 Buy 29979717 x 50 @ 0.260 (Gtc)
[2m2026-07-04T18:16:14.171038Z[0m [32m INFO[0m [2mexecution[0m[2m:[0m [DRY-RUN] dryrun-570 Buy 29979717 x 50 @ 0.260 (Gtc)
[2m2026-07-04T18:16:14.420301Z[0m [32m INFO[0m [2mexecution[0m[2m:[0m [DRY-RUN] dryrun-571 Buy 29979717 x 50 @ 0.260 (Gtc)
[2m2026-07-04T18:16:14.670276Z[0m [32m INFO[0m [2mexecution[0m[2m:[0m [DRY-RUN] dryrun-572 Buy 29979717 x 50 @ 0.260 (Gtc)
[2m2026-07-04T18:16:14.920793Z[0m [32m INFO[0m [2mexecution[0m[2m:[0m [DRY-RUN] dryrun-573 Buy 29979717 x 50 @ 0.260 (Gtc)
[2m2026-07-04T18:16:15.170990Z[0m [32m INFO[0m [2mexecution[0m[2m:[0m [DRY-RUN] dryrun-574 Buy 29979717 x 50 @ 0.260 (Gtc)
[2m2026-07-04T18:16:15.420368Z[0m [32m INFO[0m [2mexecution[0m[2m:[0m [DRY-RUN] dryrun-575 Buy 29979717 x 50 @ 0.260 (Gtc)
[2m2026-07-04T18:16:15.671043Z[0m [32m INFO[0m [2mexecution[0m[2m:[0m [DRY-RUN] dryrun-576 Buy 29979717 x 50 @ 0.260 (Gtc)
[2m2026-07-04T18:16:15.920169Z[0m [32m INFO[0m [2mexecution[0m[2m:[0m [DRY-RUN] dryrun-577 Buy 29979717 x 50 @ 0.260 (Gtc)
[2m2026-07-04T18:16:16.170880Z[0m [32m INFO[0m [2mexecution[0m[2m:[0m [DRY-RUN] dryrun-578 Buy 29979717 x 50 @ 0.260 (Gtc)
[2m2026-07-04T18:16:16.421291Z[0m [32m INFO[0m [2mexecution[0m[2m:[0m [DRY-RUN] dryrun-579 Buy 29979717 x 50 @ 0.260 (Gtc)
[2m2026-07-04T18:16:16.671064Z[0m [32m INFO[0m [2mexecution[0m[2m:[0m [DRY-RUN] dryrun-580 Buy 29979717 x 50 @ 0.260 (Gtc)
[2m2026-07-04T18:16:16.921132Z[0m [32m INFO[0m [2mexecution[0m[2m:[0m [DRY-RUN] dryrun-581 Buy 29979717 x 50 @ 0.260 (Gtc)
[2m2026-07-04T18:16:17.171345Z[0m [32m INFO[0m [2mexecution[0m[2m:[0m [DRY-RUN] dryrun-582 Buy 11091025 x 50 @ 0.730 (Gtc)
[2m2026-07-04T18:16:17.420409Z[0m [32m INFO[0m [2mexecution[0m[2m:[0m [DRY-RUN] dryrun-583 Buy 11091025 x 50 @ 0.740 (Gtc)
[2m2026-07-04T18:16:17.671324Z[0m [32m INFO[0m [2mexecution[0m[2m:[0m [DRY-RUN] dryrun-584 Buy 11091025 x 50 @ 0.750 (Gtc)
[2m2026-07-04T18:16:17.921060Z[0m [32m INFO[0m [2mexecution[0m[2m:[0m [DRY-RUN] dryrun-585 Buy 11091025 x 50 @ 0.750 (Gtc)
[2m2026-07-04T18:16:18.170773Z[0m [32m INFO[0m [2mexecution[0m[2m:[0m [DRY-RUN] dryrun-586 Buy 11091025 x 50 @ 0.770 (Gtc)
[2m2026-07-04T18:16:18.420880Z[0m [32m INFO[0m [2mexecution[0m[2m:[0m [DRY-RUN] dryrun-587 Buy 11091025 x 50 @ 0.770 (Gtc)
[2m2026-07-04T18:16:18.671222Z[0m [32m INFO[0m [2mexecution[0m[2m:[0m [DRY-RUN] dryrun-588 Buy 11091025 x 50 @ 0.770 (Gtc)
[2m2026-07-04T18:16:18.921219Z[0m [32m INFO[0m [2mexecution[0m[2m:[0m [DRY-RUN] dryrun-589 Buy 11091025 x 50 @ 0.770 (Gtc)
[2m2026-07-04T18:16:22.170750Z[0m [32m INFO[0m [2mpm_bot[0m[2m:[0m TAKER: DOWN (z=-2.03 p=0.979 ask=0.800 avg=0.800 tau=218s)
[2m2026-07-04T18:16:22.170783Z[0m [32m INFO[0m [2mexecution[0m[2m:[0m [DRY-RUN] dryrun-590 Buy 11091025 x 279 @ 0.810 (Fak)
[2m2026-07-04T18:16:22.421155Z[0m [32m INFO[0m [2mpm_bot[0m[2m:[0m TAKER: DOWN (z=-2.03 p=0.979 ask=0.800 avg=0.800 tau=218s)
[2m2026-07-04T18:16:22.421184Z[0m [32m INFO[0m [2mexecution[0m[2m:[0m [DRY-RUN] dryrun-591 Buy 11091025 x 279 @ 0.810 (Fak)
[2m2026-07-04T18:16:22.671186Z[0m [32m INFO[0m [2mpm_bot[0m[2m:[0m TAKER: DOWN (z=-2.03 p=0.979 ask=0.800 avg=0.800 tau=217s)
[2m2026-07-04T18:16:22.671216Z[0m [32m INFO[0m [2mexecution[0m[2m:[0m [DRY-RUN] dryrun-592 Buy 11091025 x 279 @ 0.810 (Fak)
[2m2026-07-04T18:16:22.921103Z[0m [32m INFO[0m [2mpm_bot[0m[2m:[0m TAKER: DOWN (z=-2.03 p=0.979 ask=0.800 avg=0.800 tau=217s)
[2m2026-07-04T18:16:22.921132Z[0m [32m INFO[0m [2mexecution[0m[2m:[0m [DRY-RUN] dryrun-593 Buy 11091025 x 279 @ 0.810 (Fak)
[2m2026-07-04T18:16:32.670955Z[0m [32m INFO[0m [2mpm_bot[0m[2m:[0m TAKER: DOWN (z=-2.09 p=0.982 ask=0.730 avg=0.731 tau=207s)
[2m2026-07-04T18:16:32.670985Z[0m [32m INFO[0m [2mexecution[0m[2m:[0m [DRY-RUN] dryrun-594 Buy 11091025 x 319 @ 0.741 (Fak)
[2m2026-07-04T18:16:32.920744Z[0m [32m INFO[0m [2mpm_bot[0m[2m:[0m TAKER: DOWN (z=-2.09 p=0.982 ask=0.730 avg=0.732 tau=207s)
[2m2026-07-04T18:16:32.920773Z[0m [32m INFO[0m [2mexecution[0m[2m:[0m [DRY-RUN] dryrun-595 Buy 11091025 x 319 @ 0.742 (Fak)
[2m2026-07-04T18:16:33.170530Z[0m [32m INFO[0m [2mpm_bot[0m[2m:[0m TAKER: DOWN (z=-2.18 p=0.985 ask=0.730 avg=0.730 tau=207s)
[2m2026-07-04T18:16:33.170575Z[0m [32m INFO[0m [2mexecution[0m[2m:[0m [DRY-RUN] dryrun-596 Buy 11091025 x 323 @ 0.740 (Fak)
[2m2026-07-04T18:16:33.420863Z[0m [32m INFO[0m [2mpm_bot[0m[2m:[0m TAKER: DOWN (z=-2.18 p=0.985 ask=0.730 avg=0.730 tau=207s)
[2m2026-07-04T18:16:33.420914Z[0m [32m INFO[0m [2mexecution[0m[2m:[0m [DRY-RUN] dryrun-597 Buy 11091025 x 323 @ 0.740 (Fak)
[2m2026-07-04T18:16:33.670757Z[0m [32m INFO[0m [2mpm_bot[0m[2m:[0m TAKER: DOWN (z=-2.18 p=0.985 ask=0.730 avg=0.730 tau=206s)
[2m2026-07-04T18:16:33.670786Z[0m [32m INFO[0m [2mexecution[0m[2m:[0m [DRY-RUN] dryrun-598 Buy 11091025 x 323 @ 0.740 (Fak)
[2m2026-07-04T18:16:33.921226Z[0m [32m INFO[0m [2mpm_bot[0m[2m:[0m TAKER: DOWN (z=-2.18 p=0.985 ask=0.730 avg=0.730 tau=206s)
[2m2026-07-04T18:16:33.921252Z[0m [32m INFO[0m [2mexecution[0m[2m:[0m [DRY-RUN] dryrun-599 Buy 11091025 x 323 @ 0.740 (Fak)
[2m2026-07-04T18:16:34.171334Z[0m [32m INFO[0m [2mpm_bot[0m[2m:[0m TAKER: DOWN (z=-2.21 p=0.987 ask=0.730 avg=0.730 tau=206s)
[2m2026-07-04T18:16:34.171365Z[0m [32m INFO[0m [2mexecution[0m[2m:[0m [DRY-RUN] dryrun-600 Buy 11091025 x 325 @ 0.740 (Fak)
[2m2026-07-04T18:16:34.420669Z[0m [32m INFO[0m [2mpm_bot[0m[2m:[0m TAKER: DOWN (z=-2.21 p=0.987 ask=0.730 avg=0.730 tau=206s)
[2m2026-07-04T18:16:34.420698Z[0m [32m INFO[0m [2mexecution[0m[2m:[0m [DRY-RUN] dryrun-601 Buy 11091025 x 325 @ 0.740 (Fak)
[2m2026-07-04T18:16:34.670690Z[0m [32m INFO[0m [2mpm_bot[0m[2m:[0m TAKER: DOWN (z=-2.21 p=0.987 ask=0.730 avg=0.746 tau=205s)
[2m2026-07-04T18:16:34.670716Z[0m [32m INFO[0m [2mexecution[0m[2m:[0m [DRY-RUN] dryrun-602 Buy 11091025 x 325 @ 0.756 (Fak)
[2m2026-07-04T18:16:34.921247Z[0m [32m INFO[0m [2mpm_bot[0m[2m:[0m TAKER: DOWN (z=-2.21 p=0.987 ask=0.730 avg=0.746 tau=205s)
[2m2026-07-04T18:16:34.921287Z[0m [32m INFO[0m [2mexecution[0m[2m:[0m [DRY-RUN] dryrun-603 Buy 11091025 x 325 @ 0.756 (Fak)
[2m2026-07-04T18:16:35.170944Z[0m [32m INFO[0m [2mpm_bot[0m[2m:[0m TAKER: DOWN (z=-2.21 p=0.987 ask=0.730 avg=0.747 tau=205s)
[2m2026-07-04T18:16:35.170972Z[0m [32m INFO[0m [2mexecution[0m[2m:[0m [DRY-RUN] dryrun-604 Buy 11091025 x 325 @ 0.757 (Fak)
[2m2026-07-04T18:16:35.420521Z[0m [32m INFO[0m [2mpm_bot[0m[2m:[0m TAKER: DOWN (z=-2.50 p=0.994 ask=0.730 avg=0.744 tau=205s)
[2m2026-07-04T18:16:35.420550Z[0m [32m INFO[0m [2mexecution[0m[2m:[0m [DRY-RUN] dryrun-605 Buy 11091025 x 334 @ 0.754 (Fak)
[2m2026-07-04T18:16:35.670462Z[0m [32m INFO[0m [2mpm_bot[0m[2m:[0m TAKER: DOWN (z=-2.50 p=0.994 ask=0.730 avg=0.743 tau=204s)
[2m2026-07-04T18:16:35.670492Z[0m [32m INFO[0m [2mexecution[0m[2m:[0m [DRY-RUN] dryrun-606 Buy 11091025 x 334 @ 0.753 (Fak)
[2m2026-07-04T18:16:35.920381Z[0m [32m INFO[0m [2mpm_bot[0m[2m:[0m TAKER: DOWN (z=-2.50 p=0.994 ask=0.730 avg=0.744 tau=204s)
[2m2026-07-04T18:16:35.920409Z[0m [32m INFO[0m [2mexecution[0m[2m:[0m [DRY-RUN] dryrun-607 Buy 11091025 x 334 @ 0.754 (Fak)
[2m2026-07-04T18:16:36.420673Z[0m [32m INFO[0m [2mpm_bot[0m[2m:[0m TAKER: DOWN (z=-2.61 p=0.996 ask=0.740 avg=0.751 tau=204s)
[2m2026-07-04T18:16:36.420702Z[0m [32m INFO[0m [2mexecution[0m[2m:[0m [DRY-RUN] dryrun-608 Buy 11091025 x 332 @ 0.761 (Fak)
[2m2026-07-04T18:16:36.671173Z[0m [32m INFO[0m [2mpm_bot[0m[2m:[0m TAKER: DOWN (z=-2.61 p=0.996 ask=0.740 avg=0.751 tau=203s)
[2m2026-07-04T18:16:36.671199Z[0m [32m INFO[0m [2mexecution[0m[2m:[0m [DRY-RUN] dryrun-609 Buy 11091025 x 332 @ 0.761 (Fak)
[2m2026-07-04T18:16:38.171276Z[0m [32m INFO[0m [2mpm_bot[0m[2m:[0m TAKER: DOWN (z=-2.71 p=0.997 ask=0.770 avg=0.789 tau=202s)
[2m2026-07-04T18:16:38.171307Z[0m [32m INFO[0m [2mexecution[0m[2m:[0m [DRY-RUN] dryrun-610 Buy 11091025 x 319 @ 0.799 (Fak)
[2m2026-07-04T18:16:38.420829Z[0m [32m INFO[0m [2mpm_bot[0m[2m:[0m TAKER: DOWN (z=-2.71 p=0.997 ask=0.780 avg=0.790 tau=202s)
[2m2026-07-04T18:16:38.420864Z[0m [32m INFO[0m [2mexecution[0m[2m:[0m [DRY-RUN] dryrun-611 Buy 11091025 x 315 @ 0.800 (Fak)
[2m2026-07-04T18:16:38.671082Z[0m [32m INFO[0m [2mpm_bot[0m[2m:[0m TAKER: DOWN (z=-2.71 p=0.997 ask=0.790 avg=0.795 tau=201s)
[2m2026-07-04T18:16:38.671123Z[0m [32m INFO[0m [2mexecution[0m[2m:[0m [DRY-RUN] dryrun-612 Buy 11091025 x 311 @ 0.805 (Fak)
[2m2026-07-04T18:16:38.920327Z[0m [32m INFO[0m [2mpm_bot[0m[2m:[0m TAKER: DOWN (z=-2.71 p=0.997 ask=0.790 avg=0.809 tau=201s)
[2m2026-07-04T18:16:38.920355Z[0m [32m INFO[0m [2mexecution[0m[2m:[0m [DRY-RUN] dryrun-613 Buy 11091025 x 311 @ 0.819 (Fak)
[2m2026-07-04T18:16:39.421130Z[0m [32m INFO[0m [2mpm_bot[0m[2m:[0m TAKER: DOWN (z=-2.86 p=0.998 ask=0.800 avg=0.816 tau=201s)
[2m2026-07-04T18:16:39.421160Z[0m [32m INFO[0m [2mexecution[0m[2m:[0m [DRY-RUN] dryrun-614 Buy 11091025 x 309 @ 0.826 (Fak)
[2m2026-07-04T18:16:39.670534Z[0m [32m INFO[0m [2mpm_bot[0m[2m:[0m TAKER: DOWN (z=-2.98 p=0.999 ask=0.800 avg=0.820 tau=200s)
[2m2026-07-04T18:16:39.670582Z[0m [32m INFO[0m [2mexecution[0m[2m:[0m [DRY-RUN] dryrun-615 Buy 11091025 x 310 @ 0.830 (Fak)
[2m2026-07-04T18:16:39.920322Z[0m [32m INFO[0m [2mpm_bot[0m[2m:[0m TAKER: DOWN (z=-2.98 p=0.999 ask=0.800 avg=0.800 tau=200s)
[2m2026-07-04T18:16:39.920350Z[0m [32m INFO[0m [2mexecution[0m[2m:[0m [DRY-RUN] dryrun-616 Buy 11091025 x 310 @ 0.810 (Fak)
[2m2026-07-04T18:16:40.170779Z[0m [32m INFO[0m [2mpm_bot[0m[2m:[0m TAKER: DOWN (z=-3.17 p=0.999 ask=0.800 avg=0.800 tau=200s)
[2m2026-07-04T18:16:40.170809Z[0m [32m INFO[0m [2mexecution[0m[2m:[0m [DRY-RUN] dryrun-617 Buy 11091025 x 311 @ 0.810 (Fak)
[2m2026-07-04T18:16:40.421154Z[0m [32m INFO[0m [2mpm_bot[0m[2m:[0m TAKER: DOWN (z=-3.17 p=0.999 ask=0.800 avg=0.800 tau=200s)
[2m2026-07-04T18:16:40.421185Z[0m [32m INFO[0m [2mexecution[0m[2m:[0m [DRY-RUN] dryrun-618 Buy 11091025 x 311 @ 0.810 (Fak)
[2m2026-07-04T18:16:40.670380Z[0m [32m INFO[0m [2mpm_bot[0m[2m:[0m TAKER: DOWN (z=-3.17 p=0.999 ask=0.800 avg=0.800 tau=199s)
[2m2026-07-04T18:16:40.670411Z[0m [32m INFO[0m [2mexecution[0m[2m:[0m [DRY-RUN] dryrun-619 Buy 11091025 x 311 @ 0.810 (Fak)
[2m2026-07-04T18:16:40.920902Z[0m [32m INFO[0m [2mpm_bot[0m[2m:[0m TAKER: DOWN (z=-3.17 p=0.999 ask=0.800 avg=0.800 tau=199s)
[2m2026-07-04T18:16:40.920932Z[0m [32m INFO[0m [2mexecution[0m[2m:[0m [DRY-RUN] dryrun-620 Buy 11091025 x 311 @ 0.810 (Fak)
[2m2026-07-04T18:16:41.170322Z[0m [32m INFO[0m [2mpm_bot[0m[2m:[0m TAKER: DOWN (z=-3.27 p=0.999 ask=0.800 avg=0.800 tau=199s)
[2m2026-07-04T18:16:41.170348Z[0m [32m INFO[0m [2mexecution[0m[2m:[0m [DRY-RUN] dryrun-621 Buy 11091025 x 311 @ 0.810 (Fak)
[2m2026-07-04T18:16:41.420847Z[0m [32m INFO[0m [2mpm_bot[0m[2m:[0m TAKER: DOWN (z=-3.27 p=0.999 ask=0.800 avg=0.800 tau=199s)
[2m2026-07-04T18:16:41.420882Z[0m [32m INFO[0m [2mexecution[0m[2m:[0m [DRY-RUN] dryrun-622 Buy 11091025 x 311 @ 0.810 (Fak)
[2m2026-07-04T18:16:41.670601Z[0m [32m INFO[0m [2mpm_bot[0m[2m:[0m TAKER: DOWN (z=-3.27 p=0.999 ask=0.800 avg=0.800 tau=198s)
[2m2026-07-04T18:16:41.670627Z[0m [32m INFO[0m [2mexecution[0m[2m:[0m [DRY-RUN] dryrun-623 Buy 11091025 x 311 @ 0.810 (Fak)
[2m2026-07-04T18:16:41.921061Z[0m [32m INFO[0m [2mpm_bot[0m[2m:[0m TAKER: DOWN (z=-3.27 p=0.999 ask=0.790 avg=0.790 tau=198s)
[2m2026-07-04T18:16:41.921090Z[0m [32m INFO[0m [2mexecution[0m[2m:[0m [DRY-RUN] dryrun-624 Buy 11091025 x 315 @ 0.800 (Fak)
[2m2026-07-04T18:16:42.170626Z[0m [32m INFO[0m [2mpm_bot[0m[2m:[0m TAKER: DOWN (z=-3.30 p=1.000 ask=0.790 avg=0.791 tau=198s)
[2m2026-07-04T18:16:42.170654Z[0m [32m INFO[0m [2mexecution[0m[2m:[0m [DRY-RUN] dryrun-625 Buy 11091025 x 315 @ 0.801 (Fak)
[2m2026-07-04T18:16:42.420517Z[0m [32m INFO[0m [2mpm_bot[0m[2m:[0m TAKER: DOWN (z=-3.30 p=1.000 ask=0.790 avg=0.790 tau=198s)
[2m2026-07-04T18:16:42.420546Z[0m [32m INFO[0m [2mexecution[0m[2m:[0m [DRY-RUN] dryrun-626 Buy 11091025 x 315 @ 0.800 (Fak)
[2m2026-07-04T18:16:42.671057Z[0m [32m INFO[0m [2mpm_bot[0m[2m:[0m TAKER: DOWN (z=-3.30 p=1.000 ask=0.760 avg=0.766 tau=197s)
[2m2026-07-04T18:16:42.671085Z[0m [32m INFO[0m [2mexecution[0m[2m:[0m [DRY-RUN] dryrun-627 Buy 11091025 x 328 @ 0.776 (Fak)
[2m2026-07-04T18:16:42.920535Z[0m [32m INFO[0m [2mpm_bot[0m[2m:[0m TAKER: DOWN (z=-3.30 p=1.000 ask=0.760 avg=0.773 tau=197s)
[2m2026-07-04T18:16:42.920578Z[0m [32m INFO[0m [2mexecution[0m[2m:[0m [DRY-RUN] dryrun-628 Buy 11091025 x 328 @ 0.783 (Fak)
[2m2026-07-04T18:16:43.170392Z[0m [32m INFO[0m [2mpm_bot[0m[2m:[0m TAKER: DOWN (z=-3.14 p=0.999 ask=0.770 avg=0.772 tau=197s)
[2m2026-07-04T18:16:43.170418Z[0m [32m INFO[0m [2mexecution[0m[2m:[0m [DRY-RUN] dryrun-629 Buy 11091025 x 323 @ 0.782 (Fak)
[2m2026-07-04T18:16:43.420529Z[0m [32m INFO[0m [2mpm_bot[0m[2m:[0m TAKER: DOWN (z=-3.14 p=0.999 ask=0.760 avg=0.764 tau=197s)
[2m2026-07-04T18:16:43.420573Z[0m [32m INFO[0m [2mexecution[0m[2m:[0m [DRY-RUN] dryrun-630 Buy 11091025 x 327 @ 0.774 (Fak)
[2m2026-07-04T18:16:43.670165Z[0m [32m INFO[0m [2mpm_bot[0m[2m:[0m TAKER: DOWN (z=-3.14 p=0.999 ask=0.760 avg=0.763 tau=196s)
[2m2026-07-04T18:16:43.670194Z[0m [32m INFO[0m [2mexecution[0m[2m:[0m [DRY-RUN] dryrun-631 Buy 11091025 x 327 @ 0.773 (Fak)
[2m2026-07-04T18:16:43.920805Z[0m [32m INFO[0m [2mpm_bot[0m[2m:[0m TAKER: DOWN (z=-3.14 p=0.999 ask=0.760 avg=0.769 tau=196s)
[2m2026-07-04T18:16:43.920832Z[0m [32m INFO[0m [2mexecution[0m[2m:[0m [DRY-RUN] dryrun-632 Buy 11091025 x 327 @ 0.779 (Fak)
[2m2026-07-04T18:16:44.171178Z[0m [32m INFO[0m [2mpm_bot[0m[2m:[0m TAKER: DOWN (z=-3.06 p=0.999 ask=0.770 avg=0.779 tau=196s)
[2m2026-07-04T18:16:44.171205Z[0m [32m INFO[0m [2mexecution[0m[2m:[0m [DRY-RUN] dryrun-633 Buy 11091025 x 323 @ 0.789 (Fak)
[2m2026-07-04T18:16:44.420642Z[0m [32m INFO[0m [2mpm_bot[0m[2m:[0m TAKER: DOWN (z=-3.06 p=0.999 ask=0.770 avg=0.782 tau=196s)
[2m2026-07-04T18:16:44.420671Z[0m [32m INFO[0m [2mexecution[0m[2m:[0m [DRY-RUN] dryrun-634 Buy 11091025 x 323 @ 0.792 (Fak)
[2m2026-07-04T18:16:44.670766Z[0m [32m INFO[0m [2mpm_bot[0m[2m:[0m TAKER: DOWN (z=-3.06 p=0.999 ask=0.780 avg=0.790 tau=195s)
[2m2026-07-04T18:16:44.670796Z[0m [32m INFO[0m [2mexecution[0m[2m:[0m [DRY-RUN] dryrun-635 Buy 11091025 x 318 @ 0.800 (Fak)
[2m2026-07-04T18:16:44.920971Z[0m [32m INFO[0m [2mpm_bot[0m[2m:[0m TAKER: DOWN (z=-3.06 p=0.999 ask=0.780 avg=0.780 tau=195s)
[2m2026-07-04T18:16:44.921001Z[0m [32m INFO[0m [2mexecution[0m[2m:[0m [DRY-RUN] dryrun-636 Buy 11091025 x 318 @ 0.790 (Fak)
[2m2026-07-04T18:16:45.170334Z[0m [32m INFO[0m [2mpm_bot[0m[2m:[0m TAKER: DOWN (z=-2.90 p=0.998 ask=0.780 avg=0.780 tau=195s)
[2m2026-07-04T18:16:45.170363Z[0m [32m INFO[0m [2mexecution[0m[2m:[0m [DRY-RUN] dryrun-637 Buy 11091025 x 317 @ 0.790 (Fak)
[2m2026-07-04T18:16:45.920753Z[0m [32m INFO[0m [2mpm_bot[0m[2m:[0m TAKER: DOWN (z=-2.90 p=0.998 ask=0.790 avg=0.802 tau=194s)
[2m2026-07-04T18:16:45.920782Z[0m [32m INFO[0m [2mexecution[0m[2m:[0m [DRY-RUN] dryrun-638 Buy 11091025 x 313 @ 0.812 (Fak)
[2m2026-07-04T18:16:46.170454Z[0m [32m INFO[0m [2mpm_bot[0m[2m:[0m TAKER: DOWN (z=-2.95 p=0.998 ask=0.790 avg=0.804 tau=194s)
[2m2026-07-04T18:16:46.170484Z[0m [32m INFO[0m [2mexecution[0m[2m:[0m [DRY-RUN] dryrun-639 Buy 11091025 x 314 @ 0.814 (Fak)
[2m2026-07-04T18:16:46.420819Z[0m [32m INFO[0m [2mpm_bot[0m[2m:[0m TAKER: DOWN (z=-2.94 p=0.998 ask=0.790 avg=0.803 tau=194s)
[2m2026-07-04T18:16:46.420846Z[0m [32m INFO[0m [2mexecution[0m[2m:[0m [DRY-RUN] dryrun-640 Buy 11091025 x 314 @ 0.813 (Fak)
[2m2026-07-04T18:16:46.670549Z[0m [32m INFO[0m [2mpm_bot[0m[2m:[0m TAKER: DOWN (z=-2.94 p=0.998 ask=0.790 avg=0.807 tau=193s)
[2m2026-07-04T18:16:46.670594Z[0m [32m INFO[0m [2mexecution[0m[2m:[0m [DRY-RUN] dryrun-641 Buy 11091025 x 314 @ 0.817 (Fak)
[2m2026-07-04T18:16:46.920612Z[0m [32m INFO[0m [2mpm_bot[0m[2m:[0m TAKER: DOWN (z=-2.94 p=0.998 ask=0.790 avg=0.806 tau=193s)
[2m2026-07-04T18:16:46.920638Z[0m [32m INFO[0m [2mexecution[0m[2m:[0m [DRY-RUN] dryrun-642 Buy 11091025 x 314 @ 0.816 (Fak)
[2m2026-07-04T18:16:47.170481Z[0m [32m INFO[0m [2mpm_bot[0m[2m:[0m TAKER: DOWN (z=-2.94 p=0.998 ask=0.800 avg=0.819 tau=193s)
[2m2026-07-04T18:16:47.170519Z[0m [32m INFO[0m [2mexecution[0m[2m:[0m [DRY-RUN] dryrun-643 Buy 11091025 x 309 @ 0.829 (Fak)
[2m2026-07-04T18:16:47.421026Z[0m [32m INFO[0m [2mpm_bot[0m[2m:[0m TAKER: DOWN (z=-2.94 p=0.998 ask=0.800 avg=0.819 tau=193s)
[2m2026-07-04T18:16:47.421055Z[0m [32m INFO[0m [2mexecution[0m[2m:[0m [DRY-RUN] dryrun-644 Buy 11091025 x 309 @ 0.829 (Fak)
[2m2026-07-04T18:16:47.670491Z[0m [32m INFO[0m [2mpm_bot[0m[2m:[0m TAKER: DOWN (z=-2.94 p=0.998 ask=0.800 avg=0.819 tau=192s)
[2m2026-07-04T18:16:47.670518Z[0m [32m INFO[0m [2mexecution[0m[2m:[0m [DRY-RUN] dryrun-645 Buy 11091025 x 309 @ 0.829 (Fak)
[2m2026-07-04T18:16:47.920422Z[0m [32m INFO[0m [2mpm_bot[0m[2m:[0m TAKER: DOWN (z=-2.94 p=0.998 ask=0.830 avg=0.830 tau=192s)
[2m2026-07-04T18:16:47.920451Z[0m [32m INFO[0m [2mexecution[0m[2m:[0m [DRY-RUN] dryrun-646 Buy 11091025 x 298 @ 0.840 (Fak)
[2m2026-07-04T18:16:48.170472Z[0m [32m INFO[0m [2mpm_bot[0m[2m:[0m TAKER: DOWN (z=-2.89 p=0.998 ask=0.830 avg=0.830 tau=192s)
[2m2026-07-04T18:16:48.170502Z[0m [32m INFO[0m [2mexecution[0m[2m:[0m [DRY-RUN] dryrun-647 Buy 11091025 x 297 @ 0.840 (Fak)
[2m2026-07-04T18:16:48.420821Z[0m [32m INFO[0m [2mpm_bot[0m[2m:[0m TAKER: DOWN (z=-2.89 p=0.998 ask=0.830 avg=0.830 tau=192s)
[2m2026-07-04T18:16:48.420853Z[0m [32m INFO[0m [2mexecution[0m[2m:[0m [DRY-RUN] dryrun-648 Buy 11091025 x 297 @ 0.840 (Fak)
[2m2026-07-04T18:16:48.670148Z[0m [32m INFO[0m [2mpm_bot[0m[2m:[0m TAKER: DOWN (z=-2.89 p=0.998 ask=0.830 avg=0.830 tau=191s)
[2m2026-07-04T18:16:48.670169Z[0m [32m INFO[0m [2mexecution[0m[2m:[0m [DRY-RUN] dryrun-649 Buy 11091025 x 297 @ 0.840 (Fak)
[2m2026-07-04T18:16:48.920695Z[0m [32m INFO[0m [2mpm_bot[0m[2m:[0m TAKER: DOWN (z=-2.89 p=0.998 ask=0.840 avg=0.840 tau=191s)
[2m2026-07-04T18:16:48.920722Z[0m [32m INFO[0m [2mexecution[0m[2m:[0m [DRY-RUN] dryrun-650 Buy 11091025 x 294 @ 0.850 (Fak)
[2m2026-07-04T18:16:49.170847Z[0m [32m INFO[0m [2mpm_bot[0m[2m:[0m TAKER: DOWN (z=-2.81 p=0.998 ask=0.840 avg=0.840 tau=191s)
[2m2026-07-04T18:16:49.170872Z[0m [32m INFO[0m [2mexecution[0m[2m:[0m [DRY-RUN] dryrun-651 Buy 11091025 x 293 @ 0.850 (Fak)
[2m2026-07-04T18:16:49.421308Z[0m [32m INFO[0m [2mpm_bot[0m[2m:[0m TAKER: DOWN (z=-2.81 p=0.998 ask=0.840 avg=0.840 tau=191s)
[2m2026-07-04T18:16:49.421336Z[0m [32m INFO[0m [2mexecution[0m[2m:[0m [DRY-RUN] dryrun-652 Buy 11091025 x 293 @ 0.850 (Fak)
[2m2026-07-04T18:16:49.671107Z[0m [32m INFO[0m [2mpm_bot[0m[2m:[0m TAKER: DOWN (z=-2.81 p=0.998 ask=0.840 avg=0.840 tau=190s)
[2m2026-07-04T18:16:49.671133Z[0m [32m INFO[0m [2mexecution[0m[2m:[0m [DRY-RUN] dryrun-653 Buy 11091025 x 293 @ 0.850 (Fak)
[2m2026-07-04T18:16:49.921078Z[0m [32m INFO[0m [2mpm_bot[0m[2m:[0m TAKER: DOWN (z=-2.81 p=0.998 ask=0.840 avg=0.840 tau=190s)
[2m2026-07-04T18:16:49.921111Z[0m [32m INFO[0m [2mexecution[0m[2m:[0m [DRY-RUN] dryrun-654 Buy 11091025 x 293 @ 0.850 (Fak)
[2m2026-07-04T18:16:50.421340Z[0m [32m INFO[0m [2mpm_bot[0m[2m:[0m TAKER: DOWN (z=-2.81 p=0.998 ask=0.880 avg=0.890 tau=190s)
[2m2026-07-04T18:16:50.421371Z[0m [32m INFO[0m [2mexecution[0m[2m:[0m [DRY-RUN] dryrun-655 Buy 11091025 x 278 @ 0.900 (Fak)
[2m2026-07-04T18:16:50.671047Z[0m [32m INFO[0m [2mpm_bot[0m[2m:[0m TAKER: DOWN (z=-2.76 p=0.997 ask=0.880 avg=0.889 tau=189s)
[2m2026-07-04T18:16:50.671073Z[0m [32m INFO[0m [2mexecution[0m[2m:[0m [DRY-RUN] dryrun-656 Buy 11091025 x 277 @ 0.899 (Fak)
[2m2026-07-04T18:16:50.920193Z[0m [32m INFO[0m [2mpm_bot[0m[2m:[0m TAKER: DOWN (z=-2.76 p=0.997 ask=0.880 avg=0.890 tau=189s)
[2m2026-07-04T18:16:50.920223Z[0m [32m INFO[0m [2mexecution[0m[2m:[0m [DRY-RUN] dryrun-657 Buy 11091025 x 277 @ 0.900 (Fak)
[2m2026-07-04T18:16:51.170961Z[0m [32m INFO[0m [2mpm_bot[0m[2m:[0m TAKER: DOWN (z=-2.75 p=0.997 ask=0.880 avg=0.890 tau=189s)
[2m2026-07-04T18:16:51.170994Z[0m [32m INFO[0m [2mexecution[0m[2m:[0m [DRY-RUN] dryrun-658 Buy 11091025 x 277 @ 0.900 (Fak)
[2m2026-07-04T18:16:51.420304Z[0m [32m INFO[0m [2mpm_bot[0m[2m:[0m TAKER: DOWN (z=-2.75 p=0.997 ask=0.880 avg=0.882 tau=189s)
[2m2026-07-04T18:16:51.420332Z[0m [32m INFO[0m [2mexecution[0m[2m:[0m [DRY-RUN] dryrun-659 Buy 11091025 x 277 @ 0.892 (Fak)
[2m2026-07-04T18:16:51.670591Z[0m [32m INFO[0m [2mpm_bot[0m[2m:[0m TAKER: DOWN (z=-2.75 p=0.997 ask=0.880 avg=0.884 tau=188s)
[2m2026-07-04T18:16:51.670620Z[0m [32m INFO[0m [2mexecution[0m[2m:[0m [DRY-RUN] dryrun-660 Buy 11091025 x 277 @ 0.894 (Fak)
[2m2026-07-04T18:16:51.920467Z[0m [32m INFO[0m [2mpm_bot[0m[2m:[0m TAKER: DOWN (z=-2.75 p=0.997 ask=0.880 avg=0.886 tau=188s)
[2m2026-07-04T18:16:51.920495Z[0m [32m INFO[0m [2mexecution[0m[2m:[0m [DRY-RUN] dryrun-661 Buy 11091025 x 277 @ 0.896 (Fak)
[2m2026-07-04T18:16:52.171030Z[0m [32m INFO[0m [2mpm_bot[0m[2m:[0m TAKER: DOWN (z=-2.75 p=0.997 ask=0.880 avg=0.886 tau=188s)
[2m2026-07-04T18:16:52.171059Z[0m [32m INFO[0m [2mexecution[0m[2m:[0m [DRY-RUN] dryrun-662 Buy 11091025 x 277 @ 0.896 (Fak)
[2m2026-07-04T18:16:52.420982Z[0m [32m INFO[0m [2mpm_bot[0m[2m:[0m TAKER: DOWN (z=-2.75 p=0.997 ask=0.880 avg=0.887 tau=188s)
[2m2026-07-04T18:16:52.421011Z[0m [32m INFO[0m [2mexecution[0m[2m:[0m [DRY-RUN] dryrun-663 Buy 11091025 x 277 @ 0.897 (Fak)
[2m2026-07-04T18:16:52.671022Z[0m [32m INFO[0m [2mpm_bot[0m[2m:[0m TAKER: DOWN (z=-2.96 p=0.998 ask=0.880 avg=0.887 tau=187s)
[2m2026-07-04T18:16:52.671049Z[0m [32m INFO[0m [2mexecution[0m[2m:[0m [DRY-RUN] dryrun-664 Buy 11091025 x 280 @ 0.897 (Fak)
[2m2026-07-04T18:16:52.921076Z[0m [32m INFO[0m [2mpm_bot[0m[2m:[0m TAKER: DOWN (z=-2.96 p=0.998 ask=0.880 avg=0.888 tau=187s)
[2m2026-07-04T18:16:52.921105Z[0m [32m INFO[0m [2mexecution[0m[2m:[0m [DRY-RUN] dryrun-665 Buy 11091025 x 280 @ 0.898 (Fak)
[2m2026-07-04T18:16:53.170206Z[0m [32m INFO[0m [2mpm_bot[0m[2m:[0m TAKER: DOWN (z=-3.06 p=0.999 ask=0.890 avg=0.890 tau=187s)
[2m2026-07-04T18:16:53.170234Z[0m [32m INFO[0m [2mexecution[0m[2m:[0m [DRY-RUN] dryrun-666 Buy 11091025 x 278 @ 0.900 (Fak)
[2m2026-07-04T18:16:53.420983Z[0m [32m INFO[0m [2mpm_bot[0m[2m:[0m TAKER: DOWN (z=-3.06 p=0.999 ask=0.880 avg=0.890 tau=187s)
[2m2026-07-04T18:16:53.421012Z[0m [32m INFO[0m [2mexecution[0m[2m:[0m [DRY-RUN] dryrun-667 Buy 11091025 x 281 @ 0.900 (Fak)
[2m2026-07-04T18:16:53.670744Z[0m [32m INFO[0m [2mpm_bot[0m[2m:[0m TAKER: DOWN (z=-3.06 p=0.999 ask=0.880 avg=0.890 tau=186s)
[2m2026-07-04T18:16:53.670772Z[0m [32m INFO[0m [2mexecution[0m[2m:[0m [DRY-RUN] dryrun-668 Buy 11091025 x 281 @ 0.900 (Fak)
[2m2026-07-04T18:16:53.920516Z[0m [32m INFO[0m [2mpm_bot[0m[2m:[0m TAKER: DOWN (z=-3.06 p=0.999 ask=0.880 avg=0.890 tau=186s)
[2m2026-07-04T18:16:53.920542Z[0m [32m INFO[0m [2mexecution[0m[2m:[0m [DRY-RUN] dryrun-669 Buy 11091025 x 281 @ 0.900 (Fak)
[2m2026-07-04T18:16:54.171121Z[0m [32m INFO[0m [2mpm_bot[0m[2m:[0m TAKER: DOWN (z=-3.06 p=0.999 ask=0.890 avg=0.890 tau=186s)
[2m2026-07-04T18:16:54.171150Z[0m [32m INFO[0m [2mexecution[0m[2m:[0m [DRY-RUN] dryrun-670 Buy 11091025 x 278 @ 0.900 (Fak)
[2m2026-07-04T18:16:54.421263Z[0m [32m INFO[0m [2mpm_bot[0m[2m:[0m TAKER: DOWN (z=-3.20 p=0.999 ask=0.880 avg=0.885 tau=186s)
[2m2026-07-04T18:16:54.421292Z[0m [32m INFO[0m [2mexecution[0m[2m:[0m [DRY-RUN] dryrun-671 Buy 11091025 x 282 @ 0.895 (Fak)
[2m2026-07-04T18:16:54.670761Z[0m [32m INFO[0m [2mpm_bot[0m[2m:[0m TAKER: DOWN (z=-3.20 p=0.999 ask=0.880 avg=0.888 tau=185s)
[2m2026-07-04T18:16:54.670790Z[0m [32m INFO[0m [2mexecution[0m[2m:[0m [DRY-RUN] dryrun-672 Buy 11091025 x 282 @ 0.898 (Fak)
[2m2026-07-04T18:16:54.920941Z[0m [32m INFO[0m [2mpm_bot[0m[2m:[0m TAKER: DOWN (z=-3.20 p=0.999 ask=0.880 avg=0.887 tau=185s)
[2m2026-07-04T18:16:54.920972Z[0m [32m INFO[0m [2mexecution[0m[2m:[0m [DRY-RUN] dryrun-673 Buy 11091025 x 282 @ 0.897 (Fak)
[2m2026-07-04T18:16:55.171128Z[0m [32m INFO[0m [2mpm_bot[0m[2m:[0m TAKER: DOWN (z=-3.20 p=0.999 ask=0.880 avg=0.886 tau=185s)
[2m2026-07-04T18:16:55.171154Z[0m [32m INFO[0m [2mexecution[0m[2m:[0m [DRY-RUN] dryrun-674 Buy 11091025 x 282 @ 0.896 (Fak)
[2m2026-07-04T18:16:55.420376Z[0m [32m INFO[0m [2mpm_bot[0m[2m:[0m TAKER: DOWN (z=-3.22 p=0.999 ask=0.880 avg=0.886 tau=185s)
[2m2026-07-04T18:16:55.420406Z[0m [32m INFO[0m [2mexecution[0m[2m:[0m [DRY-RUN] dryrun-675 Buy 11091025 x 282 @ 0.896 (Fak)
[2m2026-07-04T18:16:55.671151Z[0m [32m INFO[0m [2mpm_bot[0m[2m:[0m TAKER: DOWN (z=-3.22 p=0.999 ask=0.880 avg=0.885 tau=184s)
[2m2026-07-04T18:16:55.671183Z[0m [32m INFO[0m [2mexecution[0m[2m:[0m [DRY-RUN] dryrun-676 Buy 11091025 x 282 @ 0.895 (Fak)
[2m2026-07-04T18:16:55.920478Z[0m [32m INFO[0m [2mpm_bot[0m[2m:[0m TAKER: DOWN (z=-3.22 p=0.999 ask=0.880 avg=0.884 tau=184s)
[2m2026-07-04T18:16:55.920507Z[0m [32m INFO[0m [2mexecution[0m[2m:[0m [DRY-RUN] dryrun-677 Buy 11091025 x 282 @ 0.894 (Fak)
[2m2026-07-04T18:16:56.170574Z[0m [32m INFO[0m [2mpm_bot[0m[2m:[0m TAKER: DOWN (z=-3.29 p=0.999 ask=0.880 avg=0.885 tau=184s)
[2m2026-07-04T18:16:56.170603Z[0m [32m INFO[0m [2mexecution[0m[2m:[0m [DRY-RUN] dryrun-678 Buy 11091025 x 282 @ 0.895 (Fak)
[2m2026-07-04T18:16:56.420763Z[0m [32m INFO[0m [2mpm_bot[0m[2m:[0m TAKER: DOWN (z=-3.28 p=0.999 ask=0.880 avg=0.886 tau=184s)
[2m2026-07-04T18:16:56.420794Z[0m [32m INFO[0m [2mexecution[0m[2m:[0m [DRY-RUN] dryrun-679 Buy 11091025 x 282 @ 0.896 (Fak)
[2m2026-07-04T18:16:56.670179Z[0m [32m INFO[0m [2mpm_bot[0m[2m:[0m TAKER: DOWN (z=-3.28 p=0.999 ask=0.880 avg=0.887 tau=183s)
[2m2026-07-04T18:16:56.670210Z[0m [32m INFO[0m [2mexecution[0m[2m:[0m [DRY-RUN] dryrun-680 Buy 11091025 x 282 @ 0.897 (Fak)
[2m2026-07-04T18:16:56.920715Z[0m [32m INFO[0m [2mpm_bot[0m[2m:[0m TAKER: DOWN (z=-3.28 p=0.999 ask=0.880 avg=0.888 tau=183s)
[2m2026-07-04T18:16:56.920743Z[0m [32m INFO[0m [2mexecution[0m[2m:[0m [DRY-RUN] dryrun-681 Buy 11091025 x 282 @ 0.898 (Fak)
[2m2026-07-04T18:16:57.170725Z[0m [32m INFO[0m [2mpm_bot[0m[2m:[0m TAKER: DOWN (z=-3.25 p=0.999 ask=0.880 avg=0.882 tau=183s)
[2m2026-07-04T18:16:57.170752Z[0m [32m INFO[0m [2mexecution[0m[2m:[0m [DRY-RUN] dryrun-682 Buy 11091025 x 282 @ 0.892 (Fak)
[2m2026-07-04T18:16:57.421097Z[0m [32m INFO[0m [2mpm_bot[0m[2m:[0m TAKER: DOWN (z=-3.25 p=0.999 ask=0.870 avg=0.872 tau=183s)
[2m2026-07-04T18:16:57.421126Z[0m [32m INFO[0m [2mexecution[0m[2m:[0m [DRY-RUN] dryrun-683 Buy 11091025 x 286 @ 0.882 (Fak)
[2m2026-07-04T18:16:57.731875Z[0m [32m INFO[0m [2mpm_bot[0m[2m:[0m TAKER: DOWN (z=-3.25 p=0.999 ask=0.870 avg=0.870 tau=182s)
[2m2026-07-04T18:16:57.731908Z[0m [32m INFO[0m [2mexecution[0m[2m:[0m [DRY-RUN] dryrun-684 Buy 11091025 x 286 @ 0.880 (Fak)
[2m2026-07-04T18:16:57.982441Z[0m [32m INFO[0m [2mpm_bot[0m[2m:[0m TAKER: DOWN (z=-3.25 p=0.999 ask=0.870 avg=0.870 tau=182s)
[2m2026-07-04T18:16:57.982471Z[0m [32m INFO[0m [2mexecution[0m[2m:[0m [DRY-RUN] dryrun-685 Buy 11091025 x 286 @ 0.880 (Fak)
[2m2026-07-04T18:16:58.232763Z[0m [32m INFO[0m [2mpm_bot[0m[2m:[0m TAKER: DOWN (z=-3.24 p=0.999 ask=0.870 avg=0.871 tau=182s)
[2m2026-07-04T18:16:58.232791Z[0m [32m INFO[0m [2mexecution[0m[2m:[0m [DRY-RUN] dryrun-686 Buy 11091025 x 286 @ 0.881 (Fak)
[2m2026-07-04T18:16:58.482876Z[0m [32m INFO[0m [2mpm_bot[0m[2m:[0m TAKER: DOWN (z=-3.24 p=0.999 ask=0.870 avg=0.878 tau=182s)
[2m2026-07-04T18:16:58.482927Z[0m [32m INFO[0m [2mexecution[0m[2m:[0m [DRY-RUN] dryrun-687 Buy 11091025 x 286 @ 0.888 (Fak)
[2m2026-07-04T18:16:58.732961Z[0m [32m INFO[0m [2mpm_bot[0m[2m:[0m TAKER: DOWN (z=-3.24 p=0.999 ask=0.870 avg=0.878 tau=181s)
[2m2026-07-04T18:16:58.732994Z[0m [32m INFO[0m [2mexecution[0m[2m:[0m [DRY-RUN] dryrun-688 Buy 11091025 x 286 @ 0.888 (Fak)
[2m2026-07-04T18:16:58.983241Z[0m [32m INFO[0m [2mpm_bot[0m[2m:[0m TAKER: DOWN (z=-3.24 p=0.999 ask=0.870 avg=0.873 tau=181s)
[2m2026-07-04T18:16:58.983287Z[0m [32m INFO[0m [2mexecution[0m[2m:[0m [DRY-RUN] dryrun-689 Buy 11091025 x 286 @ 0.883 (Fak)
[2m2026-07-04T18:16:59.232830Z[0m [32m INFO[0m [2mpm_bot[0m[2m:[0m TAKER: DOWN (z=-3.27 p=0.999 ask=0.870 avg=0.872 tau=181s)
[2m2026-07-04T18:16:59.232857Z[0m [32m INFO[0m [2mexecution[0m[2m:[0m [DRY-RUN] dryrun-690 Buy 11091025 x 286 @ 0.882 (Fak)
[2m2026-07-04T18:16:59.483006Z[0m [32m INFO[0m [2mpm_bot[0m[2m:[0m TAKER: DOWN (z=-3.27 p=0.999 ask=0.870 avg=0.878 tau=181s)
[2m2026-07-04T18:16:59.483035Z[0m [32m INFO[0m [2mexecution[0m[2m:[0m [DRY-RUN] dryrun-691 Buy 11091025 x 286 @ 0.888 (Fak)
[2m2026-07-04T18:16:59.733183Z[0m [32m INFO[0m [2mpm_bot[0m[2m:[0m TAKER: DOWN (z=-3.27 p=0.999 ask=0.870 avg=0.877 tau=180s)
[2m2026-07-04T18:16:59.733214Z[0m [32m INFO[0m [2mexecution[0m[2m:[0m [DRY-RUN] dryrun-692 Buy 11091025 x 286 @ 0.887 (Fak)
[2m2026-07-04T18:16:59.983072Z[0m [32m INFO[0m [2mpm_bot[0m[2m:[0m TAKER: DOWN (z=-3.27 p=0.999 ask=0.870 avg=0.875 tau=180s)
[2m2026-07-04T18:16:59.983101Z[0m [32m INFO[0m [2mexecution[0m[2m:[0m [DRY-RUN] dryrun-693 Buy 11091025 x 286 @ 0.885 (Fak)
[2m2026-07-04T18:17:00.232989Z[0m [32m INFO[0m [2mpm_bot[0m[2m:[0m TAKER: DOWN (z=-3.27 p=0.999 ask=0.870 avg=0.875 tau=180s)
[2m2026-07-04T18:17:00.233018Z[0m [32m INFO[0m [2mexecution[0m[2m:[0m [DRY-RUN] dryrun-694 Buy 11091025 x 286 @ 0.885 (Fak)
[2m2026-07-04T18:17:00.483194Z[0m [32m INFO[0m [2mpm_bot[0m[2m:[0m TAKER: DOWN (z=-3.30 p=1.000 ask=0.870 avg=0.876 tau=180s)
[2m2026-07-04T18:17:00.483217Z[0m [32m INFO[0m [2mexecution[0m[2m:[0m [DRY-RUN] dryrun-695 Buy 11091025 x 286 @ 0.886 (Fak)
[2m2026-07-04T18:17:00.732701Z[0m [32m INFO[0m [2mpm_bot[0m[2m:[0m TAKER: DOWN (z=-3.30 p=1.000 ask=0.870 avg=0.889 tau=179s)
[2m2026-07-04T18:17:00.732727Z[0m [32m INFO[0m [2mexecution[0m[2m:[0m [DRY-RUN] dryrun-696 Buy 11091025 x 286 @ 0.899 (Fak)
[2m2026-07-04T18:17:00.982300Z[0m [32m INFO[0m [2mpm_bot[0m[2m:[0m TAKER: DOWN (z=-3.30 p=1.000 ask=0.870 avg=0.870 tau=179s)
[2m2026-07-04T18:17:00.982326Z[0m [32m INFO[0m [2mexecution[0m[2m:[0m [DRY-RUN] dryrun-697 Buy 11091025 x 286 @ 0.880 (Fak)
[2m2026-07-04T18:17:01.232862Z[0m [32m INFO[0m [2mpm_bot[0m[2m:[0m TAKER: DOWN (z=-3.22 p=0.999 ask=0.870 avg=0.870 tau=179s)
[2m2026-07-04T18:17:01.232890Z[0m [32m INFO[0m [2mexecution[0m[2m:[0m [DRY-RUN] dryrun-698 Buy 11091025 x 285 @ 0.880 (Fak)
[2m2026-07-04T18:17:01.483203Z[0m [32m INFO[0m [2mpm_bot[0m[2m:[0m TAKER: DOWN (z=-3.22 p=0.999 ask=0.870 avg=0.870 tau=179s)
[2m2026-07-04T18:17:01.483232Z[0m [32m INFO[0m [2mexecution[0m[2m:[0m [DRY-RUN] dryrun-699 Buy 11091025 x 285 @ 0.880 (Fak)
[2m2026-07-04T18:17:01.733170Z[0m [32m INFO[0m [2mpm_bot[0m[2m:[0m TAKER: DOWN (z=-3.22 p=0.999 ask=0.870 avg=0.870 tau=178s)
[2m2026-07-04T18:17:01.733212Z[0m [32m INFO[0m [2mexecution[0m[2m:[0m [DRY-RUN] dryrun-700 Buy 11091025 x 285 @ 0.880 (Fak)
[2m2026-07-04T18:17:01.982520Z[0m [32m INFO[0m [2mpm_bot[0m[2m:[0m TAKER: DOWN (z=-3.22 p=0.999 ask=0.870 avg=0.870 tau=178s)
[2m2026-07-04T18:17:01.982578Z[0m [32m INFO[0m [2mexecution[0m[2m:[0m [DRY-RUN] dryrun-701 Buy 11091025 x 285 @ 0.880 (Fak)
[2m2026-07-04T18:17:02.232530Z[0m [32m INFO[0m [2mpm_bot[0m[2m:[0m TAKER: DOWN (z=-3.18 p=0.999 ask=0.870 avg=0.873 tau=178s)
[2m2026-07-04T18:17:02.232600Z[0m [32m INFO[0m [2mexecution[0m[2m:[0m [DRY-RUN] dryrun-702 Buy 11091025 x 285 @ 0.883 (Fak)
[2m2026-07-04T18:17:02.482156Z[0m [32m INFO[0m [2mpm_bot[0m[2m:[0m TAKER: DOWN (z=-3.18 p=0.999 ask=0.870 avg=0.873 tau=178s)
[2m2026-07-04T18:17:02.482187Z[0m [32m INFO[0m [2mexecution[0m[2m:[0m [DRY-RUN] dryrun-703 Buy 11091025 x 285 @ 0.883 (Fak)
[2m2026-07-04T18:17:02.732315Z[0m [32m INFO[0m [2mpm_bot[0m[2m:[0m TAKER: DOWN (z=-3.18 p=0.999 ask=0.870 avg=0.873 tau=177s)
[2m2026-07-04T18:17:02.732346Z[0m [32m INFO[0m [2mexecution[0m[2m:[0m [DRY-RUN] dryrun-704 Buy 11091025 x 285 @ 0.883 (Fak)
[2m2026-07-04T18:17:02.982488Z[0m [32m INFO[0m [2mpm_bot[0m[2m:[0m TAKER: DOWN (z=-3.18 p=0.999 ask=0.870 avg=0.872 tau=177s)
[2m2026-07-04T18:17:02.982518Z[0m [32m INFO[0m [2mexecution[0m[2m:[0m [DRY-RUN] dryrun-705 Buy 11091025 x 285 @ 0.882 (Fak)
[2m2026-07-04T18:17:03.232529Z[0m [32m INFO[0m [2mpm_bot[0m[2m:[0m TAKER: DOWN (z=-3.18 p=0.999 ask=0.870 avg=0.872 tau=177s)
[2m2026-07-04T18:17:03.232576Z[0m [32m INFO[0m [2mexecution[0m[2m:[0m [DRY-RUN] dryrun-706 Buy 11091025 x 285 @ 0.882 (Fak)
[2m2026-07-04T18:17:03.482395Z[0m [32m INFO[0m [2mpm_bot[0m[2m:[0m TAKER: DOWN (z=-3.36 p=1.000 ask=0.870 avg=0.873 tau=177s)
[2m2026-07-04T18:17:03.482423Z[0m [32m INFO[0m [2mexecution[0m[2m:[0m [DRY-RUN] dryrun-707 Buy 11091025 x 286 @ 0.883 (Fak)
[2m2026-07-04T18:17:03.733171Z[0m [32m INFO[0m [2mpm_bot[0m[2m:[0m TAKER: DOWN (z=-3.36 p=1.000 ask=0.870 avg=0.873 tau=176s)
[2m2026-07-04T18:17:03.733199Z[0m [32m INFO[0m [2mexecution[0m[2m:[0m [DRY-RUN] dryrun-708 Buy 11091025 x 286 @ 0.883 (Fak)
[2m2026-07-04T18:17:03.983074Z[0m [32m INFO[0m [2mpm_bot[0m[2m:[0m TAKER: DOWN (z=-3.36 p=1.000 ask=0.870 avg=0.877 tau=176s)
[2m2026-07-04T18:17:03.983100Z[0m [32m INFO[0m [2mexecution[0m[2m:[0m [DRY-RUN] dryrun-709 Buy 11091025 x 286 @ 0.887 (Fak)
[2m2026-07-04T18:17:04.232644Z[0m [32m INFO[0m [2mpm_bot[0m[2m:[0m TAKER: DOWN (z=-3.36 p=1.000 ask=0.870 avg=0.876 tau=176s)
[2m2026-07-04T18:17:04.232673Z[0m [32m INFO[0m [2mexecution[0m[2m:[0m [DRY-RUN] dryrun-710 Buy 11091025 x 286 @ 0.886 (Fak)
[2m2026-07-04T18:17:04.483104Z[0m [32m INFO[0m [2mpm_bot[0m[2m:[0m TAKER: DOWN (z=-3.38 p=1.000 ask=0.890 avg=0.890 tau=176s)
[2m2026-07-04T18:17:04.483132Z[0m [32m INFO[0m [2mexecution[0m[2m:[0m [DRY-RUN] dryrun-711 Buy 11091025 x 279 @ 0.900 (Fak)
[2m2026-07-04T18:17:04.732740Z[0m [32m INFO[0m [2mpm_bot[0m[2m:[0m TAKER: DOWN (z=-3.38 p=1.000 ask=0.890 avg=0.890 tau=175s)
[2m2026-07-04T18:17:04.732778Z[0m [32m INFO[0m [2mexecution[0m[2m:[0m [DRY-RUN] dryrun-712 Buy 11091025 x 279 @ 0.900 (Fak)
[2m2026-07-04T18:17:04.982324Z[0m [32m INFO[0m [2mpm_bot[0m[2m:[0m TAKER: DOWN (z=-3.38 p=1.000 ask=0.880 avg=0.888 tau=175s)
[2m2026-07-04T18:17:04.982350Z[0m [32m INFO[0m [2mexecution[0m[2m:[0m [DRY-RUN] dryrun-713 Buy 11091025 x 283 @ 0.898 (Fak)
[2m2026-07-04T18:17:05.232649Z[0m [32m INFO[0m [2mpm_bot[0m[2m:[0m TAKER: DOWN (z=-3.37 p=1.000 ask=0.880 avg=0.888 tau=175s)
[2m2026-07-04T18:17:05.232678Z[0m [32m INFO[0m [2mexecution[0m[2m:[0m [DRY-RUN] dryrun-714 Buy 11091025 x 283 @ 0.898 (Fak)
[2m2026-07-04T18:17:05.482739Z[0m [32m INFO[0m [2mpm_bot[0m[2m:[0m TAKER: DOWN (z=-3.37 p=1.000 ask=0.880 avg=0.888 tau=175s)
[2m2026-07-04T18:17:05.482772Z[0m [32m INFO[0m [2mexecution[0m[2m:[0m [DRY-RUN] dryrun-715 Buy 11091025 x 283 @ 0.898 (Fak)
[2m2026-07-04T18:17:05.732831Z[0m [32m INFO[0m [2mpm_bot[0m[2m:[0m TAKER: DOWN (z=-3.37 p=1.000 ask=0.880 avg=0.888 tau=174s)
[2m2026-07-04T18:17:05.732863Z[0m [32m INFO[0m [2mexecution[0m[2m:[0m [DRY-RUN] dryrun-716 Buy 11091025 x 283 @ 0.898 (Fak)
[2m2026-07-04T18:17:05.982999Z[0m [32m INFO[0m [2mpm_bot[0m[2m:[0m TAKER: DOWN (z=-3.37 p=1.000 ask=0.880 avg=0.887 tau=174s)
[2m2026-07-04T18:17:05.983024Z[0m [32m INFO[0m [2mexecution[0m[2m:[0m [DRY-RUN] dryrun-717 Buy 11091025 x 283 @ 0.897 (Fak)
[2m2026-07-04T18:17:06.232717Z[0m [32m INFO[0m [2mpm_bot[0m[2m:[0m TAKER: DOWN (z=-3.36 p=1.000 ask=0.900 avg=0.900 tau=174s)
[2m2026-07-04T18:17:06.232745Z[0m [32m INFO[0m [2mexecution[0m[2m:[0m [DRY-RUN] dryrun-718 Buy 11091025 x 276 @ 0.910 (Fak)
[2m2026-07-04T18:17:06.482527Z[0m [32m INFO[0m [2mpm_bot[0m[2m:[0m TAKER: DOWN (z=-3.36 p=1.000 ask=0.900 avg=0.900 tau=174s)
[2m2026-07-04T18:17:06.482577Z[0m [32m INFO[0m [2mexecution[0m[2m:[0m [DRY-RUN] dryrun-719 Buy 11091025 x 276 @ 0.910 (Fak)
[2m2026-07-04T18:17:06.732674Z[0m [32m INFO[0m [2mpm_bot[0m[2m:[0m TAKER: DOWN (z=-3.36 p=1.000 ask=0.900 avg=0.900 tau=173s)
[2m2026-07-04T18:17:06.732812Z[0m [32m INFO[0m [2mexecution[0m[2m:[0m [DRY-RUN] dryrun-720 Buy 11091025 x 276 @ 0.910 (Fak)
[2m2026-07-04T18:17:06.983102Z[0m [32m INFO[0m [2mpm_bot[0m[2m:[0m TAKER: DOWN (z=-3.36 p=1.000 ask=0.900 avg=0.900 tau=173s)
[2m2026-07-04T18:17:06.983129Z[0m [32m INFO[0m [2mexecution[0m[2m:[0m [DRY-RUN] dryrun-721 Buy 11091025 x 276 @ 0.910 (Fak)
[2m2026-07-04T18:17:07.232539Z[0m [32m INFO[0m [2mpm_bot[0m[2m:[0m TAKER: DOWN (z=-3.44 p=1.000 ask=0.860 avg=0.877 tau=173s)
[2m2026-07-04T18:17:07.232594Z[0m [32m INFO[0m [2mexecution[0m[2m:[0m [DRY-RUN] dryrun-722 Buy 11091025 x 290 @ 0.887 (Fak)
[2m2026-07-04T18:17:07.982403Z[0m [32m INFO[0m [2mpm_bot[0m[2m:[0m TAKER: DOWN (z=-3.44 p=1.000 ask=0.890 avg=0.893 tau=172s)
[2m2026-07-04T18:17:07.982432Z[0m [32m INFO[0m [2mexecution[0m[2m:[0m [DRY-RUN] dryrun-723 Buy 11091025 x 280 @ 0.903 (Fak)
[2m2026-07-04T18:17:08.232310Z[0m [32m INFO[0m [2mpm_bot[0m[2m:[0m TAKER: DOWN (z=-3.44 p=1.000 ask=0.890 avg=0.892 tau=172s)
[2m2026-07-04T18:17:08.232340Z[0m [32m INFO[0m [2mexecution[0m[2m:[0m [DRY-RUN] dryrun-724 Buy 11091025 x 280 @ 0.902 (Fak)
[2m2026-07-04T18:17:08.483032Z[0m [32m INFO[0m [2mpm_bot[0m[2m:[0m TAKER: DOWN (z=-3.43 p=1.000 ask=0.890 avg=0.891 tau=172s)
[2m2026-07-04T18:17:08.483058Z[0m [32m INFO[0m [2mexecution[0m[2m:[0m [DRY-RUN] dryrun-725 Buy 11091025 x 280 @ 0.901 (Fak)
[2m2026-07-04T18:17:08.733168Z[0m [32m INFO[0m [2mpm_bot[0m[2m:[0m TAKER: DOWN (z=-3.43 p=1.000 ask=0.890 avg=0.890 tau=171s)
[2m2026-07-04T18:17:08.733196Z[0m [32m INFO[0m [2mexecution[0m[2m:[0m [DRY-RUN] dryrun-726 Buy 11091025 x 280 @ 0.900 (Fak)
[2m2026-07-04T18:17:08.983181Z[0m [32m INFO[0m [2mpm_bot[0m[2m:[0m TAKER: DOWN (z=-3.43 p=1.000 ask=0.890 avg=0.890 tau=171s)
[2m2026-07-04T18:17:08.983208Z[0m [32m INFO[0m [2mexecution[0m[2m:[0m [DRY-RUN] dryrun-727 Buy 11091025 x 280 @ 0.900 (Fak)
[2m2026-07-04T18:17:09.233135Z[0m [32m INFO[0m [2mpm_bot[0m[2m:[0m TAKER: DOWN (z=-3.43 p=1.000 ask=0.890 avg=0.890 tau=171s)
[2m2026-07-04T18:17:09.233168Z[0m [32m INFO[0m [2mexecution[0m[2m:[0m [DRY-RUN] dryrun-728 Buy 11091025 x 280 @ 0.900 (Fak)
[2m2026-07-04T18:17:09.482640Z[0m [32m INFO[0m [2mpm_bot[0m[2m:[0m TAKER: DOWN (z=-3.33 p=1.000 ask=0.890 avg=0.890 tau=171s)
[2m2026-07-04T18:17:09.482719Z[0m [32m INFO[0m [2mexecution[0m[2m:[0m [DRY-RUN] dryrun-729 Buy 11091025 x 279 @ 0.900 (Fak)
[2m2026-07-04T18:17:09.732472Z[0m [32m INFO[0m [2mpm_bot[0m[2m:[0m TAKER: DOWN (z=-3.33 p=1.000 ask=0.870 avg=0.886 tau=170s)
[2m2026-07-04T18:17:09.732500Z[0m [32m INFO[0m [2mexecution[0m[2m:[0m [DRY-RUN] dryrun-730 Buy 11091025 x 286 @ 0.896 (Fak)
[2m2026-07-04T18:17:09.982609Z[0m [32m INFO[0m [2mpm_bot[0m[2m:[0m TAKER: DOWN (z=-3.33 p=1.000 ask=0.860 avg=0.867 tau=170s)
[2m2026-07-04T18:17:09.982639Z[0m [32m INFO[0m [2mexecution[0m[2m:[0m [DRY-RUN] dryrun-731 Buy 11091025 x 289 @ 0.877 (Fak)
[2m2026-07-04T18:17:10.233285Z[0m [32m INFO[0m [2mpm_bot[0m[2m:[0m TAKER: DOWN (z=-3.33 p=1.000 ask=0.860 avg=0.866 tau=170s)
[2m2026-07-04T18:17:10.233317Z[0m [32m INFO[0m [2mexecution[0m[2m:[0m [DRY-RUN] dryrun-732 Buy 11091025 x 289 @ 0.876 (Fak)
[2m2026-07-04T18:17:10.482939Z[0m [32m INFO[0m [2mpm_bot[0m[2m:[0m TAKER: DOWN (z=-3.33 p=1.000 ask=0.850 avg=0.856 tau=170s)
[2m2026-07-04T18:17:10.482967Z[0m [32m INFO[0m [2mexecution[0m[2m:[0m [DRY-RUN] dryrun-733 Buy 11091025 x 293 @ 0.866 (Fak)
[2m2026-07-04T18:17:10.732549Z[0m [32m INFO[0m [2mpm_bot[0m[2m:[0m TAKER: DOWN (z=-3.33 p=1.000 ask=0.850 avg=0.850 tau=169s)
[2m2026-07-04T18:17:10.732618Z[0m [32m INFO[0m [2mexecution[0m[2m:[0m [DRY-RUN] dryrun-734 Buy 11091025 x 293 @ 0.860 (Fak)
[2m2026-07-04T18:17:10.982463Z[0m [32m INFO[0m [2mpm_bot[0m[2m:[0m TAKER: DOWN (z=-3.33 p=1.000 ask=0.850 avg=0.850 tau=169s)
[2m2026-07-04T18:17:10.982506Z[0m [32m INFO[0m [2mexecution[0m[2m:[0m [DRY-RUN] dryrun-735 Buy 11091025 x 293 @ 0.860 (Fak)
[2m2026-07-04T18:17:11.233105Z[0m [32m INFO[0m [2mpm_bot[0m[2m:[0m TAKER: DOWN (z=-3.33 p=1.000 ask=0.840 avg=0.846 tau=169s)
[2m2026-07-04T18:17:11.233135Z[0m [32m INFO[0m [2mexecution[0m[2m:[0m [DRY-RUN] dryrun-736 Buy 11091025 x 296 @ 0.856 (Fak)
[2m2026-07-04T18:17:11.733002Z[0m [32m INFO[0m [2mpm_bot[0m[2m:[0m TAKER: DOWN (z=-3.19 p=0.999 ask=0.860 avg=0.860 tau=168s)
[2m2026-07-04T18:17:11.733028Z[0m [32m INFO[0m [2mexecution[0m[2m:[0m [DRY-RUN] dryrun-737 Buy 11091025 x 289 @ 0.870 (Fak)
[2m2026-07-04T18:17:11.982426Z[0m [32m INFO[0m [2mpm_bot[0m[2m:[0m TAKER: DOWN (z=-3.19 p=0.999 ask=0.850 avg=0.853 tau=168s)
[2m2026-07-04T18:17:11.982454Z[0m [32m INFO[0m [2mexecution[0m[2m:[0m [DRY-RUN] dryrun-738 Buy 11091025 x 292 @ 0.863 (Fak)
[2m2026-07-04T18:17:12.232446Z[0m [32m INFO[0m [2mpm_bot[0m[2m:[0m TAKER: DOWN (z=-3.18 p=0.999 ask=0.840 avg=0.845 tau=168s)
[2m2026-07-04T18:17:12.232473Z[0m [32m INFO[0m [2mexecution[0m[2m:[0m [DRY-RUN] dryrun-739 Buy 11091025 x 296 @ 0.855 (Fak)
[2m2026-07-04T18:17:12.483180Z[0m [32m INFO[0m [2mpm_bot[0m[2m:[0m TAKER: DOWN (z=-2.97 p=0.999 ask=0.830 avg=0.847 tau=168s)
[2m2026-07-04T18:17:12.483208Z[0m [32m INFO[0m [2mexecution[0m[2m:[0m [DRY-RUN] dryrun-740 Buy 11091025 x 298 @ 0.857 (Fak)
[2m2026-07-04T18:17:13.732512Z[0m [32m INFO[0m [2mpm_bot[0m[2m:[0m TAKER: DOWN (z=-2.89 p=0.998 ask=0.860 avg=0.860 tau=166s)
[2m2026-07-04T18:17:13.732542Z[0m [32m INFO[0m [2mexecution[0m[2m:[0m [DRY-RUN] dryrun-741 Buy 11091025 x 286 @ 0.870 (Fak)
[2m2026-07-04T18:17:13.983064Z[0m [32m INFO[0m [2mpm_bot[0m[2m:[0m TAKER: DOWN (z=-2.89 p=0.998 ask=0.820 avg=0.826 tau=166s)
[2m2026-07-04T18:17:13.983122Z[0m [32m INFO[0m [2mexecution[0m[2m:[0m [DRY-RUN] dryrun-742 Buy 11091025 x 301 @ 0.836 (Fak)
[2m2026-07-04T18:17:14.233212Z[0m [32m INFO[0m [2mpm_bot[0m[2m:[0m TAKER: DOWN (z=-2.94 p=0.998 ask=0.820 avg=0.820 tau=166s)
[2m2026-07-04T18:17:14.233239Z[0m [32m INFO[0m [2mexecution[0m[2m:[0m [DRY-RUN] dryrun-743 Buy 11091025 x 302 @ 0.830 (Fak)
[2m2026-07-04T18:17:14.482579Z[0m [32m INFO[0m [2mpm_bot[0m[2m:[0m TAKER: DOWN (z=-2.94 p=0.998 ask=0.820 avg=0.820 tau=166s)
[2m2026-07-04T18:17:14.482611Z[0m [32m INFO[0m [2mexecution[0m[2m:[0m [DRY-RUN] dryrun-744 Buy 11091025 x 302 @ 0.830 (Fak)
[2m2026-07-04T18:17:14.733143Z[0m [32m INFO[0m [2mpm_bot[0m[2m:[0m TAKER: DOWN (z=-2.94 p=0.998 ask=0.820 avg=0.820 tau=165s)
[2m2026-07-04T18:17:14.733171Z[0m [32m INFO[0m [2mexecution[0m[2m:[0m [DRY-RUN] dryrun-745 Buy 11091025 x 302 @ 0.830 (Fak)
[2m2026-07-04T18:17:14.982396Z[0m [32m INFO[0m [2mpm_bot[0m[2m:[0m TAKER: DOWN (z=-2.93 p=0.998 ask=0.810 avg=0.814 tau=165s)
[2m2026-07-04T18:17:14.982424Z[0m [32m INFO[0m [2mexecution[0m[2m:[0m [DRY-RUN] dryrun-746 Buy 11091025 x 305 @ 0.824 (Fak)
[2m2026-07-04T18:17:15.232736Z[0m [32m INFO[0m [2mpm_bot[0m[2m:[0m TAKER: DOWN (z=-2.95 p=0.998 ask=0.810 avg=0.822 tau=165s)
[2m2026-07-04T18:17:15.232763Z[0m [32m INFO[0m [2mexecution[0m[2m:[0m [DRY-RUN] dryrun-747 Buy 11091025 x 306 @ 0.832 (Fak)
[2m2026-07-04T18:17:15.733341Z[0m [32m INFO[0m [2mpm_bot[0m[2m:[0m TAKER: DOWN (z=-2.95 p=0.998 ask=0.860 avg=0.860 tau=164s)
[2m2026-07-04T18:17:15.733370Z[0m [32m INFO[0m [2mexecution[0m[2m:[0m [DRY-RUN] dryrun-748 Buy 11091025 x 287 @ 0.870 (Fak)
[2m2026-07-04T18:17:15.982585Z[0m [32m INFO[0m [2mpm_bot[0m[2m:[0m TAKER: DOWN (z=-2.95 p=0.998 ask=0.860 avg=0.860 tau=164s)
[2m2026-07-04T18:17:15.982614Z[0m [32m INFO[0m [2mexecution[0m[2m:[0m [DRY-RUN] dryrun-749 Buy 11091025 x 287 @ 0.870 (Fak)
[2m2026-07-04T18:17:16.232960Z[0m [32m INFO[0m [2mpm_bot[0m[2m:[0m TAKER: DOWN (z=-2.72 p=0.997 ask=0.850 avg=0.853 tau=164s)
[2m2026-07-04T18:17:16.232989Z[0m [32m INFO[0m [2mexecution[0m[2m:[0m [DRY-RUN] dryrun-750 Buy 11091025 x 287 @ 0.863 (Fak)
[2m2026-07-04T18:17:16.482828Z[0m [32m INFO[0m [2mpm_bot[0m[2m:[0m TAKER: DOWN (z=-2.72 p=0.997 ask=0.840 avg=0.840 tau=164s)
[2m2026-07-04T18:17:16.482853Z[0m [32m INFO[0m [2mexecution[0m[2m:[0m [DRY-RUN] dryrun-751 Buy 11091025 x 291 @ 0.850 (Fak)
[2m2026-07-04T18:17:16.732954Z[0m [32m INFO[0m [2mpm_bot[0m[2m:[0m TAKER: DOWN (z=-2.71 p=0.997 ask=0.840 avg=0.840 tau=163s)
[2m2026-07-04T18:17:16.732990Z[0m [32m INFO[0m [2mexecution[0m[2m:[0m [DRY-RUN] dryrun-752 Buy 11091025 x 291 @ 0.850 (Fak)
[2m2026-07-04T18:17:16.983149Z[0m [32m INFO[0m [2mpm_bot[0m[2m:[0m TAKER: DOWN (z=-2.71 p=0.997 ask=0.840 avg=0.840 tau=163s)
[2m2026-07-04T18:17:16.983176Z[0m [32m INFO[0m [2mexecution[0m[2m:[0m [DRY-RUN] dryrun-753 Buy 11091025 x 291 @ 0.850 (Fak)
[2m2026-07-04T18:17:17.232613Z[0m [32m INFO[0m [2mpm_bot[0m[2m:[0m TAKER: DOWN (z=-2.70 p=0.996 ask=0.840 avg=0.841 tau=163s)
[2m2026-07-04T18:17:17.232643Z[0m [32m INFO[0m [2mexecution[0m[2m:[0m [DRY-RUN] dryrun-754 Buy 11091025 x 291 @ 0.851 (Fak)
[2m2026-07-04T18:17:17.483251Z[0m [32m INFO[0m [2mpm_bot[0m[2m:[0m TAKER: DOWN (z=-2.69 p=0.996 ask=0.830 avg=0.839 tau=163s)
[2m2026-07-04T18:17:17.483280Z[0m [32m INFO[0m [2mexecution[0m[2m:[0m [DRY-RUN] dryrun-755 Buy 11091025 x 294 @ 0.849 (Fak)
[2m2026-07-04T18:17:17.732795Z[0m [32m INFO[0m [2mpm_bot[0m[2m:[0m TAKER: DOWN (z=-2.69 p=0.996 ask=0.830 avg=0.831 tau=162s)
[2m2026-07-04T18:17:17.732821Z[0m [32m INFO[0m [2mexecution[0m[2m:[0m [DRY-RUN] dryrun-756 Buy 11091025 x 294 @ 0.841 (Fak)
[2m2026-07-04T18:17:17.982588Z[0m [32m INFO[0m [2mpm_bot[0m[2m:[0m TAKER: DOWN (z=-2.69 p=0.996 ask=0.830 avg=0.845 tau=162s)
[2m2026-07-04T18:17:17.982617Z[0m [32m INFO[0m [2mexecution[0m[2m:[0m [DRY-RUN] dryrun-757 Buy 11091025 x 294 @ 0.855 (Fak)
[2m2026-07-04T18:17:18.232755Z[0m [32m INFO[0m [2mpm_bot[0m[2m:[0m TAKER: DOWN (z=-2.69 p=0.996 ask=0.830 avg=0.845 tau=162s)
[2m2026-07-04T18:17:18.232784Z[0m [32m INFO[0m [2mexecution[0m[2m:[0m [DRY-RUN] dryrun-758 Buy 11091025 x 294 @ 0.855 (Fak)
[2m2026-07-04T18:17:18.482486Z[0m [32m INFO[0m [2mpm_bot[0m[2m:[0m TAKER: DOWN (z=-2.76 p=0.997 ask=0.830 avg=0.834 tau=162s)
[2m2026-07-04T18:17:18.482512Z[0m [32m INFO[0m [2mexecution[0m[2m:[0m [DRY-RUN] dryrun-759 Buy 11091025 x 296 @ 0.844 (Fak)
[2m2026-07-04T18:17:18.732738Z[0m [32m INFO[0m [2mpm_bot[0m[2m:[0m TAKER: DOWN (z=-2.76 p=0.997 ask=0.830 avg=0.830 tau=161s)
[2m2026-07-04T18:17:18.732767Z[0m [32m INFO[0m [2mexecution[0m[2m:[0m [DRY-RUN] dryrun-760 Buy 11091025 x 296 @ 0.840 (Fak)
[2m2026-07-04T18:17:19.232482Z[0m [32m INFO[0m [2mpm_bot[0m[2m:[0m TAKER: DOWN (z=-2.76 p=0.997 ask=0.740 avg=0.744 tau=161s)
[2m2026-07-04T18:17:19.232510Z[0m [32m INFO[0m [2mexecution[0m[2m:[0m [DRY-RUN] dryrun-761 Buy 11091025 x 334 @ 0.754 (Fak)
[2m2026-07-04T18:17:19.483287Z[0m [32m INFO[0m [2mpm_bot[0m[2m:[0m TAKER: DOWN (z=-2.80 p=0.997 ask=0.740 avg=0.756 tau=161s)
[2m2026-07-04T18:17:19.483316Z[0m [32m INFO[0m [2mexecution[0m[2m:[0m [DRY-RUN] dryrun-762 Buy 11091025 x 334 @ 0.766 (Fak)
[2m2026-07-04T18:17:20.232670Z[0m [32m INFO[0m [2mpm_bot[0m[2m:[0m TAKER: DOWN (z=-2.80 p=0.997 ask=0.810 avg=0.826 tau=160s)
[2m2026-07-04T18:17:20.232697Z[0m [32m INFO[0m [2mexecution[0m[2m:[0m [DRY-RUN] dryrun-763 Buy 11091025 x 304 @ 0.836 (Fak)
[2m2026-07-04T18:17:20.732219Z[0m [32m INFO[0m [2mpm_bot[0m[2m:[0m TAKER: DOWN (z=-2.54 p=0.995 ask=0.810 avg=0.829 tau=159s)
[2m2026-07-04T18:17:20.732248Z[0m [32m INFO[0m [2mexecution[0m[2m:[0m [DRY-RUN] dryrun-764 Buy 11091025 x 299 @ 0.839 (Fak)
[2m2026-07-04T18:17:20.983209Z[0m [32m INFO[0m [2mpm_bot[0m[2m:[0m TAKER: DOWN (z=-2.54 p=0.994 ask=0.810 avg=0.812 tau=159s)
[2m2026-07-04T18:17:20.983239Z[0m [32m INFO[0m [2mexecution[0m[2m:[0m [DRY-RUN] dryrun-765 Buy 11091025 x 299 @ 0.822 (Fak)
[2m2026-07-04T18:17:21.232733Z[0m [32m INFO[0m [2mpm_bot[0m[2m:[0m TAKER: DOWN (z=-2.42 p=0.992 ask=0.810 avg=0.810 tau=159s)
[2m2026-07-04T18:17:21.232767Z[0m [32m INFO[0m [2mexecution[0m[2m:[0m [DRY-RUN] dryrun-766 Buy 11091025 x 295 @ 0.820 (Fak)
[2m2026-07-04T18:17:21.483072Z[0m [32m INFO[0m [2mpm_bot[0m[2m:[0m TAKER: DOWN (z=-2.42 p=0.992 ask=0.800 avg=0.800 tau=159s)
[2m2026-07-04T18:17:21.483098Z[0m [32m INFO[0m [2mexecution[0m[2m:[0m [DRY-RUN] dryrun-767 Buy 11091025 x 300 @ 0.810 (Fak)
[2m2026-07-04T18:17:21.732947Z[0m [32m INFO[0m [2mpm_bot[0m[2m:[0m TAKER: DOWN (z=-2.41 p=0.992 ask=0.800 avg=0.800 tau=158s)
[2m2026-07-04T18:17:21.732974Z[0m [32m INFO[0m [2mexecution[0m[2m:[0m [DRY-RUN] dryrun-768 Buy 11091025 x 300 @ 0.810 (Fak)
[2m2026-07-04T18:17:21.982887Z[0m [32m INFO[0m [2mpm_bot[0m[2m:[0m TAKER: DOWN (z=-2.41 p=0.992 ask=0.810 avg=0.810 tau=158s)
[2m2026-07-04T18:17:21.982960Z[0m [32m INFO[0m [2mexecution[0m[2m:[0m [DRY-RUN] dryrun-769 Buy 11091025 x 295 @ 0.820 (Fak)
[2m2026-07-04T18:17:22.232677Z[0m [32m INFO[0m [2mpm_bot[0m[2m:[0m TAKER: DOWN (z=-2.47 p=0.993 ask=0.810 avg=0.810 tau=158s)
[2m2026-07-04T18:17:22.232707Z[0m [32m INFO[0m [2mexecution[0m[2m:[0m [DRY-RUN] dryrun-770 Buy 11091025 x 297 @ 0.820 (Fak)
[2m2026-07-04T18:17:22.482435Z[0m [32m INFO[0m [2mpm_bot[0m[2m:[0m TAKER: DOWN (z=-2.47 p=0.993 ask=0.810 avg=0.810 tau=158s)
[2m2026-07-04T18:17:22.482464Z[0m [32m INFO[0m [2mexecution[0m[2m:[0m [DRY-RUN] dryrun-771 Buy 11091025 x 297 @ 0.820 (Fak)
[2m2026-07-04T18:17:22.732665Z[0m [32m INFO[0m [2mpm_bot[0m[2m:[0m TAKER: DOWN (z=-2.47 p=0.993 ask=0.820 avg=0.827 tau=157s)
[2m2026-07-04T18:17:22.732692Z[0m [32m INFO[0m [2mexecution[0m[2m:[0m [DRY-RUN] dryrun-772 Buy 11091025 x 293 @ 0.837 (Fak)
[2m2026-07-04T18:17:22.982782Z[0m [32m INFO[0m [2mpm_bot[0m[2m:[0m TAKER: DOWN (z=-2.47 p=0.993 ask=0.810 avg=0.823 tau=157s)
[2m2026-07-04T18:17:22.982809Z[0m [32m INFO[0m [2mexecution[0m[2m:[0m [DRY-RUN] dryrun-773 Buy 11091025 x 297 @ 0.833 (Fak)
[2m2026-07-04T18:17:23.232640Z[0m [32m INFO[0m [2mpm_bot[0m[2m:[0m TAKER: DOWN (z=-2.47 p=0.993 ask=0.810 avg=0.830 tau=157s)
[2m2026-07-04T18:17:23.232668Z[0m [32m INFO[0m [2mexecution[0m[2m:[0m [DRY-RUN] dryrun-774 Buy 11091025 x 297 @ 0.840 (Fak)
[2m2026-07-04T18:17:23.483100Z[0m [32m INFO[0m [2mpm_bot[0m[2m:[0m TAKER: DOWN (z=-2.47 p=0.993 ask=0.810 avg=0.821 tau=157s)
[2m2026-07-04T18:17:23.483127Z[0m [32m INFO[0m [2mexecution[0m[2m:[0m [DRY-RUN] dryrun-775 Buy 11091025 x 297 @ 0.831 (Fak)
[2m2026-07-04T18:17:23.732434Z[0m [32m INFO[0m [2mpm_bot[0m[2m:[0m TAKER: DOWN (z=-2.47 p=0.993 ask=0.800 avg=0.800 tau=156s)
[2m2026-07-04T18:17:23.732461Z[0m [32m INFO[0m [2mexecution[0m[2m:[0m [DRY-RUN] dryrun-776 Buy 11091025 x 301 @ 0.810 (Fak)
[2m2026-07-04T18:17:23.982972Z[0m [32m INFO[0m [2mpm_bot[0m[2m:[0m TAKER: DOWN (z=-2.47 p=0.993 ask=0.770 avg=0.771 tau=156s)
[2m2026-07-04T18:17:23.983005Z[0m [32m INFO[0m [2mexecution[0m[2m:[0m [DRY-RUN] dryrun-777 Buy 11091025 x 315 @ 0.781 (Fak)
[2m2026-07-04T18:17:25.733010Z[0m [32m INFO[0m [2mpm_bot[0m[2m:[0m TAKER: DOWN (z=-2.47 p=0.993 ask=0.780 avg=0.800 tau=154s)
[2m2026-07-04T18:17:25.733038Z[0m [32m INFO[0m [2mexecution[0m[2m:[0m [DRY-RUN] dryrun-778 Buy 11091025 x 310 @ 0.810 (Fak)
[2m2026-07-04T18:17:25.982863Z[0m [32m INFO[0m [2mpm_bot[0m[2m:[0m TAKER: DOWN (z=-2.46 p=0.993 ask=0.780 avg=0.800 tau=154s)
[2m2026-07-04T18:17:25.982930Z[0m [32m INFO[0m [2mexecution[0m[2m:[0m [DRY-RUN] dryrun-779 Buy 11091025 x 310 @ 0.810 (Fak)
[2m2026-07-04T18:17:26.232939Z[0m [32m INFO[0m [2mpm_bot[0m[2m:[0m TAKER: DOWN (z=-2.36 p=0.991 ask=0.780 avg=0.799 tau=154s)
[2m2026-07-04T18:17:26.232970Z[0m [32m INFO[0m [2mexecution[0m[2m:[0m [DRY-RUN] dryrun-780 Buy 11091025 x 307 @ 0.809 (Fak)
[2m2026-07-04T18:17:26.483300Z[0m [32m INFO[0m [2mpm_bot[0m[2m:[0m TAKER: DOWN (z=-2.36 p=0.991 ask=0.780 avg=0.798 tau=154s)
[2m2026-07-04T18:17:26.483332Z[0m [32m INFO[0m [2mexecution[0m[2m:[0m [DRY-RUN] dryrun-781 Buy 11091025 x 307 @ 0.808 (Fak)
[2m2026-07-04T18:17:26.733038Z[0m [32m INFO[0m [2mpm_bot[0m[2m:[0m TAKER: DOWN (z=-2.36 p=0.991 ask=0.790 avg=0.806 tau=153s)
[2m2026-07-04T18:17:26.733068Z[0m [32m INFO[0m [2mexecution[0m[2m:[0m [DRY-RUN] dryrun-782 Buy 11091025 x 302 @ 0.816 (Fak)
[2m2026-07-04T18:17:26.982858Z[0m [32m INFO[0m [2mpm_bot[0m[2m:[0m TAKER: DOWN (z=-2.36 p=0.991 ask=0.790 avg=0.805 tau=153s)
[2m2026-07-04T18:17:26.982888Z[0m [32m INFO[0m [2mexecution[0m[2m:[0m [DRY-RUN] dryrun-783 Buy 11091025 x 302 @ 0.815 (Fak)
[2m2026-07-04T18:17:27.232659Z[0m [32m INFO[0m [2mpm_bot[0m[2m:[0m TAKER: DOWN (z=-2.30 p=0.989 ask=0.790 avg=0.807 tau=153s)
[2m2026-07-04T18:17:27.232689Z[0m [32m INFO[0m [2mexecution[0m[2m:[0m [DRY-RUN] dryrun-784 Buy 11091025 x 300 @ 0.817 (Fak)
[2m2026-07-04T18:17:27.482826Z[0m [32m INFO[0m [2mpm_bot[0m[2m:[0m TAKER: DOWN (z=-2.30 p=0.989 ask=0.790 avg=0.807 tau=153s)
[2m2026-07-04T18:17:27.482859Z[0m [32m INFO[0m [2mexecution[0m[2m:[0m [DRY-RUN] dryrun-785 Buy 11091025 x 300 @ 0.817 (Fak)
[2m2026-07-04T18:17:27.732353Z[0m [32m INFO[0m [2mpm_bot[0m[2m:[0m TAKER: DOWN (z=-2.30 p=0.989 ask=0.790 avg=0.807 tau=152s)
[2m2026-07-04T18:17:27.732381Z[0m [32m INFO[0m [2mexecution[0m[2m:[0m [DRY-RUN] dryrun-786 Buy 11091025 x 300 @ 0.817 (Fak)
[2m2026-07-04T18:17:27.983057Z[0m [32m INFO[0m [2mpm_bot[0m[2m:[0m TAKER: DOWN (z=-2.30 p=0.989 ask=0.820 avg=0.826 tau=152s)
[2m2026-07-04T18:17:27.983088Z[0m [32m INFO[0m [2mexecution[0m[2m:[0m [DRY-RUN] dryrun-787 Buy 11091025 x 286 @ 0.836 (Fak)
[2m2026-07-04T18:17:28.233262Z[0m [32m INFO[0m [2mpm_bot[0m[2m:[0m TAKER: DOWN (z=-2.30 p=0.989 ask=0.810 avg=0.810 tau=152s)
[2m2026-07-04T18:17:28.233293Z[0m [32m INFO[0m [2mexecution[0m[2m:[0m [DRY-RUN] dryrun-788 Buy 11091025 x 291 @ 0.820 (Fak)
[2m2026-07-04T18:17:28.483036Z[0m [32m INFO[0m [2mpm_bot[0m[2m:[0m TAKER: DOWN (z=-2.30 p=0.989 ask=0.810 avg=0.810 tau=152s)
[2m2026-07-04T18:17:28.483063Z[0m [32m INFO[0m [2mexecution[0m[2m:[0m [DRY-RUN] dryrun-789 Buy 11091025 x 291 @ 0.820 (Fak)
[2m2026-07-04T18:17:28.732423Z[0m [32m INFO[0m [2mpm_bot[0m[2m:[0m TAKER: DOWN (z=-2.33 p=0.990 ask=0.810 avg=0.811 tau=151s)
[2m2026-07-04T18:17:28.732452Z[0m [32m INFO[0m [2mexecution[0m[2m:[0m [DRY-RUN] dryrun-790 Buy 11091025 x 292 @ 0.821 (Fak)
[2m2026-07-04T18:17:28.983450Z[0m [32m INFO[0m [2mpm_bot[0m[2m:[0m TAKER: DOWN (z=-2.33 p=0.990 ask=0.810 avg=0.827 tau=151s)
[2m2026-07-04T18:17:28.983480Z[0m [32m INFO[0m [2mexecution[0m[2m:[0m [DRY-RUN] dryrun-791 Buy 11091025 x 292 @ 0.837 (Fak)
[2m2026-07-04T18:17:29.232167Z[0m [32m INFO[0m [2mpm_bot[0m[2m:[0m TAKER: DOWN (z=-2.33 p=0.990 ask=0.810 avg=0.816 tau=151s)
[2m2026-07-04T18:17:29.232194Z[0m [32m INFO[0m [2mexecution[0m[2m:[0m [DRY-RUN] dryrun-792 Buy 11091025 x 292 @ 0.826 (Fak)
[2m2026-07-04T18:17:29.482675Z[0m [32m INFO[0m [2mpm_bot[0m[2m:[0m TAKER: DOWN (z=-2.33 p=0.990 ask=0.770 avg=0.774 tau=151s)
[2m2026-07-04T18:17:29.482704Z[0m [32m INFO[0m [2mexecution[0m[2m:[0m [DRY-RUN] dryrun-793 Buy 11091025 x 310 @ 0.784 (Fak)
[2m2026-07-04T18:17:29.733097Z[0m [32m INFO[0m [2mpm_bot[0m[2m:[0m TAKER: DOWN (z=-2.47 p=0.993 ask=0.770 avg=0.770 tau=150s)
[2m2026-07-04T18:17:29.733126Z[0m [32m INFO[0m [2mexecution[0m[2m:[0m [DRY-RUN] dryrun-794 Buy 11091025 x 315 @ 0.780 (Fak)
[2m2026-07-04T18:17:29.983141Z[0m [32m INFO[0m [2mpm_bot[0m[2m:[0m TAKER: DOWN (z=-2.47 p=0.993 ask=0.770 avg=0.770 tau=150s)
[2m2026-07-04T18:17:29.983171Z[0m [32m INFO[0m [2mexecution[0m[2m:[0m [DRY-RUN] dryrun-795 Buy 11091025 x 315 @ 0.780 (Fak)
[2m2026-07-04T18:17:30.232431Z[0m [32m INFO[0m [2mpm_bot[0m[2m:[0m TAKER: DOWN (z=-2.47 p=0.993 ask=0.770 avg=0.770 tau=150s)
[2m2026-07-04T18:17:30.232459Z[0m [32m INFO[0m [2mexecution[0m[2m:[0m [DRY-RUN] dryrun-796 Buy 11091025 x 315 @ 0.780 (Fak)
[2m2026-07-04T18:17:30.482804Z[0m [32m INFO[0m [2mpm_bot[0m[2m:[0m TAKER: DOWN (z=-2.47 p=0.993 ask=0.770 avg=0.770 tau=150s)
[2m2026-07-04T18:17:30.482844Z[0m [32m INFO[0m [2mexecution[0m[2m:[0m [DRY-RUN] dryrun-797 Buy 11091025 x 315 @ 0.780 (Fak)
[2m2026-07-04T18:17:30.733308Z[0m [32m INFO[0m [2mpm_bot[0m[2m:[0m TAKER: DOWN (z=-2.47 p=0.993 ask=0.770 avg=0.770 tau=149s)
[2m2026-07-04T18:17:30.733337Z[0m [32m INFO[0m [2mexecution[0m[2m:[0m [DRY-RUN] dryrun-798 Buy 11091025 x 315 @ 0.780 (Fak)
[2m2026-07-04T18:17:30.982803Z[0m [32m INFO[0m [2mpm_bot[0m[2m:[0m TAKER: DOWN (z=-2.47 p=0.993 ask=0.770 avg=0.770 tau=149s)
[2m2026-07-04T18:17:30.982830Z[0m [32m INFO[0m [2mexecution[0m[2m:[0m [DRY-RUN] dryrun-799 Buy 11091025 x 315 @ 0.780 (Fak)
[2m2026-07-04T18:17:31.232895Z[0m [32m INFO[0m [2mpm_bot[0m[2m:[0m TAKER: DOWN (z=-2.47 p=0.993 ask=0.770 avg=0.770 tau=149s)
[2m2026-07-04T18:17:31.232926Z[0m [32m INFO[0m [2mexecution[0m[2m:[0m [DRY-RUN] dryrun-800 Buy 11091025 x 315 @ 0.780 (Fak)
[2m2026-07-04T18:17:31.483268Z[0m [32m INFO[0m [2mpm_bot[0m[2m:[0m TAKER: DOWN (z=-2.49 p=0.994 ask=0.760 avg=0.766 tau=149s)
[2m2026-07-04T18:17:31.483306Z[0m [32m INFO[0m [2mexecution[0m[2m:[0m [DRY-RUN] dryrun-801 Buy 11091025 x 320 @ 0.776 (Fak)
[2m2026-07-04T18:17:31.982679Z[0m [32m INFO[0m [2mpm_bot[0m[2m:[0m TAKER: DOWN (z=-2.49 p=0.994 ask=0.730 avg=0.743 tau=148s)
[2m2026-07-04T18:17:31.982705Z[0m [32m INFO[0m [2mexecution[0m[2m:[0m [DRY-RUN] dryrun-802 Buy 11091025 x 334 @ 0.753 (Fak)
[2m2026-07-04T18:17:32.232510Z[0m [32m INFO[0m [2mpm_bot[0m[2m:[0m TAKER: DOWN (z=-2.49 p=0.994 ask=0.720 avg=0.729 tau=148s)
[2m2026-07-04T18:17:32.232541Z[0m [32m INFO[0m [2mexecution[0m[2m:[0m [DRY-RUN] dryrun-803 Buy 11091025 x 339 @ 0.739 (Fak)
[2m2026-07-04T18:17:32.482550Z[0m [32m INFO[0m [2mpm_bot[0m[2m:[0m TAKER: DOWN (z=-2.49 p=0.994 ask=0.710 avg=0.711 tau=148s)
[2m2026-07-04T18:17:32.482592Z[0m [32m INFO[0m [2mexecution[0m[2m:[0m [DRY-RUN] dryrun-804 Buy 11091025 x 344 @ 0.721 (Fak)
[2m2026-07-04T18:17:32.733155Z[0m [32m INFO[0m [2mpm_bot[0m[2m:[0m TAKER: DOWN (z=-2.49 p=0.994 ask=0.710 avg=0.710 tau=147s)
[2m2026-07-04T18:17:32.733186Z[0m [32m INFO[0m [2mexecution[0m[2m:[0m [DRY-RUN] dryrun-805 Buy 11091025 x 344 @ 0.720 (Fak)
[2m2026-07-04T18:17:32.982315Z[0m [32m INFO[0m [2mpm_bot[0m[2m:[0m TAKER: DOWN (z=-2.49 p=0.994 ask=0.710 avg=0.711 tau=147s)
[2m2026-07-04T18:17:32.982345Z[0m [32m INFO[0m [2mexecution[0m[2m:[0m [DRY-RUN] dryrun-806 Buy 11091025 x 344 @ 0.721 (Fak)
[2m2026-07-04T18:17:33.232421Z[0m [32m INFO[0m [2mpm_bot[0m[2m:[0m TAKER: DOWN (z=-2.28 p=0.989 ask=0.710 avg=0.711 tau=147s)
[2m2026-07-04T18:17:33.232447Z[0m [32m INFO[0m [2mexecution[0m[2m:[0m [DRY-RUN] dryrun-807 Buy 11091025 x 338 @ 0.721 (Fak)
[2m2026-07-04T18:17:33.482993Z[0m [32m INFO[0m [2mpm_bot[0m[2m:[0m TAKER: DOWN (z=-2.28 p=0.989 ask=0.710 avg=0.710 tau=147s)
[2m2026-07-04T18:17:33.483021Z[0m [32m INFO[0m [2mexecution[0m[2m:[0m [DRY-RUN] dryrun-808 Buy 11091025 x 338 @ 0.720 (Fak)
[2m2026-07-04T18:17:33.732873Z[0m [32m INFO[0m [2mpm_bot[0m[2m:[0m TAKER: DOWN (z=-2.28 p=0.989 ask=0.710 avg=0.710 tau=146s)
[2m2026-07-04T18:17:33.732899Z[0m [32m INFO[0m [2mexecution[0m[2m:[0m [DRY-RUN] dryrun-809 Buy 11091025 x 338 @ 0.720 (Fak)
[2m2026-07-04T18:17:33.983007Z[0m [32m INFO[0m [2mpm_bot[0m[2m:[0m TAKER: DOWN (z=-2.17 p=0.985 ask=0.710 avg=0.710 tau=146s)
[2m2026-07-04T18:17:33.983035Z[0m [32m INFO[0m [2mexecution[0m[2m:[0m [DRY-RUN] dryrun-810 Buy 11091025 x 333 @ 0.720 (Fak)
[2m2026-07-04T18:17:34.232766Z[0m [32m INFO[0m [2mpm_bot[0m[2m:[0m TAKER: DOWN (z=-2.17 p=0.985 ask=0.690 avg=0.699 tau=146s)
[2m2026-07-04T18:17:34.232793Z[0m [32m INFO[0m [2mexecution[0m[2m:[0m [DRY-RUN] dryrun-811 Buy 11091025 x 344 @ 0.709 (Fak)
[2m2026-07-04T18:17:34.482794Z[0m [32m INFO[0m [2mpm_bot[0m[2m:[0m TAKER: DOWN (z=-2.13 p=0.983 ask=0.680 avg=0.680 tau=146s)
[2m2026-07-04T18:17:34.482833Z[0m [32m INFO[0m [2mexecution[0m[2m:[0m [DRY-RUN] dryrun-812 Buy 11091025 x 348 @ 0.690 (Fak)
[2m2026-07-04T18:17:34.732345Z[0m [32m INFO[0m [2mpm_bot[0m[2m:[0m TAKER: DOWN (z=-2.13 p=0.983 ask=0.660 avg=0.672 tau=145s)
[2m2026-07-04T18:17:34.732373Z[0m [32m INFO[0m [2mexecution[0m[2m:[0m [DRY-RUN] dryrun-813 Buy 11091025 x 360 @ 0.682 (Fak)
[2m2026-07-04T18:17:34.982786Z[0m [32m INFO[0m [2mpm_bot[0m[2m:[0m TAKER: DOWN (z=-2.13 p=0.983 ask=0.590 avg=0.599 tau=145s)
[2m2026-07-04T18:17:34.982814Z[0m [32m INFO[0m [2mexecution[0m[2m:[0m [DRY-RUN] dryrun-814 Buy 11091025 x 406 @ 0.609 (Fak)
[2m2026-07-04T18:17:35.232406Z[0m [32m INFO[0m [2mpm_bot[0m[2m:[0m TAKER: DOWN (z=-2.13 p=0.983 ask=0.570 avg=0.578 tau=145s)
[2m2026-07-04T18:17:35.232437Z[0m [32m INFO[0m [2mexecution[0m[2m:[0m [DRY-RUN] dryrun-815 Buy 11091025 x 421 @ 0.588 (Fak)
[2m2026-07-04T18:17:55.482596Z[0m [32m INFO[0m [2mexecution[0m[2m:[0m [DRY-RUN] dryrun-816 Buy 11091025 x 50 @ 0.690 (Gtc)
[2m2026-07-04T18:17:55.732704Z[0m [32m INFO[0m [2mexecution[0m[2m:[0m [DRY-RUN] dryrun-817 Buy 11091025 x 50 @ 0.690 (Gtc)
[2m2026-07-04T18:17:55.983049Z[0m [32m INFO[0m [2mexecution[0m[2m:[0m [DRY-RUN] dryrun-818 Buy 11091025 x 50 @ 0.690 (Gtc)
[2m2026-07-04T18:17:56.232417Z[0m [32m INFO[0m [2mexecution[0m[2m:[0m [DRY-RUN] dryrun-819 Buy 11091025 x 50 @ 0.690 (Gtc)
[2m2026-07-04T18:17:56.499719Z[0m [32m INFO[0m [2mexecution[0m[2m:[0m [DRY-RUN] dryrun-820 Buy 11091025 x 50 @ 0.690 (Gtc)
[2m2026-07-04T18:17:56.750710Z[0m [32m INFO[0m [2mexecution[0m[2m:[0m [DRY-RUN] dryrun-821 Buy 11091025 x 50 @ 0.690 (Gtc)
[2m2026-07-04T18:17:57.000630Z[0m [32m INFO[0m [2mexecution[0m[2m:[0m [DRY-RUN] dryrun-822 Buy 11091025 x 50 @ 0.700 (Gtc)
[2m2026-07-04T18:17:57.251116Z[0m [32m INFO[0m [2mexecution[0m[2m:[0m [DRY-RUN] dryrun-823 Buy 11091025 x 50 @ 0.710 (Gtc)
[2m2026-07-04T18:17:57.501250Z[0m [32m INFO[0m [2mexecution[0m[2m:[0m [DRY-RUN] dryrun-824 Buy 11091025 x 50 @ 0.730 (Gtc)
[2m2026-07-04T18:17:57.751223Z[0m [32m INFO[0m [2mexecution[0m[2m:[0m [DRY-RUN] dryrun-825 Buy 11091025 x 50 @ 0.730 (Gtc)
[2m2026-07-04T18:17:58.001262Z[0m [32m INFO[0m [2mexecution[0m[2m:[0m [DRY-RUN] dryrun-826 Buy 11091025 x 50 @ 0.730 (Gtc)
[2m2026-07-04T18:17:58.250768Z[0m [32m INFO[0m [2mexecution[0m[2m:[0m [DRY-RUN] dryrun-827 Buy 11091025 x 50 @ 0.730 (Gtc)
[2m2026-07-04T18:17:58.500371Z[0m [32m INFO[0m [2mexecution[0m[2m:[0m [DRY-RUN] dryrun-828 Buy 11091025 x 50 @ 0.730 (Gtc)
[2m2026-07-04T18:17:58.750544Z[0m [32m INFO[0m [2mexecution[0m[2m:[0m [DRY-RUN] dryrun-829 Buy 11091025 x 50 @ 0.730 (Gtc)
[2m2026-07-04T18:17:59.000803Z[0m [32m INFO[0m [2mexecution[0m[2m:[0m [DRY-RUN] dryrun-830 Buy 11091025 x 50 @ 0.730 (Gtc)
[2m2026-07-04T18:17:59.250601Z[0m [32m INFO[0m [2mexecution[0m[2m:[0m [DRY-RUN] dryrun-831 Buy 11091025 x 50 @ 0.730 (Gtc)
[2m2026-07-04T18:17:59.501317Z[0m [32m INFO[0m [2mexecution[0m[2m:[0m [DRY-RUN] dryrun-832 Buy 11091025 x 50 @ 0.730 (Gtc)
[2m2026-07-04T18:17:59.750707Z[0m [32m INFO[0m [2mexecution[0m[2m:[0m [DRY-RUN] dryrun-833 Buy 11091025 x 50 @ 0.730 (Gtc)
[2m2026-07-04T18:18:00.001235Z[0m [32m INFO[0m [2mexecution[0m[2m:[0m [DRY-RUN] dryrun-834 Buy 11091025 x 50 @ 0.730 (Gtc)
[2m2026-07-04T18:18:00.250416Z[0m [32m INFO[0m [2mexecution[0m[2m:[0m [DRY-RUN] dryrun-835 Buy 11091025 x 50 @ 0.730 (Gtc)
[2m2026-07-04T18:18:00.500501Z[0m [32m INFO[0m [2mexecution[0m[2m:[0m [DRY-RUN] dryrun-836 Buy 11091025 x 50 @ 0.730 (Gtc)
[2m2026-07-04T18:18:00.750939Z[0m [32m INFO[0m [2mexecution[0m[2m:[0m [DRY-RUN] dryrun-837 Buy 11091025 x 50 @ 0.730 (Gtc)
[2m2026-07-04T18:18:01.001028Z[0m [32m INFO[0m [2mexecution[0m[2m:[0m [DRY-RUN] dryrun-838 Buy 11091025 x 50 @ 0.730 (Gtc)
[2m2026-07-04T18:18:01.251129Z[0m [32m INFO[0m [2mexecution[0m[2m:[0m [DRY-RUN] dryrun-839 Buy 11091025 x 50 @ 0.730 (Gtc)
[2m2026-07-04T18:18:01.750989Z[0m [32m INFO[0m [2mexecution[0m[2m:[0m [DRY-RUN] dryrun-840 Buy 11091025 x 50 @ 0.760 (Gtc)
[2m2026-07-04T18:18:02.001122Z[0m [32m INFO[0m [2mexecution[0m[2m:[0m [DRY-RUN] dryrun-841 Buy 11091025 x 50 @ 0.770 (Gtc)
[2m2026-07-04T18:18:02.250612Z[0m [32m INFO[0m [2mexecution[0m[2m:[0m [DRY-RUN] dryrun-842 Buy 29979717 x 50 @ 0.150 (Gtc)
[2m2026-07-04T18:18:02.500384Z[0m [32m INFO[0m [2mexecution[0m[2m:[0m [DRY-RUN] dryrun-843 Buy 29979717 x 50 @ 0.150 (Gtc)
[2m2026-07-04T18:18:03.000352Z[0m [32m INFO[0m [2mexecution[0m[2m:[0m [DRY-RUN] dryrun-844 Buy 29979717 x 50 @ 0.150 (Gtc)
[2m2026-07-04T18:18:03.250927Z[0m [32m INFO[0m [2mexecution[0m[2m:[0m [DRY-RUN] dryrun-845 Buy 29979717 x 50 @ 0.150 (Gtc)
[2m2026-07-04T18:20:02.496279Z[0m [32m INFO[0m [2mpm_bot[0m[2m:[0m fenêtre active: btc-updown-5m-1783189200 [1783189200000 → 1783189500000]
[2m2026-07-04T18:20:02.496414Z[0m [32m INFO[0m [2mpm_bot[0m[2m:[0m strike gelé: Some(63206.889185595006) (confidence=1.000, gap=Some(0) ms)
[2m2026-07-04T18:20:03.120171Z[0m [32m INFO[0m [2mpm_acquisition::clob[0m[2m:[0m CLOB connecté (up=10307843…, down=71112389…)
[2m2026-07-04T18:20:10.267879Z[0m [32m INFO[0m [2mexecution[0m[2m:[0m [DRY-RUN] dryrun-846 Buy 71112389 x 50 @ 0.500 (Gtc)
[2m2026-07-04T18:20:10.517929Z[0m [32m INFO[0m [2mexecution[0m[2m:[0m [DRY-RUN] dryrun-847 Buy 71112389 x 50 @ 0.500 (Gtc)
[2m2026-07-04T18:20:10.767630Z[0m [32m INFO[0m [2mexecution[0m[2m:[0m [DRY-RUN] dryrun-848 Buy 71112389 x 50 @ 0.480 (Gtc)
[2m2026-07-04T18:20:11.017582Z[0m [32m INFO[0m [2mexecution[0m[2m:[0m [DRY-RUN] dryrun-849 Buy 71112389 x 50 @ 0.480 (Gtc)
[2m2026-07-04T18:20:11.268172Z[0m [32m INFO[0m [2mexecution[0m[2m:[0m [DRY-RUN] dryrun-850 Buy 71112389 x 50 @ 0.480 (Gtc)
[2m2026-07-04T18:20:11.517422Z[0m [32m INFO[0m [2mexecution[0m[2m:[0m [DRY-RUN] dryrun-851 Buy 71112389 x 50 @ 0.480 (Gtc)
[2m2026-07-04T18:20:11.767594Z[0m [32m INFO[0m [2mexecution[0m[2m:[0m [DRY-RUN] dryrun-852 Buy 71112389 x 50 @ 0.480 (Gtc)
[2m2026-07-04T18:20:12.017388Z[0m [32m INFO[0m [2mexecution[0m[2m:[0m [DRY-RUN] dryrun-853 Buy 71112389 x 50 @ 0.480 (Gtc)
[2m2026-07-04T18:20:12.268337Z[0m [32m INFO[0m [2mexecution[0m[2m:[0m [DRY-RUN] dryrun-854 Buy 71112389 x 50 @ 0.480 (Gtc)
[2m2026-07-04T18:20:12.517625Z[0m [32m INFO[0m [2mexecution[0m[2m:[0m [DRY-RUN] dryrun-855 Buy 71112389 x 50 @ 0.480 (Gtc)
[2m2026-07-04T18:20:12.768033Z[0m [32m INFO[0m [2mexecution[0m[2m:[0m [DRY-RUN] dryrun-856 Buy 71112389 x 50 @ 0.480 (Gtc)
[2m2026-07-04T18:20:13.018197Z[0m [32m INFO[0m [2mexecution[0m[2m:[0m [DRY-RUN] dryrun-857 Buy 71112389 x 50 @ 0.480 (Gtc)
[2m2026-07-04T18:20:13.267465Z[0m [32m INFO[0m [2mexecution[0m[2m:[0m [DRY-RUN] dryrun-858 Buy 71112389 x 50 @ 0.490 (Gtc)
[2m2026-07-04T18:20:13.517749Z[0m [32m INFO[0m [2mexecution[0m[2m:[0m [DRY-RUN] dryrun-859 Buy 71112389 x 50 @ 0.490 (Gtc)
[2m2026-07-04T18:20:13.767781Z[0m [32m INFO[0m [2mexecution[0m[2m:[0m [DRY-RUN] dryrun-860 Buy 71112389 x 50 @ 0.490 (Gtc)
[2m2026-07-04T18:20:14.018146Z[0m [32m INFO[0m [2mexecution[0m[2m:[0m [DRY-RUN] dryrun-861 Buy 71112389 x 50 @ 0.490 (Gtc)
[2m2026-07-04T18:20:14.267961Z[0m [32m INFO[0m [2mexecution[0m[2m:[0m [DRY-RUN] dryrun-862 Buy 71112389 x 50 @ 0.490 (Gtc)
[2m2026-07-04T18:20:14.517878Z[0m [32m INFO[0m [2mexecution[0m[2m:[0m [DRY-RUN] dryrun-863 Buy 71112389 x 50 @ 0.490 (Gtc)
[2m2026-07-04T18:20:14.767410Z[0m [32m INFO[0m [2mexecution[0m[2m:[0m [DRY-RUN] dryrun-864 Buy 71112389 x 50 @ 0.490 (Gtc)
[2m2026-07-04T18:20:15.018166Z[0m [32m INFO[0m [2mexecution[0m[2m:[0m [DRY-RUN] dryrun-865 Buy 71112389 x 50 @ 0.490 (Gtc)
[2m2026-07-04T18:20:15.267911Z[0m [32m INFO[0m [2mexecution[0m[2m:[0m [DRY-RUN] dryrun-866 Buy 71112389 x 50 @ 0.490 (Gtc)
[2m2026-07-04T18:20:15.517601Z[0m [32m INFO[0m [2mexecution[0m[2m:[0m [DRY-RUN] dryrun-867 Buy 71112389 x 50 @ 0.490 (Gtc)
[2m2026-07-04T18:20:15.767972Z[0m [32m INFO[0m [2mexecution[0m[2m:[0m [DRY-RUN] dryrun-868 Buy 71112389 x 50 @ 0.490 (Gtc)
[2m2026-07-04T18:20:16.018020Z[0m [32m INFO[0m [2mexecution[0m[2m:[0m [DRY-RUN] dryrun-869 Buy 71112389 x 50 @ 0.490 (Gtc)
[2m2026-07-04T18:20:16.268276Z[0m [32m INFO[0m [2mexecution[0m[2m:[0m [DRY-RUN] dryrun-870 Buy 71112389 x 50 @ 0.490 (Gtc)
[2m2026-07-04T18:20:16.517657Z[0m [32m INFO[0m [2mexecution[0m[2m:[0m [DRY-RUN] dryrun-871 Buy 71112389 x 50 @ 0.480 (Gtc)
[2m2026-07-04T18:20:16.768018Z[0m [32m INFO[0m [2mexecution[0m[2m:[0m [DRY-RUN] dryrun-872 Buy 71112389 x 50 @ 0.470 (Gtc)
[2m2026-07-04T18:20:17.017798Z[0m [32m INFO[0m [2mexecution[0m[2m:[0m [DRY-RUN] dryrun-873 Buy 71112389 x 50 @ 0.470 (Gtc)
[2m2026-07-04T18:20:17.268253Z[0m [32m INFO[0m [2mexecution[0m[2m:[0m [DRY-RUN] dryrun-874 Buy 71112389 x 50 @ 0.460 (Gtc)
[2m2026-07-04T18:20:17.517765Z[0m [32m INFO[0m [2mexecution[0m[2m:[0m [DRY-RUN] dryrun-875 Buy 71112389 x 50 @ 0.460 (Gtc)
[2m2026-07-04T18:20:17.768035Z[0m [32m INFO[0m [2mexecution[0m[2m:[0m [DRY-RUN] dryrun-876 Buy 71112389 x 50 @ 0.470 (Gtc)
[2m2026-07-04T18:20:18.017377Z[0m [32m INFO[0m [2mexecution[0m[2m:[0m [DRY-RUN] dryrun-877 Buy 71112389 x 50 @ 0.470 (Gtc)
[2m2026-07-04T18:20:18.267712Z[0m [32m INFO[0m [2mexecution[0m[2m:[0m [DRY-RUN] dryrun-878 Buy 71112389 x 50 @ 0.470 (Gtc)
[2m2026-07-04T18:20:18.518214Z[0m [32m INFO[0m [2mexecution[0m[2m:[0m [DRY-RUN] dryrun-879 Buy 71112389 x 50 @ 0.480 (Gtc)
[2m2026-07-04T18:20:18.767324Z[0m [32m INFO[0m [2mexecution[0m[2m:[0m [DRY-RUN] dryrun-880 Buy 71112389 x 50 @ 0.500 (Gtc)
[2m2026-07-04T18:20:19.017605Z[0m [32m INFO[0m [2mexecution[0m[2m:[0m [DRY-RUN] dryrun-881 Buy 71112389 x 50 @ 0.500 (Gtc)
[2m2026-07-04T18:20:19.267600Z[0m [32m INFO[0m [2mexecution[0m[2m:[0m [DRY-RUN] dryrun-882 Buy 71112389 x 50 @ 0.500 (Gtc)
[2m2026-07-04T18:20:19.517980Z[0m [32m INFO[0m [2mexecution[0m[2m:[0m [DRY-RUN] dryrun-883 Buy 71112389 x 50 @ 0.500 (Gtc)
[2m2026-07-04T18:20:19.768169Z[0m [32m INFO[0m [2mexecution[0m[2m:[0m [DRY-RUN] dryrun-884 Buy 71112389 x 50 @ 0.500 (Gtc)
[2m2026-07-04T18:20:20.017695Z[0m [32m INFO[0m [2mexecution[0m[2m:[0m [DRY-RUN] dryrun-885 Buy 71112389 x 50 @ 0.490 (Gtc)
[2m2026-07-04T18:20:20.268342Z[0m [32m INFO[0m [2mexecution[0m[2m:[0m [DRY-RUN] dryrun-886 Buy 71112389 x 50 @ 0.490 (Gtc)
[2m2026-07-04T18:20:20.518156Z[0m [32m INFO[0m [2mexecution[0m[2m:[0m [DRY-RUN] dryrun-887 Buy 71112389 x 50 @ 0.490 (Gtc)
[2m2026-07-04T18:20:20.767733Z[0m [32m INFO[0m [2mexecution[0m[2m:[0m [DRY-RUN] dryrun-888 Buy 71112389 x 50 @ 0.480 (Gtc)
[2m2026-07-04T18:20:21.017625Z[0m [32m INFO[0m [2mexecution[0m[2m:[0m [DRY-RUN] dryrun-889 Buy 71112389 x 50 @ 0.470 (Gtc)
[2m2026-07-04T18:20:21.267624Z[0m [32m INFO[0m [2mexecution[0m[2m:[0m [DRY-RUN] dryrun-890 Buy 71112389 x 50 @ 0.470 (Gtc)
[2m2026-07-04T18:20:21.518307Z[0m [32m INFO[0m [2mexecution[0m[2m:[0m [DRY-RUN] dryrun-891 Buy 71112389 x 50 @ 0.470 (Gtc)
[2m2026-07-04T18:20:21.767900Z[0m [32m INFO[0m [2mexecution[0m[2m:[0m [DRY-RUN] dryrun-892 Buy 71112389 x 50 @ 0.470 (Gtc)
[2m2026-07-04T18:20:22.017224Z[0m [32m INFO[0m [2mexecution[0m[2m:[0m [DRY-RUN] dryrun-893 Buy 71112389 x 50 @ 0.470 (Gtc)
[2m2026-07-04T18:20:22.268133Z[0m [32m INFO[0m [2mexecution[0m[2m:[0m [DRY-RUN] dryrun-894 Buy 71112389 x 50 @ 0.470 (Gtc)
[2m2026-07-04T18:20:22.517723Z[0m [32m INFO[0m [2mexecution[0m[2m:[0m [DRY-RUN] dryrun-895 Buy 71112389 x 50 @ 0.470 (Gtc)
[2m2026-07-04T18:20:22.768039Z[0m [32m INFO[0m [2mexecution[0m[2m:[0m [DRY-RUN] dryrun-896 Buy 71112389 x 50 @ 0.470 (Gtc)
[2m2026-07-04T18:20:23.017675Z[0m [32m INFO[0m [2mexecution[0m[2m:[0m [DRY-RUN] dryrun-897 Buy 71112389 x 50 @ 0.470 (Gtc)
[2m2026-07-04T18:20:23.267605Z[0m [32m INFO[0m [2mexecution[0m[2m:[0m [DRY-RUN] dryrun-898 Buy 71112389 x 50 @ 0.470 (Gtc)
[2m2026-07-04T18:20:23.517505Z[0m [32m INFO[0m [2mexecution[0m[2m:[0m [DRY-RUN] dryrun-899 Buy 71112389 x 50 @ 0.480 (Gtc)
[2m2026-07-04T18:20:23.768251Z[0m [32m INFO[0m [2mexecution[0m[2m:[0m [DRY-RUN] dryrun-900 Buy 71112389 x 50 @ 0.480 (Gtc)
[2m2026-07-04T18:20:24.017996Z[0m [32m INFO[0m [2mexecution[0m[2m:[0m [DRY-RUN] dryrun-901 Buy 71112389 x 50 @ 0.480 (Gtc)
[2m2026-07-04T18:20:24.267390Z[0m [32m INFO[0m [2mexecution[0m[2m:[0m [DRY-RUN] dryrun-902 Buy 71112389 x 50 @ 0.480 (Gtc)
[2m2026-07-04T18:20:24.517386Z[0m [32m INFO[0m [2mexecution[0m[2m:[0m [DRY-RUN] dryrun-903 Buy 71112389 x 50 @ 0.480 (Gtc)
[2m2026-07-04T18:20:24.767387Z[0m [32m INFO[0m [2mexecution[0m[2m:[0m [DRY-RUN] dryrun-904 Buy 71112389 x 50 @ 0.480 (Gtc)
[2m2026-07-04T18:20:25.018236Z[0m [32m INFO[0m [2mexecution[0m[2m:[0m [DRY-RUN] dryrun-905 Buy 71112389 x 50 @ 0.480 (Gtc)
[2m2026-07-04T18:20:25.267939Z[0m [32m INFO[0m [2mexecution[0m[2m:[0m [DRY-RUN] dryrun-906 Buy 71112389 x 50 @ 0.480 (Gtc)
[2m2026-07-04T18:20:25.517528Z[0m [32m INFO[0m [2mexecution[0m[2m:[0m [DRY-RUN] dryrun-907 Buy 71112389 x 50 @ 0.480 (Gtc)
[2m2026-07-04T18:20:25.767798Z[0m [32m INFO[0m [2mexecution[0m[2m:[0m [DRY-RUN] dryrun-908 Buy 71112389 x 50 @ 0.480 (Gtc)
[2m2026-07-04T18:20:26.017801Z[0m [32m INFO[0m [2mexecution[0m[2m:[0m [DRY-RUN] dryrun-909 Buy 71112389 x 50 @ 0.480 (Gtc)
[2m2026-07-04T18:20:26.267696Z[0m [32m INFO[0m [2mexecution[0m[2m:[0m [DRY-RUN] dryrun-910 Buy 71112389 x 50 @ 0.480 (Gtc)
[2m2026-07-04T18:20:26.517653Z[0m [32m INFO[0m [2mexecution[0m[2m:[0m [DRY-RUN] dryrun-911 Buy 71112389 x 50 @ 0.480 (Gtc)
[2m2026-07-04T18:20:26.767588Z[0m [32m INFO[0m [2mexecution[0m[2m:[0m [DRY-RUN] dryrun-912 Buy 71112389 x 50 @ 0.480 (Gtc)
[2m2026-07-04T18:20:27.017846Z[0m [32m INFO[0m [2mexecution[0m[2m:[0m [DRY-RUN] dryrun-913 Buy 71112389 x 50 @ 0.480 (Gtc)
[2m2026-07-04T18:20:27.268301Z[0m [32m INFO[0m [2mexecution[0m[2m:[0m [DRY-RUN] dryrun-914 Buy 71112389 x 50 @ 0.480 (Gtc)
[2m2026-07-04T18:20:27.518353Z[0m [32m INFO[0m [2mexecution[0m[2m:[0m [DRY-RUN] dryrun-915 Buy 71112389 x 50 @ 0.480 (Gtc)
[2m2026-07-04T18:20:27.767351Z[0m [32m INFO[0m [2mexecution[0m[2m:[0m [DRY-RUN] dryrun-916 Buy 71112389 x 50 @ 0.480 (Gtc)
[2m2026-07-04T18:20:28.017657Z[0m [32m INFO[0m [2mexecution[0m[2m:[0m [DRY-RUN] dryrun-917 Buy 71112389 x 50 @ 0.480 (Gtc)
[2m2026-07-04T18:20:28.268101Z[0m [32m INFO[0m [2mexecution[0m[2m:[0m [DRY-RUN] dryrun-918 Buy 71112389 x 50 @ 0.470 (Gtc)
[2m2026-07-04T18:20:28.517629Z[0m [32m INFO[0m [2mexecution[0m[2m:[0m [DRY-RUN] dryrun-919 Buy 71112389 x 50 @ 0.470 (Gtc)
[2m2026-07-04T18:20:28.767447Z[0m [32m INFO[0m [2mexecution[0m[2m:[0m [DRY-RUN] dryrun-920 Buy 71112389 x 50 @ 0.470 (Gtc)
[2m2026-07-04T18:20:29.017719Z[0m [32m INFO[0m [2mexecution[0m[2m:[0m [DRY-RUN] dryrun-921 Buy 71112389 x 50 @ 0.460 (Gtc)
[2m2026-07-04T18:20:29.267820Z[0m [32m INFO[0m [2mexecution[0m[2m:[0m [DRY-RUN] dryrun-922 Buy 71112389 x 50 @ 0.460 (Gtc)
[2m2026-07-04T18:20:29.517599Z[0m [32m INFO[0m [2mexecution[0m[2m:[0m [DRY-RUN] dryrun-923 Buy 71112389 x 50 @ 0.460 (Gtc)
[2m2026-07-04T18:20:29.767873Z[0m [32m INFO[0m [2mexecution[0m[2m:[0m [DRY-RUN] dryrun-924 Buy 71112389 x 50 @ 0.460 (Gtc)
[2m2026-07-04T18:20:30.017612Z[0m [32m INFO[0m [2mexecution[0m[2m:[0m [DRY-RUN] dryrun-925 Buy 71112389 x 50 @ 0.460 (Gtc)
[2m2026-07-04T18:20:30.267690Z[0m [32m INFO[0m [2mexecution[0m[2m:[0m [DRY-RUN] dryrun-926 Buy 71112389 x 50 @ 0.460 (Gtc)
[2m2026-07-04T18:20:30.517799Z[0m [32m INFO[0m [2mexecution[0m[2m:[0m [DRY-RUN] dryrun-927 Buy 71112389 x 50 @ 0.460 (Gtc)
[2m2026-07-04T18:20:30.768272Z[0m [32m INFO[0m [2mexecution[0m[2m:[0m [DRY-RUN] dryrun-928 Buy 71112389 x 50 @ 0.460 (Gtc)
[2m2026-07-04T18:20:31.017488Z[0m [32m INFO[0m [2mexecution[0m[2m:[0m [DRY-RUN] dryrun-929 Buy 71112389 x 50 @ 0.460 (Gtc)
[2m2026-07-04T18:20:31.267925Z[0m [32m INFO[0m [2mexecution[0m[2m:[0m [DRY-RUN] dryrun-930 Buy 71112389 x 50 @ 0.460 (Gtc)
[2m2026-07-04T18:20:31.517485Z[0m [32m INFO[0m [2mexecution[0m[2m:[0m [DRY-RUN] dryrun-931 Buy 71112389 x 50 @ 0.460 (Gtc)
[2m2026-07-04T18:20:31.767515Z[0m [32m INFO[0m [2mexecution[0m[2m:[0m [DRY-RUN] dryrun-932 Buy 71112389 x 50 @ 0.460 (Gtc)
[2m2026-07-04T18:20:32.017710Z[0m [32m INFO[0m [2mexecution[0m[2m:[0m [DRY-RUN] dryrun-933 Buy 71112389 x 50 @ 0.460 (Gtc)
[2m2026-07-04T18:20:32.267726Z[0m [32m INFO[0m [2mexecution[0m[2m:[0m [DRY-RUN] dryrun-934 Buy 71112389 x 50 @ 0.460 (Gtc)
[2m2026-07-04T18:20:32.517689Z[0m [32m INFO[0m [2mexecution[0m[2m:[0m [DRY-RUN] dryrun-935 Buy 71112389 x 50 @ 0.460 (Gtc)
[2m2026-07-04T18:20:32.768138Z[0m [32m INFO[0m [2mexecution[0m[2m:[0m [DRY-RUN] dryrun-936 Buy 71112389 x 50 @ 0.460 (Gtc)
[2m2026-07-04T18:20:33.018108Z[0m [32m INFO[0m [2mexecution[0m[2m:[0m [DRY-RUN] dryrun-937 Buy 71112389 x 50 @ 0.460 (Gtc)
[2m2026-07-04T18:20:33.267640Z[0m [32m INFO[0m [2mexecution[0m[2m:[0m [DRY-RUN] dryrun-938 Buy 71112389 x 50 @ 0.460 (Gtc)
[2m2026-07-04T18:20:33.517669Z[0m [32m INFO[0m [2mexecution[0m[2m:[0m [DRY-RUN] dryrun-939 Buy 71112389 x 50 @ 0.460 (Gtc)
[2m2026-07-04T18:20:33.767900Z[0m [32m INFO[0m [2mexecution[0m[2m:[0m [DRY-RUN] dryrun-940 Buy 71112389 x 50 @ 0.460 (Gtc)
[2m2026-07-04T18:20:34.018098Z[0m [32m INFO[0m [2mexecution[0m[2m:[0m [DRY-RUN] dryrun-941 Buy 71112389 x 50 @ 0.460 (Gtc)
[2m2026-07-04T18:20:34.268177Z[0m [32m INFO[0m [2mexecution[0m[2m:[0m [DRY-RUN] dryrun-942 Buy 71112389 x 50 @ 0.460 (Gtc)
[2m2026-07-04T18:20:34.518061Z[0m [32m INFO[0m [2mexecution[0m[2m:[0m [DRY-RUN] dryrun-943 Buy 71112389 x 50 @ 0.460 (Gtc)
[2m2026-07-04T18:20:34.768205Z[0m [32m INFO[0m [2mexecution[0m[2m:[0m [DRY-RUN] dryrun-944 Buy 71112389 x 50 @ 0.460 (Gtc)
[2m2026-07-04T18:20:35.018160Z[0m [32m INFO[0m [2mexecution[0m[2m:[0m [DRY-RUN] dryrun-945 Buy 71112389 x 50 @ 0.460 (Gtc)
[2m2026-07-04T18:20:35.267800Z[0m [32m INFO[0m [2mexecution[0m[2m:[0m [DRY-RUN] dryrun-946 Buy 71112389 x 50 @ 0.460 (Gtc)
[2m2026-07-04T18:20:35.518241Z[0m [32m INFO[0m [2mexecution[0m[2m:[0m [DRY-RUN] dryrun-947 Buy 71112389 x 50 @ 0.490 (Gtc)
[2m2026-07-04T18:20:35.768031Z[0m [32m INFO[0m [2mexecution[0m[2m:[0m [DRY-RUN] dryrun-948 Buy 71112389 x 50 @ 0.490 (Gtc)
[2m2026-07-04T18:20:36.017867Z[0m [32m INFO[0m [2mexecution[0m[2m:[0m [DRY-RUN] dryrun-949 Buy 71112389 x 50 @ 0.490 (Gtc)
[2m2026-07-04T18:20:36.268169Z[0m [32m INFO[0m [2mexecution[0m[2m:[0m [DRY-RUN] dryrun-950 Buy 71112389 x 50 @ 0.490 (Gtc)
[2m2026-07-04T18:20:36.517822Z[0m [32m INFO[0m [2mexecution[0m[2m:[0m [DRY-RUN] dryrun-951 Buy 71112389 x 50 @ 0.490 (Gtc)
[2m2026-07-04T18:20:36.767842Z[0m [32m INFO[0m [2mexecution[0m[2m:[0m [DRY-RUN] dryrun-952 Buy 71112389 x 50 @ 0.490 (Gtc)
[2m2026-07-04T18:20:37.018097Z[0m [32m INFO[0m [2mexecution[0m[2m:[0m [DRY-RUN] dryrun-953 Buy 71112389 x 50 @ 0.490 (Gtc)
[2m2026-07-04T18:20:37.268006Z[0m [32m INFO[0m [2mexecution[0m[2m:[0m [DRY-RUN] dryrun-954 Buy 71112389 x 50 @ 0.490 (Gtc)
[2m2026-07-04T18:20:37.517421Z[0m [32m INFO[0m [2mexecution[0m[2m:[0m [DRY-RUN] dryrun-955 Buy 71112389 x 50 @ 0.490 (Gtc)
[2m2026-07-04T18:20:37.768257Z[0m [32m INFO[0m [2mexecution[0m[2m:[0m [DRY-RUN] dryrun-956 Buy 71112389 x 50 @ 0.490 (Gtc)
[2m2026-07-04T18:20:38.017958Z[0m [32m INFO[0m [2mexecution[0m[2m:[0m [DRY-RUN] dryrun-957 Buy 71112389 x 50 @ 0.490 (Gtc)
[2m2026-07-04T18:20:38.268094Z[0m [32m INFO[0m [2mexecution[0m[2m:[0m [DRY-RUN] dryrun-958 Buy 71112389 x 50 @ 0.490 (Gtc)
[2m2026-07-04T18:20:38.518166Z[0m [32m INFO[0m [2mexecution[0m[2m:[0m [DRY-RUN] dryrun-959 Buy 71112389 x 50 @ 0.490 (Gtc)
[2m2026-07-04T18:20:38.768235Z[0m [32m INFO[0m [2mexecution[0m[2m:[0m [DRY-RUN] dryrun-960 Buy 71112389 x 50 @ 0.490 (Gtc)
[2m2026-07-04T18:20:39.017807Z[0m [32m INFO[0m [2mexecution[0m[2m:[0m [DRY-RUN] dryrun-961 Buy 71112389 x 50 @ 0.490 (Gtc)
[2m2026-07-04T18:20:39.267885Z[0m [32m INFO[0m [2mexecution[0m[2m:[0m [DRY-RUN] dryrun-962 Buy 71112389 x 50 @ 0.490 (Gtc)
[2m2026-07-04T18:20:39.517687Z[0m [32m INFO[0m [2mexecution[0m[2m:[0m [DRY-RUN] dryrun-963 Buy 71112389 x 50 @ 0.490 (Gtc)
[2m2026-07-04T18:20:39.768177Z[0m [32m INFO[0m [2mexecution[0m[2m:[0m [DRY-RUN] dryrun-964 Buy 71112389 x 50 @ 0.490 (Gtc)
[2m2026-07-04T18:20:58.518440Z[0m [32m INFO[0m [2mexecution[0m[2m:[0m [DRY-RUN] dryrun-965 Buy 10307843 x 50 @ 0.470 (Gtc)
[2m2026-07-04T18:20:58.767523Z[0m [32m INFO[0m [2mexecution[0m[2m:[0m [DRY-RUN] dryrun-966 Buy 10307843 x 50 @ 0.470 (Gtc)
[2m2026-07-04T18:20:59.018067Z[0m [32m INFO[0m [2mexecution[0m[2m:[0m [DRY-RUN] dryrun-967 Buy 10307843 x 50 @ 0.470 (Gtc)
[2m2026-07-04T18:20:59.268143Z[0m [32m INFO[0m [2mexecution[0m[2m:[0m [DRY-RUN] dryrun-968 Buy 10307843 x 50 @ 0.470 (Gtc)
[2m2026-07-04T18:20:59.517885Z[0m [32m INFO[0m [2mexecution[0m[2m:[0m [DRY-RUN] dryrun-969 Buy 10307843 x 50 @ 0.430 (Gtc)
[2m2026-07-04T18:20:59.768185Z[0m [32m INFO[0m [2mexecution[0m[2m:[0m [DRY-RUN] dryrun-970 Buy 10307843 x 50 @ 0.460 (Gtc)
[2m2026-07-04T18:21:00.017487Z[0m [32m INFO[0m [2mexecution[0m[2m:[0m [DRY-RUN] dryrun-971 Buy 10307843 x 50 @ 0.440 (Gtc)
[2m2026-07-04T18:21:00.267535Z[0m [32m INFO[0m [2mexecution[0m[2m:[0m [DRY-RUN] dryrun-972 Buy 10307843 x 50 @ 0.450 (Gtc)
[2m2026-07-04T18:21:00.517477Z[0m [32m INFO[0m [2mexecution[0m[2m:[0m [DRY-RUN] dryrun-973 Buy 10307843 x 50 @ 0.450 (Gtc)
[2m2026-07-04T18:21:00.767525Z[0m [32m INFO[0m [2mexecution[0m[2m:[0m [DRY-RUN] dryrun-974 Buy 10307843 x 50 @ 0.450 (Gtc)
[2m2026-07-04T18:21:01.017847Z[0m [32m INFO[0m [2mexecution[0m[2m:[0m [DRY-RUN] dryrun-975 Buy 10307843 x 50 @ 0.450 (Gtc)
[2m2026-07-04T18:21:01.267351Z[0m [32m INFO[0m [2mexecution[0m[2m:[0m [DRY-RUN] dryrun-976 Buy 10307843 x 50 @ 0.450 (Gtc)
[2m2026-07-04T18:21:01.518081Z[0m [32m INFO[0m [2mexecution[0m[2m:[0m [DRY-RUN] dryrun-977 Buy 10307843 x 50 @ 0.440 (Gtc)
[2m2026-07-04T18:21:01.767691Z[0m [32m INFO[0m [2mexecution[0m[2m:[0m [DRY-RUN] dryrun-978 Buy 10307843 x 50 @ 0.440 (Gtc)
[2m2026-07-04T18:21:02.017900Z[0m [32m INFO[0m [2mexecution[0m[2m:[0m [DRY-RUN] dryrun-979 Buy 10307843 x 50 @ 0.440 (Gtc)
[2m2026-07-04T18:21:02.267440Z[0m [32m INFO[0m [2mexecution[0m[2m:[0m [DRY-RUN] dryrun-980 Buy 10307843 x 50 @ 0.440 (Gtc)
[2m2026-07-04T18:21:02.517832Z[0m [32m INFO[0m [2mexecution[0m[2m:[0m [DRY-RUN] dryrun-981 Buy 10307843 x 50 @ 0.440 (Gtc)
[2m2026-07-04T18:21:02.767901Z[0m [32m INFO[0m [2mexecution[0m[2m:[0m [DRY-RUN] dryrun-982 Buy 10307843 x 50 @ 0.450 (Gtc)
[2m2026-07-04T18:21:03.018281Z[0m [32m INFO[0m [2mexecution[0m[2m:[0m [DRY-RUN] dryrun-983 Buy 10307843 x 50 @ 0.460 (Gtc)
[2m2026-07-04T18:21:03.268317Z[0m [32m INFO[0m [2mexecution[0m[2m:[0m [DRY-RUN] dryrun-984 Buy 10307843 x 50 @ 0.470 (Gtc)
[2m2026-07-04T18:21:03.517954Z[0m [32m INFO[0m [2mexecution[0m[2m:[0m [DRY-RUN] dryrun-985 Buy 10307843 x 50 @ 0.470 (Gtc)
[2m2026-07-04T18:21:03.767679Z[0m [32m INFO[0m [2mexecution[0m[2m:[0m [DRY-RUN] dryrun-986 Buy 10307843 x 50 @ 0.470 (Gtc)
[2m2026-07-04T18:21:04.018057Z[0m [32m INFO[0m [2mexecution[0m[2m:[0m [DRY-RUN] dryrun-987 Buy 10307843 x 50 @ 0.470 (Gtc)
[2m2026-07-04T18:21:04.267466Z[0m [32m INFO[0m [2mexecution[0m[2m:[0m [DRY-RUN] dryrun-988 Buy 10307843 x 50 @ 0.460 (Gtc)
[2m2026-07-04T18:21:04.517340Z[0m [32m INFO[0m [2mexecution[0m[2m:[0m [DRY-RUN] dryrun-989 Buy 10307843 x 50 @ 0.460 (Gtc)
[2m2026-07-04T18:21:04.767538Z[0m [32m INFO[0m [2mexecution[0m[2m:[0m [DRY-RUN] dryrun-990 Buy 10307843 x 50 @ 0.460 (Gtc)
[2m2026-07-04T18:21:05.017726Z[0m [32m INFO[0m [2mexecution[0m[2m:[0m [DRY-RUN] dryrun-991 Buy 10307843 x 50 @ 0.460 (Gtc)
[2m2026-07-04T18:21:05.267830Z[0m [32m INFO[0m [2mexecution[0m[2m:[0m [DRY-RUN] dryrun-992 Buy 10307843 x 50 @ 0.460 (Gtc)
[2m2026-07-04T18:21:05.518064Z[0m [32m INFO[0m [2mexecution[0m[2m:[0m [DRY-RUN] dryrun-993 Buy 10307843 x 50 @ 0.460 (Gtc)
[2m2026-07-04T18:21:05.767257Z[0m [32m INFO[0m [2mexecution[0m[2m:[0m [DRY-RUN] dryrun-994 Buy 10307843 x 50 @ 0.460 (Gtc)
[2m2026-07-04T18:21:06.267766Z[0m [32m INFO[0m [2mexecution[0m[2m:[0m [DRY-RUN] dryrun-995 Buy 10307843 x 50 @ 0.470 (Gtc)
[2m2026-07-04T18:21:06.517969Z[0m [32m INFO[0m [2mexecution[0m[2m:[0m [DRY-RUN] dryrun-996 Buy 10307843 x 50 @ 0.470 (Gtc)
[2m2026-07-04T18:21:06.767458Z[0m [32m INFO[0m [2mexecution[0m[2m:[0m [DRY-RUN] dryrun-997 Buy 10307843 x 50 @ 0.470 (Gtc)
[2m2026-07-04T18:21:07.017521Z[0m [32m INFO[0m [2mexecution[0m[2m:[0m [DRY-RUN] dryrun-998 Buy 10307843 x 50 @ 0.470 (Gtc)
[2m2026-07-04T18:21:07.267858Z[0m [32m INFO[0m [2mexecution[0m[2m:[0m [DRY-RUN] dryrun-999 Buy 10307843 x 50 @ 0.480 (Gtc)
[2m2026-07-04T18:21:07.518036Z[0m [32m INFO[0m [2mexecution[0m[2m:[0m [DRY-RUN] dryrun-1000 Buy 10307843 x 50 @ 0.480 (Gtc)
[2m2026-07-04T18:21:07.767701Z[0m [32m INFO[0m [2mexecution[0m[2m:[0m [DRY-RUN] dryrun-1001 Buy 10307843 x 50 @ 0.480 (Gtc)
[2m2026-07-04T18:21:08.017351Z[0m [32m INFO[0m [2mexecution[0m[2m:[0m [DRY-RUN] dryrun-1002 Buy 10307843 x 50 @ 0.480 (Gtc)
[2m2026-07-04T18:21:08.267486Z[0m [32m INFO[0m [2mexecution[0m[2m:[0m [DRY-RUN] dryrun-1003 Buy 10307843 x 50 @ 0.480 (Gtc)
[2m2026-07-04T18:21:08.518000Z[0m [32m INFO[0m [2mexecution[0m[2m:[0m [DRY-RUN] dryrun-1004 Buy 10307843 x 50 @ 0.480 (Gtc)
[2m2026-07-04T18:21:08.767304Z[0m [32m INFO[0m [2mexecution[0m[2m:[0m [DRY-RUN] dryrun-1005 Buy 10307843 x 50 @ 0.480 (Gtc)
[2m2026-07-04T18:21:09.018225Z[0m [32m INFO[0m [2mexecution[0m[2m:[0m [DRY-RUN] dryrun-1006 Buy 10307843 x 50 @ 0.470 (Gtc)
[2m2026-07-04T18:21:09.267643Z[0m [32m INFO[0m [2mexecution[0m[2m:[0m [DRY-RUN] dryrun-1007 Buy 10307843 x 50 @ 0.470 (Gtc)
[2m2026-07-04T18:21:09.517896Z[0m [32m INFO[0m [2mexecution[0m[2m:[0m [DRY-RUN] dryrun-1008 Buy 10307843 x 50 @ 0.470 (Gtc)
[2m2026-07-04T18:21:09.767747Z[0m [32m INFO[0m [2mexecution[0m[2m:[0m [DRY-RUN] dryrun-1009 Buy 10307843 x 50 @ 0.470 (Gtc)
[2m2026-07-04T18:21:10.017287Z[0m [32m INFO[0m [2mexecution[0m[2m:[0m [DRY-RUN] dryrun-1010 Buy 10307843 x 50 @ 0.470 (Gtc)
[2m2026-07-04T18:21:10.267867Z[0m [32m INFO[0m [2mexecution[0m[2m:[0m [DRY-RUN] dryrun-1011 Buy 10307843 x 50 @ 0.470 (Gtc)
[2m2026-07-04T18:21:10.517796Z[0m [32m INFO[0m [2mexecution[0m[2m:[0m [DRY-RUN] dryrun-1012 Buy 10307843 x 50 @ 0.470 (Gtc)
[2m2026-07-04T18:21:10.767395Z[0m [32m INFO[0m [2mexecution[0m[2m:[0m [DRY-RUN] dryrun-1013 Buy 10307843 x 50 @ 0.470 (Gtc)
[2m2026-07-04T18:21:11.017772Z[0m [32m INFO[0m [2mexecution[0m[2m:[0m [DRY-RUN] dryrun-1014 Buy 10307843 x 50 @ 0.440 (Gtc)
[2m2026-07-04T18:21:11.267555Z[0m [32m INFO[0m [2mexecution[0m[2m:[0m [DRY-RUN] dryrun-1015 Buy 10307843 x 50 @ 0.430 (Gtc)
[2m2026-07-04T18:21:11.517897Z[0m [32m INFO[0m [2mexecution[0m[2m:[0m [DRY-RUN] dryrun-1016 Buy 10307843 x 50 @ 0.430 (Gtc)
[2m2026-07-04T18:21:11.768266Z[0m [32m INFO[0m [2mexecution[0m[2m:[0m [DRY-RUN] dryrun-1017 Buy 10307843 x 50 @ 0.420 (Gtc)
[2m2026-07-04T18:21:12.018176Z[0m [32m INFO[0m [2mexecution[0m[2m:[0m [DRY-RUN] dryrun-1018 Buy 10307843 x 50 @ 0.420 (Gtc)
[2m2026-07-04T18:21:12.268249Z[0m [32m INFO[0m [2mexecution[0m[2m:[0m [DRY-RUN] dryrun-1019 Buy 10307843 x 50 @ 0.420 (Gtc)
[2m2026-07-04T18:21:12.518162Z[0m [32m INFO[0m [2mexecution[0m[2m:[0m [DRY-RUN] dryrun-1020 Buy 10307843 x 50 @ 0.420 (Gtc)
[2m2026-07-04T18:21:12.768239Z[0m [32m INFO[0m [2mexecution[0m[2m:[0m [DRY-RUN] dryrun-1021 Buy 10307843 x 50 @ 0.420 (Gtc)
[2m2026-07-04T18:21:13.017712Z[0m [32m INFO[0m [2mexecution[0m[2m:[0m [DRY-RUN] dryrun-1022 Buy 10307843 x 50 @ 0.420 (Gtc)
[2m2026-07-04T18:21:13.268225Z[0m [32m INFO[0m [2mexecution[0m[2m:[0m [DRY-RUN] dryrun-1023 Buy 10307843 x 50 @ 0.420 (Gtc)
[2m2026-07-04T18:21:13.518213Z[0m [32m INFO[0m [2mexecution[0m[2m:[0m [DRY-RUN] dryrun-1024 Buy 10307843 x 50 @ 0.410 (Gtc)
[2m2026-07-04T18:21:13.767963Z[0m [32m INFO[0m [2mexecution[0m[2m:[0m [DRY-RUN] dryrun-1025 Buy 10307843 x 50 @ 0.410 (Gtc)
[2m2026-07-04T18:21:14.017472Z[0m [32m INFO[0m [2mexecution[0m[2m:[0m [DRY-RUN] dryrun-1026 Buy 10307843 x 50 @ 0.410 (Gtc)
[2m2026-07-04T18:21:14.267835Z[0m [32m INFO[0m [2mexecution[0m[2m:[0m [DRY-RUN] dryrun-1027 Buy 10307843 x 50 @ 0.410 (Gtc)
[2m2026-07-04T18:21:14.517703Z[0m [32m INFO[0m [2mexecution[0m[2m:[0m [DRY-RUN] dryrun-1028 Buy 10307843 x 50 @ 0.410 (Gtc)
[2m2026-07-04T18:21:14.767993Z[0m [32m INFO[0m [2mexecution[0m[2m:[0m [DRY-RUN] dryrun-1029 Buy 10307843 x 50 @ 0.410 (Gtc)
[2m2026-07-04T18:21:15.017638Z[0m [32m INFO[0m [2mexecution[0m[2m:[0m [DRY-RUN] dryrun-1030 Buy 10307843 x 50 @ 0.400 (Gtc)
[2m2026-07-04T18:21:15.267453Z[0m [32m INFO[0m [2mexecution[0m[2m:[0m [DRY-RUN] dryrun-1031 Buy 10307843 x 50 @ 0.410 (Gtc)
[2m2026-07-04T18:21:15.517618Z[0m [32m INFO[0m [2mexecution[0m[2m:[0m [DRY-RUN] dryrun-1032 Buy 10307843 x 50 @ 0.410 (Gtc)
[2m2026-07-04T18:21:15.767543Z[0m [32m INFO[0m [2mexecution[0m[2m:[0m [DRY-RUN] dryrun-1033 Buy 10307843 x 50 @ 0.400 (Gtc)
[2m2026-07-04T18:21:16.017904Z[0m [32m INFO[0m [2mexecution[0m[2m:[0m [DRY-RUN] dryrun-1034 Buy 10307843 x 50 @ 0.360 (Gtc)
[2m2026-07-04T18:21:16.268228Z[0m [32m INFO[0m [2mexecution[0m[2m:[0m [DRY-RUN] dryrun-1035 Buy 10307843 x 50 @ 0.340 (Gtc)
[2m2026-07-04T18:21:16.517202Z[0m [32m INFO[0m [2mexecution[0m[2m:[0m [DRY-RUN] dryrun-1036 Buy 10307843 x 50 @ 0.260 (Gtc)
[2m2026-07-04T18:21:16.767467Z[0m [32m INFO[0m [2mexecution[0m[2m:[0m [DRY-RUN] dryrun-1037 Buy 10307843 x 50 @ 0.260 (Gtc)
[2m2026-07-04T18:21:17.017801Z[0m [32m INFO[0m [2mexecution[0m[2m:[0m [DRY-RUN] dryrun-1038 Buy 10307843 x 50 @ 0.260 (Gtc)
[2m2026-07-04T18:21:17.267505Z[0m [32m INFO[0m [2mexecution[0m[2m:[0m [DRY-RUN] dryrun-1039 Buy 10307843 x 50 @ 0.260 (Gtc)
[2m2026-07-04T18:21:17.517639Z[0m [32m INFO[0m [2mexecution[0m[2m:[0m [DRY-RUN] dryrun-1040 Buy 10307843 x 50 @ 0.260 (Gtc)
[2m2026-07-04T18:21:17.767648Z[0m [32m INFO[0m [2mexecution[0m[2m:[0m [DRY-RUN] dryrun-1041 Buy 10307843 x 50 @ 0.260 (Gtc)
[2m2026-07-04T18:21:18.017149Z[0m [32m INFO[0m [2mexecution[0m[2m:[0m [DRY-RUN] dryrun-1042 Buy 10307843 x 50 @ 0.260 (Gtc)
[2m2026-07-04T18:21:18.267609Z[0m [32m INFO[0m [2mexecution[0m[2m:[0m [DRY-RUN] dryrun-1043 Buy 10307843 x 50 @ 0.260 (Gtc)
[2m2026-07-04T18:21:18.517873Z[0m [32m INFO[0m [2mexecution[0m[2m:[0m [DRY-RUN] dryrun-1044 Buy 10307843 x 50 @ 0.260 (Gtc)
[2m2026-07-04T18:21:18.767865Z[0m [32m INFO[0m [2mexecution[0m[2m:[0m [DRY-RUN] dryrun-1045 Buy 10307843 x 50 @ 0.250 (Gtc)
[2m2026-07-04T18:21:19.017327Z[0m [32m INFO[0m [2mexecution[0m[2m:[0m [DRY-RUN] dryrun-1046 Buy 71112389 x 50 @ 0.760 (Gtc)
[2m2026-07-04T18:21:19.267692Z[0m [32m INFO[0m [2mexecution[0m[2m:[0m [DRY-RUN] dryrun-1047 Buy 71112389 x 50 @ 0.760 (Gtc)
[2m2026-07-04T18:21:19.517285Z[0m [32m INFO[0m [2mexecution[0m[2m:[0m [DRY-RUN] dryrun-1048 Buy 71112389 x 50 @ 0.760 (Gtc)
[2m2026-07-04T18:21:19.767803Z[0m [32m INFO[0m [2mexecution[0m[2m:[0m [DRY-RUN] dryrun-1049 Buy 71112389 x 50 @ 0.760 (Gtc)
[2m2026-07-04T18:21:20.017958Z[0m [32m INFO[0m [2mexecution[0m[2m:[0m [DRY-RUN] dryrun-1050 Buy 71112389 x 50 @ 0.760 (Gtc)
[2m2026-07-04T18:21:20.267738Z[0m [32m INFO[0m [2mexecution[0m[2m:[0m [DRY-RUN] dryrun-1051 Buy 71112389 x 50 @ 0.730 (Gtc)
[2m2026-07-04T18:21:46.267800Z[0m [32m INFO[0m [2mpm_bot[0m[2m:[0m TAKER: DOWN (z=-2.08 p=0.981 ask=0.830 avg=0.830 tau=194s)
[2m2026-07-04T18:21:46.267830Z[0m [32m INFO[0m [2mexecution[0m[2m:[0m [DRY-RUN] dryrun-1052 Buy 71112389 x 268 @ 0.840 (Fak)
[2m2026-07-04T18:21:46.517316Z[0m [32m INFO[0m [2mpm_bot[0m[2m:[0m TAKER: DOWN (z=-2.08 p=0.981 ask=0.810 avg=0.810 tau=193s)
[2m2026-07-04T18:21:46.517344Z[0m [32m INFO[0m [2mexecution[0m[2m:[0m [DRY-RUN] dryrun-1053 Buy 71112389 x 278 @ 0.820 (Fak)
[2m2026-07-04T18:21:46.767567Z[0m [32m INFO[0m [2mpm_bot[0m[2m:[0m TAKER: DOWN (z=-2.08 p=0.981 ask=0.810 avg=0.810 tau=193s)
[2m2026-07-04T18:21:46.767624Z[0m [32m INFO[0m [2mexecution[0m[2m:[0m [DRY-RUN] dryrun-1054 Buy 71112389 x 278 @ 0.820 (Fak)
[2m2026-07-04T18:21:47.018001Z[0m [32m INFO[0m [2mpm_bot[0m[2m:[0m TAKER: DOWN (z=-2.08 p=0.981 ask=0.810 avg=0.810 tau=193s)
[2m2026-07-04T18:21:47.018032Z[0m [32m INFO[0m [2mexecution[0m[2m:[0m [DRY-RUN] dryrun-1055 Buy 71112389 x 278 @ 0.820 (Fak)
[2m2026-07-04T18:21:47.267362Z[0m [32m INFO[0m [2mpm_bot[0m[2m:[0m TAKER: DOWN (z=-2.08 p=0.981 ask=0.810 avg=0.810 tau=193s)
[2m2026-07-04T18:21:47.267391Z[0m [32m INFO[0m [2mexecution[0m[2m:[0m [DRY-RUN] dryrun-1056 Buy 71112389 x 278 @ 0.820 (Fak)
[2m2026-07-04T18:21:47.517233Z[0m [32m INFO[0m [2mpm_bot[0m[2m:[0m TAKER: DOWN (z=-2.08 p=0.981 ask=0.810 avg=0.822 tau=192s)
[2m2026-07-04T18:21:47.517259Z[0m [32m INFO[0m [2mexecution[0m[2m:[0m [DRY-RUN] dryrun-1057 Buy 71112389 x 278 @ 0.832 (Fak)
[2m2026-07-04T18:21:47.768149Z[0m [32m INFO[0m [2mpm_bot[0m[2m:[0m TAKER: DOWN (z=-2.08 p=0.981 ask=0.810 avg=0.822 tau=192s)
[2m2026-07-04T18:21:47.768178Z[0m [32m INFO[0m [2mexecution[0m[2m:[0m [DRY-RUN] dryrun-1058 Buy 71112389 x 278 @ 0.832 (Fak)
[2m2026-07-04T18:21:48.018161Z[0m [32m INFO[0m [2mpm_bot[0m[2m:[0m TAKER: DOWN (z=-2.12 p=0.983 ask=0.810 avg=0.819 tau=192s)
[2m2026-07-04T18:21:48.018190Z[0m [32m INFO[0m [2mexecution[0m[2m:[0m [DRY-RUN] dryrun-1059 Buy 71112389 x 281 @ 0.829 (Fak)
[2m2026-07-04T18:21:48.267744Z[0m [32m INFO[0m [2mpm_bot[0m[2m:[0m TAKER: DOWN (z=-2.12 p=0.983 ask=0.810 avg=0.810 tau=192s)
[2m2026-07-04T18:21:48.267770Z[0m [32m INFO[0m [2mexecution[0m[2m:[0m [DRY-RUN] dryrun-1060 Buy 71112389 x 281 @ 0.820 (Fak)
[2m2026-07-04T18:21:48.768209Z[0m [32m INFO[0m [2mpm_bot[0m[2m:[0m TAKER: DOWN (z=-2.15 p=0.984 ask=0.830 avg=0.842 tau=191s)
[2m2026-07-04T18:21:48.768235Z[0m [32m INFO[0m [2mexecution[0m[2m:[0m [DRY-RUN] dryrun-1061 Buy 71112389 x 273 @ 0.852 (Fak)
[2m2026-07-04T18:21:49.017400Z[0m [32m INFO[0m [2mpm_bot[0m[2m:[0m TAKER: DOWN (z=-2.15 p=0.984 ask=0.830 avg=0.842 tau=191s)
[2m2026-07-04T18:21:49.017430Z[0m [32m INFO[0m [2mexecution[0m[2m:[0m [DRY-RUN] dryrun-1062 Buy 71112389 x 273 @ 0.852 (Fak)
[2m2026-07-04T18:21:49.267862Z[0m [32m INFO[0m [2mpm_bot[0m[2m:[0m TAKER: DOWN (z=-2.17 p=0.985 ask=0.830 avg=0.830 tau=191s)
[2m2026-07-04T18:21:49.267892Z[0m [32m INFO[0m [2mexecution[0m[2m:[0m [DRY-RUN] dryrun-1063 Buy 71112389 x 274 @ 0.840 (Fak)
[2m2026-07-04T18:21:49.517669Z[0m [32m INFO[0m [2mpm_bot[0m[2m:[0m TAKER: DOWN (z=-2.17 p=0.985 ask=0.840 avg=0.853 tau=190s)
[2m2026-07-04T18:21:49.517695Z[0m [32m INFO[0m [2mexecution[0m[2m:[0m [DRY-RUN] dryrun-1064 Buy 71112389 x 269 @ 0.863 (Fak)
[2m2026-07-04T18:21:49.767939Z[0m [32m INFO[0m [2mpm_bot[0m[2m:[0m TAKER: DOWN (z=-2.17 p=0.985 ask=0.850 avg=0.850 tau=190s)
[2m2026-07-04T18:21:49.767968Z[0m [32m INFO[0m [2mexecution[0m[2m:[0m [DRY-RUN] dryrun-1065 Buy 71112389 x 264 @ 0.860 (Fak)
[2m2026-07-04T18:21:50.017897Z[0m [32m INFO[0m [2mpm_bot[0m[2m:[0m TAKER: DOWN (z=-2.17 p=0.985 ask=0.850 avg=0.850 tau=190s)
[2m2026-07-04T18:21:50.017922Z[0m [32m INFO[0m [2mexecution[0m[2m:[0m [DRY-RUN] dryrun-1066 Buy 71112389 x 264 @ 0.860 (Fak)
[2m2026-07-04T18:21:50.267999Z[0m [32m INFO[0m [2mpm_bot[0m[2m:[0m TAKER: DOWN (z=-2.08 p=0.981 ask=0.850 avg=0.850 tau=190s)
[2m2026-07-04T18:21:50.268029Z[0m [32m INFO[0m [2mexecution[0m[2m:[0m [DRY-RUN] dryrun-1067 Buy 71112389 x 257 @ 0.860 (Fak)
[2m2026-07-04T18:21:50.517684Z[0m [32m INFO[0m [2mpm_bot[0m[2m:[0m TAKER: DOWN (z=-2.08 p=0.981 ask=0.850 avg=0.850 tau=189s)
[2m2026-07-04T18:21:50.517712Z[0m [32m INFO[0m [2mexecution[0m[2m:[0m [DRY-RUN] dryrun-1068 Buy 71112389 x 257 @ 0.860 (Fak)
[2m2026-07-04T18:21:50.767160Z[0m [32m INFO[0m [2mpm_bot[0m[2m:[0m TAKER: DOWN (z=-2.08 p=0.981 ask=0.850 avg=0.850 tau=189s)
[2m2026-07-04T18:21:50.767189Z[0m [32m INFO[0m [2mexecution[0m[2m:[0m [DRY-RUN] dryrun-1069 Buy 71112389 x 257 @ 0.860 (Fak)
[2m2026-07-04T18:21:51.018275Z[0m [32m INFO[0m [2mpm_bot[0m[2m:[0m TAKER: DOWN (z=-2.08 p=0.981 ask=0.850 avg=0.852 tau=189s)
[2m2026-07-04T18:21:51.018303Z[0m [32m INFO[0m [2mexecution[0m[2m:[0m [DRY-RUN] dryrun-1070 Buy 71112389 x 257 @ 0.862 (Fak)
[2m2026-07-04T18:21:51.267607Z[0m [32m INFO[0m [2mpm_bot[0m[2m:[0m TAKER: DOWN (z=-2.17 p=0.985 ask=0.850 avg=0.852 tau=189s)
[2m2026-07-04T18:21:51.267640Z[0m [32m INFO[0m [2mexecution[0m[2m:[0m [DRY-RUN] dryrun-1071 Buy 71112389 x 264 @ 0.862 (Fak)
[2m2026-07-04T18:21:51.517980Z[0m [32m INFO[0m [2mpm_bot[0m[2m:[0m TAKER: DOWN (z=-2.17 p=0.985 ask=0.850 avg=0.850 tau=188s)
[2m2026-07-04T18:21:51.518010Z[0m [32m INFO[0m [2mexecution[0m[2m:[0m [DRY-RUN] dryrun-1072 Buy 71112389 x 264 @ 0.860 (Fak)
[2m2026-07-04T18:21:51.767691Z[0m [32m INFO[0m [2mpm_bot[0m[2m:[0m TAKER: DOWN (z=-2.17 p=0.985 ask=0.840 avg=0.840 tau=188s)
[2m2026-07-04T18:21:51.767721Z[0m [32m INFO[0m [2mexecution[0m[2m:[0m [DRY-RUN] dryrun-1073 Buy 71112389 x 269 @ 0.850 (Fak)
[2m2026-07-04T18:21:52.017364Z[0m [32m INFO[0m [2mpm_bot[0m[2m:[0m TAKER: DOWN (z=-2.17 p=0.985 ask=0.840 avg=0.841 tau=188s)
[2m2026-07-04T18:21:52.017394Z[0m [32m INFO[0m [2mexecution[0m[2m:[0m [DRY-RUN] dryrun-1074 Buy 71112389 x 269 @ 0.851 (Fak)
[2m2026-07-04T18:21:52.268035Z[0m [32m INFO[0m [2mpm_bot[0m[2m:[0m TAKER: DOWN (z=-2.17 p=0.985 ask=0.840 avg=0.841 tau=188s)
[2m2026-07-04T18:21:52.268063Z[0m [32m INFO[0m [2mexecution[0m[2m:[0m [DRY-RUN] dryrun-1075 Buy 71112389 x 269 @ 0.851 (Fak)
[2m2026-07-04T18:21:52.517968Z[0m [32m INFO[0m [2mpm_bot[0m[2m:[0m TAKER: DOWN (z=-2.18 p=0.985 ask=0.810 avg=0.814 tau=187s)
[2m2026-07-04T18:21:52.517996Z[0m [32m INFO[0m [2mexecution[0m[2m:[0m [DRY-RUN] dryrun-1076 Buy 71112389 x 284 @ 0.824 (Fak)
[2m2026-07-04T18:21:52.767556Z[0m [32m INFO[0m [2mpm_bot[0m[2m:[0m TAKER: DOWN (z=-2.18 p=0.985 ask=0.810 avg=0.814 tau=187s)
[2m2026-07-04T18:21:52.767600Z[0m [32m INFO[0m [2mexecution[0m[2m:[0m [DRY-RUN] dryrun-1077 Buy 71112389 x 284 @ 0.824 (Fak)
[2m2026-07-04T18:21:53.017393Z[0m [32m INFO[0m [2mpm_bot[0m[2m:[0m TAKER: DOWN (z=-2.18 p=0.985 ask=0.810 avg=0.815 tau=187s)
[2m2026-07-04T18:21:53.017421Z[0m [32m INFO[0m [2mexecution[0m[2m:[0m [DRY-RUN] dryrun-1078 Buy 71112389 x 284 @ 0.825 (Fak)
[2m2026-07-04T18:21:53.267642Z[0m [32m INFO[0m [2mpm_bot[0m[2m:[0m TAKER: DOWN (z=-2.17 p=0.985 ask=0.810 avg=0.815 tau=187s)
[2m2026-07-04T18:21:53.267671Z[0m [32m INFO[0m [2mexecution[0m[2m:[0m [DRY-RUN] dryrun-1079 Buy 71112389 x 284 @ 0.825 (Fak)
[2m2026-07-04T18:21:53.517468Z[0m [32m INFO[0m [2mpm_bot[0m[2m:[0m TAKER: DOWN (z=-2.17 p=0.985 ask=0.810 avg=0.824 tau=186s)
[2m2026-07-04T18:21:53.517497Z[0m [32m INFO[0m [2mexecution[0m[2m:[0m [DRY-RUN] dryrun-1080 Buy 71112389 x 284 @ 0.834 (Fak)
[2m2026-07-04T18:21:53.767340Z[0m [32m INFO[0m [2mpm_bot[0m[2m:[0m TAKER: DOWN (z=-2.18 p=0.985 ask=0.820 avg=0.828 tau=186s)
[2m2026-07-04T18:21:53.767367Z[0m [32m INFO[0m [2mexecution[0m[2m:[0m [DRY-RUN] dryrun-1081 Buy 71112389 x 280 @ 0.838 (Fak)
[2m2026-07-04T18:21:54.018096Z[0m [32m INFO[0m [2mpm_bot[0m[2m:[0m TAKER: DOWN (z=-2.18 p=0.985 ask=0.820 avg=0.822 tau=186s)
[2m2026-07-04T18:21:54.018127Z[0m [32m INFO[0m [2mexecution[0m[2m:[0m [DRY-RUN] dryrun-1082 Buy 71112389 x 280 @ 0.832 (Fak)
[2m2026-07-04T18:21:54.267336Z[0m [32m INFO[0m [2mpm_bot[0m[2m:[0m TAKER: DOWN (z=-2.18 p=0.985 ask=0.820 avg=0.826 tau=186s)
[2m2026-07-04T18:21:54.267364Z[0m [32m INFO[0m [2mexecution[0m[2m:[0m [DRY-RUN] dryrun-1083 Buy 71112389 x 280 @ 0.836 (Fak)
[2m2026-07-04T18:21:54.517409Z[0m [32m INFO[0m [2mpm_bot[0m[2m:[0m TAKER: DOWN (z=-2.18 p=0.985 ask=0.820 avg=0.826 tau=185s)
[2m2026-07-04T18:21:54.517449Z[0m [32m INFO[0m [2mexecution[0m[2m:[0m [DRY-RUN] dryrun-1084 Buy 71112389 x 280 @ 0.836 (Fak)
[2m2026-07-04T18:21:54.767897Z[0m [32m INFO[0m [2mpm_bot[0m[2m:[0m TAKER: DOWN (z=-2.18 p=0.985 ask=0.820 avg=0.825 tau=185s)
[2m2026-07-04T18:21:54.767923Z[0m [32m INFO[0m [2mexecution[0m[2m:[0m [DRY-RUN] dryrun-1085 Buy 71112389 x 280 @ 0.835 (Fak)
[2m2026-07-04T18:21:56.267546Z[0m [32m INFO[0m [2mpm_bot[0m[2m:[0m TAKER: DOWN (z=-2.09 p=0.982 ask=0.830 avg=0.848 tau=184s)
[2m2026-07-04T18:21:56.267594Z[0m [32m INFO[0m [2mexecution[0m[2m:[0m [DRY-RUN] dryrun-1086 Buy 71112389 x 268 @ 0.858 (Fak)
[2m2026-07-04T18:21:56.517634Z[0m [32m INFO[0m [2mpm_bot[0m[2m:[0m TAKER: DOWN (z=-2.09 p=0.982 ask=0.830 avg=0.848 tau=183s)
[2m2026-07-04T18:21:56.517668Z[0m [32m INFO[0m [2mexecution[0m[2m:[0m [DRY-RUN] dryrun-1087 Buy 71112389 x 268 @ 0.858 (Fak)
[2m2026-07-04T18:21:56.767295Z[0m [32m INFO[0m [2mpm_bot[0m[2m:[0m TAKER: DOWN (z=-2.09 p=0.982 ask=0.830 avg=0.848 tau=183s)
[2m2026-07-04T18:21:56.767328Z[0m [32m INFO[0m [2mexecution[0m[2m:[0m [DRY-RUN] dryrun-1088 Buy 71112389 x 268 @ 0.858 (Fak)
[2m2026-07-04T18:21:57.268177Z[0m [32m INFO[0m [2mpm_bot[0m[2m:[0m TAKER: DOWN (z=-2.09 p=0.982 ask=0.850 avg=0.864 tau=183s)
[2m2026-07-04T18:21:57.268220Z[0m [32m INFO[0m [2mexecution[0m[2m:[0m [DRY-RUN] dryrun-1089 Buy 71112389 x 258 @ 0.874 (Fak)
[2m2026-07-04T18:21:57.518044Z[0m [32m INFO[0m [2mpm_bot[0m[2m:[0m TAKER: DOWN (z=-2.13 p=0.984 ask=0.850 avg=0.865 tau=182s)
[2m2026-07-04T18:21:57.518071Z[0m [32m INFO[0m [2mexecution[0m[2m:[0m [DRY-RUN] dryrun-1090 Buy 71112389 x 261 @ 0.875 (Fak)
[2m2026-07-04T18:21:57.767189Z[0m [32m INFO[0m [2mpm_bot[0m[2m:[0m TAKER: DOWN (z=-2.13 p=0.984 ask=0.850 avg=0.865 tau=182s)
[2m2026-07-04T18:21:57.767219Z[0m [32m INFO[0m [2mexecution[0m[2m:[0m [DRY-RUN] dryrun-1091 Buy 71112389 x 261 @ 0.875 (Fak)
[2m2026-07-04T18:21:58.017740Z[0m [32m INFO[0m [2mpm_bot[0m[2m:[0m TAKER: DOWN (z=-2.13 p=0.984 ask=0.850 avg=0.866 tau=182s)
[2m2026-07-04T18:21:58.017770Z[0m [32m INFO[0m [2mexecution[0m[2m:[0m [DRY-RUN] dryrun-1092 Buy 71112389 x 261 @ 0.876 (Fak)
[2m2026-07-04T18:21:58.267648Z[0m [32m INFO[0m [2mpm_bot[0m[2m:[0m TAKER: DOWN (z=-2.13 p=0.984 ask=0.850 avg=0.865 tau=182s)
[2m2026-07-04T18:21:58.267677Z[0m [32m INFO[0m [2mexecution[0m[2m:[0m [DRY-RUN] dryrun-1093 Buy 71112389 x 261 @ 0.875 (Fak)
[2m2026-07-04T18:21:58.518189Z[0m [32m INFO[0m [2mpm_bot[0m[2m:[0m TAKER: DOWN (z=-2.13 p=0.983 ask=0.850 avg=0.864 tau=181s)
[2m2026-07-04T18:21:58.518216Z[0m [32m INFO[0m [2mexecution[0m[2m:[0m [DRY-RUN] dryrun-1094 Buy 71112389 x 261 @ 0.874 (Fak)
[2m2026-07-04T18:21:58.767885Z[0m [32m INFO[0m [2mpm_bot[0m[2m:[0m TAKER: DOWN (z=-2.13 p=0.983 ask=0.850 avg=0.865 tau=181s)
[2m2026-07-04T18:21:58.767915Z[0m [32m INFO[0m [2mexecution[0m[2m:[0m [DRY-RUN] dryrun-1095 Buy 71112389 x 261 @ 0.875 (Fak)
[2m2026-07-04T18:21:59.017823Z[0m [32m INFO[0m [2mpm_bot[0m[2m:[0m TAKER: DOWN (z=-2.13 p=0.983 ask=0.850 avg=0.864 tau=181s)
[2m2026-07-04T18:21:59.017851Z[0m [32m INFO[0m [2mexecution[0m[2m:[0m [DRY-RUN] dryrun-1096 Buy 71112389 x 261 @ 0.874 (Fak)
[2m2026-07-04T18:21:59.267773Z[0m [32m INFO[0m [2mpm_bot[0m[2m:[0m TAKER: DOWN (z=-2.27 p=0.988 ask=0.850 avg=0.863 tau=181s)
[2m2026-07-04T18:21:59.267805Z[0m [32m INFO[0m [2mexecution[0m[2m:[0m [DRY-RUN] dryrun-1097 Buy 71112389 x 271 @ 0.873 (Fak)
[2m2026-07-04T18:21:59.518042Z[0m [32m INFO[0m [2mpm_bot[0m[2m:[0m TAKER: DOWN (z=-2.27 p=0.988 ask=0.850 avg=0.863 tau=180s)
[2m2026-07-04T18:21:59.518071Z[0m [32m INFO[0m [2mexecution[0m[2m:[0m [DRY-RUN] dryrun-1098 Buy 71112389 x 271 @ 0.873 (Fak)
[2m2026-07-04T18:21:59.767965Z[0m [32m INFO[0m [2mpm_bot[0m[2m:[0m TAKER: DOWN (z=-2.26 p=0.988 ask=0.850 avg=0.865 tau=180s)
[2m2026-07-04T18:21:59.767997Z[0m [32m INFO[0m [2mexecution[0m[2m:[0m [DRY-RUN] dryrun-1099 Buy 71112389 x 271 @ 0.875 (Fak)
[2m2026-07-04T18:22:00.018248Z[0m [32m INFO[0m [2mpm_bot[0m[2m:[0m TAKER: DOWN (z=-2.26 p=0.988 ask=0.850 avg=0.864 tau=180s)
[2m2026-07-04T18:22:00.018275Z[0m [32m INFO[0m [2mexecution[0m[2m:[0m [DRY-RUN] dryrun-1100 Buy 71112389 x 271 @ 0.874 (Fak)
[2m2026-07-04T18:22:00.268060Z[0m [32m INFO[0m [2mpm_bot[0m[2m:[0m TAKER: DOWN (z=-2.28 p=0.989 ask=0.850 avg=0.866 tau=180s)
[2m2026-07-04T18:22:00.268087Z[0m [32m INFO[0m [2mexecution[0m[2m:[0m [DRY-RUN] dryrun-1101 Buy 71112389 x 272 @ 0.876 (Fak)
[2m2026-07-04T18:22:00.517714Z[0m [32m INFO[0m [2mpm_bot[0m[2m:[0m TAKER: DOWN (z=-2.28 p=0.989 ask=0.850 avg=0.866 tau=179s)
[2m2026-07-04T18:22:00.517749Z[0m [32m INFO[0m [2mexecution[0m[2m:[0m [DRY-RUN] dryrun-1102 Buy 71112389 x 272 @ 0.876 (Fak)
[2m2026-07-04T18:22:00.767931Z[0m [32m INFO[0m [2mpm_bot[0m[2m:[0m TAKER: DOWN (z=-2.28 p=0.989 ask=0.860 avg=0.866 tau=179s)
[2m2026-07-04T18:22:00.767960Z[0m [32m INFO[0m [2mexecution[0m[2m:[0m [DRY-RUN] dryrun-1103 Buy 71112389 x 267 @ 0.876 (Fak)
[2m2026-07-04T18:22:01.017910Z[0m [32m INFO[0m [2mpm_bot[0m[2m:[0m TAKER: DOWN (z=-2.28 p=0.989 ask=0.860 avg=0.866 tau=179s)
[2m2026-07-04T18:22:01.017938Z[0m [32m INFO[0m [2mexecution[0m[2m:[0m [DRY-RUN] dryrun-1104 Buy 71112389 x 267 @ 0.876 (Fak)
[2m2026-07-04T18:22:01.267514Z[0m [32m INFO[0m [2mpm_bot[0m[2m:[0m TAKER: DOWN (z=-2.28 p=0.989 ask=0.850 avg=0.862 tau=179s)
[2m2026-07-04T18:22:01.267546Z[0m [32m INFO[0m [2mexecution[0m[2m:[0m [DRY-RUN] dryrun-1105 Buy 71112389 x 271 @ 0.872 (Fak)
[2m2026-07-04T18:22:01.517876Z[0m [32m INFO[0m [2mpm_bot[0m[2m:[0m TAKER: DOWN (z=-2.33 p=0.990 ask=0.850 avg=0.868 tau=178s)
[2m2026-07-04T18:22:01.517907Z[0m [32m INFO[0m [2mexecution[0m[2m:[0m [DRY-RUN] dryrun-1106 Buy 71112389 x 274 @ 0.878 (Fak)
[2m2026-07-04T18:22:01.767648Z[0m [32m INFO[0m [2mpm_bot[0m[2m:[0m TAKER: DOWN (z=-2.33 p=0.990 ask=0.860 avg=0.874 tau=178s)
[2m2026-07-04T18:22:01.767677Z[0m [32m INFO[0m [2mexecution[0m[2m:[0m [DRY-RUN] dryrun-1107 Buy 71112389 x 270 @ 0.884 (Fak)
[2m2026-07-04T18:22:02.017834Z[0m [32m INFO[0m [2mpm_bot[0m[2m:[0m TAKER: DOWN (z=-2.33 p=0.990 ask=0.860 avg=0.874 tau=178s)
[2m2026-07-04T18:22:02.017863Z[0m [32m INFO[0m [2mexecution[0m[2m:[0m [DRY-RUN] dryrun-1108 Buy 71112389 x 270 @ 0.884 (Fak)
[2m2026-07-04T18:22:02.267840Z[0m [32m INFO[0m [2mpm_bot[0m[2m:[0m TAKER: DOWN (z=-2.33 p=0.990 ask=0.860 avg=0.876 tau=178s)
[2m2026-07-04T18:22:02.267867Z[0m [32m INFO[0m [2mexecution[0m[2m:[0m [DRY-RUN] dryrun-1109 Buy 71112389 x 270 @ 0.886 (Fak)
[2m2026-07-04T18:22:02.518089Z[0m [32m INFO[0m [2mpm_bot[0m[2m:[0m TAKER: DOWN (z=-2.40 p=0.992 ask=0.860 avg=0.878 tau=177s)
[2m2026-07-04T18:22:02.518114Z[0m [32m INFO[0m [2mexecution[0m[2m:[0m [DRY-RUN] dryrun-1110 Buy 71112389 x 273 @ 0.888 (Fak)
[2m2026-07-04T18:22:02.767912Z[0m [32m INFO[0m [2mpm_bot[0m[2m:[0m TAKER: DOWN (z=-2.39 p=0.992 ask=0.880 avg=0.880 tau=177s)
[2m2026-07-04T18:22:02.767940Z[0m [32m INFO[0m [2mexecution[0m[2m:[0m [DRY-RUN] dryrun-1111 Buy 71112389 x 264 @ 0.890 (Fak)
[2m2026-07-04T18:22:03.018231Z[0m [32m INFO[0m [2mpm_bot[0m[2m:[0m TAKER: DOWN (z=-2.39 p=0.992 ask=0.880 avg=0.882 tau=177s)
[2m2026-07-04T18:22:03.018301Z[0m [32m INFO[0m [2mexecution[0m[2m:[0m [DRY-RUN] dryrun-1112 Buy 71112389 x 264 @ 0.892 (Fak)
[2m2026-07-04T18:22:03.267207Z[0m [32m INFO[0m [2mpm_bot[0m[2m:[0m TAKER: DOWN (z=-2.42 p=0.992 ask=0.880 avg=0.881 tau=177s)
[2m2026-07-04T18:22:03.267236Z[0m [32m INFO[0m [2mexecution[0m[2m:[0m [DRY-RUN] dryrun-1113 Buy 71112389 x 265 @ 0.891 (Fak)
[2m2026-07-04T18:22:03.518084Z[0m [32m INFO[0m [2mpm_bot[0m[2m:[0m TAKER: DOWN (z=-2.42 p=0.992 ask=0.880 avg=0.881 tau=176s)
[2m2026-07-04T18:22:03.518110Z[0m [32m INFO[0m [2mexecution[0m[2m:[0m [DRY-RUN] dryrun-1114 Buy 71112389 x 265 @ 0.891 (Fak)
[2m2026-07-04T18:22:03.767565Z[0m [32m INFO[0m [2mpm_bot[0m[2m:[0m TAKER: DOWN (z=-2.42 p=0.992 ask=0.880 avg=0.881 tau=176s)
[2m2026-07-04T18:22:03.767613Z[0m [32m INFO[0m [2mexecution[0m[2m:[0m [DRY-RUN] dryrun-1115 Buy 71112389 x 265 @ 0.891 (Fak)
[2m2026-07-04T18:22:04.018204Z[0m [32m INFO[0m [2mpm_bot[0m[2m:[0m TAKER: DOWN (z=-2.42 p=0.992 ask=0.880 avg=0.881 tau=176s)
[2m2026-07-04T18:22:04.018232Z[0m [32m INFO[0m [2mexecution[0m[2m:[0m [DRY-RUN] dryrun-1116 Buy 71112389 x 265 @ 0.891 (Fak)
[2m2026-07-04T18:22:04.267974Z[0m [32m INFO[0m [2mpm_bot[0m[2m:[0m TAKER: DOWN (z=-2.41 p=0.992 ask=0.880 avg=0.882 tau=176s)
[2m2026-07-04T18:22:04.268006Z[0m [32m INFO[0m [2mexecution[0m[2m:[0m [DRY-RUN] dryrun-1117 Buy 71112389 x 265 @ 0.892 (Fak)
[2m2026-07-04T18:22:04.517363Z[0m [32m INFO[0m [2mpm_bot[0m[2m:[0m TAKER: DOWN (z=-2.41 p=0.992 ask=0.880 avg=0.880 tau=175s)
[2m2026-07-04T18:22:04.517393Z[0m [32m INFO[0m [2mexecution[0m[2m:[0m [DRY-RUN] dryrun-1118 Buy 71112389 x 265 @ 0.890 (Fak)
[2m2026-07-04T18:22:04.767533Z[0m [32m INFO[0m [2mpm_bot[0m[2m:[0m TAKER: DOWN (z=-2.41 p=0.992 ask=0.880 avg=0.880 tau=175s)
[2m2026-07-04T18:22:04.767562Z[0m [32m INFO[0m [2mexecution[0m[2m:[0m [DRY-RUN] dryrun-1119 Buy 71112389 x 265 @ 0.890 (Fak)
[2m2026-07-04T18:22:05.017195Z[0m [32m INFO[0m [2mpm_bot[0m[2m:[0m TAKER: DOWN (z=-2.41 p=0.992 ask=0.880 avg=0.880 tau=175s)
[2m2026-07-04T18:22:05.017225Z[0m [32m INFO[0m [2mexecution[0m[2m:[0m [DRY-RUN] dryrun-1120 Buy 71112389 x 265 @ 0.890 (Fak)
[2m2026-07-04T18:22:05.267696Z[0m [32m INFO[0m [2mpm_bot[0m[2m:[0m TAKER: DOWN (z=-2.41 p=0.992 ask=0.880 avg=0.880 tau=175s)
[2m2026-07-04T18:22:05.267727Z[0m [32m INFO[0m [2mexecution[0m[2m:[0m [DRY-RUN] dryrun-1121 Buy 71112389 x 265 @ 0.890 (Fak)
[2m2026-07-04T18:22:05.517490Z[0m [32m INFO[0m [2mpm_bot[0m[2m:[0m TAKER: DOWN (z=-2.49 p=0.994 ask=0.880 avg=0.880 tau=174s)
[2m2026-07-04T18:22:05.517521Z[0m [32m INFO[0m [2mexecution[0m[2m:[0m [DRY-RUN] dryrun-1122 Buy 71112389 x 269 @ 0.890 (Fak)
[2m2026-07-04T18:22:05.767937Z[0m [32m INFO[0m [2mpm_bot[0m[2m:[0m TAKER: DOWN (z=-2.49 p=0.994 ask=0.880 avg=0.880 tau=174s)
[2m2026-07-04T18:22:05.767967Z[0m [32m INFO[0m [2mexecution[0m[2m:[0m [DRY-RUN] dryrun-1123 Buy 71112389 x 269 @ 0.890 (Fak)
[2m2026-07-04T18:22:06.017557Z[0m [32m INFO[0m [2mpm_bot[0m[2m:[0m TAKER: DOWN (z=-2.49 p=0.994 ask=0.880 avg=0.880 tau=174s)
[2m2026-07-04T18:22:06.017619Z[0m [32m INFO[0m [2mexecution[0m[2m:[0m [DRY-RUN] dryrun-1124 Buy 71112389 x 269 @ 0.890 (Fak)
[2m2026-07-04T18:22:06.267984Z[0m [32m INFO[0m [2mpm_bot[0m[2m:[0m TAKER: DOWN (z=-2.49 p=0.994 ask=0.880 avg=0.880 tau=174s)
[2m2026-07-04T18:22:06.268017Z[0m [32m INFO[0m [2mexecution[0m[2m:[0m [DRY-RUN] dryrun-1125 Buy 71112389 x 269 @ 0.890 (Fak)
[2m2026-07-04T18:22:06.517523Z[0m [32m INFO[0m [2mpm_bot[0m[2m:[0m TAKER: DOWN (z=-2.71 p=0.997 ask=0.890 avg=0.895 tau=173s)
[2m2026-07-04T18:22:06.517551Z[0m [32m INFO[0m [2mexecution[0m[2m:[0m [DRY-RUN] dryrun-1126 Buy 71112389 x 272 @ 0.905 (Fak)
[2m2026-07-04T18:22:06.767454Z[0m [32m INFO[0m [2mpm_bot[0m[2m:[0m TAKER: DOWN (z=-2.71 p=0.997 ask=0.890 avg=0.896 tau=173s)
[2m2026-07-04T18:22:06.767482Z[0m [32m INFO[0m [2mexecution[0m[2m:[0m [DRY-RUN] dryrun-1127 Buy 71112389 x 272 @ 0.906 (Fak)
[2m2026-07-04T18:22:07.017439Z[0m [32m INFO[0m [2mpm_bot[0m[2m:[0m TAKER: DOWN (z=-2.71 p=0.997 ask=0.890 avg=0.896 tau=173s)
[2m2026-07-04T18:22:07.017471Z[0m [32m INFO[0m [2mexecution[0m[2m:[0m [DRY-RUN] dryrun-1128 Buy 71112389 x 272 @ 0.906 (Fak)
[2m2026-07-04T18:22:07.268033Z[0m [32m INFO[0m [2mpm_bot[0m[2m:[0m TAKER: DOWN (z=-2.74 p=0.997 ask=0.890 avg=0.897 tau=173s)
[2m2026-07-04T18:22:07.268063Z[0m [32m INFO[0m [2mexecution[0m[2m:[0m [DRY-RUN] dryrun-1129 Buy 71112389 x 273 @ 0.907 (Fak)
[2m2026-07-04T18:22:07.517653Z[0m [32m INFO[0m [2mpm_bot[0m[2m:[0m TAKER: DOWN (z=-2.74 p=0.997 ask=0.890 avg=0.897 tau=172s)
[2m2026-07-04T18:22:07.517691Z[0m [32m INFO[0m [2mexecution[0m[2m:[0m [DRY-RUN] dryrun-1130 Buy 71112389 x 273 @ 0.907 (Fak)
[2m2026-07-04T18:22:07.767873Z[0m [32m INFO[0m [2mpm_bot[0m[2m:[0m TAKER: DOWN (z=-2.74 p=0.997 ask=0.890 avg=0.897 tau=172s)
[2m2026-07-04T18:22:07.767903Z[0m [32m INFO[0m [2mexecution[0m[2m:[0m [DRY-RUN] dryrun-1131 Buy 71112389 x 273 @ 0.907 (Fak)
[2m2026-07-04T18:22:08.017506Z[0m [32m INFO[0m [2mpm_bot[0m[2m:[0m TAKER: DOWN (z=-2.74 p=0.997 ask=0.890 avg=0.897 tau=172s)
[2m2026-07-04T18:22:08.017535Z[0m [32m INFO[0m [2mexecution[0m[2m:[0m [DRY-RUN] dryrun-1132 Buy 71112389 x 273 @ 0.907 (Fak)
[2m2026-07-04T18:22:08.267431Z[0m [32m INFO[0m [2mpm_bot[0m[2m:[0m TAKER: DOWN (z=-2.74 p=0.997 ask=0.890 avg=0.897 tau=172s)
[2m2026-07-04T18:22:08.267461Z[0m [32m INFO[0m [2mexecution[0m[2m:[0m [DRY-RUN] dryrun-1133 Buy 71112389 x 273 @ 0.907 (Fak)
[2m2026-07-04T18:22:08.517638Z[0m [32m INFO[0m [2mpm_bot[0m[2m:[0m TAKER: DOWN (z=-2.72 p=0.997 ask=0.890 avg=0.897 tau=171s)
[2m2026-07-04T18:22:08.517665Z[0m [32m INFO[0m [2mexecution[0m[2m:[0m [DRY-RUN] dryrun-1134 Buy 71112389 x 272 @ 0.907 (Fak)
[2m2026-07-04T18:22:08.768242Z[0m [32m INFO[0m [2mpm_bot[0m[2m:[0m TAKER: DOWN (z=-2.72 p=0.997 ask=0.890 avg=0.902 tau=171s)
[2m2026-07-04T18:22:08.768270Z[0m [32m INFO[0m [2mexecution[0m[2m:[0m [DRY-RUN] dryrun-1135 Buy 71112389 x 272 @ 0.912 (Fak)
[2m2026-07-04T18:22:09.018349Z[0m [32m INFO[0m [2mpm_bot[0m[2m:[0m TAKER: DOWN (z=-2.72 p=0.997 ask=0.890 avg=0.901 tau=171s)
[2m2026-07-04T18:22:09.018379Z[0m [32m INFO[0m [2mexecution[0m[2m:[0m [DRY-RUN] dryrun-1136 Buy 71112389 x 272 @ 0.911 (Fak)
[2m2026-07-04T18:22:09.267824Z[0m [32m INFO[0m [2mpm_bot[0m[2m:[0m TAKER: DOWN (z=-2.72 p=0.997 ask=0.900 avg=0.904 tau=171s)
[2m2026-07-04T18:22:09.267853Z[0m [32m INFO[0m [2mexecution[0m[2m:[0m [DRY-RUN] dryrun-1137 Buy 71112389 x 268 @ 0.914 (Fak)
[2m2026-07-04T18:22:09.517409Z[0m [32m INFO[0m [2mpm_bot[0m[2m:[0m TAKER: DOWN (z=-2.75 p=0.997 ask=0.920 avg=0.920 tau=170s)
[2m2026-07-04T18:22:09.517436Z[0m [32m INFO[0m [2mexecution[0m[2m:[0m [DRY-RUN] dryrun-1138 Buy 71112389 x 261 @ 0.930 (Fak)
[2m2026-07-04T18:22:09.767769Z[0m [32m INFO[0m [2mpm_bot[0m[2m:[0m TAKER: DOWN (z=-2.75 p=0.997 ask=0.920 avg=0.921 tau=170s)
[2m2026-07-04T18:22:09.767806Z[0m [32m INFO[0m [2mexecution[0m[2m:[0m [DRY-RUN] dryrun-1139 Buy 71112389 x 261 @ 0.931 (Fak)
[2m2026-07-04T18:22:10.017683Z[0m [32m INFO[0m [2mpm_bot[0m[2m:[0m TAKER: DOWN (z=-2.75 p=0.997 ask=0.910 avg=0.919 tau=170s)
[2m2026-07-04T18:22:10.017710Z[0m [32m INFO[0m [2mexecution[0m[2m:[0m [DRY-RUN] dryrun-1140 Buy 71112389 x 265 @ 0.929 (Fak)
[2m2026-07-04T18:22:10.267877Z[0m [32m INFO[0m [2mpm_bot[0m[2m:[0m TAKER: DOWN (z=-2.75 p=0.997 ask=0.910 avg=0.910 tau=170s)
[2m2026-07-04T18:22:10.267906Z[0m [32m INFO[0m [2mexecution[0m[2m:[0m [DRY-RUN] dryrun-1141 Buy 71112389 x 265 @ 0.920 (Fak)
[2m2026-07-04T18:22:10.517768Z[0m [32m INFO[0m [2mpm_bot[0m[2m:[0m TAKER: DOWN (z=-2.73 p=0.997 ask=0.890 avg=0.890 tau=169s)
[2m2026-07-04T18:22:10.517806Z[0m [32m INFO[0m [2mexecution[0m[2m:[0m [DRY-RUN] dryrun-1142 Buy 71112389 x 272 @ 0.900 (Fak)
[2m2026-07-04T18:22:10.768174Z[0m [32m INFO[0m [2mpm_bot[0m[2m:[0m TAKER: DOWN (z=-2.73 p=0.997 ask=0.890 avg=0.890 tau=169s)
[2m2026-07-04T18:22:10.768200Z[0m [32m INFO[0m [2mexecution[0m[2m:[0m [DRY-RUN] dryrun-1143 Buy 71112389 x 272 @ 0.900 (Fak)
[2m2026-07-04T18:22:11.017815Z[0m [32m INFO[0m [2mpm_bot[0m[2m:[0m TAKER: DOWN (z=-2.73 p=0.997 ask=0.890 avg=0.890 tau=169s)
[2m2026-07-04T18:22:11.017846Z[0m [32m INFO[0m [2mexecution[0m[2m:[0m [DRY-RUN] dryrun-1144 Buy 71112389 x 272 @ 0.900 (Fak)
[2m2026-07-04T18:22:11.267326Z[0m [32m INFO[0m [2mpm_bot[0m[2m:[0m TAKER: DOWN (z=-2.73 p=0.997 ask=0.890 avg=0.890 tau=169s)
[2m2026-07-04T18:22:11.267354Z[0m [32m INFO[0m [2mexecution[0m[2m:[0m [DRY-RUN] dryrun-1145 Buy 71112389 x 272 @ 0.900 (Fak)
[2m2026-07-04T18:22:11.517745Z[0m [32m INFO[0m [2mpm_bot[0m[2m:[0m TAKER: DOWN (z=-2.86 p=0.998 ask=0.890 avg=0.897 tau=168s)
[2m2026-07-04T18:22:11.517773Z[0m [32m INFO[0m [2mexecution[0m[2m:[0m [DRY-RUN] dryrun-1146 Buy 71112389 x 275 @ 0.907 (Fak)
[2m2026-07-04T18:22:11.767425Z[0m [32m INFO[0m [2mpm_bot[0m[2m:[0m TAKER: DOWN (z=-2.86 p=0.998 ask=0.890 avg=0.899 tau=168s)
[2m2026-07-04T18:22:11.767453Z[0m [32m INFO[0m [2mexecution[0m[2m:[0m [DRY-RUN] dryrun-1147 Buy 71112389 x 275 @ 0.909 (Fak)
[2m2026-07-04T18:22:12.017883Z[0m [32m INFO[0m [2mpm_bot[0m[2m:[0m TAKER: DOWN (z=-2.86 p=0.998 ask=0.890 avg=0.898 tau=168s)
[2m2026-07-04T18:22:12.017911Z[0m [32m INFO[0m [2mexecution[0m[2m:[0m [DRY-RUN] dryrun-1148 Buy 71112389 x 275 @ 0.908 (Fak)
[2m2026-07-04T18:22:12.267440Z[0m [32m INFO[0m [2mpm_bot[0m[2m:[0m TAKER: DOWN (z=-2.85 p=0.998 ask=0.890 avg=0.897 tau=168s)
[2m2026-07-04T18:22:12.267468Z[0m [32m INFO[0m [2mexecution[0m[2m:[0m [DRY-RUN] dryrun-1149 Buy 71112389 x 275 @ 0.907 (Fak)
[2m2026-07-04T18:22:12.517620Z[0m [32m INFO[0m [2mpm_bot[0m[2m:[0m TAKER: DOWN (z=-2.95 p=0.998 ask=0.890 avg=0.890 tau=167s)
[2m2026-07-04T18:22:12.517651Z[0m [32m INFO[0m [2mexecution[0m[2m:[0m [DRY-RUN] dryrun-1150 Buy 71112389 x 276 @ 0.900 (Fak)
[2m2026-07-04T18:22:12.767604Z[0m [32m INFO[0m [2mpm_bot[0m[2m:[0m TAKER: DOWN (z=-2.95 p=0.998 ask=0.890 avg=0.890 tau=167s)
[2m2026-07-04T18:22:12.767634Z[0m [32m INFO[0m [2mexecution[0m[2m:[0m [DRY-RUN] dryrun-1151 Buy 71112389 x 276 @ 0.900 (Fak)
[2m2026-07-04T18:22:13.018065Z[0m [32m INFO[0m [2mpm_bot[0m[2m:[0m TAKER: DOWN (z=-2.95 p=0.998 ask=0.890 avg=0.890 tau=167s)
[2m2026-07-04T18:22:13.018095Z[0m [32m INFO[0m [2mexecution[0m[2m:[0m [DRY-RUN] dryrun-1152 Buy 71112389 x 276 @ 0.900 (Fak)
[2m2026-07-04T18:22:13.267882Z[0m [32m INFO[0m [2mpm_bot[0m[2m:[0m TAKER: DOWN (z=-2.95 p=0.998 ask=0.870 avg=0.879 tau=167s)
[2m2026-07-04T18:22:13.267909Z[0m [32m INFO[0m [2mexecution[0m[2m:[0m [DRY-RUN] dryrun-1153 Buy 71112389 x 283 @ 0.889 (Fak)
[2m2026-07-04T18:22:13.517325Z[0m [32m INFO[0m [2mpm_bot[0m[2m:[0m TAKER: DOWN (z=-2.94 p=0.998 ask=0.860 avg=0.860 tau=166s)
[2m2026-07-04T18:22:13.517353Z[0m [32m INFO[0m [2mexecution[0m[2m:[0m [DRY-RUN] dryrun-1154 Buy 71112389 x 287 @ 0.870 (Fak)
[2m2026-07-04T18:22:13.768226Z[0m [32m INFO[0m [2mpm_bot[0m[2m:[0m TAKER: DOWN (z=-2.94 p=0.998 ask=0.860 avg=0.860 tau=166s)
[2m2026-07-04T18:22:13.768258Z[0m [32m INFO[0m [2mexecution[0m[2m:[0m [DRY-RUN] dryrun-1155 Buy 71112389 x 287 @ 0.870 (Fak)
[2m2026-07-04T18:22:14.018222Z[0m [32m INFO[0m [2mpm_bot[0m[2m:[0m TAKER: DOWN (z=-2.94 p=0.998 ask=0.860 avg=0.860 tau=166s)
[2m2026-07-04T18:22:14.018253Z[0m [32m INFO[0m [2mexecution[0m[2m:[0m [DRY-RUN] dryrun-1156 Buy 71112389 x 287 @ 0.870 (Fak)
[2m2026-07-04T18:22:14.267605Z[0m [32m INFO[0m [2mpm_bot[0m[2m:[0m TAKER: DOWN (z=-2.94 p=0.998 ask=0.860 avg=0.860 tau=166s)
[2m2026-07-04T18:22:14.267632Z[0m [32m INFO[0m [2mexecution[0m[2m:[0m [DRY-RUN] dryrun-1157 Buy 71112389 x 287 @ 0.870 (Fak)
[2m2026-07-04T18:22:14.518247Z[0m [32m INFO[0m [2mpm_bot[0m[2m:[0m TAKER: DOWN (z=-2.89 p=0.998 ask=0.860 avg=0.860 tau=165s)
[2m2026-07-04T18:22:14.518284Z[0m [32m INFO[0m [2mexecution[0m[2m:[0m [DRY-RUN] dryrun-1158 Buy 71112389 x 286 @ 0.870 (Fak)
[2m2026-07-04T18:22:14.767944Z[0m [32m INFO[0m [2mpm_bot[0m[2m:[0m TAKER: DOWN (z=-2.89 p=0.998 ask=0.850 avg=0.852 tau=165s)
[2m2026-07-04T18:22:14.767972Z[0m [32m INFO[0m [2mexecution[0m[2m:[0m [DRY-RUN] dryrun-1159 Buy 71112389 x 290 @ 0.862 (Fak)
[2m2026-07-04T18:22:15.018318Z[0m [32m INFO[0m [2mpm_bot[0m[2m:[0m TAKER: DOWN (z=-2.89 p=0.998 ask=0.860 avg=0.876 tau=165s)
[2m2026-07-04T18:22:15.018348Z[0m [32m INFO[0m [2mexecution[0m[2m:[0m [DRY-RUN] dryrun-1160 Buy 71112389 x 286 @ 0.886 (Fak)
[2m2026-07-04T18:22:15.267172Z[0m [32m INFO[0m [2mpm_bot[0m[2m:[0m TAKER: DOWN (z=-2.89 p=0.998 ask=0.880 avg=0.888 tau=165s)
[2m2026-07-04T18:22:15.267203Z[0m [32m INFO[0m [2mexecution[0m[2m:[0m [DRY-RUN] dryrun-1161 Buy 71112389 x 279 @ 0.898 (Fak)
[2m2026-07-04T18:22:15.517376Z[0m [32m INFO[0m [2mpm_bot[0m[2m:[0m TAKER: DOWN (z=-2.58 p=0.995 ask=0.880 avg=0.887 tau=164s)
[2m2026-07-04T18:22:15.517405Z[0m [32m INFO[0m [2mexecution[0m[2m:[0m [DRY-RUN] dryrun-1162 Buy 71112389 x 272 @ 0.897 (Fak)
[2m2026-07-04T18:22:15.768051Z[0m [32m INFO[0m [2mpm_bot[0m[2m:[0m TAKER: DOWN (z=-2.58 p=0.995 ask=0.880 avg=0.886 tau=164s)
[2m2026-07-04T18:22:15.768081Z[0m [32m INFO[0m [2mexecution[0m[2m:[0m [DRY-RUN] dryrun-1163 Buy 71112389 x 272 @ 0.896 (Fak)
[2m2026-07-04T18:22:16.017931Z[0m [32m INFO[0m [2mpm_bot[0m[2m:[0m TAKER: DOWN (z=-2.58 p=0.995 ask=0.880 avg=0.880 tau=164s)
[2m2026-07-04T18:22:16.017968Z[0m [32m INFO[0m [2mexecution[0m[2m:[0m [DRY-RUN] dryrun-1164 Buy 71112389 x 272 @ 0.890 (Fak)
[2m2026-07-04T18:22:16.267899Z[0m [32m INFO[0m [2mpm_bot[0m[2m:[0m TAKER: DOWN (z=-2.58 p=0.995 ask=0.870 avg=0.878 tau=164s)
[2m2026-07-04T18:22:16.267930Z[0m [32m INFO[0m [2mexecution[0m[2m:[0m [DRY-RUN] dryrun-1165 Buy 71112389 x 276 @ 0.888 (Fak)
[2m2026-07-04T18:22:16.517794Z[0m [32m INFO[0m [2mpm_bot[0m[2m:[0m TAKER: DOWN (z=-2.55 p=0.995 ask=0.870 avg=0.879 tau=163s)
[2m2026-07-04T18:22:16.517823Z[0m [32m INFO[0m [2mexecution[0m[2m:[0m [DRY-RUN] dryrun-1166 Buy 71112389 x 275 @ 0.889 (Fak)
[2m2026-07-04T18:22:16.767639Z[0m [32m INFO[0m [2mpm_bot[0m[2m:[0m TAKER: DOWN (z=-2.55 p=0.995 ask=0.870 avg=0.879 tau=163s)
[2m2026-07-04T18:22:16.767667Z[0m [32m INFO[0m [2mexecution[0m[2m:[0m [DRY-RUN] dryrun-1167 Buy 71112389 x 275 @ 0.889 (Fak)
[2m2026-07-04T18:22:17.018236Z[0m [32m INFO[0m [2mpm_bot[0m[2m:[0m TAKER: DOWN (z=-2.55 p=0.995 ask=0.880 avg=0.894 tau=163s)
[2m2026-07-04T18:22:17.018264Z[0m [32m INFO[0m [2mexecution[0m[2m:[0m [DRY-RUN] dryrun-1168 Buy 71112389 x 271 @ 0.904 (Fak)
[2m2026-07-04T18:22:17.267554Z[0m [32m INFO[0m [2mpm_bot[0m[2m:[0m TAKER: DOWN (z=-2.55 p=0.995 ask=0.890 avg=0.890 tau=163s)
[2m2026-07-04T18:22:17.267598Z[0m [32m INFO[0m [2mexecution[0m[2m:[0m [DRY-RUN] dryrun-1169 Buy 71112389 x 267 @ 0.900 (Fak)
[2m2026-07-04T18:22:17.517893Z[0m [32m INFO[0m [2mpm_bot[0m[2m:[0m TAKER: DOWN (z=-2.55 p=0.995 ask=0.890 avg=0.895 tau=162s)
[2m2026-07-04T18:22:17.517917Z[0m [32m INFO[0m [2mexecution[0m[2m:[0m [DRY-RUN] dryrun-1170 Buy 71112389 x 267 @ 0.905 (Fak)
[2m2026-07-04T18:22:17.768107Z[0m [32m INFO[0m [2mpm_bot[0m[2m:[0m TAKER: DOWN (z=-2.55 p=0.995 ask=0.900 avg=0.900 tau=162s)
[2m2026-07-04T18:22:17.768139Z[0m [32m INFO[0m [2mexecution[0m[2m:[0m [DRY-RUN] dryrun-1171 Buy 71112389 x 262 @ 0.910 (Fak)
[2m2026-07-04T18:22:19.767378Z[0m [32m INFO[0m [2mpm_bot[0m[2m:[0m TAKER: DOWN (z=-2.67 p=0.996 ask=0.920 avg=0.921 tau=160s)
[2m2026-07-04T18:22:19.767405Z[0m [32m INFO[0m [2mexecution[0m[2m:[0m [DRY-RUN] dryrun-1172 Buy 71112389 x 259 @ 0.931 (Fak)
[2m2026-07-04T18:22:20.018060Z[0m [32m INFO[0m [2mpm_bot[0m[2m:[0m TAKER: DOWN (z=-2.67 p=0.996 ask=0.920 avg=0.920 tau=160s)
[2m2026-07-04T18:22:20.018087Z[0m [32m INFO[0m [2mexecution[0m[2m:[0m [DRY-RUN] dryrun-1173 Buy 71112389 x 259 @ 0.930 (Fak)
[2m2026-07-04T18:22:20.267449Z[0m [32m INFO[0m [2mpm_bot[0m[2m:[0m TAKER: DOWN (z=-2.89 p=0.998 ask=0.920 avg=0.920 tau=160s)
[2m2026-07-04T18:22:20.267483Z[0m [32m INFO[0m [2mexecution[0m[2m:[0m [DRY-RUN] dryrun-1174 Buy 71112389 x 265 @ 0.930 (Fak)
[2m2026-07-04T18:22:20.517478Z[0m [32m INFO[0m [2mpm_bot[0m[2m:[0m TAKER: DOWN (z=-2.89 p=0.998 ask=0.920 avg=0.920 tau=159s)
[2m2026-07-04T18:22:20.517513Z[0m [32m INFO[0m [2mexecution[0m[2m:[0m [DRY-RUN] dryrun-1175 Buy 71112389 x 265 @ 0.930 (Fak)
[2m2026-07-04T18:22:20.767917Z[0m [32m INFO[0m [2mpm_bot[0m[2m:[0m TAKER: DOWN (z=-2.89 p=0.998 ask=0.890 avg=0.898 tau=159s)
[2m2026-07-04T18:22:20.767964Z[0m [32m INFO[0m [2mexecution[0m[2m:[0m [DRY-RUN] dryrun-1176 Buy 71112389 x 275 @ 0.908 (Fak)
[2m2026-07-04T18:22:21.017644Z[0m [32m INFO[0m [2mpm_bot[0m[2m:[0m TAKER: DOWN (z=-2.89 p=0.998 ask=0.890 avg=0.897 tau=159s)
[2m2026-07-04T18:22:21.017673Z[0m [32m INFO[0m [2mexecution[0m[2m:[0m [DRY-RUN] dryrun-1177 Buy 71112389 x 275 @ 0.907 (Fak)
[2m2026-07-04T18:22:21.267632Z[0m [32m INFO[0m [2mpm_bot[0m[2m:[0m TAKER: DOWN (z=-2.99 p=0.999 ask=0.890 avg=0.897 tau=159s)
[2m2026-07-04T18:22:21.267660Z[0m [32m INFO[0m [2mexecution[0m[2m:[0m [DRY-RUN] dryrun-1178 Buy 71112389 x 277 @ 0.907 (Fak)
[2m2026-07-04T18:22:21.517702Z[0m [32m INFO[0m [2mpm_bot[0m[2m:[0m TAKER: DOWN (z=-2.99 p=0.999 ask=0.890 avg=0.899 tau=158s)
[2m2026-07-04T18:22:21.517731Z[0m [32m INFO[0m [2mexecution[0m[2m:[0m [DRY-RUN] dryrun-1179 Buy 71112389 x 277 @ 0.909 (Fak)
[2m2026-07-04T18:22:21.767281Z[0m [32m INFO[0m [2mpm_bot[0m[2m:[0m TAKER: DOWN (z=-2.99 p=0.999 ask=0.890 avg=0.898 tau=158s)
[2m2026-07-04T18:22:21.767308Z[0m [32m INFO[0m [2mexecution[0m[2m:[0m [DRY-RUN] dryrun-1180 Buy 71112389 x 277 @ 0.908 (Fak)
[2m2026-07-04T18:22:22.017825Z[0m [32m INFO[0m [2mpm_bot[0m[2m:[0m TAKER: DOWN (z=-2.99 p=0.999 ask=0.890 avg=0.896 tau=158s)
[2m2026-07-04T18:22:22.017859Z[0m [32m INFO[0m [2mexecution[0m[2m:[0m [DRY-RUN] dryrun-1181 Buy 71112389 x 277 @ 0.906 (Fak)
[2m2026-07-04T18:22:22.267623Z[0m [32m INFO[0m [2mpm_bot[0m[2m:[0m TAKER: DOWN (z=-2.96 p=0.998 ask=0.880 avg=0.881 tau=158s)
[2m2026-07-04T18:22:22.267654Z[0m [32m INFO[0m [2mexecution[0m[2m:[0m [DRY-RUN] dryrun-1182 Buy 71112389 x 280 @ 0.891 (Fak)
[2m2026-07-04T18:22:22.517654Z[0m [32m INFO[0m [2mpm_bot[0m[2m:[0m TAKER: DOWN (z=-2.96 p=0.998 ask=0.880 avg=0.882 tau=157s)
[2m2026-07-04T18:22:22.517684Z[0m [32m INFO[0m [2mexecution[0m[2m:[0m [DRY-RUN] dryrun-1183 Buy 71112389 x 280 @ 0.892 (Fak)
[2m2026-07-04T18:22:22.767494Z[0m [32m INFO[0m [2mpm_bot[0m[2m:[0m TAKER: DOWN (z=-2.96 p=0.998 ask=0.880 avg=0.882 tau=157s)
[2m2026-07-04T18:22:22.767526Z[0m [32m INFO[0m [2mexecution[0m[2m:[0m [DRY-RUN] dryrun-1184 Buy 71112389 x 280 @ 0.892 (Fak)
[2m2026-07-04T18:22:23.017902Z[0m [32m INFO[0m [2mpm_bot[0m[2m:[0m TAKER: DOWN (z=-2.96 p=0.998 ask=0.880 avg=0.895 tau=157s)
[2m2026-07-04T18:22:23.017935Z[0m [32m INFO[0m [2mexecution[0m[2m:[0m [DRY-RUN] dryrun-1185 Buy 71112389 x 280 @ 0.905 (Fak)
[2m2026-07-04T18:22:23.267702Z[0m [32m INFO[0m [2mpm_bot[0m[2m:[0m TAKER: DOWN (z=-2.96 p=0.998 ask=0.880 avg=0.897 tau=157s)
[2m2026-07-04T18:22:23.267731Z[0m [32m INFO[0m [2mexecution[0m[2m:[0m [DRY-RUN] dryrun-1186 Buy 71112389 x 280 @ 0.907 (Fak)
[2m2026-07-04T18:22:23.517522Z[0m [32m INFO[0m [2mpm_bot[0m[2m:[0m TAKER: DOWN (z=-2.96 p=0.998 ask=0.880 avg=0.897 tau=156s)
[2m2026-07-04T18:22:23.517548Z[0m [32m INFO[0m [2mexecution[0m[2m:[0m [DRY-RUN] dryrun-1187 Buy 71112389 x 280 @ 0.907 (Fak)
[2m2026-07-04T18:22:23.767349Z[0m [32m INFO[0m [2mpm_bot[0m[2m:[0m TAKER: DOWN (z=-2.96 p=0.998 ask=0.890 avg=0.899 tau=156s)
[2m2026-07-04T18:22:23.767379Z[0m [32m INFO[0m [2mexecution[0m[2m:[0m [DRY-RUN] dryrun-1188 Buy 71112389 x 276 @ 0.909 (Fak)
[2m2026-07-04T18:22:24.017213Z[0m [32m INFO[0m [2mpm_bot[0m[2m:[0m TAKER: DOWN (z=-2.96 p=0.998 ask=0.890 avg=0.899 tau=156s)
[2m2026-07-04T18:22:24.017244Z[0m [32m INFO[0m [2mexecution[0m[2m:[0m [DRY-RUN] dryrun-1189 Buy 71112389 x 276 @ 0.909 (Fak)
[2m2026-07-04T18:22:24.267612Z[0m [32m INFO[0m [2mpm_bot[0m[2m:[0m TAKER: DOWN (z=-2.81 p=0.998 ask=0.890 avg=0.899 tau=156s)
[2m2026-07-04T18:22:24.267641Z[0m [32m INFO[0m [2mexecution[0m[2m:[0m [DRY-RUN] dryrun-1190 Buy 71112389 x 274 @ 0.909 (Fak)
[2m2026-07-04T18:22:24.517544Z[0m [32m INFO[0m [2mpm_bot[0m[2m:[0m TAKER: DOWN (z=-2.81 p=0.998 ask=0.890 avg=0.899 tau=155s)
[2m2026-07-04T18:22:24.517604Z[0m [32m INFO[0m [2mexecution[0m[2m:[0m [DRY-RUN] dryrun-1191 Buy 71112389 x 274 @ 0.909 (Fak)
[2m2026-07-04T18:22:24.768160Z[0m [32m INFO[0m [2mpm_bot[0m[2m:[0m TAKER: DOWN (z=-2.81 p=0.998 ask=0.900 avg=0.900 tau=155s)
[2m2026-07-04T18:22:24.768190Z[0m [32m INFO[0m [2mexecution[0m[2m:[0m [DRY-RUN] dryrun-1192 Buy 71112389 x 270 @ 0.910 (Fak)
[2m2026-07-04T18:22:25.017492Z[0m [32m INFO[0m [2mpm_bot[0m[2m:[0m TAKER: DOWN (z=-2.81 p=0.998 ask=0.900 avg=0.900 tau=155s)
[2m2026-07-04T18:22:25.017521Z[0m [32m INFO[0m [2mexecution[0m[2m:[0m [DRY-RUN] dryrun-1193 Buy 71112389 x 270 @ 0.910 (Fak)
[2m2026-07-04T18:22:25.268170Z[0m [32m INFO[0m [2mpm_bot[0m[2m:[0m TAKER: DOWN (z=-2.78 p=0.997 ask=0.900 avg=0.900 tau=155s)
[2m2026-07-04T18:22:25.268202Z[0m [32m INFO[0m [2mexecution[0m[2m:[0m [DRY-RUN] dryrun-1194 Buy 71112389 x 270 @ 0.910 (Fak)
[2m2026-07-04T18:22:25.518372Z[0m [32m INFO[0m [2mpm_bot[0m[2m:[0m TAKER: DOWN (z=-2.78 p=0.997 ask=0.900 avg=0.900 tau=154s)
[2m2026-07-04T18:22:25.518400Z[0m [32m INFO[0m [2mexecution[0m[2m:[0m [DRY-RUN] dryrun-1195 Buy 71112389 x 270 @ 0.910 (Fak)
[2m2026-07-04T18:22:25.767366Z[0m [32m INFO[0m [2mpm_bot[0m[2m:[0m TAKER: DOWN (z=-2.78 p=0.997 ask=0.900 avg=0.907 tau=154s)
[2m2026-07-04T18:22:25.767395Z[0m [32m INFO[0m [2mexecution[0m[2m:[0m [DRY-RUN] dryrun-1196 Buy 71112389 x 270 @ 0.917 (Fak)
[2m2026-07-04T18:22:26.017859Z[0m [32m INFO[0m [2mpm_bot[0m[2m:[0m TAKER: DOWN (z=-2.78 p=0.997 ask=0.900 avg=0.913 tau=154s)
[2m2026-07-04T18:22:26.017898Z[0m [32m INFO[0m [2mexecution[0m[2m:[0m [DRY-RUN] dryrun-1197 Buy 71112389 x 270 @ 0.923 (Fak)
[2m2026-07-04T18:22:26.268309Z[0m [32m INFO[0m [2mpm_bot[0m[2m:[0m TAKER: DOWN (z=-2.72 p=0.997 ask=0.900 avg=0.912 tau=154s)
[2m2026-07-04T18:22:26.268338Z[0m [32m INFO[0m [2mexecution[0m[2m:[0m [DRY-RUN] dryrun-1198 Buy 71112389 x 268 @ 0.922 (Fak)
[2m2026-07-04T18:22:26.517640Z[0m [32m INFO[0m [2mpm_bot[0m[2m:[0m TAKER: DOWN (z=-2.72 p=0.997 ask=0.900 avg=0.911 tau=153s)
[2m2026-07-04T18:22:26.517670Z[0m [32m INFO[0m [2mexecution[0m[2m:[0m [DRY-RUN] dryrun-1199 Buy 71112389 x 268 @ 0.921 (Fak)
[2m2026-07-04T18:22:26.767844Z[0m [32m INFO[0m [2mpm_bot[0m[2m:[0m TAKER: DOWN (z=-2.72 p=0.997 ask=0.900 avg=0.911 tau=153s)
[2m2026-07-04T18:22:26.767874Z[0m [32m INFO[0m [2mexecution[0m[2m:[0m [DRY-RUN] dryrun-1200 Buy 71112389 x 268 @ 0.921 (Fak)
[2m2026-07-04T18:22:27.017659Z[0m [32m INFO[0m [2mpm_bot[0m[2m:[0m TAKER: DOWN (z=-2.72 p=0.997 ask=0.900 avg=0.912 tau=153s)
[2m2026-07-04T18:22:27.017692Z[0m [32m INFO[0m [2mexecution[0m[2m:[0m [DRY-RUN] dryrun-1201 Buy 71112389 x 268 @ 0.922 (Fak)
[2m2026-07-04T18:22:27.267638Z[0m [32m INFO[0m [2mpm_bot[0m[2m:[0m TAKER: DOWN (z=-2.73 p=0.997 ask=0.900 avg=0.912 tau=153s)
[2m2026-07-04T18:22:27.267668Z[0m [32m INFO[0m [2mexecution[0m[2m:[0m [DRY-RUN] dryrun-1202 Buy 71112389 x 268 @ 0.922 (Fak)
[2m2026-07-04T18:22:27.517660Z[0m [32m INFO[0m [2mpm_bot[0m[2m:[0m TAKER: DOWN (z=-2.73 p=0.997 ask=0.900 avg=0.912 tau=152s)
[2m2026-07-04T18:22:27.517692Z[0m [32m INFO[0m [2mexecution[0m[2m:[0m [DRY-RUN] dryrun-1203 Buy 71112389 x 268 @ 0.922 (Fak)
[2m2026-07-04T18:22:27.767654Z[0m [32m INFO[0m [2mpm_bot[0m[2m:[0m TAKER: DOWN (z=-2.73 p=0.997 ask=0.900 avg=0.913 tau=152s)
[2m2026-07-04T18:22:27.767686Z[0m [32m INFO[0m [2mexecution[0m[2m:[0m [DRY-RUN] dryrun-1204 Buy 71112389 x 268 @ 0.923 (Fak)
[2m2026-07-04T18:22:28.017643Z[0m [32m INFO[0m [2mpm_bot[0m[2m:[0m TAKER: DOWN (z=-2.73 p=0.997 ask=0.900 avg=0.913 tau=152s)
[2m2026-07-04T18:22:28.017673Z[0m [32m INFO[0m [2mexecution[0m[2m:[0m [DRY-RUN] dryrun-1205 Buy 71112389 x 268 @ 0.923 (Fak)
[2m2026-07-04T18:22:28.267976Z[0m [32m INFO[0m [2mpm_bot[0m[2m:[0m TAKER: DOWN (z=-2.72 p=0.997 ask=0.900 avg=0.913 tau=152s)
[2m2026-07-04T18:22:28.268006Z[0m [32m INFO[0m [2mexecution[0m[2m:[0m [DRY-RUN] dryrun-1206 Buy 71112389 x 268 @ 0.923 (Fak)
[2m2026-07-04T18:22:28.517286Z[0m [32m INFO[0m [2mpm_bot[0m[2m:[0m TAKER: DOWN (z=-2.72 p=0.997 ask=0.900 avg=0.913 tau=151s)
[2m2026-07-04T18:22:28.517328Z[0m [32m INFO[0m [2mexecution[0m[2m:[0m [DRY-RUN] dryrun-1207 Buy 71112389 x 268 @ 0.923 (Fak)
[2m2026-07-04T18:22:28.768040Z[0m [32m INFO[0m [2mpm_bot[0m[2m:[0m TAKER: DOWN (z=-2.72 p=0.997 ask=0.900 avg=0.900 tau=151s)
[2m2026-07-04T18:22:28.768069Z[0m [32m INFO[0m [2mexecution[0m[2m:[0m [DRY-RUN] dryrun-1208 Buy 71112389 x 268 @ 0.910 (Fak)
[2m2026-07-04T18:22:29.017308Z[0m [32m INFO[0m [2mpm_bot[0m[2m:[0m TAKER: DOWN (z=-2.72 p=0.997 ask=0.900 avg=0.900 tau=151s)
[2m2026-07-04T18:22:29.017335Z[0m [32m INFO[0m [2mexecution[0m[2m:[0m [DRY-RUN] dryrun-1209 Buy 71112389 x 268 @ 0.910 (Fak)
[2m2026-07-04T18:22:29.267315Z[0m [32m INFO[0m [2mpm_bot[0m[2m:[0m TAKER: DOWN (z=-2.73 p=0.997 ask=0.890 avg=0.891 tau=151s)
[2m2026-07-04T18:22:29.267343Z[0m [32m INFO[0m [2mexecution[0m[2m:[0m [DRY-RUN] dryrun-1210 Buy 71112389 x 272 @ 0.901 (Fak)
[2m2026-07-04T18:22:29.517809Z[0m [32m INFO[0m [2mpm_bot[0m[2m:[0m TAKER: DOWN (z=-2.73 p=0.997 ask=0.870 avg=0.879 tau=150s)
[2m2026-07-04T18:22:29.517836Z[0m [32m INFO[0m [2mexecution[0m[2m:[0m [DRY-RUN] dryrun-1211 Buy 71112389 x 280 @ 0.889 (Fak)
[2m2026-07-04T18:22:29.767787Z[0m [32m INFO[0m [2mpm_bot[0m[2m:[0m TAKER: DOWN (z=-2.73 p=0.997 ask=0.870 avg=0.883 tau=150s)
[2m2026-07-04T18:22:29.767815Z[0m [32m INFO[0m [2mexecution[0m[2m:[0m [DRY-RUN] dryrun-1212 Buy 71112389 x 280 @ 0.893 (Fak)
[2m2026-07-04T18:22:30.017410Z[0m [32m INFO[0m [2mpm_bot[0m[2m:[0m TAKER: DOWN (z=-2.73 p=0.997 ask=0.870 avg=0.881 tau=150s)
[2m2026-07-04T18:22:30.017440Z[0m [32m INFO[0m [2mexecution[0m[2m:[0m [DRY-RUN] dryrun-1213 Buy 71112389 x 280 @ 0.891 (Fak)
[2m2026-07-04T18:22:30.267311Z[0m [32m INFO[0m [2mpm_bot[0m[2m:[0m TAKER: DOWN (z=-2.73 p=0.997 ask=0.880 avg=0.883 tau=150s)
[2m2026-07-04T18:22:30.267342Z[0m [32m INFO[0m [2mexecution[0m[2m:[0m [DRY-RUN] dryrun-1214 Buy 71112389 x 276 @ 0.893 (Fak)
[2m2026-07-04T18:22:30.517508Z[0m [32m INFO[0m [2mpm_bot[0m[2m:[0m TAKER: DOWN (z=-2.73 p=0.997 ask=0.880 avg=0.882 tau=149s)
[2m2026-07-04T18:22:30.517533Z[0m [32m INFO[0m [2mexecution[0m[2m:[0m [DRY-RUN] dryrun-1215 Buy 71112389 x 276 @ 0.892 (Fak)
[2m2026-07-04T18:22:30.767744Z[0m [32m INFO[0m [2mpm_bot[0m[2m:[0m TAKER: DOWN (z=-2.71 p=0.997 ask=0.880 avg=0.892 tau=149s)
[2m2026-07-04T18:22:30.767770Z[0m [32m INFO[0m [2mexecution[0m[2m:[0m [DRY-RUN] dryrun-1216 Buy 71112389 x 276 @ 0.902 (Fak)
[2m2026-07-04T18:22:31.017836Z[0m [32m INFO[0m [2mpm_bot[0m[2m:[0m TAKER: DOWN (z=-2.71 p=0.997 ask=0.880 avg=0.894 tau=149s)
[2m2026-07-04T18:22:31.017866Z[0m [32m INFO[0m [2mexecution[0m[2m:[0m [DRY-RUN] dryrun-1217 Buy 71112389 x 276 @ 0.904 (Fak)
[2m2026-07-04T18:22:31.517975Z[0m [32m INFO[0m [2mpm_bot[0m[2m:[0m TAKER: DOWN (z=-2.70 p=0.997 ask=0.900 avg=0.910 tau=148s)
[2m2026-07-04T18:22:31.518003Z[0m [32m INFO[0m [2mexecution[0m[2m:[0m [DRY-RUN] dryrun-1218 Buy 71112389 x 268 @ 0.920 (Fak)
[2m2026-07-04T18:22:31.767706Z[0m [32m INFO[0m [2mpm_bot[0m[2m:[0m TAKER: DOWN (z=-2.70 p=0.997 ask=0.900 avg=0.912 tau=148s)
[2m2026-07-04T18:22:31.767735Z[0m [32m INFO[0m [2mexecution[0m[2m:[0m [DRY-RUN] dryrun-1219 Buy 71112389 x 268 @ 0.922 (Fak)
[2m2026-07-04T18:22:32.017758Z[0m [32m INFO[0m [2mpm_bot[0m[2m:[0m TAKER: DOWN (z=-2.70 p=0.997 ask=0.900 avg=0.913 tau=148s)
[2m2026-07-04T18:22:32.017787Z[0m [32m INFO[0m [2mexecution[0m[2m:[0m [DRY-RUN] dryrun-1220 Buy 71112389 x 268 @ 0.923 (Fak)
[2m2026-07-04T18:22:32.267894Z[0m [32m INFO[0m [2mpm_bot[0m[2m:[0m TAKER: DOWN (z=-2.60 p=0.995 ask=0.900 avg=0.916 tau=148s)
[2m2026-07-04T18:22:32.267921Z[0m [32m INFO[0m [2mexecution[0m[2m:[0m [DRY-RUN] dryrun-1221 Buy 71112389 x 264 @ 0.926 (Fak)
[2m2026-07-04T18:22:32.517653Z[0m [32m INFO[0m [2mpm_bot[0m[2m:[0m TAKER: DOWN (z=-2.60 p=0.995 ask=0.920 avg=0.920 tau=147s)
[2m2026-07-04T18:22:32.517692Z[0m [32m INFO[0m [2mexecution[0m[2m:[0m [DRY-RUN] dryrun-1222 Buy 71112389 x 255 @ 0.930 (Fak)
[2m2026-07-04T18:22:32.767253Z[0m [32m INFO[0m [2mpm_bot[0m[2m:[0m TAKER: DOWN (z=-2.60 p=0.995 ask=0.920 avg=0.920 tau=147s)
[2m2026-07-04T18:22:32.767274Z[0m [32m INFO[0m [2mexecution[0m[2m:[0m [DRY-RUN] dryrun-1223 Buy 71112389 x 255 @ 0.930 (Fak)
[2m2026-07-04T18:25:02.510101Z[0m [32m INFO[0m [2mpm_bot[0m[2m:[0m fenêtre active: btc-updown-5m-1783189500 [1783189500000 → 1783189800000]
[2m2026-07-04T18:25:02.510293Z[0m [32m INFO[0m [2mpm_bot[0m[2m:[0m strike gelé: Some(63121.94049) (confidence=1.000, gap=Some(0) ms)
[2m2026-07-04T18:25:03.119645Z[0m [32m INFO[0m [2mpm_acquisition::clob[0m[2m:[0m CLOB connecté (up=37191581…, down=15830910…)
[2m2026-07-04T18:25:03.286443Z[0m [32m INFO[0m [2mexecution[0m[2m:[0m [DRY-RUN] dryrun-1224 Buy 15830910 x 50 @ 0.530 (Gtc)
[2m2026-07-04T18:25:03.536691Z[0m [32m INFO[0m [2mexecution[0m[2m:[0m [DRY-RUN] dryrun-1225 Buy 15830910 x 50 @ 0.530 (Gtc)
[2m2026-07-04T18:25:19.407165Z[0m [33m WARN[0m [2mpm_acquisition::watchdog[0m[2m:[0m flux rtds stale (6118 ms de silence)
[2m2026-07-04T18:25:19.407265Z[0m [33m WARN[0m [2mpm_bot[0m[2m:[0m FEED STALE: rtds silencieux 6118 ms
[2m2026-07-04T18:25:20.653742Z[0m [33m WARN[0m [2mpm_acquisition::rtds[0m[2m:[0m RTDS silencieux 5500 ms → réabonnement
[2m2026-07-04T18:25:22.036509Z[0m [32m INFO[0m [2mexecution[0m[2m:[0m [DRY-RUN] dryrun-1226 Buy 15830910 x 50 @ 0.370 (Gtc)
[2m2026-07-04T18:25:22.286633Z[0m [32m INFO[0m [2mexecution[0m[2m:[0m [DRY-RUN] dryrun-1227 Buy 15830910 x 50 @ 0.370 (Gtc)
[2m2026-07-04T18:25:22.536935Z[0m [32m INFO[0m [2mexecution[0m[2m:[0m [DRY-RUN] dryrun-1228 Buy 15830910 x 50 @ 0.370 (Gtc)
[2m2026-07-04T18:25:22.787180Z[0m [32m INFO[0m [2mexecution[0m[2m:[0m [DRY-RUN] dryrun-1229 Buy 15830910 x 50 @ 0.370 (Gtc)
[2m2026-07-04T18:25:23.036639Z[0m [32m INFO[0m [2mexecution[0m[2m:[0m [DRY-RUN] dryrun-1230 Buy 15830910 x 50 @ 0.360 (Gtc)
[2m2026-07-04T18:25:23.287303Z[0m [32m INFO[0m [2mexecution[0m[2m:[0m [DRY-RUN] dryrun-1231 Buy 15830910 x 50 @ 0.360 (Gtc)
[2m2026-07-04T18:25:23.536783Z[0m [32m INFO[0m [2mexecution[0m[2m:[0m [DRY-RUN] dryrun-1232 Buy 15830910 x 50 @ 0.360 (Gtc)
[2m2026-07-04T18:25:23.786969Z[0m [32m INFO[0m [2mexecution[0m[2m:[0m [DRY-RUN] dryrun-1233 Buy 15830910 x 50 @ 0.360 (Gtc)
[2m2026-07-04T18:25:24.036649Z[0m [32m INFO[0m [2mexecution[0m[2m:[0m [DRY-RUN] dryrun-1234 Buy 15830910 x 50 @ 0.360 (Gtc)
[2m2026-07-04T18:25:26.036478Z[0m [32m INFO[0m [2mexecution[0m[2m:[0m [DRY-RUN] dryrun-1235 Buy 15830910 x 50 @ 0.380 (Gtc)
[2m2026-07-04T18:25:26.287065Z[0m [32m INFO[0m [2mexecution[0m[2m:[0m [DRY-RUN] dryrun-1236 Buy 15830910 x 50 @ 0.380 (Gtc)
[2m2026-07-04T18:25:26.537008Z[0m [32m INFO[0m [2mexecution[0m[2m:[0m [DRY-RUN] dryrun-1237 Buy 15830910 x 50 @ 0.390 (Gtc)
[2m2026-07-04T18:25:26.786569Z[0m [32m INFO[0m [2mexecution[0m[2m:[0m [DRY-RUN] dryrun-1238 Buy 15830910 x 50 @ 0.410 (Gtc)
[2m2026-07-04T18:25:27.037080Z[0m [32m INFO[0m [2mexecution[0m[2m:[0m [DRY-RUN] dryrun-1239 Buy 15830910 x 50 @ 0.410 (Gtc)
[2m2026-07-04T18:25:27.286929Z[0m [32m INFO[0m [2mexecution[0m[2m:[0m [DRY-RUN] dryrun-1240 Buy 15830910 x 50 @ 0.430 (Gtc)
[2m2026-07-04T18:25:27.536467Z[0m [32m INFO[0m [2mexecution[0m[2m:[0m [DRY-RUN] dryrun-1241 Buy 15830910 x 50 @ 0.430 (Gtc)
[2m2026-07-04T18:25:27.786317Z[0m [32m INFO[0m [2mexecution[0m[2m:[0m [DRY-RUN] dryrun-1242 Buy 15830910 x 50 @ 0.440 (Gtc)
[2m2026-07-04T18:25:28.036630Z[0m [32m INFO[0m [2mexecution[0m[2m:[0m [DRY-RUN] dryrun-1243 Buy 15830910 x 50 @ 0.440 (Gtc)
[2m2026-07-04T18:25:28.286550Z[0m [32m INFO[0m [2mexecution[0m[2m:[0m [DRY-RUN] dryrun-1244 Buy 15830910 x 50 @ 0.440 (Gtc)
[2m2026-07-04T18:25:28.536483Z[0m [32m INFO[0m [2mexecution[0m[2m:[0m [DRY-RUN] dryrun-1245 Buy 15830910 x 50 @ 0.440 (Gtc)
[2m2026-07-04T18:25:28.786324Z[0m [32m INFO[0m [2mexecution[0m[2m:[0m [DRY-RUN] dryrun-1246 Buy 15830910 x 50 @ 0.440 (Gtc)
[2m2026-07-04T18:25:29.036647Z[0m [32m INFO[0m [2mexecution[0m[2m:[0m [DRY-RUN] dryrun-1247 Buy 15830910 x 50 @ 0.440 (Gtc)
[2m2026-07-04T18:25:29.286578Z[0m [32m INFO[0m [2mexecution[0m[2m:[0m [DRY-RUN] dryrun-1248 Buy 15830910 x 50 @ 0.440 (Gtc)
[2m2026-07-04T18:25:29.536258Z[0m [32m INFO[0m [2mexecution[0m[2m:[0m [DRY-RUN] dryrun-1249 Buy 15830910 x 50 @ 0.440 (Gtc)
[2m2026-07-04T18:25:29.786962Z[0m [32m INFO[0m [2mexecution[0m[2m:[0m [DRY-RUN] dryrun-1250 Buy 15830910 x 50 @ 0.440 (Gtc)
[2m2026-07-04T18:25:30.036658Z[0m [32m INFO[0m [2mexecution[0m[2m:[0m [DRY-RUN] dryrun-1251 Buy 15830910 x 50 @ 0.440 (Gtc)
[2m2026-07-04T18:25:30.287177Z[0m [32m INFO[0m [2mexecution[0m[2m:[0m [DRY-RUN] dryrun-1252 Buy 15830910 x 50 @ 0.440 (Gtc)
[2m2026-07-04T18:25:30.536679Z[0m [32m INFO[0m [2mexecution[0m[2m:[0m [DRY-RUN] dryrun-1253 Buy 15830910 x 50 @ 0.440 (Gtc)
[2m2026-07-04T18:25:30.786948Z[0m [32m INFO[0m [2mexecution[0m[2m:[0m [DRY-RUN] dryrun-1254 Buy 15830910 x 50 @ 0.440 (Gtc)
[2m2026-07-04T18:25:31.036914Z[0m [32m INFO[0m [2mexecution[0m[2m:[0m [DRY-RUN] dryrun-1255 Buy 15830910 x 50 @ 0.440 (Gtc)
[2m2026-07-04T18:25:31.286346Z[0m [32m INFO[0m [2mexecution[0m[2m:[0m [DRY-RUN] dryrun-1256 Buy 15830910 x 50 @ 0.420 (Gtc)
[2m2026-07-04T18:25:31.537051Z[0m [32m INFO[0m [2mexecution[0m[2m:[0m [DRY-RUN] dryrun-1257 Buy 15830910 x 50 @ 0.410 (Gtc)
[2m2026-07-04T18:25:31.786438Z[0m [32m INFO[0m [2mexecution[0m[2m:[0m [DRY-RUN] dryrun-1258 Buy 15830910 x 50 @ 0.410 (Gtc)
[2m2026-07-04T18:25:32.036905Z[0m [32m INFO[0m [2mexecution[0m[2m:[0m [DRY-RUN] dryrun-1259 Buy 15830910 x 50 @ 0.420 (Gtc)
[2m2026-07-04T18:25:32.286964Z[0m [32m INFO[0m [2mexecution[0m[2m:[0m [DRY-RUN] dryrun-1260 Buy 15830910 x 50 @ 0.410 (Gtc)
[2m2026-07-04T18:25:32.537224Z[0m [32m INFO[0m [2mexecution[0m[2m:[0m [DRY-RUN] dryrun-1261 Buy 15830910 x 50 @ 0.410 (Gtc)
[2m2026-07-04T18:25:32.786655Z[0m [32m INFO[0m [2mexecution[0m[2m:[0m [DRY-RUN] dryrun-1262 Buy 15830910 x 50 @ 0.410 (Gtc)
[2m2026-07-04T18:25:33.037141Z[0m [32m INFO[0m [2mexecution[0m[2m:[0m [DRY-RUN] dryrun-1263 Buy 15830910 x 50 @ 0.410 (Gtc)
[2m2026-07-04T18:25:33.287245Z[0m [32m INFO[0m [2mexecution[0m[2m:[0m [DRY-RUN] dryrun-1264 Buy 15830910 x 50 @ 0.410 (Gtc)
[2m2026-07-04T18:25:33.536687Z[0m [32m INFO[0m [2mexecution[0m[2m:[0m [DRY-RUN] dryrun-1265 Buy 15830910 x 50 @ 0.420 (Gtc)
[2m2026-07-04T18:25:33.787150Z[0m [32m INFO[0m [2mexecution[0m[2m:[0m [DRY-RUN] dryrun-1266 Buy 15830910 x 50 @ 0.420 (Gtc)
[2m2026-07-04T18:25:34.036712Z[0m [32m INFO[0m [2mexecution[0m[2m:[0m [DRY-RUN] dryrun-1267 Buy 15830910 x 50 @ 0.420 (Gtc)
[2m2026-07-04T18:25:34.287171Z[0m [32m INFO[0m [2mexecution[0m[2m:[0m [DRY-RUN] dryrun-1268 Buy 15830910 x 50 @ 0.420 (Gtc)
[2m2026-07-04T18:25:34.536755Z[0m [32m INFO[0m [2mexecution[0m[2m:[0m [DRY-RUN] dryrun-1269 Buy 15830910 x 50 @ 0.420 (Gtc)
[2m2026-07-04T18:25:34.787253Z[0m [32m INFO[0m [2mexecution[0m[2m:[0m [DRY-RUN] dryrun-1270 Buy 15830910 x 50 @ 0.420 (Gtc)
[2m2026-07-04T18:25:35.037092Z[0m [32m INFO[0m [2mexecution[0m[2m:[0m [DRY-RUN] dryrun-1271 Buy 15830910 x 50 @ 0.420 (Gtc)
[2m2026-07-04T18:25:35.286447Z[0m [32m INFO[0m [2mexecution[0m[2m:[0m [DRY-RUN] dryrun-1272 Buy 15830910 x 50 @ 0.400 (Gtc)
[2m2026-07-04T18:25:35.536288Z[0m [32m INFO[0m [2mexecution[0m[2m:[0m [DRY-RUN] dryrun-1273 Buy 15830910 x 50 @ 0.400 (Gtc)
[2m2026-07-04T18:25:35.787097Z[0m [32m INFO[0m [2mexecution[0m[2m:[0m [DRY-RUN] dryrun-1274 Buy 15830910 x 50 @ 0.400 (Gtc)
[2m2026-07-04T18:25:36.036672Z[0m [32m INFO[0m [2mexecution[0m[2m:[0m [DRY-RUN] dryrun-1275 Buy 15830910 x 50 @ 0.400 (Gtc)
[2m2026-07-04T18:25:36.286818Z[0m [32m INFO[0m [2mexecution[0m[2m:[0m [DRY-RUN] dryrun-1276 Buy 15830910 x 50 @ 0.400 (Gtc)
[2m2026-07-04T18:25:36.536394Z[0m [32m INFO[0m [2mexecution[0m[2m:[0m [DRY-RUN] dryrun-1277 Buy 15830910 x 50 @ 0.400 (Gtc)
[2m2026-07-04T18:25:36.786445Z[0m [32m INFO[0m [2mexecution[0m[2m:[0m [DRY-RUN] dryrun-1278 Buy 15830910 x 50 @ 0.400 (Gtc)
[2m2026-07-04T18:25:37.036535Z[0m [32m INFO[0m [2mexecution[0m[2m:[0m [DRY-RUN] dryrun-1279 Buy 15830910 x 50 @ 0.400 (Gtc)
[2m2026-07-04T18:25:37.286792Z[0m [32m INFO[0m [2mexecution[0m[2m:[0m [DRY-RUN] dryrun-1280 Buy 15830910 x 50 @ 0.400 (Gtc)
[2m2026-07-04T18:25:37.536960Z[0m [32m INFO[0m [2mexecution[0m[2m:[0m [DRY-RUN] dryrun-1281 Buy 15830910 x 50 @ 0.360 (Gtc)
[2m2026-07-04T18:25:37.786829Z[0m [32m INFO[0m [2mexecution[0m[2m:[0m [DRY-RUN] dryrun-1282 Buy 15830910 x 50 @ 0.360 (Gtc)
[2m2026-07-04T18:25:38.036715Z[0m [32m INFO[0m [2mexecution[0m[2m:[0m [DRY-RUN] dryrun-1283 Buy 15830910 x 50 @ 0.360 (Gtc)
[2m2026-07-04T18:25:38.286498Z[0m [32m INFO[0m [2mexecution[0m[2m:[0m [DRY-RUN] dryrun-1284 Buy 15830910 x 50 @ 0.350 (Gtc)
[2m2026-07-04T18:25:38.536980Z[0m [32m INFO[0m [2mexecution[0m[2m:[0m [DRY-RUN] dryrun-1285 Buy 15830910 x 50 @ 0.350 (Gtc)
[2m2026-07-04T18:25:38.786663Z[0m [32m INFO[0m [2mexecution[0m[2m:[0m [DRY-RUN] dryrun-1286 Buy 15830910 x 50 @ 0.360 (Gtc)
[2m2026-07-04T18:25:39.036631Z[0m [32m INFO[0m [2mexecution[0m[2m:[0m [DRY-RUN] dryrun-1287 Buy 15830910 x 50 @ 0.360 (Gtc)
[2m2026-07-04T18:25:39.286862Z[0m [32m INFO[0m [2mexecution[0m[2m:[0m [DRY-RUN] dryrun-1288 Buy 15830910 x 50 @ 0.360 (Gtc)
[2m2026-07-04T18:25:39.537120Z[0m [32m INFO[0m [2mexecution[0m[2m:[0m [DRY-RUN] dryrun-1289 Buy 15830910 x 50 @ 0.360 (Gtc)
[2m2026-07-04T18:25:39.786212Z[0m [32m INFO[0m [2mexecution[0m[2m:[0m [DRY-RUN] dryrun-1290 Buy 15830910 x 50 @ 0.350 (Gtc)
[2m2026-07-04T18:25:40.036367Z[0m [32m INFO[0m [2mexecution[0m[2m:[0m [DRY-RUN] dryrun-1291 Buy 15830910 x 50 @ 0.350 (Gtc)
[2m2026-07-04T18:25:40.286801Z[0m [32m INFO[0m [2mexecution[0m[2m:[0m [DRY-RUN] dryrun-1292 Buy 15830910 x 50 @ 0.350 (Gtc)
[2m2026-07-04T18:25:40.536443Z[0m [32m INFO[0m [2mexecution[0m[2m:[0m [DRY-RUN] dryrun-1293 Buy 15830910 x 50 @ 0.350 (Gtc)
[2m2026-07-04T18:25:40.786231Z[0m [32m INFO[0m [2mexecution[0m[2m:[0m [DRY-RUN] dryrun-1294 Buy 15830910 x 50 @ 0.350 (Gtc)
[2m2026-07-04T18:25:41.036374Z[0m [32m INFO[0m [2mexecution[0m[2m:[0m [DRY-RUN] dryrun-1295 Buy 15830910 x 50 @ 0.350 (Gtc)
[2m2026-07-04T18:25:41.286772Z[0m [32m INFO[0m [2mexecution[0m[2m:[0m [DRY-RUN] dryrun-1296 Buy 15830910 x 50 @ 0.350 (Gtc)
[2m2026-07-04T18:25:41.536340Z[0m [32m INFO[0m [2mexecution[0m[2m:[0m [DRY-RUN] dryrun-1297 Buy 15830910 x 50 @ 0.350 (Gtc)
[2m2026-07-04T18:25:41.786582Z[0m [32m INFO[0m [2mexecution[0m[2m:[0m [DRY-RUN] dryrun-1298 Buy 15830910 x 50 @ 0.350 (Gtc)
[2m2026-07-04T18:25:42.036694Z[0m [32m INFO[0m [2mexecution[0m[2m:[0m [DRY-RUN] dryrun-1299 Buy 15830910 x 50 @ 0.380 (Gtc)
[2m2026-07-04T18:25:43.786991Z[0m [32m INFO[0m [2mexecution[0m[2m:[0m [DRY-RUN] dryrun-1300 Buy 15830910 x 50 @ 0.340 (Gtc)
[2m2026-07-04T18:25:44.036220Z[0m [32m INFO[0m [2mexecution[0m[2m:[0m [DRY-RUN] dryrun-1301 Buy 15830910 x 50 @ 0.350 (Gtc)
[2m2026-07-04T18:25:44.286747Z[0m [32m INFO[0m [2mexecution[0m[2m:[0m [DRY-RUN] dryrun-1302 Buy 15830910 x 50 @ 0.330 (Gtc)
[2m2026-07-04T18:25:44.536668Z[0m [32m INFO[0m [2mexecution[0m[2m:[0m [DRY-RUN] dryrun-1303 Buy 15830910 x 50 @ 0.330 (Gtc)
[2m2026-07-04T18:25:44.787205Z[0m [32m INFO[0m [2mexecution[0m[2m:[0m [DRY-RUN] dryrun-1304 Buy 15830910 x 50 @ 0.330 (Gtc)
[2m2026-07-04T18:25:45.036350Z[0m [32m INFO[0m [2mexecution[0m[2m:[0m [DRY-RUN] dryrun-1305 Buy 15830910 x 50 @ 0.330 (Gtc)
[2m2026-07-04T18:25:45.286384Z[0m [32m INFO[0m [2mexecution[0m[2m:[0m [DRY-RUN] dryrun-1306 Buy 15830910 x 50 @ 0.330 (Gtc)
[2m2026-07-04T18:25:45.536278Z[0m [32m INFO[0m [2mexecution[0m[2m:[0m [DRY-RUN] dryrun-1307 Buy 15830910 x 50 @ 0.330 (Gtc)
[2m2026-07-04T18:25:45.786696Z[0m [32m INFO[0m [2mexecution[0m[2m:[0m [DRY-RUN] dryrun-1308 Buy 15830910 x 50 @ 0.330 (Gtc)
[2m2026-07-04T18:25:46.037013Z[0m [32m INFO[0m [2mexecution[0m[2m:[0m [DRY-RUN] dryrun-1309 Buy 15830910 x 50 @ 0.330 (Gtc)
[2m2026-07-04T18:25:46.287022Z[0m [32m INFO[0m [2mexecution[0m[2m:[0m [DRY-RUN] dryrun-1310 Buy 15830910 x 50 @ 0.320 (Gtc)
[2m2026-07-04T18:25:46.536686Z[0m [32m INFO[0m [2mexecution[0m[2m:[0m [DRY-RUN] dryrun-1311 Buy 15830910 x 50 @ 0.320 (Gtc)
[2m2026-07-04T18:25:48.786210Z[0m [32m INFO[0m [2mexecution[0m[2m:[0m [DRY-RUN] dryrun-1312 Buy 37191581 x 50 @ 0.630 (Gtc)
[2m2026-07-04T18:25:49.036774Z[0m [32m INFO[0m [2mexecution[0m[2m:[0m [DRY-RUN] dryrun-1313 Buy 37191581 x 50 @ 0.630 (Gtc)
[2m2026-07-04T18:25:49.287329Z[0m [32m INFO[0m [2mexecution[0m[2m:[0m [DRY-RUN] dryrun-1314 Buy 37191581 x 50 @ 0.630 (Gtc)
[2m2026-07-04T18:25:49.536930Z[0m [32m INFO[0m [2mexecution[0m[2m:[0m [DRY-RUN] dryrun-1315 Buy 37191581 x 50 @ 0.630 (Gtc)
[2m2026-07-04T18:25:49.787025Z[0m [32m INFO[0m [2mexecution[0m[2m:[0m [DRY-RUN] dryrun-1316 Buy 37191581 x 50 @ 0.630 (Gtc)
[2m2026-07-04T18:25:50.037079Z[0m [32m INFO[0m [2mexecution[0m[2m:[0m [DRY-RUN] dryrun-1317 Buy 37191581 x 50 @ 0.630 (Gtc)
[2m2026-07-04T18:25:50.286533Z[0m [32m INFO[0m [2mexecution[0m[2m:[0m [DRY-RUN] dryrun-1318 Buy 15830910 x 50 @ 0.340 (Gtc)
[2m2026-07-04T18:25:50.537207Z[0m [32m INFO[0m [2mexecution[0m[2m:[0m [DRY-RUN] dryrun-1319 Buy 15830910 x 50 @ 0.340 (Gtc)
[2m2026-07-04T18:25:50.786305Z[0m [32m INFO[0m [2mexecution[0m[2m:[0m [DRY-RUN] dryrun-1320 Buy 15830910 x 50 @ 0.340 (Gtc)
[2m2026-07-04T18:25:51.037278Z[0m [32m INFO[0m [2mexecution[0m[2m:[0m [DRY-RUN] dryrun-1321 Buy 15830910 x 50 @ 0.340 (Gtc)
[2m2026-07-04T18:25:51.286757Z[0m [32m INFO[0m [2mexecution[0m[2m:[0m [DRY-RUN] dryrun-1322 Buy 15830910 x 50 @ 0.330 (Gtc)
[2m2026-07-04T18:25:51.536457Z[0m [32m INFO[0m [2mexecution[0m[2m:[0m [DRY-RUN] dryrun-1323 Buy 15830910 x 50 @ 0.330 (Gtc)
[2m2026-07-04T18:25:51.787037Z[0m [32m INFO[0m [2mexecution[0m[2m:[0m [DRY-RUN] dryrun-1324 Buy 15830910 x 50 @ 0.330 (Gtc)
[2m2026-07-04T18:25:52.036950Z[0m [32m INFO[0m [2mexecution[0m[2m:[0m [DRY-RUN] dryrun-1325 Buy 15830910 x 50 @ 0.330 (Gtc)
[2m2026-07-04T18:25:52.286302Z[0m [32m INFO[0m [2mexecution[0m[2m:[0m [DRY-RUN] dryrun-1326 Buy 15830910 x 50 @ 0.330 (Gtc)
[2m2026-07-04T18:25:52.786399Z[0m [32m INFO[0m [2mexecution[0m[2m:[0m [DRY-RUN] dryrun-1327 Buy 37191581 x 50 @ 0.600 (Gtc)
[2m2026-07-04T18:25:53.036815Z[0m [32m INFO[0m [2mexecution[0m[2m:[0m [DRY-RUN] dryrun-1328 Buy 37191581 x 50 @ 0.600 (Gtc)
[2m2026-07-04T18:25:53.286251Z[0m [32m INFO[0m [2mexecution[0m[2m:[0m [DRY-RUN] dryrun-1329 Buy 37191581 x 50 @ 0.600 (Gtc)
[2m2026-07-04T18:25:53.536995Z[0m [32m INFO[0m [2mexecution[0m[2m:[0m [DRY-RUN] dryrun-1330 Buy 37191581 x 50 @ 0.600 (Gtc)
[2m2026-07-04T18:25:53.787135Z[0m [32m INFO[0m [2mexecution[0m[2m:[0m [DRY-RUN] dryrun-1331 Buy 37191581 x 50 @ 0.600 (Gtc)
[2m2026-07-04T18:25:54.037145Z[0m [32m INFO[0m [2mexecution[0m[2m:[0m [DRY-RUN] dryrun-1332 Buy 37191581 x 50 @ 0.600 (Gtc)
[2m2026-07-04T18:25:54.287135Z[0m [32m INFO[0m [2mexecution[0m[2m:[0m [DRY-RUN] dryrun-1333 Buy 37191581 x 50 @ 0.600 (Gtc)
[2m2026-07-04T18:25:54.536779Z[0m [32m INFO[0m [2mexecution[0m[2m:[0m [DRY-RUN] dryrun-1334 Buy 37191581 x 50 @ 0.600 (Gtc)
[2m2026-07-04T18:25:58.537206Z[0m [32m INFO[0m [2mexecution[0m[2m:[0m [DRY-RUN] dryrun-1335 Buy 37191581 x 50 @ 0.600 (Gtc)
[2m2026-07-04T18:25:58.787010Z[0m [32m INFO[0m [2mexecution[0m[2m:[0m [DRY-RUN] dryrun-1336 Buy 37191581 x 50 @ 0.600 (Gtc)
[2m2026-07-04T18:25:59.036345Z[0m [32m INFO[0m [2mexecution[0m[2m:[0m [DRY-RUN] dryrun-1337 Buy 37191581 x 50 @ 0.600 (Gtc)
[2m2026-07-04T18:25:59.286401Z[0m [32m INFO[0m [2mexecution[0m[2m:[0m [DRY-RUN] dryrun-1338 Buy 37191581 x 50 @ 0.600 (Gtc)
[2m2026-07-04T18:25:59.536396Z[0m [32m INFO[0m [2mexecution[0m[2m:[0m [DRY-RUN] dryrun-1339 Buy 37191581 x 50 @ 0.600 (Gtc)
[2m2026-07-04T18:25:59.787039Z[0m [32m INFO[0m [2mexecution[0m[2m:[0m [DRY-RUN] dryrun-1340 Buy 37191581 x 50 @ 0.600 (Gtc)
[2m2026-07-04T18:26:00.037260Z[0m [32m INFO[0m [2mexecution[0m[2m:[0m [DRY-RUN] dryrun-1341 Buy 37191581 x 50 @ 0.600 (Gtc)
[2m2026-07-04T18:26:00.286345Z[0m [32m INFO[0m [2mexecution[0m[2m:[0m [DRY-RUN] dryrun-1342 Buy 37191581 x 50 @ 0.600 (Gtc)
[2m2026-07-04T18:26:00.536145Z[0m [32m INFO[0m [2mexecution[0m[2m:[0m [DRY-RUN] dryrun-1343 Buy 37191581 x 50 @ 0.600 (Gtc)
[2m2026-07-04T18:26:00.786815Z[0m [32m INFO[0m [2mexecution[0m[2m:[0m [DRY-RUN] dryrun-1344 Buy 37191581 x 50 @ 0.600 (Gtc)
[2m2026-07-04T18:26:01.037149Z[0m [32m INFO[0m [2mexecution[0m[2m:[0m [DRY-RUN] dryrun-1345 Buy 37191581 x 50 @ 0.600 (Gtc)
[2m2026-07-04T18:26:01.287192Z[0m [32m INFO[0m [2mexecution[0m[2m:[0m [DRY-RUN] dryrun-1346 Buy 37191581 x 50 @ 0.600 (Gtc)
[2m2026-07-04T18:26:01.537252Z[0m [32m INFO[0m [2mexecution[0m[2m:[0m [DRY-RUN] dryrun-1347 Buy 37191581 x 50 @ 0.600 (Gtc)
[2m2026-07-04T18:26:01.787113Z[0m [32m INFO[0m [2mexecution[0m[2m:[0m [DRY-RUN] dryrun-1348 Buy 37191581 x 50 @ 0.600 (Gtc)
[2m2026-07-04T18:26:04.036874Z[0m [32m INFO[0m [2mexecution[0m[2m:[0m [DRY-RUN] dryrun-1349 Buy 37191581 x 50 @ 0.590 (Gtc)
[2m2026-07-04T18:26:04.286987Z[0m [32m INFO[0m [2mexecution[0m[2m:[0m [DRY-RUN] dryrun-1350 Buy 37191581 x 50 @ 0.590 (Gtc)
[2m2026-07-04T18:26:04.536517Z[0m [32m INFO[0m [2mexecution[0m[2m:[0m [DRY-RUN] dryrun-1351 Buy 37191581 x 50 @ 0.590 (Gtc)
[2m2026-07-04T18:26:04.786164Z[0m [32m INFO[0m [2mexecution[0m[2m:[0m [DRY-RUN] dryrun-1352 Buy 37191581 x 50 @ 0.550 (Gtc)
[2m2026-07-04T18:26:05.036383Z[0m [32m INFO[0m [2mexecution[0m[2m:[0m [DRY-RUN] dryrun-1353 Buy 37191581 x 50 @ 0.550 (Gtc)
[2m2026-07-04T18:26:05.286459Z[0m [32m INFO[0m [2mexecution[0m[2m:[0m [DRY-RUN] dryrun-1354 Buy 37191581 x 50 @ 0.550 (Gtc)
[2m2026-07-04T18:26:05.536731Z[0m [32m INFO[0m [2mexecution[0m[2m:[0m [DRY-RUN] dryrun-1355 Buy 37191581 x 50 @ 0.550 (Gtc)
[2m2026-07-04T18:26:05.786635Z[0m [32m INFO[0m [2mexecution[0m[2m:[0m [DRY-RUN] dryrun-1356 Buy 37191581 x 50 @ 0.550 (Gtc)
[2m2026-07-04T18:26:06.037239Z[0m [32m INFO[0m [2mexecution[0m[2m:[0m [DRY-RUN] dryrun-1357 Buy 37191581 x 50 @ 0.550 (Gtc)
[2m2026-07-04T18:26:06.287060Z[0m [32m INFO[0m [2mexecution[0m[2m:[0m [DRY-RUN] dryrun-1358 Buy 37191581 x 50 @ 0.550 (Gtc)
[2m2026-07-04T18:26:06.536833Z[0m [32m INFO[0m [2mexecution[0m[2m:[0m [DRY-RUN] dryrun-1359 Buy 37191581 x 50 @ 0.560 (Gtc)
[2m2026-07-04T18:26:06.787317Z[0m [32m INFO[0m [2mexecution[0m[2m:[0m [DRY-RUN] dryrun-1360 Buy 37191581 x 50 @ 0.560 (Gtc)
[2m2026-07-04T18:26:07.036204Z[0m [32m INFO[0m [2mexecution[0m[2m:[0m [DRY-RUN] dryrun-1361 Buy 37191581 x 50 @ 0.550 (Gtc)
[2m2026-07-04T18:26:07.286678Z[0m [32m INFO[0m [2mexecution[0m[2m:[0m [DRY-RUN] dryrun-1362 Buy 37191581 x 50 @ 0.490 (Gtc)
[2m2026-07-04T18:26:07.536499Z[0m [32m INFO[0m [2mexecution[0m[2m:[0m [DRY-RUN] dryrun-1363 Buy 37191581 x 50 @ 0.490 (Gtc)
[2m2026-07-04T18:26:07.786809Z[0m [32m INFO[0m [2mexecution[0m[2m:[0m [DRY-RUN] dryrun-1364 Buy 37191581 x 50 @ 0.490 (Gtc)
[2m2026-07-04T18:26:08.036460Z[0m [32m INFO[0m [2mexecution[0m[2m:[0m [DRY-RUN] dryrun-1365 Buy 37191581 x 50 @ 0.470 (Gtc)
[2m2026-07-04T18:26:08.286630Z[0m [32m INFO[0m [2mexecution[0m[2m:[0m [DRY-RUN] dryrun-1366 Buy 37191581 x 50 @ 0.470 (Gtc)
[2m2026-07-04T18:26:08.536626Z[0m [32m INFO[0m [2mexecution[0m[2m:[0m [DRY-RUN] dryrun-1367 Buy 37191581 x 50 @ 0.470 (Gtc)
[2m2026-07-04T18:26:08.786566Z[0m [32m INFO[0m [2mexecution[0m[2m:[0m [DRY-RUN] dryrun-1368 Buy 37191581 x 50 @ 0.470 (Gtc)
[2m2026-07-04T18:26:09.037295Z[0m [32m INFO[0m [2mexecution[0m[2m:[0m [DRY-RUN] dryrun-1369 Buy 37191581 x 50 @ 0.440 (Gtc)
[2m2026-07-04T18:26:09.286695Z[0m [32m INFO[0m [2mexecution[0m[2m:[0m [DRY-RUN] dryrun-1370 Buy 37191581 x 50 @ 0.440 (Gtc)
[2m2026-07-04T18:26:09.536615Z[0m [32m INFO[0m [2mexecution[0m[2m:[0m [DRY-RUN] dryrun-1371 Buy 37191581 x 50 @ 0.440 (Gtc)
[2m2026-07-04T18:26:09.786617Z[0m [32m INFO[0m [2mexecution[0m[2m:[0m [DRY-RUN] dryrun-1372 Buy 37191581 x 50 @ 0.440 (Gtc)
[2m2026-07-04T18:26:10.036735Z[0m [32m INFO[0m [2mexecution[0m[2m:[0m [DRY-RUN] dryrun-1373 Buy 37191581 x 50 @ 0.440 (Gtc)
[2m2026-07-04T18:26:10.287254Z[0m [32m INFO[0m [2mexecution[0m[2m:[0m [DRY-RUN] dryrun-1374 Buy 37191581 x 50 @ 0.440 (Gtc)
[2m2026-07-04T18:26:10.537167Z[0m [32m INFO[0m [2mexecution[0m[2m:[0m [DRY-RUN] dryrun-1375 Buy 15830910 x 50 @ 0.570 (Gtc)
[2m2026-07-04T18:26:10.786458Z[0m [32m INFO[0m [2mexecution[0m[2m:[0m [DRY-RUN] dryrun-1376 Buy 15830910 x 50 @ 0.570 (Gtc)
[2m2026-07-04T18:26:11.036663Z[0m [32m INFO[0m [2mexecution[0m[2m:[0m [DRY-RUN] dryrun-1377 Buy 15830910 x 50 @ 0.570 (Gtc)
[2m2026-07-04T18:26:11.287056Z[0m [32m INFO[0m [2mexecution[0m[2m:[0m [DRY-RUN] dryrun-1378 Buy 15830910 x 50 @ 0.590 (Gtc)
[2m2026-07-04T18:26:11.536558Z[0m [32m INFO[0m [2mexecution[0m[2m:[0m [DRY-RUN] dryrun-1379 Buy 15830910 x 50 @ 0.590 (Gtc)
[2m2026-07-04T18:26:11.786691Z[0m [32m INFO[0m [2mexecution[0m[2m:[0m [DRY-RUN] dryrun-1380 Buy 15830910 x 50 @ 0.590 (Gtc)
[2m2026-07-04T18:26:12.036810Z[0m [32m INFO[0m [2mexecution[0m[2m:[0m [DRY-RUN] dryrun-1381 Buy 15830910 x 50 @ 0.590 (Gtc)
[2m2026-07-04T18:26:12.287183Z[0m [32m INFO[0m [2mexecution[0m[2m:[0m [DRY-RUN] dryrun-1382 Buy 15830910 x 50 @ 0.590 (Gtc)
[2m2026-07-04T18:26:12.536365Z[0m [32m INFO[0m [2mexecution[0m[2m:[0m [DRY-RUN] dryrun-1383 Buy 15830910 x 50 @ 0.570 (Gtc)
[2m2026-07-04T18:26:12.786378Z[0m [32m INFO[0m [2mexecution[0m[2m:[0m [DRY-RUN] dryrun-1384 Buy 15830910 x 50 @ 0.570 (Gtc)
[2m2026-07-04T18:26:13.036791Z[0m [32m INFO[0m [2mexecution[0m[2m:[0m [DRY-RUN] dryrun-1385 Buy 15830910 x 50 @ 0.570 (Gtc)
[2m2026-07-04T18:26:13.287344Z[0m [32m INFO[0m [2mexecution[0m[2m:[0m [DRY-RUN] dryrun-1386 Buy 15830910 x 50 @ 0.570 (Gtc)
[2m2026-07-04T18:26:13.536564Z[0m [32m INFO[0m [2mexecution[0m[2m:[0m [DRY-RUN] dryrun-1387 Buy 15830910 x 50 @ 0.570 (Gtc)
[2m2026-07-04T18:26:13.786971Z[0m [32m INFO[0m [2mexecution[0m[2m:[0m [DRY-RUN] dryrun-1388 Buy 15830910 x 50 @ 0.560 (Gtc)
[2m2026-07-04T18:26:14.036702Z[0m [32m INFO[0m [2mexecution[0m[2m:[0m [DRY-RUN] dryrun-1389 Buy 15830910 x 50 @ 0.550 (Gtc)
[2m2026-07-04T18:26:14.286328Z[0m [32m INFO[0m [2mexecution[0m[2m:[0m [DRY-RUN] dryrun-1390 Buy 15830910 x 50 @ 0.550 (Gtc)
[2m2026-07-04T18:26:14.536811Z[0m [32m INFO[0m [2mexecution[0m[2m:[0m [DRY-RUN] dryrun-1391 Buy 15830910 x 50 @ 0.550 (Gtc)
[2m2026-07-04T18:26:14.787116Z[0m [32m INFO[0m [2mexecution[0m[2m:[0m [DRY-RUN] dryrun-1392 Buy 15830910 x 50 @ 0.550 (Gtc)
[2m2026-07-04T18:26:15.037235Z[0m [32m INFO[0m [2mexecution[0m[2m:[0m [DRY-RUN] dryrun-1393 Buy 15830910 x 50 @ 0.550 (Gtc)
[2m2026-07-04T18:26:15.286335Z[0m [32m INFO[0m [2mexecution[0m[2m:[0m [DRY-RUN] dryrun-1394 Buy 15830910 x 50 @ 0.550 (Gtc)
[2m2026-07-04T18:26:15.536917Z[0m [32m INFO[0m [2mexecution[0m[2m:[0m [DRY-RUN] dryrun-1395 Buy 15830910 x 50 @ 0.550 (Gtc)
[2m2026-07-04T18:26:15.787001Z[0m [32m INFO[0m [2mexecution[0m[2m:[0m [DRY-RUN] dryrun-1396 Buy 15830910 x 50 @ 0.550 (Gtc)
[2m2026-07-04T18:26:16.037166Z[0m [32m INFO[0m [2mexecution[0m[2m:[0m [DRY-RUN] dryrun-1397 Buy 15830910 x 50 @ 0.550 (Gtc)
[2m2026-07-04T18:26:16.286575Z[0m [32m INFO[0m [2mexecution[0m[2m:[0m [DRY-RUN] dryrun-1398 Buy 15830910 x 50 @ 0.550 (Gtc)
[2m2026-07-04T18:26:16.536325Z[0m [32m INFO[0m [2mexecution[0m[2m:[0m [DRY-RUN] dryrun-1399 Buy 15830910 x 50 @ 0.540 (Gtc)
[2m2026-07-04T18:26:16.786232Z[0m [32m INFO[0m [2mexecution[0m[2m:[0m [DRY-RUN] dryrun-1400 Buy 15830910 x 50 @ 0.540 (Gtc)
[2m2026-07-04T18:26:17.036512Z[0m [32m INFO[0m [2mexecution[0m[2m:[0m [DRY-RUN] dryrun-1401 Buy 15830910 x 50 @ 0.530 (Gtc)
[2m2026-07-04T18:26:17.287132Z[0m [32m INFO[0m [2mexecution[0m[2m:[0m [DRY-RUN] dryrun-1402 Buy 15830910 x 50 @ 0.530 (Gtc)
[2m2026-07-04T18:26:17.536315Z[0m [32m INFO[0m [2mexecution[0m[2m:[0m [DRY-RUN] dryrun-1403 Buy 15830910 x 50 @ 0.530 (Gtc)
[2m2026-07-04T18:26:17.786609Z[0m [32m INFO[0m [2mexecution[0m[2m:[0m [DRY-RUN] dryrun-1404 Buy 15830910 x 50 @ 0.530 (Gtc)
[2m2026-07-04T18:26:18.037245Z[0m [32m INFO[0m [2mexecution[0m[2m:[0m [DRY-RUN] dryrun-1405 Buy 15830910 x 50 @ 0.520 (Gtc)
[2m2026-07-04T18:26:18.286782Z[0m [32m INFO[0m [2mexecution[0m[2m:[0m [DRY-RUN] dryrun-1406 Buy 15830910 x 50 @ 0.520 (Gtc)
[2m2026-07-04T18:26:18.537160Z[0m [32m INFO[0m [2mexecution[0m[2m:[0m [DRY-RUN] dryrun-1407 Buy 15830910 x 50 @ 0.520 (Gtc)
[2m2026-07-04T18:26:18.787165Z[0m [32m INFO[0m [2mexecution[0m[2m:[0m [DRY-RUN] dryrun-1408 Buy 15830910 x 50 @ 0.520 (Gtc)
[2m2026-07-04T18:26:19.036421Z[0m [32m INFO[0m [2mexecution[0m[2m:[0m [DRY-RUN] dryrun-1409 Buy 15830910 x 50 @ 0.520 (Gtc)
[2m2026-07-04T18:26:19.286514Z[0m [32m INFO[0m [2mexecution[0m[2m:[0m [DRY-RUN] dryrun-1410 Buy 15830910 x 50 @ 0.520 (Gtc)
[2m2026-07-04T18:26:19.536817Z[0m [32m INFO[0m [2mexecution[0m[2m:[0m [DRY-RUN] dryrun-1411 Buy 15830910 x 50 @ 0.520 (Gtc)
[2m2026-07-04T18:26:19.786783Z[0m [32m INFO[0m [2mexecution[0m[2m:[0m [DRY-RUN] dryrun-1412 Buy 15830910 x 50 @ 0.520 (Gtc)
[2m2026-07-04T18:26:20.036530Z[0m [32m INFO[0m [2mexecution[0m[2m:[0m [DRY-RUN] dryrun-1413 Buy 15830910 x 50 @ 0.520 (Gtc)
[2m2026-07-04T18:26:20.286561Z[0m [32m INFO[0m [2mexecution[0m[2m:[0m [DRY-RUN] dryrun-1414 Buy 15830910 x 50 @ 0.520 (Gtc)
[2m2026-07-04T18:26:20.536287Z[0m [32m INFO[0m [2mexecution[0m[2m:[0m [DRY-RUN] dryrun-1415 Buy 15830910 x 50 @ 0.520 (Gtc)
[2m2026-07-04T18:26:20.786672Z[0m [32m INFO[0m [2mexecution[0m[2m:[0m [DRY-RUN] dryrun-1416 Buy 15830910 x 50 @ 0.530 (Gtc)
[2m2026-07-04T18:26:21.037400Z[0m [32m INFO[0m [2mexecution[0m[2m:[0m [DRY-RUN] dryrun-1417 Buy 15830910 x 50 @ 0.530 (Gtc)
[2m2026-07-04T18:26:21.287001Z[0m [32m INFO[0m [2mexecution[0m[2m:[0m [DRY-RUN] dryrun-1418 Buy 15830910 x 50 @ 0.530 (Gtc)
[2m2026-07-04T18:26:21.536552Z[0m [32m INFO[0m [2mexecution[0m[2m:[0m [DRY-RUN] dryrun-1419 Buy 15830910 x 50 @ 0.540 (Gtc)
[2m2026-07-04T18:26:21.786224Z[0m [32m INFO[0m [2mexecution[0m[2m:[0m [DRY-RUN] dryrun-1420 Buy 15830910 x 50 @ 0.540 (Gtc)
[2m2026-07-04T18:26:22.036989Z[0m [32m INFO[0m [2mexecution[0m[2m:[0m [DRY-RUN] dryrun-1421 Buy 15830910 x 50 @ 0.550 (Gtc)
[2m2026-07-04T18:26:22.286338Z[0m [32m INFO[0m [2mexecution[0m[2m:[0m [DRY-RUN] dryrun-1422 Buy 15830910 x 50 @ 0.550 (Gtc)
[2m2026-07-04T18:26:22.537013Z[0m [32m INFO[0m [2mexecution[0m[2m:[0m [DRY-RUN] dryrun-1423 Buy 15830910 x 50 @ 0.550 (Gtc)
[2m2026-07-04T18:26:22.786888Z[0m [32m INFO[0m [2mexecution[0m[2m:[0m [DRY-RUN] dryrun-1424 Buy 15830910 x 50 @ 0.550 (Gtc)
[2m2026-07-04T18:26:23.037005Z[0m [32m INFO[0m [2mexecution[0m[2m:[0m [DRY-RUN] dryrun-1425 Buy 15830910 x 50 @ 0.550 (Gtc)
[2m2026-07-04T18:26:23.286994Z[0m [32m INFO[0m [2mexecution[0m[2m:[0m [DRY-RUN] dryrun-1426 Buy 15830910 x 50 @ 0.550 (Gtc)
[2m2026-07-04T18:26:23.536328Z[0m [32m INFO[0m [2mexecution[0m[2m:[0m [DRY-RUN] dryrun-1427 Buy 15830910 x 50 @ 0.530 (Gtc)
[2m2026-07-04T18:26:23.786414Z[0m [32m INFO[0m [2mexecution[0m[2m:[0m [DRY-RUN] dryrun-1428 Buy 15830910 x 50 @ 0.530 (Gtc)
[2m2026-07-04T18:26:24.036583Z[0m [32m INFO[0m [2mexecution[0m[2m:[0m [DRY-RUN] dryrun-1429 Buy 15830910 x 50 @ 0.530 (Gtc)
[2m2026-07-04T18:26:24.286740Z[0m [32m INFO[0m [2mexecution[0m[2m:[0m [DRY-RUN] dryrun-1430 Buy 15830910 x 50 @ 0.530 (Gtc)
[2m2026-07-04T18:26:24.540763Z[0m [32m INFO[0m [2mexecution[0m[2m:[0m [DRY-RUN] dryrun-1431 Buy 15830910 x 50 @ 0.530 (Gtc)
[2m2026-07-04T18:26:24.792074Z[0m [32m INFO[0m [2mexecution[0m[2m:[0m [DRY-RUN] dryrun-1432 Buy 15830910 x 50 @ 0.530 (Gtc)
[2m2026-07-04T18:26:25.041793Z[0m [32m INFO[0m [2mexecution[0m[2m:[0m [DRY-RUN] dryrun-1433 Buy 15830910 x 50 @ 0.530 (Gtc)
[2m2026-07-04T18:26:25.291475Z[0m [32m INFO[0m [2mexecution[0m[2m:[0m [DRY-RUN] dryrun-1434 Buy 15830910 x 50 @ 0.530 (Gtc)
[2m2026-07-04T18:26:25.541737Z[0m [32m INFO[0m [2mexecution[0m[2m:[0m [DRY-RUN] dryrun-1435 Buy 15830910 x 50 @ 0.520 (Gtc)
[2m2026-07-04T18:26:25.791236Z[0m [32m INFO[0m [2mexecution[0m[2m:[0m [DRY-RUN] dryrun-1436 Buy 15830910 x 50 @ 0.510 (Gtc)
[2m2026-07-04T18:26:26.042296Z[0m [32m INFO[0m [2mexecution[0m[2m:[0m [DRY-RUN] dryrun-1437 Buy 15830910 x 50 @ 0.510 (Gtc)
[2m2026-07-04T18:26:26.292018Z[0m [32m INFO[0m [2mexecution[0m[2m:[0m [DRY-RUN] dryrun-1438 Buy 15830910 x 50 @ 0.510 (Gtc)
[2m2026-07-04T18:26:26.541430Z[0m [32m INFO[0m [2mexecution[0m[2m:[0m [DRY-RUN] dryrun-1439 Buy 15830910 x 50 @ 0.510 (Gtc)
[2m2026-07-04T18:26:26.792223Z[0m [32m INFO[0m [2mexecution[0m[2m:[0m [DRY-RUN] dryrun-1440 Buy 15830910 x 50 @ 0.510 (Gtc)
[2m2026-07-04T18:26:27.042178Z[0m [32m INFO[0m [2mexecution[0m[2m:[0m [DRY-RUN] dryrun-1441 Buy 15830910 x 50 @ 0.510 (Gtc)
[2m2026-07-04T18:26:27.291976Z[0m [32m INFO[0m [2mexecution[0m[2m:[0m [DRY-RUN] dryrun-1442 Buy 15830910 x 50 @ 0.510 (Gtc)
[2m2026-07-04T18:26:27.541869Z[0m [32m INFO[0m [2mexecution[0m[2m:[0m [DRY-RUN] dryrun-1443 Buy 15830910 x 50 @ 0.510 (Gtc)
[2m2026-07-04T18:26:27.791805Z[0m [32m INFO[0m [2mexecution[0m[2m:[0m [DRY-RUN] dryrun-1444 Buy 15830910 x 50 @ 0.510 (Gtc)
[2m2026-07-04T18:26:28.041729Z[0m [32m INFO[0m [2mexecution[0m[2m:[0m [DRY-RUN] dryrun-1445 Buy 15830910 x 50 @ 0.510 (Gtc)
[2m2026-07-04T18:26:28.291787Z[0m [32m INFO[0m [2mexecution[0m[2m:[0m [DRY-RUN] dryrun-1446 Buy 15830910 x 50 @ 0.510 (Gtc)
[2m2026-07-04T18:26:28.541376Z[0m [32m INFO[0m [2mexecution[0m[2m:[0m [DRY-RUN] dryrun-1447 Buy 15830910 x 50 @ 0.460 (Gtc)
[2m2026-07-04T18:26:28.791913Z[0m [32m INFO[0m [2mexecution[0m[2m:[0m [DRY-RUN] dryrun-1448 Buy 15830910 x 50 @ 0.450 (Gtc)
[2m2026-07-04T18:26:29.042285Z[0m [32m INFO[0m [2mexecution[0m[2m:[0m [DRY-RUN] dryrun-1449 Buy 15830910 x 50 @ 0.450 (Gtc)
[2m2026-07-04T18:26:29.292201Z[0m [32m INFO[0m [2mexecution[0m[2m:[0m [DRY-RUN] dryrun-1450 Buy 15830910 x 50 @ 0.450 (Gtc)
[2m2026-07-04T18:26:29.541586Z[0m [32m INFO[0m [2mexecution[0m[2m:[0m [DRY-RUN] dryrun-1451 Buy 15830910 x 50 @ 0.450 (Gtc)
[2m2026-07-04T18:26:29.792085Z[0m [32m INFO[0m [2mexecution[0m[2m:[0m [DRY-RUN] dryrun-1452 Buy 15830910 x 50 @ 0.450 (Gtc)
[2m2026-07-04T18:26:30.041710Z[0m [32m INFO[0m [2mexecution[0m[2m:[0m [DRY-RUN] dryrun-1453 Buy 15830910 x 50 @ 0.430 (Gtc)
[2m2026-07-04T18:26:30.291771Z[0m [32m INFO[0m [2mexecution[0m[2m:[0m [DRY-RUN] dryrun-1454 Buy 15830910 x 50 @ 0.430 (Gtc)
[2m2026-07-04T18:26:30.541921Z[0m [32m INFO[0m [2mexecution[0m[2m:[0m [DRY-RUN] dryrun-1455 Buy 15830910 x 50 @ 0.430 (Gtc)
[2m2026-07-04T18:26:30.792179Z[0m [32m INFO[0m [2mexecution[0m[2m:[0m [DRY-RUN] dryrun-1456 Buy 15830910 x 50 @ 0.430 (Gtc)
[2m2026-07-04T18:26:31.041586Z[0m [32m INFO[0m [2mexecution[0m[2m:[0m [DRY-RUN] dryrun-1457 Buy 15830910 x 50 @ 0.430 (Gtc)
[2m2026-07-04T18:26:31.291630Z[0m [32m INFO[0m [2mexecution[0m[2m:[0m [DRY-RUN] dryrun-1458 Buy 15830910 x 50 @ 0.440 (Gtc)
[2m2026-07-04T18:26:31.541999Z[0m [32m INFO[0m [2mexecution[0m[2m:[0m [DRY-RUN] dryrun-1459 Buy 15830910 x 50 @ 0.440 (Gtc)
[2m2026-07-04T18:26:31.791485Z[0m [32m INFO[0m [2mexecution[0m[2m:[0m [DRY-RUN] dryrun-1460 Buy 15830910 x 50 @ 0.440 (Gtc)
[2m2026-07-04T18:26:32.041887Z[0m [32m INFO[0m [2mexecution[0m[2m:[0m [DRY-RUN] dryrun-1461 Buy 15830910 x 50 @ 0.430 (Gtc)
[2m2026-07-04T18:26:32.291782Z[0m [32m INFO[0m [2mexecution[0m[2m:[0m [DRY-RUN] dryrun-1462 Buy 15830910 x 50 @ 0.430 (Gtc)
[2m2026-07-04T18:26:32.541657Z[0m [32m INFO[0m [2mexecution[0m[2m:[0m [DRY-RUN] dryrun-1463 Buy 15830910 x 50 @ 0.430 (Gtc)
[2m2026-07-04T18:26:32.791833Z[0m [32m INFO[0m [2mexecution[0m[2m:[0m [DRY-RUN] dryrun-1464 Buy 15830910 x 50 @ 0.420 (Gtc)
[2m2026-07-04T18:26:33.042266Z[0m [32m INFO[0m [2mexecution[0m[2m:[0m [DRY-RUN] dryrun-1465 Buy 15830910 x 50 @ 0.420 (Gtc)
[2m2026-07-04T18:26:33.291635Z[0m [32m INFO[0m [2mexecution[0m[2m:[0m [DRY-RUN] dryrun-1466 Buy 15830910 x 50 @ 0.420 (Gtc)
[2m2026-07-04T18:26:35.291493Z[0m [32m INFO[0m [2mexecution[0m[2m:[0m [DRY-RUN] dryrun-1467 Buy 15830910 x 50 @ 0.410 (Gtc)
[2m2026-07-04T18:26:35.541703Z[0m [32m INFO[0m [2mexecution[0m[2m:[0m [DRY-RUN] dryrun-1468 Buy 15830910 x 50 @ 0.410 (Gtc)
[2m2026-07-04T18:26:35.791633Z[0m [32m INFO[0m [2mexecution[0m[2m:[0m [DRY-RUN] dryrun-1469 Buy 15830910 x 50 @ 0.410 (Gtc)
[2m2026-07-04T18:26:36.041738Z[0m [32m INFO[0m [2mexecution[0m[2m:[0m [DRY-RUN] dryrun-1470 Buy 15830910 x 50 @ 0.410 (Gtc)
[2m2026-07-04T18:26:36.292218Z[0m [32m INFO[0m [2mexecution[0m[2m:[0m [DRY-RUN] dryrun-1471 Buy 15830910 x 50 @ 0.410 (Gtc)
[2m2026-07-04T18:26:36.541583Z[0m [32m INFO[0m [2mexecution[0m[2m:[0m [DRY-RUN] dryrun-1472 Buy 15830910 x 50 @ 0.410 (Gtc)
[2m2026-07-04T18:26:36.791834Z[0m [32m INFO[0m [2mexecution[0m[2m:[0m [DRY-RUN] dryrun-1473 Buy 15830910 x 50 @ 0.410 (Gtc)
[2m2026-07-04T18:26:37.041939Z[0m [32m INFO[0m [2mexecution[0m[2m:[0m [DRY-RUN] dryrun-1474 Buy 15830910 x 50 @ 0.410 (Gtc)
[2m2026-07-04T18:26:37.291606Z[0m [32m INFO[0m [2mexecution[0m[2m:[0m [DRY-RUN] dryrun-1475 Buy 15830910 x 50 @ 0.410 (Gtc)
[2m2026-07-04T18:26:37.541935Z[0m [32m INFO[0m [2mexecution[0m[2m:[0m [DRY-RUN] dryrun-1476 Buy 15830910 x 50 @ 0.400 (Gtc)
[2m2026-07-04T18:26:37.791706Z[0m [32m INFO[0m [2mexecution[0m[2m:[0m [DRY-RUN] dryrun-1477 Buy 15830910 x 50 @ 0.400 (Gtc)
[2m2026-07-04T18:26:38.041251Z[0m [32m INFO[0m [2mexecution[0m[2m:[0m [DRY-RUN] dryrun-1478 Buy 15830910 x 50 @ 0.400 (Gtc)
[2m2026-07-04T18:26:38.291250Z[0m [32m INFO[0m [2mexecution[0m[2m:[0m [DRY-RUN] dryrun-1479 Buy 15830910 x 50 @ 0.400 (Gtc)
[2m2026-07-04T18:26:38.541459Z[0m [32m INFO[0m [2mexecution[0m[2m:[0m [DRY-RUN] dryrun-1480 Buy 37191581 x 50 @ 0.610 (Gtc)
[2m2026-07-04T18:26:38.792291Z[0m [32m INFO[0m [2mexecution[0m[2m:[0m [DRY-RUN] dryrun-1481 Buy 37191581 x 50 @ 0.610 (Gtc)
[2m2026-07-04T18:26:39.041269Z[0m [32m INFO[0m [2mexecution[0m[2m:[0m [DRY-RUN] dryrun-1482 Buy 37191581 x 50 @ 0.610 (Gtc)
[2m2026-07-04T18:26:39.291825Z[0m [32m INFO[0m [2mexecution[0m[2m:[0m [DRY-RUN] dryrun-1483 Buy 37191581 x 50 @ 0.590 (Gtc)
[2m2026-07-04T18:26:39.541426Z[0m [32m INFO[0m [2mexecution[0m[2m:[0m [DRY-RUN] dryrun-1484 Buy 37191581 x 50 @ 0.590 (Gtc)
[2m2026-07-04T18:26:39.791340Z[0m [32m INFO[0m [2mexecution[0m[2m:[0m [DRY-RUN] dryrun-1485 Buy 37191581 x 50 @ 0.590 (Gtc)
[2m2026-07-04T18:26:40.042241Z[0m [32m INFO[0m [2mexecution[0m[2m:[0m [DRY-RUN] dryrun-1486 Buy 37191581 x 50 @ 0.590 (Gtc)
[2m2026-07-04T18:26:40.291407Z[0m [32m INFO[0m [2mexecution[0m[2m:[0m [DRY-RUN] dryrun-1487 Buy 37191581 x 50 @ 0.590 (Gtc)
[2m2026-07-04T18:26:40.542002Z[0m [32m INFO[0m [2mexecution[0m[2m:[0m [DRY-RUN] dryrun-1488 Buy 37191581 x 50 @ 0.590 (Gtc)
[2m2026-07-04T18:26:40.792259Z[0m [32m INFO[0m [2mexecution[0m[2m:[0m [DRY-RUN] dryrun-1489 Buy 37191581 x 50 @ 0.590 (Gtc)
[2m2026-07-04T18:26:41.041613Z[0m [32m INFO[0m [2mexecution[0m[2m:[0m [DRY-RUN] dryrun-1490 Buy 37191581 x 50 @ 0.590 (Gtc)
[2m2026-07-04T18:26:41.292106Z[0m [32m INFO[0m [2mexecution[0m[2m:[0m [DRY-RUN] dryrun-1491 Buy 37191581 x 50 @ 0.590 (Gtc)
[2m2026-07-04T18:26:41.542291Z[0m [32m INFO[0m [2mexecution[0m[2m:[0m [DRY-RUN] dryrun-1492 Buy 37191581 x 50 @ 0.590 (Gtc)
[2m2026-07-04T18:26:41.791669Z[0m [32m INFO[0m [2mexecution[0m[2m:[0m [DRY-RUN] dryrun-1493 Buy 37191581 x 50 @ 0.600 (Gtc)
[2m2026-07-04T18:26:42.041348Z[0m [32m INFO[0m [2mexecution[0m[2m:[0m [DRY-RUN] dryrun-1494 Buy 37191581 x 50 @ 0.600 (Gtc)
[2m2026-07-04T18:26:42.291531Z[0m [32m INFO[0m [2mexecution[0m[2m:[0m [DRY-RUN] dryrun-1495 Buy 37191581 x 50 @ 0.600 (Gtc)
[2m2026-07-04T18:26:42.542161Z[0m [32m INFO[0m [2mexecution[0m[2m:[0m [DRY-RUN] dryrun-1496 Buy 37191581 x 50 @ 0.600 (Gtc)
[2m2026-07-04T18:26:54.292086Z[0m [32m INFO[0m [2mexecution[0m[2m:[0m [DRY-RUN] dryrun-1497 Buy 37191581 x 50 @ 0.570 (Gtc)
[2m2026-07-04T18:26:54.541669Z[0m [32m INFO[0m [2mexecution[0m[2m:[0m [DRY-RUN] dryrun-1498 Buy 37191581 x 50 @ 0.570 (Gtc)
[2m2026-07-04T18:26:54.791918Z[0m [32m INFO[0m [2mexecution[0m[2m:[0m [DRY-RUN] dryrun-1499 Buy 37191581 x 50 @ 0.570 (Gtc)
[2m2026-07-04T18:26:55.041446Z[0m [32m INFO[0m [2mexecution[0m[2m:[0m [DRY-RUN] dryrun-1500 Buy 37191581 x 50 @ 0.560 (Gtc)
[2m2026-07-04T18:26:55.291233Z[0m [32m INFO[0m [2mexecution[0m[2m:[0m [DRY-RUN] dryrun-1501 Buy 37191581 x 50 @ 0.510 (Gtc)
[2m2026-07-04T18:26:55.541925Z[0m [32m INFO[0m [2mexecution[0m[2m:[0m [DRY-RUN] dryrun-1502 Buy 37191581 x 50 @ 0.510 (Gtc)
[2m2026-07-04T18:26:55.791747Z[0m [32m INFO[0m [2mexecution[0m[2m:[0m [DRY-RUN] dryrun-1503 Buy 37191581 x 50 @ 0.510 (Gtc)
[2m2026-07-04T18:26:56.041462Z[0m [32m INFO[0m [2mexecution[0m[2m:[0m [DRY-RUN] dryrun-1504 Buy 37191581 x 50 @ 0.510 (Gtc)
[2m2026-07-04T18:26:56.291861Z[0m [32m INFO[0m [2mexecution[0m[2m:[0m [DRY-RUN] dryrun-1505 Buy 37191581 x 50 @ 0.510 (Gtc)
[2m2026-07-04T18:26:56.541554Z[0m [32m INFO[0m [2mexecution[0m[2m:[0m [DRY-RUN] dryrun-1506 Buy 37191581 x 50 @ 0.510 (Gtc)
[2m2026-07-04T18:26:56.791448Z[0m [32m INFO[0m [2mexecution[0m[2m:[0m [DRY-RUN] dryrun-1507 Buy 37191581 x 50 @ 0.510 (Gtc)
[2m2026-07-04T18:26:57.042088Z[0m [32m INFO[0m [2mexecution[0m[2m:[0m [DRY-RUN] dryrun-1508 Buy 37191581 x 50 @ 0.510 (Gtc)
[2m2026-07-04T18:26:57.292135Z[0m [32m INFO[0m [2mexecution[0m[2m:[0m [DRY-RUN] dryrun-1509 Buy 37191581 x 50 @ 0.520 (Gtc)
[2m2026-07-04T18:26:57.541548Z[0m [32m INFO[0m [2mexecution[0m[2m:[0m [DRY-RUN] dryrun-1510 Buy 37191581 x 50 @ 0.510 (Gtc)
[2m2026-07-04T18:26:57.792104Z[0m [32m INFO[0m [2mexecution[0m[2m:[0m [DRY-RUN] dryrun-1511 Buy 37191581 x 50 @ 0.510 (Gtc)
[2m2026-07-04T18:26:58.041393Z[0m [32m INFO[0m [2mexecution[0m[2m:[0m [DRY-RUN] dryrun-1512 Buy 37191581 x 50 @ 0.510 (Gtc)
[2m2026-07-04T18:26:58.291532Z[0m [32m INFO[0m [2mexecution[0m[2m:[0m [DRY-RUN] dryrun-1513 Buy 37191581 x 50 @ 0.500 (Gtc)
[2m2026-07-04T18:26:58.542232Z[0m [32m INFO[0m [2mexecution[0m[2m:[0m [DRY-RUN] dryrun-1514 Buy 37191581 x 50 @ 0.500 (Gtc)
[2m2026-07-04T18:26:58.791395Z[0m [32m INFO[0m [2mexecution[0m[2m:[0m [DRY-RUN] dryrun-1515 Buy 37191581 x 50 @ 0.500 (Gtc)
[2m2026-07-04T18:26:59.042011Z[0m [32m INFO[0m [2mexecution[0m[2m:[0m [DRY-RUN] dryrun-1516 Buy 37191581 x 50 @ 0.500 (Gtc)
[2m2026-07-04T18:27:03.292084Z[0m [32m INFO[0m [2mexecution[0m[2m:[0m [DRY-RUN] dryrun-1517 Buy 37191581 x 50 @ 0.550 (Gtc)
[2m2026-07-04T18:27:03.541451Z[0m [32m INFO[0m [2mexecution[0m[2m:[0m [DRY-RUN] dryrun-1518 Buy 37191581 x 50 @ 0.550 (Gtc)
[2m2026-07-04T18:27:03.791726Z[0m [32m INFO[0m [2mexecution[0m[2m:[0m [DRY-RUN] dryrun-1519 Buy 37191581 x 50 @ 0.550 (Gtc)
[2m2026-07-04T18:27:04.042078Z[0m [32m INFO[0m [2mexecution[0m[2m:[0m [DRY-RUN] dryrun-1520 Buy 37191581 x 50 @ 0.550 (Gtc)
[2m2026-07-04T18:27:04.291664Z[0m [32m INFO[0m [2mexecution[0m[2m:[0m [DRY-RUN] dryrun-1521 Buy 37191581 x 50 @ 0.550 (Gtc)
[2m2026-07-04T18:27:04.541786Z[0m [32m INFO[0m [2mexecution[0m[2m:[0m [DRY-RUN] dryrun-1522 Buy 37191581 x 50 @ 0.550 (Gtc)
[2m2026-07-04T18:27:04.791463Z[0m [32m INFO[0m [2mexecution[0m[2m:[0m [DRY-RUN] dryrun-1523 Buy 37191581 x 50 @ 0.550 (Gtc)
[2m2026-07-04T18:27:05.042155Z[0m [32m INFO[0m [2mexecution[0m[2m:[0m [DRY-RUN] dryrun-1524 Buy 37191581 x 50 @ 0.550 (Gtc)
[2m2026-07-04T18:27:05.292127Z[0m [32m INFO[0m [2mexecution[0m[2m:[0m [DRY-RUN] dryrun-1525 Buy 37191581 x 50 @ 0.550 (Gtc)
[2m2026-07-04T18:27:05.542079Z[0m [32m INFO[0m [2mexecution[0m[2m:[0m [DRY-RUN] dryrun-1526 Buy 37191581 x 50 @ 0.550 (Gtc)
[2m2026-07-04T18:27:05.791419Z[0m [32m INFO[0m [2mexecution[0m[2m:[0m [DRY-RUN] dryrun-1527 Buy 37191581 x 50 @ 0.550 (Gtc)
[2m2026-07-04T18:27:06.042224Z[0m [32m INFO[0m [2mexecution[0m[2m:[0m [DRY-RUN] dryrun-1528 Buy 37191581 x 50 @ 0.550 (Gtc)
[2m2026-07-04T18:27:06.292170Z[0m [32m INFO[0m [2mexecution[0m[2m:[0m [DRY-RUN] dryrun-1529 Buy 37191581 x 50 @ 0.550 (Gtc)
[2m2026-07-04T18:27:06.541897Z[0m [32m INFO[0m [2mexecution[0m[2m:[0m [DRY-RUN] dryrun-1530 Buy 37191581 x 50 @ 0.550 (Gtc)
[2m2026-07-04T18:27:06.791292Z[0m [32m INFO[0m [2mexecution[0m[2m:[0m [DRY-RUN] dryrun-1531 Buy 37191581 x 50 @ 0.550 (Gtc)
[2m2026-07-04T18:27:07.042266Z[0m [32m INFO[0m [2mexecution[0m[2m:[0m [DRY-RUN] dryrun-1532 Buy 37191581 x 50 @ 0.550 (Gtc)
[2m2026-07-04T18:27:07.291923Z[0m [32m INFO[0m [2mexecution[0m[2m:[0m [DRY-RUN] dryrun-1533 Buy 37191581 x 50 @ 0.550 (Gtc)
[2m2026-07-04T18:27:07.542115Z[0m [32m INFO[0m [2mexecution[0m[2m:[0m [DRY-RUN] dryrun-1534 Buy 37191581 x 50 @ 0.550 (Gtc)
[2m2026-07-04T18:27:07.791249Z[0m [32m INFO[0m [2mexecution[0m[2m:[0m [DRY-RUN] dryrun-1535 Buy 37191581 x 50 @ 0.550 (Gtc)
[2m2026-07-04T18:27:08.042074Z[0m [32m INFO[0m [2mexecution[0m[2m:[0m [DRY-RUN] dryrun-1536 Buy 37191581 x 50 @ 0.550 (Gtc)
[2m2026-07-04T18:27:08.291683Z[0m [32m INFO[0m [2mexecution[0m[2m:[0m [DRY-RUN] dryrun-1537 Buy 37191581 x 50 @ 0.550 (Gtc)
[2m2026-07-04T18:27:08.541481Z[0m [32m INFO[0m [2mexecution[0m[2m:[0m [DRY-RUN] dryrun-1538 Buy 37191581 x 50 @ 0.550 (Gtc)
[2m2026-07-04T18:27:08.791462Z[0m [32m INFO[0m [2mexecution[0m[2m:[0m [DRY-RUN] dryrun-1539 Buy 37191581 x 50 @ 0.550 (Gtc)
[2m2026-07-04T18:27:09.041927Z[0m [32m INFO[0m [2mexecution[0m[2m:[0m [DRY-RUN] dryrun-1540 Buy 37191581 x 50 @ 0.540 (Gtc)
[2m2026-07-04T18:27:09.291320Z[0m [32m INFO[0m [2mexecution[0m[2m:[0m [DRY-RUN] dryrun-1541 Buy 37191581 x 50 @ 0.540 (Gtc)
[2m2026-07-04T18:27:09.541480Z[0m [32m INFO[0m [2mexecution[0m[2m:[0m [DRY-RUN] dryrun-1542 Buy 37191581 x 50 @ 0.530 (Gtc)
[2m2026-07-04T18:27:09.791583Z[0m [32m INFO[0m [2mexecution[0m[2m:[0m [DRY-RUN] dryrun-1543 Buy 37191581 x 50 @ 0.520 (Gtc)
[2m2026-07-04T18:27:10.041668Z[0m [32m INFO[0m [2mexecution[0m[2m:[0m [DRY-RUN] dryrun-1544 Buy 37191581 x 50 @ 0.520 (Gtc)
[2m2026-07-04T18:27:10.291309Z[0m [32m INFO[0m [2mexecution[0m[2m:[0m [DRY-RUN] dryrun-1545 Buy 37191581 x 50 @ 0.420 (Gtc)
[2m2026-07-04T18:27:10.541858Z[0m [32m INFO[0m [2mexecution[0m[2m:[0m [DRY-RUN] dryrun-1546 Buy 37191581 x 50 @ 0.430 (Gtc)
[2m2026-07-04T18:27:10.791706Z[0m [32m INFO[0m [2mexecution[0m[2m:[0m [DRY-RUN] dryrun-1547 Buy 37191581 x 50 @ 0.430 (Gtc)
[2m2026-07-04T18:27:11.041653Z[0m [32m INFO[0m [2mexecution[0m[2m:[0m [DRY-RUN] dryrun-1548 Buy 37191581 x 50 @ 0.440 (Gtc)
[2m2026-07-04T18:27:11.292325Z[0m [32m INFO[0m [2mexecution[0m[2m:[0m [DRY-RUN] dryrun-1549 Buy 37191581 x 50 @ 0.440 (Gtc)
[2m2026-07-04T18:27:11.542079Z[0m [32m INFO[0m [2mexecution[0m[2m:[0m [DRY-RUN] dryrun-1550 Buy 37191581 x 50 @ 0.440 (Gtc)
[2m2026-07-04T18:27:11.792292Z[0m [32m INFO[0m [2mexecution[0m[2m:[0m [DRY-RUN] dryrun-1551 Buy 37191581 x 50 @ 0.440 (Gtc)
[2m2026-07-04T18:27:12.041920Z[0m [32m INFO[0m [2mexecution[0m[2m:[0m [DRY-RUN] dryrun-1552 Buy 37191581 x 50 @ 0.440 (Gtc)
[2m2026-07-04T18:27:12.291519Z[0m [32m INFO[0m [2mexecution[0m[2m:[0m [DRY-RUN] dryrun-1553 Buy 37191581 x 50 @ 0.440 (Gtc)
[2m2026-07-04T18:27:12.541322Z[0m [32m INFO[0m [2mexecution[0m[2m:[0m [DRY-RUN] dryrun-1554 Buy 37191581 x 50 @ 0.420 (Gtc)
[2m2026-07-04T18:27:12.791297Z[0m [32m INFO[0m [2mexecution[0m[2m:[0m [DRY-RUN] dryrun-1555 Buy 37191581 x 50 @ 0.420 (Gtc)
[2m2026-07-04T18:27:13.042325Z[0m [32m INFO[0m [2mexecution[0m[2m:[0m [DRY-RUN] dryrun-1556 Buy 37191581 x 50 @ 0.420 (Gtc)
[2m2026-07-04T18:27:13.292276Z[0m [32m INFO[0m [2mexecution[0m[2m:[0m [DRY-RUN] dryrun-1557 Buy 37191581 x 50 @ 0.420 (Gtc)
[2m2026-07-04T18:27:13.541464Z[0m [32m INFO[0m [2mexecution[0m[2m:[0m [DRY-RUN] dryrun-1558 Buy 37191581 x 50 @ 0.420 (Gtc)
[2m2026-07-04T18:27:13.791725Z[0m [32m INFO[0m [2mexecution[0m[2m:[0m [DRY-RUN] dryrun-1559 Buy 37191581 x 50 @ 0.410 (Gtc)
[2m2026-07-04T18:27:14.041575Z[0m [32m INFO[0m [2mexecution[0m[2m:[0m [DRY-RUN] dryrun-1560 Buy 37191581 x 50 @ 0.410 (Gtc)
[2m2026-07-04T18:27:14.292204Z[0m [32m INFO[0m [2mexecution[0m[2m:[0m [DRY-RUN] dryrun-1561 Buy 15830910 x 50 @ 0.590 (Gtc)
[2m2026-07-04T18:27:14.541900Z[0m [32m INFO[0m [2mexecution[0m[2m:[0m [DRY-RUN] dryrun-1562 Buy 15830910 x 50 @ 0.590 (Gtc)
[2m2026-07-04T18:27:14.791367Z[0m [32m INFO[0m [2mexecution[0m[2m:[0m [DRY-RUN] dryrun-1563 Buy 15830910 x 50 @ 0.590 (Gtc)
[2m2026-07-04T18:27:15.042314Z[0m [32m INFO[0m [2mexecution[0m[2m:[0m [DRY-RUN] dryrun-1564 Buy 15830910 x 50 @ 0.590 (Gtc)
[2m2026-07-04T18:27:15.291884Z[0m [32m INFO[0m [2mexecution[0m[2m:[0m [DRY-RUN] dryrun-1565 Buy 15830910 x 50 @ 0.590 (Gtc)
[2m2026-07-04T18:27:15.541537Z[0m [32m INFO[0m [2mexecution[0m[2m:[0m [DRY-RUN] dryrun-1566 Buy 15830910 x 50 @ 0.590 (Gtc)
[2m2026-07-04T18:27:15.792269Z[0m [32m INFO[0m [2mexecution[0m[2m:[0m [DRY-RUN] dryrun-1567 Buy 15830910 x 50 @ 0.590 (Gtc)
[2m2026-07-04T18:27:16.041676Z[0m [32m INFO[0m [2mexecution[0m[2m:[0m [DRY-RUN] dryrun-1568 Buy 15830910 x 50 @ 0.590 (Gtc)
[2m2026-07-04T18:27:16.291670Z[0m [32m INFO[0m [2mexecution[0m[2m:[0m [DRY-RUN] dryrun-1569 Buy 15830910 x 50 @ 0.600 (Gtc)
[2m2026-07-04T18:27:16.541408Z[0m [32m INFO[0m [2mexecution[0m[2m:[0m [DRY-RUN] dryrun-1570 Buy 15830910 x 50 @ 0.600 (Gtc)
[2m2026-07-04T18:27:16.791701Z[0m [32m INFO[0m [2mexecution[0m[2m:[0m [DRY-RUN] dryrun-1571 Buy 15830910 x 50 @ 0.600 (Gtc)
[2m2026-07-04T18:27:17.041855Z[0m [32m INFO[0m [2mexecution[0m[2m:[0m [DRY-RUN] dryrun-1572 Buy 15830910 x 50 @ 0.600 (Gtc)
[2m2026-07-04T18:27:17.292303Z[0m [32m INFO[0m [2mexecution[0m[2m:[0m [DRY-RUN] dryrun-1573 Buy 15830910 x 50 @ 0.600 (Gtc)
[2m2026-07-04T18:27:17.541888Z[0m [32m INFO[0m [2mexecution[0m[2m:[0m [DRY-RUN] dryrun-1574 Buy 15830910 x 50 @ 0.600 (Gtc)
[2m2026-07-04T18:27:17.791550Z[0m [32m INFO[0m [2mexecution[0m[2m:[0m [DRY-RUN] dryrun-1575 Buy 15830910 x 50 @ 0.600 (Gtc)
[2m2026-07-04T18:27:18.041710Z[0m [32m INFO[0m [2mexecution[0m[2m:[0m [DRY-RUN] dryrun-1576 Buy 15830910 x 50 @ 0.600 (Gtc)
[2m2026-07-04T18:27:18.291364Z[0m [32m INFO[0m [2mexecution[0m[2m:[0m [DRY-RUN] dryrun-1577 Buy 15830910 x 50 @ 0.600 (Gtc)
[2m2026-07-04T18:27:18.541965Z[0m [32m INFO[0m [2mexecution[0m[2m:[0m [DRY-RUN] dryrun-1578 Buy 15830910 x 50 @ 0.590 (Gtc)
[2m2026-07-04T18:27:18.792169Z[0m [32m INFO[0m [2mexecution[0m[2m:[0m [DRY-RUN] dryrun-1579 Buy 15830910 x 50 @ 0.540 (Gtc)
[2m2026-07-04T18:27:19.041691Z[0m [32m INFO[0m [2mexecution[0m[2m:[0m [DRY-RUN] dryrun-1580 Buy 15830910 x 50 @ 0.540 (Gtc)
[2m2026-07-04T18:27:19.291205Z[0m [32m INFO[0m [2mexecution[0m[2m:[0m [DRY-RUN] dryrun-1581 Buy 15830910 x 50 @ 0.540 (Gtc)
[2m2026-07-04T18:27:19.541849Z[0m [32m INFO[0m [2mexecution[0m[2m:[0m [DRY-RUN] dryrun-1582 Buy 15830910 x 50 @ 0.540 (Gtc)
[2m2026-07-04T18:27:19.791379Z[0m [32m INFO[0m [2mexecution[0m[2m:[0m [DRY-RUN] dryrun-1583 Buy 15830910 x 50 @ 0.540 (Gtc)
[2m2026-07-04T18:27:20.041828Z[0m [32m INFO[0m [2mexecution[0m[2m:[0m [DRY-RUN] dryrun-1584 Buy 15830910 x 50 @ 0.550 (Gtc)
[2m2026-07-04T18:27:20.291228Z[0m [32m INFO[0m [2mexecution[0m[2m:[0m [DRY-RUN] dryrun-1585 Buy 15830910 x 50 @ 0.550 (Gtc)
[2m2026-07-04T18:27:20.541457Z[0m [32m INFO[0m [2mexecution[0m[2m:[0m [DRY-RUN] dryrun-1586 Buy 15830910 x 50 @ 0.550 (Gtc)
[2m2026-07-04T18:27:20.791567Z[0m [32m INFO[0m [2mexecution[0m[2m:[0m [DRY-RUN] dryrun-1587 Buy 15830910 x 50 @ 0.560 (Gtc)
[2m2026-07-04T18:27:21.041247Z[0m [32m INFO[0m [2mexecution[0m[2m:[0m [DRY-RUN] dryrun-1588 Buy 15830910 x 50 @ 0.560 (Gtc)
[2m2026-07-04T18:27:21.291558Z[0m [32m INFO[0m [2mexecution[0m[2m:[0m [DRY-RUN] dryrun-1589 Buy 15830910 x 50 @ 0.560 (Gtc)
[2m2026-07-04T18:27:21.541670Z[0m [32m INFO[0m [2mexecution[0m[2m:[0m [DRY-RUN] dryrun-1590 Buy 15830910 x 50 @ 0.560 (Gtc)
[2m2026-07-04T18:27:21.791393Z[0m [32m INFO[0m [2mexecution[0m[2m:[0m [DRY-RUN] dryrun-1591 Buy 15830910 x 50 @ 0.560 (Gtc)
[2m2026-07-04T18:27:22.041578Z[0m [32m INFO[0m [2mexecution[0m[2m:[0m [DRY-RUN] dryrun-1592 Buy 15830910 x 50 @ 0.560 (Gtc)
[2m2026-07-04T18:27:22.291987Z[0m [32m INFO[0m [2mexecution[0m[2m:[0m [DRY-RUN] dryrun-1593 Buy 15830910 x 50 @ 0.560 (Gtc)
[2m2026-07-04T18:27:22.541536Z[0m [32m INFO[0m [2mexecution[0m[2m:[0m [DRY-RUN] dryrun-1594 Buy 15830910 x 50 @ 0.560 (Gtc)
[2m2026-07-04T18:27:22.791319Z[0m [32m INFO[0m [2mexecution[0m[2m:[0m [DRY-RUN] dryrun-1595 Buy 15830910 x 50 @ 0.560 (Gtc)
[2m2026-07-04T18:27:23.041797Z[0m [32m INFO[0m [2mexecution[0m[2m:[0m [DRY-RUN] dryrun-1596 Buy 15830910 x 50 @ 0.570 (Gtc)
[2m2026-07-04T18:27:23.292198Z[0m [32m INFO[0m [2mexecution[0m[2m:[0m [DRY-RUN] dryrun-1597 Buy 15830910 x 50 @ 0.570 (Gtc)
[2m2026-07-04T18:27:23.541823Z[0m [32m INFO[0m [2mexecution[0m[2m:[0m [DRY-RUN] dryrun-1598 Buy 15830910 x 50 @ 0.570 (Gtc)
[2m2026-07-04T18:27:23.792223Z[0m [32m INFO[0m [2mexecution[0m[2m:[0m [DRY-RUN] dryrun-1599 Buy 15830910 x 50 @ 0.570 (Gtc)
[2m2026-07-04T18:27:24.041421Z[0m [32m INFO[0m [2mexecution[0m[2m:[0m [DRY-RUN] dryrun-1600 Buy 15830910 x 50 @ 0.570 (Gtc)
[2m2026-07-04T18:27:24.291996Z[0m [32m INFO[0m [2mexecution[0m[2m:[0m [DRY-RUN] dryrun-1601 Buy 15830910 x 50 @ 0.570 (Gtc)
[2m2026-07-04T18:27:24.541696Z[0m [32m INFO[0m [2mexecution[0m[2m:[0m [DRY-RUN] dryrun-1602 Buy 15830910 x 50 @ 0.590 (Gtc)
[2m2026-07-04T18:27:24.792142Z[0m [32m INFO[0m [2mexecution[0m[2m:[0m [DRY-RUN] dryrun-1603 Buy 15830910 x 50 @ 0.590 (Gtc)
[2m2026-07-04T18:27:25.041326Z[0m [32m INFO[0m [2mexecution[0m[2m:[0m [DRY-RUN] dryrun-1604 Buy 15830910 x 50 @ 0.590 (Gtc)
[2m2026-07-04T18:27:25.291539Z[0m [32m INFO[0m [2mexecution[0m[2m:[0m [DRY-RUN] dryrun-1605 Buy 15830910 x 50 @ 0.590 (Gtc)
[2m2026-07-04T18:27:25.541353Z[0m [32m INFO[0m [2mexecution[0m[2m:[0m [DRY-RUN] dryrun-1606 Buy 15830910 x 50 @ 0.590 (Gtc)
[2m2026-07-04T18:27:25.791633Z[0m [32m INFO[0m [2mexecution[0m[2m:[0m [DRY-RUN] dryrun-1607 Buy 15830910 x 50 @ 0.590 (Gtc)
[2m2026-07-04T18:27:26.041767Z[0m [32m INFO[0m [2mexecution[0m[2m:[0m [DRY-RUN] dryrun-1608 Buy 15830910 x 50 @ 0.590 (Gtc)
[2m2026-07-04T18:27:26.291794Z[0m [32m INFO[0m [2mexecution[0m[2m:[0m [DRY-RUN] dryrun-1609 Buy 15830910 x 50 @ 0.590 (Gtc)
[2m2026-07-04T18:27:26.541939Z[0m [32m INFO[0m [2mexecution[0m[2m:[0m [DRY-RUN] dryrun-1610 Buy 15830910 x 50 @ 0.590 (Gtc)
[2m2026-07-04T18:27:26.792080Z[0m [32m INFO[0m [2mexecution[0m[2m:[0m [DRY-RUN] dryrun-1611 Buy 15830910 x 50 @ 0.590 (Gtc)
[2m2026-07-04T18:27:27.041535Z[0m [32m INFO[0m [2mexecution[0m[2m:[0m [DRY-RUN] dryrun-1612 Buy 15830910 x 50 @ 0.590 (Gtc)
[2m2026-07-04T18:27:27.291339Z[0m [32m INFO[0m [2mexecution[0m[2m:[0m [DRY-RUN] dryrun-1613 Buy 15830910 x 50 @ 0.590 (Gtc)
[2m2026-07-04T18:27:27.541421Z[0m [32m INFO[0m [2mexecution[0m[2m:[0m [DRY-RUN] dryrun-1614 Buy 15830910 x 50 @ 0.590 (Gtc)
[2m2026-07-04T18:27:27.792299Z[0m [32m INFO[0m [2mexecution[0m[2m:[0m [DRY-RUN] dryrun-1615 Buy 15830910 x 50 @ 0.590 (Gtc)
[2m2026-07-04T18:27:28.041702Z[0m [32m INFO[0m [2mexecution[0m[2m:[0m [DRY-RUN] dryrun-1616 Buy 15830910 x 50 @ 0.590 (Gtc)
[2m2026-07-04T18:27:28.292005Z[0m [32m INFO[0m [2mexecution[0m[2m:[0m [DRY-RUN] dryrun-1617 Buy 15830910 x 50 @ 0.590 (Gtc)
[2m2026-07-04T18:27:28.541777Z[0m [32m INFO[0m [2mexecution[0m[2m:[0m [DRY-RUN] dryrun-1618 Buy 15830910 x 50 @ 0.590 (Gtc)
[2m2026-07-04T18:27:28.792031Z[0m [32m INFO[0m [2mexecution[0m[2m:[0m [DRY-RUN] dryrun-1619 Buy 15830910 x 50 @ 0.590 (Gtc)
[2m2026-07-04T18:27:29.041906Z[0m [32m INFO[0m [2mexecution[0m[2m:[0m [DRY-RUN] dryrun-1620 Buy 15830910 x 50 @ 0.590 (Gtc)
[2m2026-07-04T18:27:29.291701Z[0m [32m INFO[0m [2mexecution[0m[2m:[0m [DRY-RUN] dryrun-1621 Buy 15830910 x 50 @ 0.570 (Gtc)
[2m2026-07-04T18:27:29.542231Z[0m [32m INFO[0m [2mexecution[0m[2m:[0m [DRY-RUN] dryrun-1622 Buy 15830910 x 50 @ 0.570 (Gtc)
[2m2026-07-04T18:27:29.791809Z[0m [32m INFO[0m [2mexecution[0m[2m:[0m [DRY-RUN] dryrun-1623 Buy 15830910 x 50 @ 0.570 (Gtc)
[2m2026-07-04T18:27:30.041460Z[0m [32m INFO[0m [2mexecution[0m[2m:[0m [DRY-RUN] dryrun-1624 Buy 15830910 x 50 @ 0.570 (Gtc)
[2m2026-07-04T18:27:30.292089Z[0m [32m INFO[0m [2mexecution[0m[2m:[0m [DRY-RUN] dryrun-1625 Buy 15830910 x 50 @ 0.570 (Gtc)
[2m2026-07-04T18:27:30.541707Z[0m [32m INFO[0m [2mexecution[0m[2m:[0m [DRY-RUN] dryrun-1626 Buy 15830910 x 50 @ 0.570 (Gtc)
[2m2026-07-04T18:27:30.791393Z[0m [32m INFO[0m [2mexecution[0m[2m:[0m [DRY-RUN] dryrun-1627 Buy 15830910 x 50 @ 0.590 (Gtc)
[2m2026-07-04T18:27:31.041909Z[0m [32m INFO[0m [2mexecution[0m[2m:[0m [DRY-RUN] dryrun-1628 Buy 15830910 x 50 @ 0.590 (Gtc)
[2m2026-07-04T18:27:31.292121Z[0m [32m INFO[0m [2mexecution[0m[2m:[0m [DRY-RUN] dryrun-1629 Buy 15830910 x 50 @ 0.590 (Gtc)
[2m2026-07-04T18:27:31.541563Z[0m [32m INFO[0m [2mexecution[0m[2m:[0m [DRY-RUN] dryrun-1630 Buy 15830910 x 50 @ 0.590 (Gtc)
[2m2026-07-04T18:27:31.791642Z[0m [32m INFO[0m [2mexecution[0m[2m:[0m [DRY-RUN] dryrun-1631 Buy 15830910 x 50 @ 0.590 (Gtc)
[2m2026-07-04T18:27:32.041304Z[0m [32m INFO[0m [2mexecution[0m[2m:[0m [DRY-RUN] dryrun-1632 Buy 15830910 x 50 @ 0.590 (Gtc)
[2m2026-07-04T18:27:32.291493Z[0m [32m INFO[0m [2mexecution[0m[2m:[0m [DRY-RUN] dryrun-1633 Buy 15830910 x 50 @ 0.590 (Gtc)
[2m2026-07-04T18:27:32.542173Z[0m [32m INFO[0m [2mexecution[0m[2m:[0m [DRY-RUN] dryrun-1634 Buy 15830910 x 50 @ 0.590 (Gtc)
[2m2026-07-04T18:27:32.791829Z[0m [32m INFO[0m [2mexecution[0m[2m:[0m [DRY-RUN] dryrun-1635 Buy 15830910 x 50 @ 0.600 (Gtc)
[2m2026-07-04T18:27:33.042207Z[0m [32m INFO[0m [2mexecution[0m[2m:[0m [DRY-RUN] dryrun-1636 Buy 15830910 x 50 @ 0.610 (Gtc)
[2m2026-07-04T18:27:33.291754Z[0m [32m INFO[0m [2mexecution[0m[2m:[0m [DRY-RUN] dryrun-1637 Buy 15830910 x 50 @ 0.610 (Gtc)
[2m2026-07-04T18:27:33.541198Z[0m [32m INFO[0m [2mexecution[0m[2m:[0m [DRY-RUN] dryrun-1638 Buy 15830910 x 50 @ 0.610 (Gtc)
[2m2026-07-04T18:27:33.791353Z[0m [32m INFO[0m [2mexecution[0m[2m:[0m [DRY-RUN] dryrun-1639 Buy 15830910 x 50 @ 0.610 (Gtc)
[2m2026-07-04T18:27:34.041274Z[0m [32m INFO[0m [2mexecution[0m[2m:[0m [DRY-RUN] dryrun-1640 Buy 15830910 x 50 @ 0.610 (Gtc)
[2m2026-07-04T18:27:34.292278Z[0m [32m INFO[0m [2mexecution[0m[2m:[0m [DRY-RUN] dryrun-1641 Buy 15830910 x 50 @ 0.630 (Gtc)
[2m2026-07-04T18:27:34.541952Z[0m [32m INFO[0m [2mexecution[0m[2m:[0m [DRY-RUN] dryrun-1642 Buy 15830910 x 50 @ 0.640 (Gtc)
[2m2026-07-04T18:27:34.792381Z[0m [32m INFO[0m [2mexecution[0m[2m:[0m [DRY-RUN] dryrun-1643 Buy 15830910 x 50 @ 0.640 (Gtc)
[2m2026-07-04T18:27:35.041893Z[0m [32m INFO[0m [2mexecution[0m[2m:[0m [DRY-RUN] dryrun-1644 Buy 15830910 x 50 @ 0.640 (Gtc)
[2m2026-07-04T18:27:35.291804Z[0m [32m INFO[0m [2mexecution[0m[2m:[0m [DRY-RUN] dryrun-1645 Buy 15830910 x 50 @ 0.640 (Gtc)
[2m2026-07-04T18:27:35.542359Z[0m [32m INFO[0m [2mexecution[0m[2m:[0m [DRY-RUN] dryrun-1646 Buy 15830910 x 50 @ 0.640 (Gtc)
[2m2026-07-04T18:27:35.791328Z[0m [32m INFO[0m [2mexecution[0m[2m:[0m [DRY-RUN] dryrun-1647 Buy 15830910 x 50 @ 0.640 (Gtc)
[2m2026-07-04T18:27:36.041886Z[0m [32m INFO[0m [2mexecution[0m[2m:[0m [DRY-RUN] dryrun-1648 Buy 15830910 x 50 @ 0.640 (Gtc)
[2m2026-07-04T18:27:36.291658Z[0m [32m INFO[0m [2mexecution[0m[2m:[0m [DRY-RUN] dryrun-1649 Buy 15830910 x 50 @ 0.640 (Gtc)
[2m2026-07-04T18:27:36.541704Z[0m [32m INFO[0m [2mexecution[0m[2m:[0m [DRY-RUN] dryrun-1650 Buy 15830910 x 50 @ 0.640 (Gtc)
[2m2026-07-04T18:27:36.791687Z[0m [32m INFO[0m [2mexecution[0m[2m:[0m [DRY-RUN] dryrun-1651 Buy 15830910 x 50 @ 0.640 (Gtc)
[2m2026-07-04T18:27:37.041835Z[0m [32m INFO[0m [2mexecution[0m[2m:[0m [DRY-RUN] dryrun-1652 Buy 15830910 x 50 @ 0.640 (Gtc)
[2m2026-07-04T18:27:37.291764Z[0m [32m INFO[0m [2mexecution[0m[2m:[0m [DRY-RUN] dryrun-1653 Buy 15830910 x 50 @ 0.640 (Gtc)
[2m2026-07-04T18:27:37.542039Z[0m [32m INFO[0m [2mexecution[0m[2m:[0m [DRY-RUN] dryrun-1654 Buy 15830910 x 50 @ 0.640 (Gtc)
[2m2026-07-04T18:27:37.791514Z[0m [32m INFO[0m [2mexecution[0m[2m:[0m [DRY-RUN] dryrun-1655 Buy 15830910 x 50 @ 0.640 (Gtc)
[2m2026-07-04T18:27:38.041934Z[0m [32m INFO[0m [2mexecution[0m[2m:[0m [DRY-RUN] dryrun-1656 Buy 15830910 x 50 @ 0.640 (Gtc)
[2m2026-07-04T18:27:38.291408Z[0m [32m INFO[0m [2mexecution[0m[2m:[0m [DRY-RUN] dryrun-1657 Buy 15830910 x 50 @ 0.640 (Gtc)
[2m2026-07-04T18:27:38.541289Z[0m [32m INFO[0m [2mexecution[0m[2m:[0m [DRY-RUN] dryrun-1658 Buy 15830910 x 50 @ 0.640 (Gtc)
[2m2026-07-04T18:27:38.792221Z[0m [32m INFO[0m [2mexecution[0m[2m:[0m [DRY-RUN] dryrun-1659 Buy 15830910 x 50 @ 0.640 (Gtc)
[2m2026-07-04T18:27:39.042299Z[0m [32m INFO[0m [2mexecution[0m[2m:[0m [DRY-RUN] dryrun-1660 Buy 15830910 x 50 @ 0.640 (Gtc)
[2m2026-07-04T18:27:39.291770Z[0m [32m INFO[0m [2mexecution[0m[2m:[0m [DRY-RUN] dryrun-1661 Buy 15830910 x 50 @ 0.660 (Gtc)
[2m2026-07-04T18:27:39.541634Z[0m [32m INFO[0m [2mexecution[0m[2m:[0m [DRY-RUN] dryrun-1662 Buy 15830910 x 50 @ 0.660 (Gtc)
[2m2026-07-04T18:27:39.791587Z[0m [32m INFO[0m [2mexecution[0m[2m:[0m [DRY-RUN] dryrun-1663 Buy 15830910 x 50 @ 0.660 (Gtc)
[2m2026-07-04T18:27:40.041480Z[0m [32m INFO[0m [2mexecution[0m[2m:[0m [DRY-RUN] dryrun-1664 Buy 15830910 x 50 @ 0.660 (Gtc)
[2m2026-07-04T18:27:40.291502Z[0m [32m INFO[0m [2mexecution[0m[2m:[0m [DRY-RUN] dryrun-1665 Buy 15830910 x 50 @ 0.660 (Gtc)
[2m2026-07-04T18:27:40.541725Z[0m [32m INFO[0m [2mexecution[0m[2m:[0m [DRY-RUN] dryrun-1666 Buy 15830910 x 50 @ 0.660 (Gtc)
[2m2026-07-04T18:27:40.791308Z[0m [32m INFO[0m [2mexecution[0m[2m:[0m [DRY-RUN] dryrun-1667 Buy 15830910 x 50 @ 0.640 (Gtc)
[2m2026-07-04T18:27:41.041322Z[0m [32m INFO[0m [2mexecution[0m[2m:[0m [DRY-RUN] dryrun-1668 Buy 15830910 x 50 @ 0.630 (Gtc)
[2m2026-07-04T18:27:41.291389Z[0m [32m INFO[0m [2mexecution[0m[2m:[0m [DRY-RUN] dryrun-1669 Buy 15830910 x 50 @ 0.630 (Gtc)
[2m2026-07-04T18:27:41.541938Z[0m [32m INFO[0m [2mexecution[0m[2m:[0m [DRY-RUN] dryrun-1670 Buy 15830910 x 50 @ 0.650 (Gtc)
[2m2026-07-04T18:27:41.791662Z[0m [32m INFO[0m [2mexecution[0m[2m:[0m [DRY-RUN] dryrun-1671 Buy 15830910 x 50 @ 0.650 (Gtc)
[2m2026-07-04T18:27:42.041709Z[0m [32m INFO[0m [2mexecution[0m[2m:[0m [DRY-RUN] dryrun-1672 Buy 15830910 x 50 @ 0.650 (Gtc)
[2m2026-07-04T18:27:42.291346Z[0m [32m INFO[0m [2mexecution[0m[2m:[0m [DRY-RUN] dryrun-1673 Buy 15830910 x 50 @ 0.650 (Gtc)
[2m2026-07-04T18:27:42.541848Z[0m [32m INFO[0m [2mexecution[0m[2m:[0m [DRY-RUN] dryrun-1674 Buy 15830910 x 50 @ 0.650 (Gtc)
[2m2026-07-04T18:27:42.791456Z[0m [32m INFO[0m [2mexecution[0m[2m:[0m [DRY-RUN] dryrun-1675 Buy 15830910 x 50 @ 0.650 (Gtc)
[2m2026-07-04T18:27:43.041509Z[0m [32m INFO[0m [2mexecution[0m[2m:[0m [DRY-RUN] dryrun-1676 Buy 15830910 x 50 @ 0.650 (Gtc)
[2m2026-07-04T18:27:43.291355Z[0m [32m INFO[0m [2mexecution[0m[2m:[0m [DRY-RUN] dryrun-1677 Buy 15830910 x 50 @ 0.640 (Gtc)
[2m2026-07-04T18:27:43.541807Z[0m [32m INFO[0m [2mexecution[0m[2m:[0m [DRY-RUN] dryrun-1678 Buy 15830910 x 50 @ 0.640 (Gtc)
[2m2026-07-04T18:27:43.792213Z[0m [32m INFO[0m [2mexecution[0m[2m:[0m [DRY-RUN] dryrun-1679 Buy 15830910 x 50 @ 0.630 (Gtc)
[2m2026-07-04T18:27:44.041616Z[0m [32m INFO[0m [2mexecution[0m[2m:[0m [DRY-RUN] dryrun-1680 Buy 15830910 x 50 @ 0.630 (Gtc)
[2m2026-07-04T18:27:44.292256Z[0m [32m INFO[0m [2mexecution[0m[2m:[0m [DRY-RUN] dryrun-1681 Buy 15830910 x 50 @ 0.570 (Gtc)
[2m2026-07-04T18:27:44.542100Z[0m [32m INFO[0m [2mexecution[0m[2m:[0m [DRY-RUN] dryrun-1682 Buy 15830910 x 50 @ 0.560 (Gtc)
[2m2026-07-04T18:27:44.791911Z[0m [32m INFO[0m [2mexecution[0m[2m:[0m [DRY-RUN] dryrun-1683 Buy 15830910 x 50 @ 0.550 (Gtc)
[2m2026-07-04T18:27:45.041475Z[0m [32m INFO[0m [2mexecution[0m[2m:[0m [DRY-RUN] dryrun-1684 Buy 15830910 x 50 @ 0.550 (Gtc)
[2m2026-07-04T18:27:45.291713Z[0m [32m INFO[0m [2mexecution[0m[2m:[0m [DRY-RUN] dryrun-1685 Buy 15830910 x 50 @ 0.550 (Gtc)
[2m2026-07-04T18:27:45.541818Z[0m [32m INFO[0m [2mexecution[0m[2m:[0m [DRY-RUN] dryrun-1686 Buy 15830910 x 50 @ 0.550 (Gtc)
[2m2026-07-04T18:27:45.791662Z[0m [32m INFO[0m [2mexecution[0m[2m:[0m [DRY-RUN] dryrun-1687 Buy 15830910 x 50 @ 0.550 (Gtc)
[2m2026-07-04T18:27:46.041437Z[0m [32m INFO[0m [2mexecution[0m[2m:[0m [DRY-RUN] dryrun-1688 Buy 15830910 x 50 @ 0.550 (Gtc)
[2m2026-07-04T18:27:46.291723Z[0m [32m INFO[0m [2mexecution[0m[2m:[0m [DRY-RUN] dryrun-1689 Buy 15830910 x 50 @ 0.550 (Gtc)
[2m2026-07-04T18:27:46.542349Z[0m [32m INFO[0m [2mexecution[0m[2m:[0m [DRY-RUN] dryrun-1690 Buy 15830910 x 50 @ 0.550 (Gtc)
[2m2026-07-04T18:27:46.791782Z[0m [32m INFO[0m [2mexecution[0m[2m:[0m [DRY-RUN] dryrun-1691 Buy 15830910 x 50 @ 0.550 (Gtc)
[2m2026-07-04T18:27:47.042216Z[0m [32m INFO[0m [2mexecution[0m[2m:[0m [DRY-RUN] dryrun-1692 Buy 15830910 x 50 @ 0.550 (Gtc)
[2m2026-07-04T18:27:47.291356Z[0m [32m INFO[0m [2mexecution[0m[2m:[0m [DRY-RUN] dryrun-1693 Buy 15830910 x 50 @ 0.550 (Gtc)
[2m2026-07-04T18:27:47.541408Z[0m [32m INFO[0m [2mexecution[0m[2m:[0m [DRY-RUN] dryrun-1694 Buy 15830910 x 50 @ 0.550 (Gtc)
[2m2026-07-04T18:27:47.792026Z[0m [32m INFO[0m [2mexecution[0m[2m:[0m [DRY-RUN] dryrun-1695 Buy 15830910 x 50 @ 0.540 (Gtc)
[2m2026-07-04T18:27:48.041308Z[0m [32m INFO[0m [2mexecution[0m[2m:[0m [DRY-RUN] dryrun-1696 Buy 15830910 x 50 @ 0.540 (Gtc)
[2m2026-07-04T18:27:48.291666Z[0m [32m INFO[0m [2mexecution[0m[2m:[0m [DRY-RUN] dryrun-1697 Buy 15830910 x 50 @ 0.540 (Gtc)
[2m2026-07-04T18:27:48.541806Z[0m [32m INFO[0m [2mexecution[0m[2m:[0m [DRY-RUN] dryrun-1698 Buy 15830910 x 50 @ 0.540 (Gtc)
[2m2026-07-04T18:27:48.791430Z[0m [32m INFO[0m [2mexecution[0m[2m:[0m [DRY-RUN] dryrun-1699 Buy 15830910 x 50 @ 0.540 (Gtc)
[2m2026-07-04T18:27:49.041633Z[0m [32m INFO[0m [2mexecution[0m[2m:[0m [DRY-RUN] dryrun-1700 Buy 15830910 x 50 @ 0.540 (Gtc)
[2m2026-07-04T18:27:49.291799Z[0m [32m INFO[0m [2mexecution[0m[2m:[0m [DRY-RUN] dryrun-1701 Buy 15830910 x 50 @ 0.540 (Gtc)
[2m2026-07-04T18:27:49.541466Z[0m [32m INFO[0m [2mexecution[0m[2m:[0m [DRY-RUN] dryrun-1702 Buy 15830910 x 50 @ 0.540 (Gtc)
[2m2026-07-04T18:27:49.791512Z[0m [32m INFO[0m [2mexecution[0m[2m:[0m [DRY-RUN] dryrun-1703 Buy 15830910 x 50 @ 0.540 (Gtc)
[2m2026-07-04T18:27:50.042252Z[0m [32m INFO[0m [2mexecution[0m[2m:[0m [DRY-RUN] dryrun-1704 Buy 15830910 x 50 @ 0.540 (Gtc)
[2m2026-07-04T18:27:50.291333Z[0m [32m INFO[0m [2mexecution[0m[2m:[0m [DRY-RUN] dryrun-1705 Buy 15830910 x 50 @ 0.540 (Gtc)
[2m2026-07-04T18:27:50.541953Z[0m [32m INFO[0m [2mexecution[0m[2m:[0m [DRY-RUN] dryrun-1706 Buy 15830910 x 50 @ 0.540 (Gtc)
[2m2026-07-04T18:27:50.792194Z[0m [32m INFO[0m [2mexecution[0m[2m:[0m [DRY-RUN] dryrun-1707 Buy 15830910 x 50 @ 0.500 (Gtc)
[2m2026-07-04T18:27:51.041294Z[0m [32m INFO[0m [2mexecution[0m[2m:[0m [DRY-RUN] dryrun-1708 Buy 15830910 x 50 @ 0.480 (Gtc)
[2m2026-07-04T18:27:51.291479Z[0m [32m INFO[0m [2mexecution[0m[2m:[0m [DRY-RUN] dryrun-1709 Buy 15830910 x 50 @ 0.480 (Gtc)
[2m2026-07-04T18:27:51.541886Z[0m [32m INFO[0m [2mexecution[0m[2m:[0m [DRY-RUN] dryrun-1710 Buy 15830910 x 50 @ 0.480 (Gtc)
[2m2026-07-04T18:27:51.791961Z[0m [32m INFO[0m [2mexecution[0m[2m:[0m [DRY-RUN] dryrun-1711 Buy 15830910 x 50 @ 0.470 (Gtc)
[2m2026-07-04T18:27:52.041382Z[0m [32m INFO[0m [2mexecution[0m[2m:[0m [DRY-RUN] dryrun-1712 Buy 15830910 x 50 @ 0.480 (Gtc)
[2m2026-07-04T18:27:52.291512Z[0m [32m INFO[0m [2mexecution[0m[2m:[0m [DRY-RUN] dryrun-1713 Buy 15830910 x 50 @ 0.480 (Gtc)
[2m2026-07-04T18:27:52.541879Z[0m [32m INFO[0m [2mexecution[0m[2m:[0m [DRY-RUN] dryrun-1714 Buy 15830910 x 50 @ 0.480 (Gtc)
[2m2026-07-04T18:27:52.792320Z[0m [32m INFO[0m [2mexecution[0m[2m:[0m [DRY-RUN] dryrun-1715 Buy 15830910 x 50 @ 0.480 (Gtc)
[2m2026-07-04T18:27:53.042219Z[0m [32m INFO[0m [2mexecution[0m[2m:[0m [DRY-RUN] dryrun-1716 Buy 15830910 x 50 @ 0.480 (Gtc)
[2m2026-07-04T18:27:53.291470Z[0m [32m INFO[0m [2mexecution[0m[2m:[0m [DRY-RUN] dryrun-1717 Buy 15830910 x 50 @ 0.480 (Gtc)
[2m2026-07-04T18:27:53.542255Z[0m [32m INFO[0m [2mexecution[0m[2m:[0m [DRY-RUN] dryrun-1718 Buy 15830910 x 50 @ 0.480 (Gtc)
[2m2026-07-04T18:27:53.791502Z[0m [32m INFO[0m [2mexecution[0m[2m:[0m [DRY-RUN] dryrun-1719 Buy 15830910 x 50 @ 0.480 (Gtc)
[2m2026-07-04T18:27:54.042130Z[0m [32m INFO[0m [2mexecution[0m[2m:[0m [DRY-RUN] dryrun-1720 Buy 15830910 x 50 @ 0.490 (Gtc)
[2m2026-07-04T18:27:54.291504Z[0m [32m INFO[0m [2mexecution[0m[2m:[0m [DRY-RUN] dryrun-1721 Buy 15830910 x 50 @ 0.490 (Gtc)
[2m2026-07-04T18:27:54.541372Z[0m [32m INFO[0m [2mexecution[0m[2m:[0m [DRY-RUN] dryrun-1722 Buy 15830910 x 50 @ 0.490 (Gtc)
[2m2026-07-04T18:27:54.791334Z[0m [32m INFO[0m [2mexecution[0m[2m:[0m [DRY-RUN] dryrun-1723 Buy 15830910 x 50 @ 0.510 (Gtc)
[2m2026-07-04T18:27:55.042017Z[0m [32m INFO[0m [2mexecution[0m[2m:[0m [DRY-RUN] dryrun-1724 Buy 15830910 x 50 @ 0.510 (Gtc)
[2m2026-07-04T18:27:55.291944Z[0m [32m INFO[0m [2mexecution[0m[2m:[0m [DRY-RUN] dryrun-1725 Buy 15830910 x 50 @ 0.510 (Gtc)
[2m2026-07-04T18:27:55.541482Z[0m [32m INFO[0m [2mexecution[0m[2m:[0m [DRY-RUN] dryrun-1726 Buy 15830910 x 50 @ 0.510 (Gtc)
[2m2026-07-04T18:27:55.791405Z[0m [32m INFO[0m [2mexecution[0m[2m:[0m [DRY-RUN] dryrun-1727 Buy 15830910 x 50 @ 0.510 (Gtc)
[2m2026-07-04T18:27:56.041450Z[0m [32m INFO[0m [2mexecution[0m[2m:[0m [DRY-RUN] dryrun-1728 Buy 15830910 x 50 @ 0.510 (Gtc)
[2m2026-07-04T18:27:56.292050Z[0m [32m INFO[0m [2mexecution[0m[2m:[0m [DRY-RUN] dryrun-1729 Buy 15830910 x 50 @ 0.510 (Gtc)
[2m2026-07-04T18:27:56.541185Z[0m [32m INFO[0m [2mexecution[0m[2m:[0m [DRY-RUN] dryrun-1730 Buy 15830910 x 50 @ 0.510 (Gtc)
[2m2026-07-04T18:27:56.791587Z[0m [32m INFO[0m [2mexecution[0m[2m:[0m [DRY-RUN] dryrun-1731 Buy 15830910 x 50 @ 0.520 (Gtc)
[2m2026-07-04T18:27:57.041860Z[0m [32m INFO[0m [2mexecution[0m[2m:[0m [DRY-RUN] dryrun-1732 Buy 15830910 x 50 @ 0.520 (Gtc)
[2m2026-07-04T18:27:57.291397Z[0m [32m INFO[0m [2mexecution[0m[2m:[0m [DRY-RUN] dryrun-1733 Buy 15830910 x 50 @ 0.520 (Gtc)
[2m2026-07-04T18:27:57.541789Z[0m [32m INFO[0m [2mexecution[0m[2m:[0m [DRY-RUN] dryrun-1734 Buy 15830910 x 50 @ 0.550 (Gtc)
[2m2026-07-04T18:27:57.791344Z[0m [32m INFO[0m [2mexecution[0m[2m:[0m [DRY-RUN] dryrun-1735 Buy 15830910 x 50 @ 0.550 (Gtc)
[2m2026-07-04T18:27:58.042057Z[0m [32m INFO[0m [2mexecution[0m[2m:[0m [DRY-RUN] dryrun-1736 Buy 15830910 x 50 @ 0.510 (Gtc)
[2m2026-07-04T18:27:58.292047Z[0m [32m INFO[0m [2mexecution[0m[2m:[0m [DRY-RUN] dryrun-1737 Buy 15830910 x 50 @ 0.510 (Gtc)
[2m2026-07-04T18:27:58.541705Z[0m [32m INFO[0m [2mexecution[0m[2m:[0m [DRY-RUN] dryrun-1738 Buy 15830910 x 50 @ 0.510 (Gtc)
[2m2026-07-04T18:27:58.791498Z[0m [32m INFO[0m [2mexecution[0m[2m:[0m [DRY-RUN] dryrun-1739 Buy 15830910 x 50 @ 0.510 (Gtc)
[2m2026-07-04T18:27:59.041987Z[0m [32m INFO[0m [2mexecution[0m[2m:[0m [DRY-RUN] dryrun-1740 Buy 15830910 x 50 @ 0.510 (Gtc)
[2m2026-07-04T18:27:59.292025Z[0m [32m INFO[0m [2mexecution[0m[2m:[0m [DRY-RUN] dryrun-1741 Buy 15830910 x 50 @ 0.510 (Gtc)
[2m2026-07-04T18:27:59.541500Z[0m [32m INFO[0m [2mexecution[0m[2m:[0m [DRY-RUN] dryrun-1742 Buy 15830910 x 50 @ 0.530 (Gtc)
[2m2026-07-04T18:27:59.791500Z[0m [32m INFO[0m [2mexecution[0m[2m:[0m [DRY-RUN] dryrun-1743 Buy 37191581 x 50 @ 0.360 (Gtc)
[2m2026-07-04T18:28:00.041971Z[0m [32m INFO[0m [2mexecution[0m[2m:[0m [DRY-RUN] dryrun-1744 Buy 37191581 x 50 @ 0.360 (Gtc)
[2m2026-07-04T18:28:00.291275Z[0m [32m INFO[0m [2mexecution[0m[2m:[0m [DRY-RUN] dryrun-1745 Buy 37191581 x 50 @ 0.360 (Gtc)
[2m2026-07-04T18:28:00.541522Z[0m [32m INFO[0m [2mexecution[0m[2m:[0m [DRY-RUN] dryrun-1746 Buy 37191581 x 50 @ 0.380 (Gtc)
[2m2026-07-04T18:28:00.792021Z[0m [32m INFO[0m [2mexecution[0m[2m:[0m [DRY-RUN] dryrun-1747 Buy 37191581 x 50 @ 0.370 (Gtc)
[2m2026-07-04T18:28:01.041519Z[0m [32m INFO[0m [2mexecution[0m[2m:[0m [DRY-RUN] dryrun-1748 Buy 37191581 x 50 @ 0.370 (Gtc)
[2m2026-07-04T18:28:01.292041Z[0m [32m INFO[0m [2mexecution[0m[2m:[0m [DRY-RUN] dryrun-1749 Buy 37191581 x 50 @ 0.360 (Gtc)
[2m2026-07-04T18:28:02.541800Z[0m [32m INFO[0m [2mexecution[0m[2m:[0m [DRY-RUN] dryrun-1750 Buy 15830910 x 50 @ 0.650 (Gtc)
[2m2026-07-04T18:28:02.792042Z[0m [32m INFO[0m [2mexecution[0m[2m:[0m [DRY-RUN] dryrun-1751 Buy 15830910 x 50 @ 0.650 (Gtc)
[2m2026-07-04T18:28:03.042193Z[0m [32m INFO[0m [2mexecution[0m[2m:[0m [DRY-RUN] dryrun-1752 Buy 15830910 x 50 @ 0.650 (Gtc)
[2m2026-07-04T18:28:03.291830Z[0m [32m INFO[0m [2mexecution[0m[2m:[0m [DRY-RUN] dryrun-1753 Buy 15830910 x 50 @ 0.650 (Gtc)
[2m2026-07-04T18:28:03.541513Z[0m [32m INFO[0m [2mexecution[0m[2m:[0m [DRY-RUN] dryrun-1754 Buy 15830910 x 50 @ 0.650 (Gtc)
[2m2026-07-04T18:28:03.791857Z[0m [32m INFO[0m [2mexecution[0m[2m:[0m [DRY-RUN] dryrun-1755 Buy 15830910 x 50 @ 0.650 (Gtc)
[2m2026-07-04T18:28:04.041963Z[0m [32m INFO[0m [2mexecution[0m[2m:[0m [DRY-RUN] dryrun-1756 Buy 15830910 x 50 @ 0.650 (Gtc)
[2m2026-07-04T18:28:04.291963Z[0m [32m INFO[0m [2mexecution[0m[2m:[0m [DRY-RUN] dryrun-1757 Buy 15830910 x 50 @ 0.650 (Gtc)
[2m2026-07-04T18:28:04.541975Z[0m [32m INFO[0m [2mexecution[0m[2m:[0m [DRY-RUN] dryrun-1758 Buy 15830910 x 50 @ 0.650 (Gtc)
[2m2026-07-04T18:28:04.791969Z[0m [32m INFO[0m [2mexecution[0m[2m:[0m [DRY-RUN] dryrun-1759 Buy 15830910 x 50 @ 0.650 (Gtc)
[2m2026-07-04T18:28:05.041669Z[0m [32m INFO[0m [2mexecution[0m[2m:[0m [DRY-RUN] dryrun-1760 Buy 15830910 x 50 @ 0.670 (Gtc)
[2m2026-07-04T18:28:05.292180Z[0m [32m INFO[0m [2mexecution[0m[2m:[0m [DRY-RUN] dryrun-1761 Buy 15830910 x 50 @ 0.710 (Gtc)
[2m2026-07-04T18:28:05.541622Z[0m [32m INFO[0m [2mexecution[0m[2m:[0m [DRY-RUN] dryrun-1762 Buy 15830910 x 50 @ 0.710 (Gtc)
[2m2026-07-04T18:28:05.791174Z[0m [32m INFO[0m [2mexecution[0m[2m:[0m [DRY-RUN] dryrun-1763 Buy 15830910 x 50 @ 0.710 (Gtc)
[2m2026-07-04T18:28:06.291422Z[0m [32m INFO[0m [2mexecution[0m[2m:[0m [DRY-RUN] dryrun-1764 Buy 15830910 x 50 @ 0.720 (Gtc)
[2m2026-07-04T18:28:06.541814Z[0m [32m INFO[0m [2mexecution[0m[2m:[0m [DRY-RUN] dryrun-1765 Buy 37191581 x 50 @ 0.210 (Gtc)
[2m2026-07-04T18:28:06.791687Z[0m [32m INFO[0m [2mexecution[0m[2m:[0m [DRY-RUN] dryrun-1766 Buy 37191581 x 50 @ 0.210 (Gtc)
[2m2026-07-04T18:28:07.041819Z[0m [32m INFO[0m [2mexecution[0m[2m:[0m [DRY-RUN] dryrun-1767 Buy 37191581 x 50 @ 0.160 (Gtc)
[2m2026-07-04T18:28:07.291195Z[0m [32m INFO[0m [2mexecution[0m[2m:[0m [DRY-RUN] dryrun-1768 Buy 37191581 x 50 @ 0.180 (Gtc)
[2m2026-07-04T18:28:07.541955Z[0m [32m INFO[0m [2mexecution[0m[2m:[0m [DRY-RUN] dryrun-1769 Buy 37191581 x 50 @ 0.210 (Gtc)
[2m2026-07-04T18:28:07.792011Z[0m [32m INFO[0m [2mexecution[0m[2m:[0m [DRY-RUN] dryrun-1770 Buy 37191581 x 50 @ 0.210 (Gtc)
[2m2026-07-04T18:28:08.041931Z[0m [32m INFO[0m [2mexecution[0m[2m:[0m [DRY-RUN] dryrun-1771 Buy 37191581 x 50 @ 0.210 (Gtc)
[2m2026-07-04T18:28:08.292227Z[0m [32m INFO[0m [2mexecution[0m[2m:[0m [DRY-RUN] dryrun-1772 Buy 37191581 x 50 @ 0.200 (Gtc)
[2m2026-07-04T18:28:08.541528Z[0m [32m INFO[0m [2mexecution[0m[2m:[0m [DRY-RUN] dryrun-1773 Buy 37191581 x 50 @ 0.200 (Gtc)
[2m2026-07-04T18:28:08.791407Z[0m [32m INFO[0m [2mexecution[0m[2m:[0m [DRY-RUN] dryrun-1774 Buy 37191581 x 50 @ 0.200 (Gtc)
[2m2026-07-04T18:28:09.041518Z[0m [32m INFO[0m [2mexecution[0m[2m:[0m [DRY-RUN] dryrun-1775 Buy 37191581 x 50 @ 0.200 (Gtc)
[2m2026-07-04T18:28:09.292083Z[0m [32m INFO[0m [2mexecution[0m[2m:[0m [DRY-RUN] dryrun-1776 Buy 37191581 x 50 @ 0.200 (Gtc)
[2m2026-07-04T18:28:09.541744Z[0m [32m INFO[0m [2mexecution[0m[2m:[0m [DRY-RUN] dryrun-1777 Buy 37191581 x 50 @ 0.200 (Gtc)
[2m2026-07-04T18:28:10.041690Z[0m [32m INFO[0m [2mexecution[0m[2m:[0m [DRY-RUN] dryrun-1778 Buy 15830910 x 50 @ 0.770 (Gtc)
[2m2026-07-04T18:28:11.292159Z[0m [32m INFO[0m [2mexecution[0m[2m:[0m [DRY-RUN] dryrun-1779 Buy 15830910 x 50 @ 0.720 (Gtc)
[2m2026-07-04T18:28:11.541297Z[0m [32m INFO[0m [2mexecution[0m[2m:[0m [DRY-RUN] dryrun-1780 Buy 15830910 x 50 @ 0.720 (Gtc)
[2m2026-07-04T18:28:11.792003Z[0m [32m INFO[0m [2mexecution[0m[2m:[0m [DRY-RUN] dryrun-1781 Buy 15830910 x 50 @ 0.720 (Gtc)
[2m2026-07-04T18:28:12.042359Z[0m [32m INFO[0m [2mexecution[0m[2m:[0m [DRY-RUN] dryrun-1782 Buy 15830910 x 50 @ 0.730 (Gtc)
[2m2026-07-04T18:28:12.291193Z[0m [32m INFO[0m [2mexecution[0m[2m:[0m [DRY-RUN] dryrun-1783 Buy 15830910 x 50 @ 0.730 (Gtc)
[2m2026-07-04T18:28:12.542087Z[0m [32m INFO[0m [2mexecution[0m[2m:[0m [DRY-RUN] dryrun-1784 Buy 15830910 x 50 @ 0.730 (Gtc)
[2m2026-07-04T18:28:12.792225Z[0m [32m INFO[0m [2mexecution[0m[2m:[0m [DRY-RUN] dryrun-1785 Buy 15830910 x 50 @ 0.730 (Gtc)
[2m2026-07-04T18:28:13.041790Z[0m [32m INFO[0m [2mexecution[0m[2m:[0m [DRY-RUN] dryrun-1786 Buy 15830910 x 50 @ 0.730 (Gtc)
[2m2026-07-04T18:28:13.291765Z[0m [32m INFO[0m [2mexecution[0m[2m:[0m [DRY-RUN] dryrun-1787 Buy 15830910 x 50 @ 0.730 (Gtc)
[2m2026-07-04T18:28:13.542168Z[0m [32m INFO[0m [2mexecution[0m[2m:[0m [DRY-RUN] dryrun-1788 Buy 15830910 x 50 @ 0.730 (Gtc)
[2m2026-07-04T18:28:13.791270Z[0m [32m INFO[0m [2mexecution[0m[2m:[0m [DRY-RUN] dryrun-1789 Buy 15830910 x 50 @ 0.730 (Gtc)
[2m2026-07-04T18:28:14.042320Z[0m [32m INFO[0m [2mexecution[0m[2m:[0m [DRY-RUN] dryrun-1790 Buy 15830910 x 50 @ 0.740 (Gtc)
[2m2026-07-04T18:28:14.291463Z[0m [32m INFO[0m [2mexecution[0m[2m:[0m [DRY-RUN] dryrun-1791 Buy 15830910 x 50 @ 0.740 (Gtc)
[2m2026-07-04T18:28:17.291381Z[0m [32m INFO[0m [2mexecution[0m[2m:[0m [DRY-RUN] dryrun-1792 Buy 15830910 x 50 @ 0.730 (Gtc)
[2m2026-07-04T18:28:17.542090Z[0m [32m INFO[0m [2mexecution[0m[2m:[0m [DRY-RUN] dryrun-1793 Buy 15830910 x 50 @ 0.730 (Gtc)
[2m2026-07-04T18:28:17.792000Z[0m [32m INFO[0m [2mexecution[0m[2m:[0m [DRY-RUN] dryrun-1794 Buy 15830910 x 50 @ 0.730 (Gtc)
[2m2026-07-04T18:28:18.041814Z[0m [32m INFO[0m [2mexecution[0m[2m:[0m [DRY-RUN] dryrun-1795 Buy 15830910 x 50 @ 0.730 (Gtc)
[2m2026-07-04T18:28:18.291964Z[0m [32m INFO[0m [2mexecution[0m[2m:[0m [DRY-RUN] dryrun-1796 Buy 15830910 x 50 @ 0.730 (Gtc)
[2m2026-07-04T18:28:18.541733Z[0m [32m INFO[0m [2mexecution[0m[2m:[0m [DRY-RUN] dryrun-1797 Buy 15830910 x 50 @ 0.720 (Gtc)
[2m2026-07-04T18:28:19.042254Z[0m [32m INFO[0m [2mexecution[0m[2m:[0m [DRY-RUN] dryrun-1798 Buy 37191581 x 50 @ 0.210 (Gtc)
[2m2026-07-04T18:28:19.292179Z[0m [32m INFO[0m [2mexecution[0m[2m:[0m [DRY-RUN] dryrun-1799 Buy 37191581 x 50 @ 0.230 (Gtc)
[2m2026-07-04T18:28:19.542181Z[0m [32m INFO[0m [2mexecution[0m[2m:[0m [DRY-RUN] dryrun-1800 Buy 37191581 x 50 @ 0.230 (Gtc)
[2m2026-07-04T18:28:19.791643Z[0m [32m INFO[0m [2mexecution[0m[2m:[0m [DRY-RUN] dryrun-1801 Buy 37191581 x 50 @ 0.210 (Gtc)
[2m2026-07-04T18:28:20.041587Z[0m [32m INFO[0m [2mexecution[0m[2m:[0m [DRY-RUN] dryrun-1802 Buy 37191581 x 50 @ 0.230 (Gtc)
[2m2026-07-04T18:28:20.291315Z[0m [32m INFO[0m [2mexecution[0m[2m:[0m [DRY-RUN] dryrun-1803 Buy 37191581 x 50 @ 0.230 (Gtc)
[2m2026-07-04T18:28:20.541354Z[0m [32m INFO[0m [2mexecution[0m[2m:[0m [DRY-RUN] dryrun-1804 Buy 37191581 x 50 @ 0.230 (Gtc)
[2m2026-07-04T18:28:20.791685Z[0m [32m INFO[0m [2mexecution[0m[2m:[0m [DRY-RUN] dryrun-1805 Buy 37191581 x 50 @ 0.230 (Gtc)
[2m2026-07-04T18:28:21.042105Z[0m [32m INFO[0m [2mexecution[0m[2m:[0m [DRY-RUN] dryrun-1806 Buy 37191581 x 50 @ 0.230 (Gtc)
[2m2026-07-04T18:28:21.291331Z[0m [32m INFO[0m [2mexecution[0m[2m:[0m [DRY-RUN] dryrun-1807 Buy 37191581 x 50 @ 0.220 (Gtc)
[2m2026-07-04T18:28:21.541656Z[0m [32m INFO[0m [2mexecution[0m[2m:[0m [DRY-RUN] dryrun-1808 Buy 37191581 x 50 @ 0.220 (Gtc)
[2m2026-07-04T18:28:21.791920Z[0m [32m INFO[0m [2mexecution[0m[2m:[0m [DRY-RUN] dryrun-1809 Buy 37191581 x 50 @ 0.220 (Gtc)
[2m2026-07-04T18:28:22.042228Z[0m [32m INFO[0m [2mexecution[0m[2m:[0m [DRY-RUN] dryrun-1810 Buy 37191581 x 50 @ 0.220 (Gtc)
[2m2026-07-04T18:28:22.292224Z[0m [32m INFO[0m [2mexecution[0m[2m:[0m [DRY-RUN] dryrun-1811 Buy 37191581 x 50 @ 0.210 (Gtc)
[2m2026-07-04T18:28:22.541924Z[0m [32m INFO[0m [2mexecution[0m[2m:[0m [DRY-RUN] dryrun-1812 Buy 37191581 x 50 @ 0.210 (Gtc)
[2m2026-07-04T18:28:22.791457Z[0m [32m INFO[0m [2mexecution[0m[2m:[0m [DRY-RUN] dryrun-1813 Buy 37191581 x 50 @ 0.210 (Gtc)
[2m2026-07-04T18:28:23.041788Z[0m [32m INFO[0m [2mexecution[0m[2m:[0m [DRY-RUN] dryrun-1814 Buy 37191581 x 50 @ 0.210 (Gtc)
[2m2026-07-04T18:28:23.291728Z[0m [32m INFO[0m [2mexecution[0m[2m:[0m [DRY-RUN] dryrun-1815 Buy 37191581 x 50 @ 0.210 (Gtc)
[2m2026-07-04T18:28:23.541874Z[0m [32m INFO[0m [2mexecution[0m[2m:[0m [DRY-RUN] dryrun-1816 Buy 15830910 x 50 @ 0.760 (Gtc)
[2m2026-07-04T18:28:23.791979Z[0m [32m INFO[0m [2mexecution[0m[2m:[0m [DRY-RUN] dryrun-1817 Buy 15830910 x 50 @ 0.760 (Gtc)
[2m2026-07-04T18:28:24.292013Z[0m [32m INFO[0m [2mexecution[0m[2m:[0m [DRY-RUN] dryrun-1818 Buy 15830910 x 50 @ 0.760 (Gtc)
[2m2026-07-04T18:28:24.791963Z[0m [32m INFO[0m [2mexecution[0m[2m:[0m [DRY-RUN] dryrun-1819 Buy 15830910 x 50 @ 0.750 (Gtc)
[2m2026-07-04T18:28:25.041579Z[0m [32m INFO[0m [2mexecution[0m[2m:[0m [DRY-RUN] dryrun-1820 Buy 15830910 x 50 @ 0.750 (Gtc)
[2m2026-07-04T18:28:25.292259Z[0m [32m INFO[0m [2mexecution[0m[2m:[0m [DRY-RUN] dryrun-1821 Buy 15830910 x 50 @ 0.750 (Gtc)
[2m2026-07-04T18:28:25.541888Z[0m [32m INFO[0m [2mexecution[0m[2m:[0m [DRY-RUN] dryrun-1822 Buy 15830910 x 50 @ 0.740 (Gtc)
[2m2026-07-04T18:28:25.791909Z[0m [32m INFO[0m [2mexecution[0m[2m:[0m [DRY-RUN] dryrun-1823 Buy 15830910 x 50 @ 0.740 (Gtc)
[2m2026-07-04T18:28:27.291434Z[0m [32m INFO[0m [2mexecution[0m[2m:[0m [DRY-RUN] dryrun-1824 Buy 37191581 x 50 @ 0.190 (Gtc)
[2m2026-07-04T18:28:27.541292Z[0m [32m INFO[0m [2mexecution[0m[2m:[0m [DRY-RUN] dryrun-1825 Buy 37191581 x 50 @ 0.190 (Gtc)
[2m2026-07-04T18:28:27.791464Z[0m [32m INFO[0m [2mexecution[0m[2m:[0m [DRY-RUN] dryrun-1826 Buy 37191581 x 50 @ 0.180 (Gtc)
[2m2026-07-04T18:28:28.042144Z[0m [32m INFO[0m [2mexecution[0m[2m:[0m [DRY-RUN] dryrun-1827 Buy 37191581 x 50 @ 0.180 (Gtc)
[2m2026-07-04T18:28:28.292260Z[0m [32m INFO[0m [2mexecution[0m[2m:[0m [DRY-RUN] dryrun-1828 Buy 37191581 x 50 @ 0.180 (Gtc)
[2m2026-07-04T18:28:28.541665Z[0m [32m INFO[0m [2mexecution[0m[2m:[0m [DRY-RUN] dryrun-1829 Buy 37191581 x 50 @ 0.180 (Gtc)
[2m2026-07-04T18:28:28.791220Z[0m [32m INFO[0m [2mexecution[0m[2m:[0m [DRY-RUN] dryrun-1830 Buy 37191581 x 50 @ 0.180 (Gtc)
[2m2026-07-04T18:28:29.041437Z[0m [32m INFO[0m [2mexecution[0m[2m:[0m [DRY-RUN] dryrun-1831 Buy 37191581 x 50 @ 0.180 (Gtc)
[2m2026-07-04T18:28:29.292199Z[0m [32m INFO[0m [2mexecution[0m[2m:[0m [DRY-RUN] dryrun-1832 Buy 37191581 x 50 @ 0.180 (Gtc)
[2m2026-07-04T18:28:29.541709Z[0m [32m INFO[0m [2mexecution[0m[2m:[0m [DRY-RUN] dryrun-1833 Buy 37191581 x 50 @ 0.180 (Gtc)
[2m2026-07-04T18:28:29.791417Z[0m [32m INFO[0m [2mexecution[0m[2m:[0m [DRY-RUN] dryrun-1834 Buy 37191581 x 50 @ 0.180 (Gtc)
[2m2026-07-04T18:28:30.041304Z[0m [32m INFO[0m [2mexecution[0m[2m:[0m [DRY-RUN] dryrun-1835 Buy 37191581 x 50 @ 0.170 (Gtc)
[2m2026-07-04T18:28:30.291445Z[0m [32m INFO[0m [2mexecution[0m[2m:[0m [DRY-RUN] dryrun-1836 Buy 37191581 x 50 @ 0.170 (Gtc)
[2m2026-07-04T18:28:30.541722Z[0m [32m INFO[0m [2mexecution[0m[2m:[0m [DRY-RUN] dryrun-1837 Buy 37191581 x 50 @ 0.170 (Gtc)
[2m2026-07-04T18:28:30.791297Z[0m [32m INFO[0m [2mexecution[0m[2m:[0m [DRY-RUN] dryrun-1838 Buy 37191581 x 50 @ 0.170 (Gtc)
[2m2026-07-04T18:28:31.041678Z[0m [32m INFO[0m [2mexecution[0m[2m:[0m [DRY-RUN] dryrun-1839 Buy 15830910 x 50 @ 0.780 (Gtc)
[2m2026-07-04T18:28:31.291675Z[0m [32m INFO[0m [2mexecution[0m[2m:[0m [DRY-RUN] dryrun-1840 Buy 15830910 x 50 @ 0.780 (Gtc)
[2m2026-07-04T18:28:31.542042Z[0m [32m INFO[0m [2mexecution[0m[2m:[0m [DRY-RUN] dryrun-1841 Buy 15830910 x 50 @ 0.780 (Gtc)
[2m2026-07-04T18:28:31.791630Z[0m [32m INFO[0m [2mexecution[0m[2m:[0m [DRY-RUN] dryrun-1842 Buy 15830910 x 50 @ 0.780 (Gtc)
[2m2026-07-04T18:28:32.041371Z[0m [32m INFO[0m [2mexecution[0m[2m:[0m [DRY-RUN] dryrun-1843 Buy 15830910 x 50 @ 0.790 (Gtc)
[2m2026-07-04T18:28:32.291571Z[0m [32m INFO[0m [2mexecution[0m[2m:[0m [DRY-RUN] dryrun-1844 Buy 15830910 x 50 @ 0.790 (Gtc)
[2m2026-07-04T18:28:32.541635Z[0m [32m INFO[0m [2mexecution[0m[2m:[0m [DRY-RUN] dryrun-1845 Buy 15830910 x 50 @ 0.790 (Gtc)
[2m2026-07-04T18:28:32.791419Z[0m [32m INFO[0m [2mexecution[0m[2m:[0m [DRY-RUN] dryrun-1846 Buy 15830910 x 50 @ 0.760 (Gtc)
[2m2026-07-04T18:28:33.041428Z[0m [32m INFO[0m [2mexecution[0m[2m:[0m [DRY-RUN] dryrun-1847 Buy 15830910 x 50 @ 0.760 (Gtc)
[2m2026-07-04T18:28:33.291659Z[0m [32m INFO[0m [2mexecution[0m[2m:[0m [DRY-RUN] dryrun-1848 Buy 15830910 x 50 @ 0.730 (Gtc)
[2m2026-07-04T18:28:33.542182Z[0m [32m INFO[0m [2mexecution[0m[2m:[0m [DRY-RUN] dryrun-1849 Buy 15830910 x 50 @ 0.740 (Gtc)
[2m2026-07-04T18:28:33.791402Z[0m [32m INFO[0m [2mexecution[0m[2m:[0m [DRY-RUN] dryrun-1850 Buy 15830910 x 50 @ 0.740 (Gtc)
[2m2026-07-04T18:28:34.042112Z[0m [32m INFO[0m [2mexecution[0m[2m:[0m [DRY-RUN] dryrun-1851 Buy 15830910 x 50 @ 0.740 (Gtc)
[2m2026-07-04T18:28:34.292093Z[0m [32m INFO[0m [2mexecution[0m[2m:[0m [DRY-RUN] dryrun-1852 Buy 15830910 x 50 @ 0.740 (Gtc)
[2m2026-07-04T18:28:34.541393Z[0m [32m INFO[0m [2mexecution[0m[2m:[0m [DRY-RUN] dryrun-1853 Buy 15830910 x 50 @ 0.740 (Gtc)
[2m2026-07-04T18:28:34.792291Z[0m [32m INFO[0m [2mexecution[0m[2m:[0m [DRY-RUN] dryrun-1854 Buy 15830910 x 50 @ 0.740 (Gtc)
[2m2026-07-04T18:28:35.041713Z[0m [32m INFO[0m [2mexecution[0m[2m:[0m [DRY-RUN] dryrun-1855 Buy 15830910 x 50 @ 0.730 (Gtc)
[2m2026-07-04T18:28:35.292405Z[0m [32m INFO[0m [2mexecution[0m[2m:[0m [DRY-RUN] dryrun-1856 Buy 15830910 x 50 @ 0.730 (Gtc)
[2m2026-07-04T18:28:35.542077Z[0m [32m INFO[0m [2mexecution[0m[2m:[0m [DRY-RUN] dryrun-1857 Buy 15830910 x 50 @ 0.730 (Gtc)
[2m2026-07-04T18:28:35.791240Z[0m [32m INFO[0m [2mexecution[0m[2m:[0m [DRY-RUN] dryrun-1858 Buy 15830910 x 50 @ 0.730 (Gtc)
[2m2026-07-04T18:28:36.041973Z[0m [32m INFO[0m [2mexecution[0m[2m:[0m [DRY-RUN] dryrun-1859 Buy 15830910 x 50 @ 0.730 (Gtc)
[2m2026-07-04T18:28:36.291881Z[0m [32m INFO[0m [2mexecution[0m[2m:[0m [DRY-RUN] dryrun-1860 Buy 15830910 x 50 @ 0.720 (Gtc)
[2m2026-07-04T18:28:36.542199Z[0m [32m INFO[0m [2mexecution[0m[2m:[0m [DRY-RUN] dryrun-1861 Buy 15830910 x 50 @ 0.720 (Gtc)
[2m2026-07-04T18:28:36.792021Z[0m [32m INFO[0m [2mexecution[0m[2m:[0m [DRY-RUN] dryrun-1862 Buy 15830910 x 50 @ 0.720 (Gtc)
[2m2026-07-04T18:28:37.041689Z[0m [32m INFO[0m [2mexecution[0m[2m:[0m [DRY-RUN] dryrun-1863 Buy 15830910 x 50 @ 0.720 (Gtc)
[2m2026-07-04T18:28:38.041466Z[0m [32m INFO[0m [2mexecution[0m[2m:[0m [DRY-RUN] dryrun-1864 Buy 15830910 x 50 @ 0.620 (Gtc)
[2m2026-07-04T18:28:38.291590Z[0m [32m INFO[0m [2mexecution[0m[2m:[0m [DRY-RUN] dryrun-1865 Buy 15830910 x 50 @ 0.620 (Gtc)
[2m2026-07-04T18:28:38.541912Z[0m [32m INFO[0m [2mexecution[0m[2m:[0m [DRY-RUN] dryrun-1866 Buy 15830910 x 50 @ 0.620 (Gtc)
[2m2026-07-04T18:28:38.792005Z[0m [32m INFO[0m [2mexecution[0m[2m:[0m [DRY-RUN] dryrun-1867 Buy 15830910 x 50 @ 0.620 (Gtc)
[2m2026-07-04T18:28:39.041878Z[0m [32m INFO[0m [2mexecution[0m[2m:[0m [DRY-RUN] dryrun-1868 Buy 15830910 x 50 @ 0.630 (Gtc)
[2m2026-07-04T18:28:39.291580Z[0m [32m INFO[0m [2mexecution[0m[2m:[0m [DRY-RUN] dryrun-1869 Buy 15830910 x 50 @ 0.640 (Gtc)
[2m2026-07-04T18:28:39.541458Z[0m [32m INFO[0m [2mexecution[0m[2m:[0m [DRY-RUN] dryrun-1870 Buy 15830910 x 50 @ 0.640 (Gtc)
[2m2026-07-04T18:28:39.791390Z[0m [32m INFO[0m [2mexecution[0m[2m:[0m [DRY-RUN] dryrun-1871 Buy 15830910 x 50 @ 0.640 (Gtc)
[2m2026-07-04T18:28:40.042167Z[0m [32m INFO[0m [2mexecution[0m[2m:[0m [DRY-RUN] dryrun-1872 Buy 15830910 x 50 @ 0.640 (Gtc)
[2m2026-07-04T18:28:40.291998Z[0m [32m INFO[0m [2mexecution[0m[2m:[0m [DRY-RUN] dryrun-1873 Buy 15830910 x 50 @ 0.640 (Gtc)
[2m2026-07-04T18:28:40.541709Z[0m [32m INFO[0m [2mexecution[0m[2m:[0m [DRY-RUN] dryrun-1874 Buy 15830910 x 50 @ 0.640 (Gtc)
[2m2026-07-04T18:28:40.792047Z[0m [32m INFO[0m [2mexecution[0m[2m:[0m [DRY-RUN] dryrun-1875 Buy 15830910 x 50 @ 0.640 (Gtc)
[2m2026-07-04T18:28:41.041166Z[0m [32m INFO[0m [2mexecution[0m[2m:[0m [DRY-RUN] dryrun-1876 Buy 15830910 x 50 @ 0.640 (Gtc)
[2m2026-07-04T18:28:41.291439Z[0m [32m INFO[0m [2mexecution[0m[2m:[0m [DRY-RUN] dryrun-1877 Buy 15830910 x 50 @ 0.610 (Gtc)
[2m2026-07-04T18:28:41.541444Z[0m [32m INFO[0m [2mexecution[0m[2m:[0m [DRY-RUN] dryrun-1878 Buy 15830910 x 50 @ 0.610 (Gtc)
[2m2026-07-04T18:28:41.792035Z[0m [32m INFO[0m [2mexecution[0m[2m:[0m [DRY-RUN] dryrun-1879 Buy 15830910 x 50 @ 0.610 (Gtc)
[2m2026-07-04T18:28:42.041414Z[0m [32m INFO[0m [2mexecution[0m[2m:[0m [DRY-RUN] dryrun-1880 Buy 15830910 x 50 @ 0.610 (Gtc)
[2m2026-07-04T18:28:42.791664Z[0m [32m INFO[0m [2mexecution[0m[2m:[0m [DRY-RUN] dryrun-1881 Buy 37191581 x 50 @ 0.330 (Gtc)
[2m2026-07-04T18:28:43.041993Z[0m [32m INFO[0m [2mexecution[0m[2m:[0m [DRY-RUN] dryrun-1882 Buy 37191581 x 50 @ 0.330 (Gtc)
[2m2026-07-04T18:28:43.291896Z[0m [32m INFO[0m [2mexecution[0m[2m:[0m [DRY-RUN] dryrun-1883 Buy 37191581 x 50 @ 0.310 (Gtc)
[2m2026-07-04T18:28:43.542079Z[0m [32m INFO[0m [2mexecution[0m[2m:[0m [DRY-RUN] dryrun-1884 Buy 37191581 x 50 @ 0.310 (Gtc)
[2m2026-07-04T18:28:43.791468Z[0m [32m INFO[0m [2mexecution[0m[2m:[0m [DRY-RUN] dryrun-1885 Buy 37191581 x 50 @ 0.310 (Gtc)
[2m2026-07-04T18:28:44.042280Z[0m [32m INFO[0m [2mexecution[0m[2m:[0m [DRY-RUN] dryrun-1886 Buy 37191581 x 50 @ 0.310 (Gtc)
[2m2026-07-04T18:28:44.291720Z[0m [32m INFO[0m [2mexecution[0m[2m:[0m [DRY-RUN] dryrun-1887 Buy 37191581 x 50 @ 0.310 (Gtc)
[2m2026-07-04T18:28:44.541738Z[0m [32m INFO[0m [2mexecution[0m[2m:[0m [DRY-RUN] dryrun-1888 Buy 37191581 x 50 @ 0.310 (Gtc)
[2m2026-07-04T18:28:44.791849Z[0m [32m INFO[0m [2mexecution[0m[2m:[0m [DRY-RUN] dryrun-1889 Buy 37191581 x 50 @ 0.300 (Gtc)
[2m2026-07-04T18:28:45.041533Z[0m [32m INFO[0m [2mexecution[0m[2m:[0m [DRY-RUN] dryrun-1890 Buy 37191581 x 50 @ 0.300 (Gtc)
[2m2026-07-04T18:28:45.291823Z[0m [32m INFO[0m [2mexecution[0m[2m:[0m [DRY-RUN] dryrun-1891 Buy 37191581 x 50 @ 0.300 (Gtc)
[2m2026-07-04T18:28:45.541214Z[0m [32m INFO[0m [2mexecution[0m[2m:[0m [DRY-RUN] dryrun-1892 Buy 37191581 x 50 @ 0.250 (Gtc)
[2m2026-07-04T18:28:45.791820Z[0m [32m INFO[0m [2mexecution[0m[2m:[0m [DRY-RUN] dryrun-1893 Buy 37191581 x 50 @ 0.240 (Gtc)
[2m2026-07-04T18:28:46.042141Z[0m [32m INFO[0m [2mexecution[0m[2m:[0m [DRY-RUN] dryrun-1894 Buy 37191581 x 50 @ 0.240 (Gtc)
[2m2026-07-04T18:28:46.291670Z[0m [32m INFO[0m [2mexecution[0m[2m:[0m [DRY-RUN] dryrun-1895 Buy 37191581 x 50 @ 0.270 (Gtc)
[2m2026-07-04T18:28:46.541348Z[0m [32m INFO[0m [2mexecution[0m[2m:[0m [DRY-RUN] dryrun-1896 Buy 37191581 x 50 @ 0.280 (Gtc)
[2m2026-07-04T18:28:46.791511Z[0m [32m INFO[0m [2mexecution[0m[2m:[0m [DRY-RUN] dryrun-1897 Buy 37191581 x 50 @ 0.240 (Gtc)
[2m2026-07-04T18:28:47.042220Z[0m [32m INFO[0m [2mexecution[0m[2m:[0m [DRY-RUN] dryrun-1898 Buy 37191581 x 50 @ 0.240 (Gtc)
[2m2026-07-04T18:28:47.291508Z[0m [32m INFO[0m [2mexecution[0m[2m:[0m [DRY-RUN] dryrun-1899 Buy 37191581 x 50 @ 0.240 (Gtc)
[2m2026-07-04T18:28:47.542127Z[0m [32m INFO[0m [2mexecution[0m[2m:[0m [DRY-RUN] dryrun-1900 Buy 37191581 x 50 @ 0.240 (Gtc)
[2m2026-07-04T18:28:47.791389Z[0m [32m INFO[0m [2mexecution[0m[2m:[0m [DRY-RUN] dryrun-1901 Buy 37191581 x 50 @ 0.240 (Gtc)
[2m2026-07-04T18:28:48.042189Z[0m [32m INFO[0m [2mexecution[0m[2m:[0m [DRY-RUN] dryrun-1902 Buy 37191581 x 50 @ 0.240 (Gtc)
[2m2026-07-04T18:28:48.291429Z[0m [32m INFO[0m [2mexecution[0m[2m:[0m [DRY-RUN] dryrun-1903 Buy 37191581 x 50 @ 0.240 (Gtc)
[2m2026-07-04T18:28:48.541448Z[0m [32m INFO[0m [2mexecution[0m[2m:[0m [DRY-RUN] dryrun-1904 Buy 37191581 x 50 @ 0.240 (Gtc)
[2m2026-07-04T18:28:48.791469Z[0m [32m INFO[0m [2mexecution[0m[2m:[0m [DRY-RUN] dryrun-1905 Buy 37191581 x 50 @ 0.240 (Gtc)
[2m2026-07-04T18:28:49.041550Z[0m [32m INFO[0m [2mexecution[0m[2m:[0m [DRY-RUN] dryrun-1906 Buy 37191581 x 50 @ 0.220 (Gtc)
[2m2026-07-04T18:28:49.291730Z[0m [32m INFO[0m [2mexecution[0m[2m:[0m [DRY-RUN] dryrun-1907 Buy 37191581 x 50 @ 0.250 (Gtc)
[2m2026-07-04T18:28:49.541767Z[0m [32m INFO[0m [2mexecution[0m[2m:[0m [DRY-RUN] dryrun-1908 Buy 37191581 x 50 @ 0.290 (Gtc)
[2m2026-07-04T18:28:49.791516Z[0m [32m INFO[0m [2mexecution[0m[2m:[0m [DRY-RUN] dryrun-1909 Buy 15830910 x 50 @ 0.630 (Gtc)
[2m2026-07-04T18:28:50.041673Z[0m [32m INFO[0m [2mexecution[0m[2m:[0m [DRY-RUN] dryrun-1910 Buy 15830910 x 50 @ 0.610 (Gtc)
[2m2026-07-04T18:28:50.292077Z[0m [32m INFO[0m [2mexecution[0m[2m:[0m [DRY-RUN] dryrun-1911 Buy 15830910 x 50 @ 0.610 (Gtc)
[2m2026-07-04T18:28:50.541376Z[0m [32m INFO[0m [2mexecution[0m[2m:[0m [DRY-RUN] dryrun-1912 Buy 15830910 x 50 @ 0.610 (Gtc)
[2m2026-07-04T18:28:50.791667Z[0m [32m INFO[0m [2mexecution[0m[2m:[0m [DRY-RUN] dryrun-1913 Buy 15830910 x 50 @ 0.610 (Gtc)
[2m2026-07-04T18:28:51.041715Z[0m [32m INFO[0m [2mexecution[0m[2m:[0m [DRY-RUN] dryrun-1914 Buy 15830910 x 50 @ 0.610 (Gtc)
[2m2026-07-04T18:28:51.291277Z[0m [32m INFO[0m [2mexecution[0m[2m:[0m [DRY-RUN] dryrun-1915 Buy 15830910 x 50 @ 0.610 (Gtc)
[2m2026-07-04T18:28:51.542030Z[0m [32m INFO[0m [2mexecution[0m[2m:[0m [DRY-RUN] dryrun-1916 Buy 37191581 x 50 @ 0.400 (Gtc)
[2m2026-07-04T18:28:51.791573Z[0m [32m INFO[0m [2mexecution[0m[2m:[0m [DRY-RUN] dryrun-1917 Buy 37191581 x 50 @ 0.400 (Gtc)
[2m2026-07-04T18:28:52.042099Z[0m [32m INFO[0m [2mexecution[0m[2m:[0m [DRY-RUN] dryrun-1918 Buy 37191581 x 50 @ 0.410 (Gtc)
[2m2026-07-04T18:28:52.291524Z[0m [32m INFO[0m [2mexecution[0m[2m:[0m [DRY-RUN] dryrun-1919 Buy 37191581 x 50 @ 0.420 (Gtc)
[2m2026-07-04T18:28:54.291892Z[0m [32m INFO[0m [2mexecution[0m[2m:[0m [DRY-RUN] dryrun-1920 Buy 37191581 x 50 @ 0.470 (Gtc)
[2m2026-07-04T18:28:54.542034Z[0m [32m INFO[0m [2mexecution[0m[2m:[0m [DRY-RUN] dryrun-1921 Buy 37191581 x 50 @ 0.470 (Gtc)
[2m2026-07-04T18:28:54.791261Z[0m [32m INFO[0m [2mexecution[0m[2m:[0m [DRY-RUN] dryrun-1922 Buy 37191581 x 50 @ 0.470 (Gtc)
[2m2026-07-04T18:28:55.041723Z[0m [32m INFO[0m [2mexecution[0m[2m:[0m [DRY-RUN] dryrun-1923 Buy 37191581 x 50 @ 0.470 (Gtc)
[2m2026-07-04T18:28:55.291432Z[0m [32m INFO[0m [2mexecution[0m[2m:[0m [DRY-RUN] dryrun-1924 Buy 37191581 x 50 @ 0.490 (Gtc)
[2m2026-07-04T18:28:55.541734Z[0m [32m INFO[0m [2mexecution[0m[2m:[0m [DRY-RUN] dryrun-1925 Buy 37191581 x 50 @ 0.490 (Gtc)
[2m2026-07-04T18:28:55.792098Z[0m [32m INFO[0m [2mexecution[0m[2m:[0m [DRY-RUN] dryrun-1926 Buy 37191581 x 50 @ 0.490 (Gtc)
[2m2026-07-04T18:28:56.041509Z[0m [32m INFO[0m [2mexecution[0m[2m:[0m [DRY-RUN] dryrun-1927 Buy 37191581 x 50 @ 0.490 (Gtc)
[2m2026-07-04T18:28:56.291952Z[0m [32m INFO[0m [2mexecution[0m[2m:[0m [DRY-RUN] dryrun-1928 Buy 37191581 x 50 @ 0.490 (Gtc)
[2m2026-07-04T18:28:56.541405Z[0m [32m INFO[0m [2mexecution[0m[2m:[0m [DRY-RUN] dryrun-1929 Buy 37191581 x 50 @ 0.490 (Gtc)
[2m2026-07-04T18:28:56.791636Z[0m [32m INFO[0m [2mexecution[0m[2m:[0m [DRY-RUN] dryrun-1930 Buy 37191581 x 50 @ 0.490 (Gtc)
[2m2026-07-04T18:28:57.041177Z[0m [32m INFO[0m [2mexecution[0m[2m:[0m [DRY-RUN] dryrun-1931 Buy 37191581 x 50 @ 0.490 (Gtc)
[2m2026-07-04T18:28:57.291745Z[0m [32m INFO[0m [2mexecution[0m[2m:[0m [DRY-RUN] dryrun-1932 Buy 37191581 x 50 @ 0.490 (Gtc)
[2m2026-07-04T18:28:57.541551Z[0m [32m INFO[0m [2mexecution[0m[2m:[0m [DRY-RUN] dryrun-1933 Buy 37191581 x 50 @ 0.490 (Gtc)
[2m2026-07-04T18:28:57.791654Z[0m [32m INFO[0m [2mexecution[0m[2m:[0m [DRY-RUN] dryrun-1934 Buy 37191581 x 50 @ 0.490 (Gtc)
[2m2026-07-04T18:28:58.041666Z[0m [32m INFO[0m [2mexecution[0m[2m:[0m [DRY-RUN] dryrun-1935 Buy 37191581 x 50 @ 0.450 (Gtc)
[2m2026-07-04T18:28:58.291669Z[0m [32m INFO[0m [2mexecution[0m[2m:[0m [DRY-RUN] dryrun-1936 Buy 37191581 x 50 @ 0.450 (Gtc)
[2m2026-07-04T18:28:58.542351Z[0m [32m INFO[0m [2mexecution[0m[2m:[0m [DRY-RUN] dryrun-1937 Buy 37191581 x 50 @ 0.450 (Gtc)
[2m2026-07-04T18:28:58.791583Z[0m [32m INFO[0m [2mexecution[0m[2m:[0m [DRY-RUN] dryrun-1938 Buy 37191581 x 50 @ 0.450 (Gtc)
[2m2026-07-04T18:28:59.041948Z[0m [32m INFO[0m [2mexecution[0m[2m:[0m [DRY-RUN] dryrun-1939 Buy 37191581 x 50 @ 0.450 (Gtc)
[2m2026-07-04T18:28:59.292145Z[0m [32m INFO[0m [2mexecution[0m[2m:[0m [DRY-RUN] dryrun-1940 Buy 37191581 x 50 @ 0.470 (Gtc)
[2m2026-07-04T18:28:59.541654Z[0m [32m INFO[0m [2mexecution[0m[2m:[0m [DRY-RUN] dryrun-1941 Buy 37191581 x 50 @ 0.470 (Gtc)
[2m2026-07-04T18:28:59.791710Z[0m [32m INFO[0m [2mexecution[0m[2m:[0m [DRY-RUN] dryrun-1942 Buy 37191581 x 50 @ 0.470 (Gtc)
[2m2026-07-04T18:30:02.393705Z[0m [32m INFO[0m [2mpm_bot[0m[2m:[0m fenêtre active: btc-updown-5m-1783189800 [1783189800000 → 1783190100000]
[2m2026-07-04T18:30:02.393872Z[0m [32m INFO[0m [2mpm_bot[0m[2m:[0m strike gelé: Some(63126.92734663231) (confidence=1.000, gap=Some(0) ms)
[2m2026-07-04T18:30:03.098546Z[0m [32m INFO[0m [2mpm_acquisition::clob[0m[2m:[0m CLOB connecté (up=27926485…, down=96652533…)
[2m2026-07-04T18:30:03.291383Z[0m [32m INFO[0m [2mexecution[0m[2m:[0m [DRY-RUN] dryrun-1943 Buy 27926485 x 50 @ 0.450 (Gtc)
[2m2026-07-04T18:30:03.541710Z[0m [32m INFO[0m [2mexecution[0m[2m:[0m [DRY-RUN] dryrun-1944 Buy 27926485 x 50 @ 0.450 (Gtc)
[2m2026-07-04T18:30:04.291329Z[0m [32m INFO[0m [2mexecution[0m[2m:[0m [DRY-RUN] dryrun-1945 Buy 27926485 x 50 @ 0.410 (Gtc)
[2m2026-07-04T18:30:04.541666Z[0m [32m INFO[0m [2mexecution[0m[2m:[0m [DRY-RUN] dryrun-1946 Buy 27926485 x 50 @ 0.410 (Gtc)
[2m2026-07-04T18:30:04.792110Z[0m [32m INFO[0m [2mexecution[0m[2m:[0m [DRY-RUN] dryrun-1947 Buy 27926485 x 50 @ 0.360 (Gtc)
[2m2026-07-04T18:30:05.041310Z[0m [32m INFO[0m [2mexecution[0m[2m:[0m [DRY-RUN] dryrun-1948 Buy 27926485 x 50 @ 0.360 (Gtc)
[2m2026-07-04T18:30:05.291831Z[0m [32m INFO[0m [2mexecution[0m[2m:[0m [DRY-RUN] dryrun-1949 Buy 27926485 x 50 @ 0.360 (Gtc)
[2m2026-07-04T18:30:05.542350Z[0m [32m INFO[0m [2mexecution[0m[2m:[0m [DRY-RUN] dryrun-1950 Buy 27926485 x 50 @ 0.360 (Gtc)
[2m2026-07-04T18:30:05.791844Z[0m [32m INFO[0m [2mexecution[0m[2m:[0m [DRY-RUN] dryrun-1951 Buy 27926485 x 50 @ 0.370 (Gtc)
[2m2026-07-04T18:30:06.042078Z[0m [32m INFO[0m [2mexecution[0m[2m:[0m [DRY-RUN] dryrun-1952 Buy 27926485 x 50 @ 0.370 (Gtc)
[2m2026-07-04T18:30:06.291217Z[0m [32m INFO[0m [2mexecution[0m[2m:[0m [DRY-RUN] dryrun-1953 Buy 27926485 x 50 @ 0.370 (Gtc)
[2m2026-07-04T18:30:06.541740Z[0m [32m INFO[0m [2mexecution[0m[2m:[0m [DRY-RUN] dryrun-1954 Buy 27926485 x 50 @ 0.360 (Gtc)
[2m2026-07-04T18:30:06.791982Z[0m [32m INFO[0m [2mexecution[0m[2m:[0m [DRY-RUN] dryrun-1955 Buy 27926485 x 50 @ 0.360 (Gtc)
[2m2026-07-04T18:30:07.041293Z[0m [32m INFO[0m [2mexecution[0m[2m:[0m [DRY-RUN] dryrun-1956 Buy 27926485 x 50 @ 0.360 (Gtc)
[2m2026-07-04T18:30:07.292112Z[0m [32m INFO[0m [2mexecution[0m[2m:[0m [DRY-RUN] dryrun-1957 Buy 96652533 x 50 @ 0.640 (Gtc)
[2m2026-07-04T18:30:07.541416Z[0m [32m INFO[0m [2mexecution[0m[2m:[0m [DRY-RUN] dryrun-1958 Buy 96652533 x 50 @ 0.640 (Gtc)
[2m2026-07-04T18:30:07.791656Z[0m [32m INFO[0m [2mexecution[0m[2m:[0m [DRY-RUN] dryrun-1959 Buy 96652533 x 50 @ 0.640 (Gtc)
[2m2026-07-04T18:30:08.041786Z[0m [32m INFO[0m [2mexecution[0m[2m:[0m [DRY-RUN] dryrun-1960 Buy 96652533 x 50 @ 0.640 (Gtc)
[2m2026-07-04T18:30:08.292155Z[0m [32m INFO[0m [2mexecution[0m[2m:[0m [DRY-RUN] dryrun-1961 Buy 96652533 x 50 @ 0.640 (Gtc)
[2m2026-07-04T18:30:08.541231Z[0m [32m INFO[0m [2mexecution[0m[2m:[0m [DRY-RUN] dryrun-1962 Buy 27926485 x 50 @ 0.350 (Gtc)
[2m2026-07-04T18:30:08.791840Z[0m [32m INFO[0m [2mexecution[0m[2m:[0m [DRY-RUN] dryrun-1963 Buy 27926485 x 50 @ 0.350 (Gtc)
[2m2026-07-04T18:30:09.041383Z[0m [32m INFO[0m [2mexecution[0m[2m:[0m [DRY-RUN] dryrun-1964 Buy 27926485 x 50 @ 0.350 (Gtc)
[2m2026-07-04T18:30:09.292094Z[0m [32m INFO[0m [2mexecution[0m[2m:[0m [DRY-RUN] dryrun-1965 Buy 27926485 x 50 @ 0.350 (Gtc)
[2m2026-07-04T18:30:09.542219Z[0m [32m INFO[0m [2mexecution[0m[2m:[0m [DRY-RUN] dryrun-1966 Buy 27926485 x 50 @ 0.350 (Gtc)
[2m2026-07-04T18:30:09.791677Z[0m [32m INFO[0m [2mexecution[0m[2m:[0m [DRY-RUN] dryrun-1967 Buy 27926485 x 50 @ 0.350 (Gtc)
[2m2026-07-04T18:30:10.042251Z[0m [32m INFO[0m [2mexecution[0m[2m:[0m [DRY-RUN] dryrun-1968 Buy 27926485 x 50 @ 0.350 (Gtc)
[2m2026-07-04T18:30:10.541652Z[0m [32m INFO[0m [2mexecution[0m[2m:[0m [DRY-RUN] dryrun-1969 Buy 27926485 x 50 @ 0.320 (Gtc)
[2m2026-07-04T18:30:10.791522Z[0m [32m INFO[0m [2mexecution[0m[2m:[0m [DRY-RUN] dryrun-1970 Buy 27926485 x 50 @ 0.320 (Gtc)
[2m2026-07-04T18:30:11.041833Z[0m [32m INFO[0m [2mexecution[0m[2m:[0m [DRY-RUN] dryrun-1971 Buy 27926485 x 50 @ 0.320 (Gtc)
[2m2026-07-04T18:30:11.292020Z[0m [32m INFO[0m [2mexecution[0m[2m:[0m [DRY-RUN] dryrun-1972 Buy 27926485 x 50 @ 0.320 (Gtc)
[2m2026-07-04T18:30:11.542267Z[0m [32m INFO[0m [2mexecution[0m[2m:[0m [DRY-RUN] dryrun-1973 Buy 27926485 x 50 @ 0.320 (Gtc)
[2m2026-07-04T18:30:11.791210Z[0m [32m INFO[0m [2mexecution[0m[2m:[0m [DRY-RUN] dryrun-1974 Buy 27926485 x 50 @ 0.320 (Gtc)
[2m2026-07-04T18:30:12.042121Z[0m [32m INFO[0m [2mexecution[0m[2m:[0m [DRY-RUN] dryrun-1975 Buy 27926485 x 50 @ 0.320 (Gtc)
[2m2026-07-04T18:30:12.291827Z[0m [32m INFO[0m [2mexecution[0m[2m:[0m [DRY-RUN] dryrun-1976 Buy 27926485 x 50 @ 0.320 (Gtc)
[2m2026-07-04T18:30:12.541925Z[0m [32m INFO[0m [2mexecution[0m[2m:[0m [DRY-RUN] dryrun-1977 Buy 27926485 x 50 @ 0.320 (Gtc)
[2m2026-07-04T18:30:12.792008Z[0m [32m INFO[0m [2mexecution[0m[2m:[0m [DRY-RUN] dryrun-1978 Buy 27926485 x 50 @ 0.300 (Gtc)
[2m2026-07-04T18:30:13.041765Z[0m [32m INFO[0m [2mexecution[0m[2m:[0m [DRY-RUN] dryrun-1979 Buy 27926485 x 50 @ 0.300 (Gtc)
[2m2026-07-04T18:30:13.291454Z[0m [32m INFO[0m [2mexecution[0m[2m:[0m [DRY-RUN] dryrun-1980 Buy 27926485 x 50 @ 0.290 (Gtc)
[2m2026-07-04T18:30:13.542001Z[0m [32m INFO[0m [2mexecution[0m[2m:[0m [DRY-RUN] dryrun-1981 Buy 27926485 x 50 @ 0.290 (Gtc)
[2m2026-07-04T18:30:13.792114Z[0m [32m INFO[0m [2mexecution[0m[2m:[0m [DRY-RUN] dryrun-1982 Buy 27926485 x 50 @ 0.290 (Gtc)
[2m2026-07-04T18:30:14.041776Z[0m [32m INFO[0m [2mexecution[0m[2m:[0m [DRY-RUN] dryrun-1983 Buy 27926485 x 50 @ 0.290 (Gtc)
[2m2026-07-04T18:30:14.291642Z[0m [32m INFO[0m [2mexecution[0m[2m:[0m [DRY-RUN] dryrun-1984 Buy 27926485 x 50 @ 0.290 (Gtc)
[2m2026-07-04T18:30:14.549417Z[0m [32m INFO[0m [2mexecution[0m[2m:[0m [DRY-RUN] dryrun-1985 Buy 27926485 x 50 @ 0.290 (Gtc)
[2m2026-07-04T18:30:15.300552Z[0m [32m INFO[0m [2mexecution[0m[2m:[0m [DRY-RUN] dryrun-1986 Buy 96652533 x 50 @ 0.740 (Gtc)
[2m2026-07-04T18:30:15.550518Z[0m [32m INFO[0m [2mexecution[0m[2m:[0m [DRY-RUN] dryrun-1987 Buy 96652533 x 50 @ 0.740 (Gtc)
[2m2026-07-04T18:30:15.801134Z[0m [32m INFO[0m [2mexecution[0m[2m:[0m [DRY-RUN] dryrun-1988 Buy 96652533 x 50 @ 0.740 (Gtc)
[2m2026-07-04T18:30:16.050410Z[0m [32m INFO[0m [2mexecution[0m[2m:[0m [DRY-RUN] dryrun-1989 Buy 96652533 x 50 @ 0.740 (Gtc)
[2m2026-07-04T18:30:16.301334Z[0m [32m INFO[0m [2mexecution[0m[2m:[0m [DRY-RUN] dryrun-1990 Buy 96652533 x 50 @ 0.740 (Gtc)
[2m2026-07-04T18:30:16.550361Z[0m [32m INFO[0m [2mexecution[0m[2m:[0m [DRY-RUN] dryrun-1991 Buy 96652533 x 50 @ 0.740 (Gtc)
[2m2026-07-04T18:30:16.800815Z[0m [32m INFO[0m [2mexecution[0m[2m:[0m [DRY-RUN] dryrun-1992 Buy 96652533 x 50 @ 0.740 (Gtc)
[2m2026-07-04T18:30:17.050849Z[0m [32m INFO[0m [2mexecution[0m[2m:[0m [DRY-RUN] dryrun-1993 Buy 96652533 x 50 @ 0.740 (Gtc)
[2m2026-07-04T18:30:17.300721Z[0m [32m INFO[0m [2mexecution[0m[2m:[0m [DRY-RUN] dryrun-1994 Buy 96652533 x 50 @ 0.740 (Gtc)
[2m2026-07-04T18:30:17.550537Z[0m [32m INFO[0m [2mexecution[0m[2m:[0m [DRY-RUN] dryrun-1995 Buy 96652533 x 50 @ 0.740 (Gtc)
[2m2026-07-04T18:30:17.800954Z[0m [32m INFO[0m [2mexecution[0m[2m:[0m [DRY-RUN] dryrun-1996 Buy 96652533 x 50 @ 0.740 (Gtc)
[2m2026-07-04T18:30:18.050166Z[0m [32m INFO[0m [2mexecution[0m[2m:[0m [DRY-RUN] dryrun-1997 Buy 96652533 x 50 @ 0.720 (Gtc)
[2m2026-07-04T18:30:34.551194Z[0m [32m INFO[0m [2mexecution[0m[2m:[0m [DRY-RUN] dryrun-1998 Buy 96652533 x 50 @ 0.660 (Gtc)
[2m2026-07-04T18:30:34.800375Z[0m [32m INFO[0m [2mexecution[0m[2m:[0m [DRY-RUN] dryrun-1999 Buy 96652533 x 50 @ 0.670 (Gtc)
[2m2026-07-04T18:30:35.050519Z[0m [32m INFO[0m [2mexecution[0m[2m:[0m [DRY-RUN] dryrun-2000 Buy 96652533 x 50 @ 0.690 (Gtc)
[2m2026-07-04T18:30:52.801061Z[0m [32m INFO[0m [2mexecution[0m[2m:[0m [DRY-RUN] dryrun-2001 Buy 96652533 x 50 @ 0.660 (Gtc)
[2m2026-07-04T18:30:53.051277Z[0m [32m INFO[0m [2mexecution[0m[2m:[0m [DRY-RUN] dryrun-2002 Buy 96652533 x 50 @ 0.650 (Gtc)
[2m2026-07-04T18:30:53.300959Z[0m [32m INFO[0m [2mexecution[0m[2m:[0m [DRY-RUN] dryrun-2003 Buy 96652533 x 50 @ 0.640 (Gtc)
[2m2026-07-04T18:30:53.550982Z[0m [32m INFO[0m [2mexecution[0m[2m:[0m [DRY-RUN] dryrun-2004 Buy 96652533 x 50 @ 0.640 (Gtc)
[2m2026-07-04T18:30:53.800660Z[0m [32m INFO[0m [2mexecution[0m[2m:[0m [DRY-RUN] dryrun-2005 Buy 96652533 x 50 @ 0.640 (Gtc)
[2m2026-07-04T18:30:54.051066Z[0m [32m INFO[0m [2mexecution[0m[2m:[0m [DRY-RUN] dryrun-2006 Buy 96652533 x 50 @ 0.640 (Gtc)
[2m2026-07-04T18:30:54.301263Z[0m [32m INFO[0m [2mexecution[0m[2m:[0m [DRY-RUN] dryrun-2007 Buy 96652533 x 50 @ 0.660 (Gtc)
[2m2026-07-04T18:30:54.550365Z[0m [32m INFO[0m [2mexecution[0m[2m:[0m [DRY-RUN] dryrun-2008 Buy 96652533 x 50 @ 0.660 (Gtc)
[2m2026-07-04T18:30:54.800569Z[0m [32m INFO[0m [2mexecution[0m[2m:[0m [DRY-RUN] dryrun-2009 Buy 96652533 x 50 @ 0.660 (Gtc)
[2m2026-07-04T18:30:55.050528Z[0m [32m INFO[0m [2mexecution[0m[2m:[0m [DRY-RUN] dryrun-2010 Buy 96652533 x 50 @ 0.660 (Gtc)
[2m2026-07-04T18:30:55.300794Z[0m [32m INFO[0m [2mexecution[0m[2m:[0m [DRY-RUN] dryrun-2011 Buy 96652533 x 50 @ 0.670 (Gtc)
[2m2026-07-04T18:30:55.550543Z[0m [32m INFO[0m [2mexecution[0m[2m:[0m [DRY-RUN] dryrun-2012 Buy 96652533 x 50 @ 0.670 (Gtc)
[2m2026-07-04T18:30:55.800662Z[0m [32m INFO[0m [2mexecution[0m[2m:[0m [DRY-RUN] dryrun-2013 Buy 96652533 x 50 @ 0.680 (Gtc)
[2m2026-07-04T18:30:56.051017Z[0m [32m INFO[0m [2mexecution[0m[2m:[0m [DRY-RUN] dryrun-2014 Buy 96652533 x 50 @ 0.680 (Gtc)
[2m2026-07-04T18:30:56.301272Z[0m [32m INFO[0m [2mexecution[0m[2m:[0m [DRY-RUN] dryrun-2015 Buy 96652533 x 50 @ 0.680 (Gtc)
[2m2026-07-04T18:30:56.550443Z[0m [32m INFO[0m [2mexecution[0m[2m:[0m [DRY-RUN] dryrun-2016 Buy 96652533 x 50 @ 0.680 (Gtc)
[2m2026-07-04T18:30:56.800821Z[0m [32m INFO[0m [2mexecution[0m[2m:[0m [DRY-RUN] dryrun-2017 Buy 96652533 x 50 @ 0.680 (Gtc)
[2m2026-07-04T18:30:57.050214Z[0m [32m INFO[0m [2mexecution[0m[2m:[0m [DRY-RUN] dryrun-2018 Buy 96652533 x 50 @ 0.680 (Gtc)
[2m2026-07-04T18:30:57.300282Z[0m [32m INFO[0m [2mexecution[0m[2m:[0m [DRY-RUN] dryrun-2019 Buy 96652533 x 50 @ 0.680 (Gtc)
[2m2026-07-04T18:30:57.550943Z[0m [32m INFO[0m [2mexecution[0m[2m:[0m [DRY-RUN] dryrun-2020 Buy 96652533 x 50 @ 0.680 (Gtc)
[2m2026-07-04T18:30:57.801206Z[0m [32m INFO[0m [2mexecution[0m[2m:[0m [DRY-RUN] dryrun-2021 Buy 96652533 x 50 @ 0.680 (Gtc)
[2m2026-07-04T18:30:58.050594Z[0m [32m INFO[0m [2mexecution[0m[2m:[0m [DRY-RUN] dryrun-2022 Buy 96652533 x 50 @ 0.680 (Gtc)
[2m2026-07-04T18:30:58.300778Z[0m [32m INFO[0m [2mexecution[0m[2m:[0m [DRY-RUN] dryrun-2023 Buy 96652533 x 50 @ 0.710 (Gtc)
[2m2026-07-04T18:30:58.550878Z[0m [32m INFO[0m [2mexecution[0m[2m:[0m [DRY-RUN] dryrun-2024 Buy 96652533 x 50 @ 0.710 (Gtc)
[2m2026-07-04T18:30:58.801384Z[0m [32m INFO[0m [2mexecution[0m[2m:[0m [DRY-RUN] dryrun-2025 Buy 96652533 x 50 @ 0.710 (Gtc)
[2m2026-07-04T18:30:59.051181Z[0m [32m INFO[0m [2mexecution[0m[2m:[0m [DRY-RUN] dryrun-2026 Buy 96652533 x 50 @ 0.710 (Gtc)
[2m2026-07-04T18:30:59.301031Z[0m [32m INFO[0m [2mexecution[0m[2m:[0m [DRY-RUN] dryrun-2027 Buy 96652533 x 50 @ 0.710 (Gtc)
[2m2026-07-04T18:30:59.550828Z[0m [32m INFO[0m [2mexecution[0m[2m:[0m [DRY-RUN] dryrun-2028 Buy 96652533 x 50 @ 0.710 (Gtc)
[2m2026-07-04T18:30:59.800755Z[0m [32m INFO[0m [2mexecution[0m[2m:[0m [DRY-RUN] dryrun-2029 Buy 96652533 x 50 @ 0.710 (Gtc)
[2m2026-07-04T18:31:00.050724Z[0m [32m INFO[0m [2mexecution[0m[2m:[0m [DRY-RUN] dryrun-2030 Buy 96652533 x 50 @ 0.740 (Gtc)
[2m2026-07-04T18:31:10.300662Z[0m [32m INFO[0m [2mexecution[0m[2m:[0m [DRY-RUN] dryrun-2031 Buy 96652533 x 50 @ 0.810 (Gtc)
[2m2026-07-04T18:31:10.550734Z[0m [32m INFO[0m [2mexecution[0m[2m:[0m [DRY-RUN] dryrun-2032 Buy 96652533 x 50 @ 0.810 (Gtc)
[2m2026-07-04T18:31:10.801110Z[0m [32m INFO[0m [2mexecution[0m[2m:[0m [DRY-RUN] dryrun-2033 Buy 96652533 x 50 @ 0.810 (Gtc)
[2m2026-07-04T18:31:11.051012Z[0m [32m INFO[0m [2mexecution[0m[2m:[0m [DRY-RUN] dryrun-2034 Buy 96652533 x 50 @ 0.810 (Gtc)
[2m2026-07-04T18:31:29.300834Z[0m [32m INFO[0m [2mexecution[0m[2m:[0m [DRY-RUN] dryrun-2035 Buy 96652533 x 50 @ 0.730 (Gtc)
[2m2026-07-04T18:31:29.550959Z[0m [32m INFO[0m [2mexecution[0m[2m:[0m [DRY-RUN] dryrun-2036 Buy 96652533 x 50 @ 0.730 (Gtc)
[2m2026-07-04T18:31:29.801067Z[0m [32m INFO[0m [2mexecution[0m[2m:[0m [DRY-RUN] dryrun-2037 Buy 96652533 x 50 @ 0.730 (Gtc)
[2m2026-07-04T18:31:30.050174Z[0m [32m INFO[0m [2mexecution[0m[2m:[0m [DRY-RUN] dryrun-2038 Buy 96652533 x 50 @ 0.730 (Gtc)
[2m2026-07-04T18:31:30.300294Z[0m [32m INFO[0m [2mexecution[0m[2m:[0m [DRY-RUN] dryrun-2039 Buy 96652533 x 50 @ 0.730 (Gtc)
[2m2026-07-04T18:31:33.301102Z[0m [32m INFO[0m [2mexecution[0m[2m:[0m [DRY-RUN] dryrun-2040 Buy 96652533 x 50 @ 0.730 (Gtc)
[2m2026-07-04T18:31:33.551123Z[0m [32m INFO[0m [2mexecution[0m[2m:[0m [DRY-RUN] dryrun-2041 Buy 96652533 x 50 @ 0.730 (Gtc)
[2m2026-07-04T18:31:33.800562Z[0m [32m INFO[0m [2mexecution[0m[2m:[0m [DRY-RUN] dryrun-2042 Buy 96652533 x 50 @ 0.730 (Gtc)
[2m2026-07-04T18:31:34.051182Z[0m [32m INFO[0m [2mexecution[0m[2m:[0m [DRY-RUN] dryrun-2043 Buy 96652533 x 50 @ 0.730 (Gtc)
[2m2026-07-04T18:31:34.300755Z[0m [32m INFO[0m [2mexecution[0m[2m:[0m [DRY-RUN] dryrun-2044 Buy 96652533 x 50 @ 0.730 (Gtc)
[2m2026-07-04T18:31:34.550524Z[0m [32m INFO[0m [2mexecution[0m[2m:[0m [DRY-RUN] dryrun-2045 Buy 96652533 x 50 @ 0.730 (Gtc)
[2m2026-07-04T18:31:34.801094Z[0m [32m INFO[0m [2mexecution[0m[2m:[0m [DRY-RUN] dryrun-2046 Buy 96652533 x 50 @ 0.730 (Gtc)
[2m2026-07-04T18:31:35.051012Z[0m [32m INFO[0m [2mexecution[0m[2m:[0m [DRY-RUN] dryrun-2047 Buy 96652533 x 50 @ 0.730 (Gtc)
[2m2026-07-04T18:31:35.300995Z[0m [32m INFO[0m [2mexecution[0m[2m:[0m [DRY-RUN] dryrun-2048 Buy 96652533 x 50 @ 0.720 (Gtc)
[2m2026-07-04T18:31:35.550809Z[0m [32m INFO[0m [2mexecution[0m[2m:[0m [DRY-RUN] dryrun-2049 Buy 96652533 x 50 @ 0.720 (Gtc)
[2m2026-07-04T18:31:35.800321Z[0m [32m INFO[0m [2mexecution[0m[2m:[0m [DRY-RUN] dryrun-2050 Buy 96652533 x 50 @ 0.730 (Gtc)
[2m2026-07-04T18:31:36.051298Z[0m [32m INFO[0m [2mexecution[0m[2m:[0m [DRY-RUN] dryrun-2051 Buy 96652533 x 50 @ 0.730 (Gtc)
[2m2026-07-04T18:31:36.300540Z[0m [32m INFO[0m [2mexecution[0m[2m:[0m [DRY-RUN] dryrun-2052 Buy 96652533 x 50 @ 0.750 (Gtc)
[2m2026-07-04T18:31:36.551200Z[0m [32m INFO[0m [2mexecution[0m[2m:[0m [DRY-RUN] dryrun-2053 Buy 96652533 x 50 @ 0.750 (Gtc)
[2m2026-07-04T18:31:38.551305Z[0m [32m INFO[0m [2mexecution[0m[2m:[0m [DRY-RUN] dryrun-2054 Buy 96652533 x 50 @ 0.760 (Gtc)
[2m2026-07-04T18:31:38.800525Z[0m [32m INFO[0m [2mexecution[0m[2m:[0m [DRY-RUN] dryrun-2055 Buy 96652533 x 50 @ 0.760 (Gtc)
[2m2026-07-04T18:31:50.300945Z[0m [32m INFO[0m [2mpm_bot[0m[2m:[0m TAKER: DOWN (z=-2.01 p=0.978 ask=0.870 avg=0.870 tau=190s)
[2m2026-07-04T18:31:50.300984Z[0m [32m INFO[0m [2mexecution[0m[2m:[0m [DRY-RUN] dryrun-2056 Buy 96652533 x 238 @ 0.880 (Fak)
[2m2026-07-04T18:31:50.550190Z[0m [32m INFO[0m [2mpm_bot[0m[2m:[0m TAKER: DOWN (z=-2.01 p=0.978 ask=0.870 avg=0.880 tau=189s)
[2m2026-07-04T18:31:50.550221Z[0m [32m INFO[0m [2mexecution[0m[2m:[0m [DRY-RUN] dryrun-2057 Buy 96652533 x 238 @ 0.890 (Fak)
[2m2026-07-04T18:31:50.800480Z[0m [32m INFO[0m [2mpm_bot[0m[2m:[0m TAKER: DOWN (z=-2.01 p=0.978 ask=0.870 avg=0.884 tau=189s)
[2m2026-07-04T18:31:50.800506Z[0m [32m INFO[0m [2mexecution[0m[2m:[0m [DRY-RUN] dryrun-2058 Buy 96652533 x 238 @ 0.894 (Fak)
[2m2026-07-04T18:31:51.050669Z[0m [32m INFO[0m [2mpm_bot[0m[2m:[0m TAKER: DOWN (z=-2.01 p=0.978 ask=0.880 avg=0.887 tau=189s)
[2m2026-07-04T18:31:51.050696Z[0m [32m INFO[0m [2mexecution[0m[2m:[0m [DRY-RUN] dryrun-2059 Buy 96652533 x 231 @ 0.897 (Fak)
[2m2026-07-04T18:31:51.300824Z[0m [32m INFO[0m [2mpm_bot[0m[2m:[0m TAKER: DOWN (z=-2.12 p=0.983 ask=0.880 avg=0.887 tau=189s)
[2m2026-07-04T18:31:51.300848Z[0m [32m INFO[0m [2mexecution[0m[2m:[0m [DRY-RUN] dryrun-2060 Buy 96652533 x 243 @ 0.897 (Fak)
[2m2026-07-04T18:31:51.550482Z[0m [32m INFO[0m [2mpm_bot[0m[2m:[0m TAKER: DOWN (z=-2.12 p=0.983 ask=0.880 avg=0.887 tau=188s)
[2m2026-07-04T18:31:51.550511Z[0m [32m INFO[0m [2mexecution[0m[2m:[0m [DRY-RUN] dryrun-2061 Buy 96652533 x 243 @ 0.897 (Fak)
[2m2026-07-04T18:31:51.800425Z[0m [32m INFO[0m [2mpm_bot[0m[2m:[0m TAKER: DOWN (z=-2.12 p=0.983 ask=0.880 avg=0.881 tau=188s)
[2m2026-07-04T18:31:51.800455Z[0m [32m INFO[0m [2mexecution[0m[2m:[0m [DRY-RUN] dryrun-2062 Buy 96652533 x 243 @ 0.891 (Fak)
[2m2026-07-04T18:31:52.051266Z[0m [32m INFO[0m [2mpm_bot[0m[2m:[0m TAKER: DOWN (z=-2.12 p=0.983 ask=0.880 avg=0.881 tau=188s)
[2m2026-07-04T18:31:52.051295Z[0m [32m INFO[0m [2mexecution[0m[2m:[0m [DRY-RUN] dryrun-2063 Buy 96652533 x 243 @ 0.891 (Fak)
[2m2026-07-04T18:31:52.301265Z[0m [32m INFO[0m [2mpm_bot[0m[2m:[0m TAKER: DOWN (z=-2.15 p=0.984 ask=0.880 avg=0.888 tau=188s)
[2m2026-07-04T18:31:52.301313Z[0m [32m INFO[0m [2mexecution[0m[2m:[0m [DRY-RUN] dryrun-2064 Buy 96652533 x 247 @ 0.898 (Fak)
[2m2026-07-04T18:31:52.550529Z[0m [32m INFO[0m [2mpm_bot[0m[2m:[0m TAKER: DOWN (z=-2.15 p=0.984 ask=0.880 avg=0.890 tau=187s)
[2m2026-07-04T18:31:52.550557Z[0m [32m INFO[0m [2mexecution[0m[2m:[0m [DRY-RUN] dryrun-2065 Buy 96652533 x 247 @ 0.900 (Fak)
[2m2026-07-04T18:31:52.800976Z[0m [32m INFO[0m [2mpm_bot[0m[2m:[0m TAKER: DOWN (z=-2.15 p=0.984 ask=0.880 avg=0.890 tau=187s)
[2m2026-07-04T18:31:52.801007Z[0m [32m INFO[0m [2mexecution[0m[2m:[0m [DRY-RUN] dryrun-2066 Buy 96652533 x 246 @ 0.900 (Fak)
[2m2026-07-04T18:31:53.051197Z[0m [32m INFO[0m [2mpm_bot[0m[2m:[0m TAKER: DOWN (z=-2.15 p=0.984 ask=0.880 avg=0.891 tau=187s)
[2m2026-07-04T18:31:53.051226Z[0m [32m INFO[0m [2mexecution[0m[2m:[0m [DRY-RUN] dryrun-2067 Buy 96652533 x 246 @ 0.901 (Fak)
[2m2026-07-04T18:31:53.300922Z[0m [32m INFO[0m [2mpm_bot[0m[2m:[0m TAKER: DOWN (z=-2.15 p=0.984 ask=0.890 avg=0.894 tau=187s)
[2m2026-07-04T18:31:53.300952Z[0m [32m INFO[0m [2mexecution[0m[2m:[0m [DRY-RUN] dryrun-2068 Buy 96652533 x 240 @ 0.904 (Fak)
[2m2026-07-04T18:31:53.550576Z[0m [32m INFO[0m [2mpm_bot[0m[2m:[0m TAKER: DOWN (z=-2.18 p=0.985 ask=0.890 avg=0.899 tau=186s)
[2m2026-07-04T18:31:53.550603Z[0m [32m INFO[0m [2mexecution[0m[2m:[0m [DRY-RUN] dryrun-2069 Buy 96652533 x 243 @ 0.909 (Fak)
[2m2026-07-04T18:31:53.800990Z[0m [32m INFO[0m [2mpm_bot[0m[2m:[0m TAKER: DOWN (z=-2.18 p=0.985 ask=0.890 avg=0.890 tau=186s)
[2m2026-07-04T18:31:53.801018Z[0m [32m INFO[0m [2mexecution[0m[2m:[0m [DRY-RUN] dryrun-2070 Buy 96652533 x 243 @ 0.900 (Fak)
[2m2026-07-04T18:31:54.050604Z[0m [32m INFO[0m [2mpm_bot[0m[2m:[0m TAKER: DOWN (z=-2.18 p=0.985 ask=0.890 avg=0.899 tau=186s)
[2m2026-07-04T18:31:54.050655Z[0m [32m INFO[0m [2mexecution[0m[2m:[0m [DRY-RUN] dryrun-2071 Buy 96652533 x 243 @ 0.909 (Fak)
[2m2026-07-04T18:31:54.300477Z[0m [32m INFO[0m [2mpm_bot[0m[2m:[0m TAKER: DOWN (z=-2.18 p=0.985 ask=0.890 avg=0.900 tau=186s)
[2m2026-07-04T18:31:54.300506Z[0m [32m INFO[0m [2mexecution[0m[2m:[0m [DRY-RUN] dryrun-2072 Buy 96652533 x 243 @ 0.910 (Fak)
[2m2026-07-04T18:31:54.551153Z[0m [32m INFO[0m [2mpm_bot[0m[2m:[0m TAKER: DOWN (z=-2.27 p=0.988 ask=0.890 avg=0.900 tau=185s)
[2m2026-07-04T18:31:54.551179Z[0m [32m INFO[0m [2mexecution[0m[2m:[0m [DRY-RUN] dryrun-2073 Buy 96652533 x 251 @ 0.910 (Fak)
[2m2026-07-04T18:31:54.800459Z[0m [32m INFO[0m [2mpm_bot[0m[2m:[0m TAKER: DOWN (z=-2.27 p=0.988 ask=0.900 avg=0.901 tau=185s)
[2m2026-07-04T18:31:54.800489Z[0m [32m INFO[0m [2mexecution[0m[2m:[0m [DRY-RUN] dryrun-2074 Buy 96652533 x 245 @ 0.911 (Fak)
[2m2026-07-04T18:31:55.050323Z[0m [32m INFO[0m [2mpm_bot[0m[2m:[0m TAKER: DOWN (z=-2.27 p=0.988 ask=0.900 avg=0.903 tau=185s)
[2m2026-07-04T18:31:55.050348Z[0m [32m INFO[0m [2mexecution[0m[2m:[0m [DRY-RUN] dryrun-2075 Buy 96652533 x 245 @ 0.913 (Fak)
[2m2026-07-04T18:31:55.300766Z[0m [32m INFO[0m [2mpm_bot[0m[2m:[0m TAKER: DOWN (z=-2.27 p=0.988 ask=0.900 avg=0.904 tau=185s)
[2m2026-07-04T18:31:55.300795Z[0m [32m INFO[0m [2mexecution[0m[2m:[0m [DRY-RUN] dryrun-2076 Buy 96652533 x 245 @ 0.914 (Fak)
[2m2026-07-04T18:31:55.550637Z[0m [32m INFO[0m [2mpm_bot[0m[2m:[0m TAKER: DOWN (z=-2.27 p=0.988 ask=0.900 avg=0.910 tau=184s)
[2m2026-07-04T18:31:55.550666Z[0m [32m INFO[0m [2mexecution[0m[2m:[0m [DRY-RUN] dryrun-2077 Buy 96652533 x 245 @ 0.920 (Fak)
[2m2026-07-04T18:31:55.800539Z[0m [32m INFO[0m [2mpm_bot[0m[2m:[0m TAKER: DOWN (z=-2.34 p=0.990 ask=0.900 avg=0.910 tau=184s)
[2m2026-07-04T18:31:55.800566Z[0m [32m INFO[0m [2mexecution[0m[2m:[0m [DRY-RUN] dryrun-2078 Buy 96652533 x 250 @ 0.920 (Fak)
[2m2026-07-04T18:31:56.050274Z[0m [32m INFO[0m [2mpm_bot[0m[2m:[0m TAKER: DOWN (z=-2.34 p=0.990 ask=0.910 avg=0.913 tau=184s)
[2m2026-07-04T18:31:56.050308Z[0m [32m INFO[0m [2mexecution[0m[2m:[0m [DRY-RUN] dryrun-2079 Buy 96652533 x 244 @ 0.923 (Fak)
[2m2026-07-04T18:31:56.300757Z[0m [32m INFO[0m [2mpm_bot[0m[2m:[0m TAKER: DOWN (z=-2.34 p=0.990 ask=0.910 avg=0.914 tau=184s)
[2m2026-07-04T18:31:56.300787Z[0m [32m INFO[0m [2mexecution[0m[2m:[0m [DRY-RUN] dryrun-2080 Buy 96652533 x 244 @ 0.924 (Fak)
[2m2026-07-04T18:31:56.550888Z[0m [32m INFO[0m [2mpm_bot[0m[2m:[0m TAKER: DOWN (z=-2.29 p=0.989 ask=0.910 avg=0.919 tau=183s)
[2m2026-07-04T18:31:56.550939Z[0m [32m INFO[0m [2mexecution[0m[2m:[0m [DRY-RUN] dryrun-2081 Buy 96652533 x 240 @ 0.929 (Fak)
[2m2026-07-04T18:31:56.800722Z[0m [32m INFO[0m [2mpm_bot[0m[2m:[0m TAKER: DOWN (z=-2.29 p=0.989 ask=0.910 avg=0.915 tau=183s)
[2m2026-07-04T18:31:56.800749Z[0m [32m INFO[0m [2mexecution[0m[2m:[0m [DRY-RUN] dryrun-2082 Buy 96652533 x 240 @ 0.925 (Fak)
[2m2026-07-04T18:31:57.050796Z[0m [32m INFO[0m [2mpm_bot[0m[2m:[0m TAKER: DOWN (z=-2.29 p=0.989 ask=0.910 avg=0.918 tau=183s)
[2m2026-07-04T18:31:57.050846Z[0m [32m INFO[0m [2mexecution[0m[2m:[0m [DRY-RUN] dryrun-2083 Buy 96652533 x 240 @ 0.928 (Fak)
[2m2026-07-04T18:31:57.550260Z[0m [32m INFO[0m [2mpm_bot[0m[2m:[0m TAKER: DOWN (z=-2.29 p=0.989 ask=0.900 avg=0.905 tau=182s)
[2m2026-07-04T18:31:57.550305Z[0m [32m INFO[0m [2mexecution[0m[2m:[0m [DRY-RUN] dryrun-2084 Buy 96652533 x 246 @ 0.915 (Fak)
[2m2026-07-04T18:31:57.801288Z[0m [32m INFO[0m [2mpm_bot[0m[2m:[0m TAKER: DOWN (z=-2.46 p=0.993 ask=0.900 avg=0.904 tau=182s)
[2m2026-07-04T18:31:57.801326Z[0m [32m INFO[0m [2mexecution[0m[2m:[0m [DRY-RUN] dryrun-2085 Buy 96652533 x 258 @ 0.914 (Fak)
[2m2026-07-04T18:31:58.051011Z[0m [32m INFO[0m [2mpm_bot[0m[2m:[0m TAKER: DOWN (z=-2.46 p=0.993 ask=0.900 avg=0.904 tau=182s)
[2m2026-07-04T18:31:58.051039Z[0m [32m INFO[0m [2mexecution[0m[2m:[0m [DRY-RUN] dryrun-2086 Buy 96652533 x 258 @ 0.914 (Fak)
[2m2026-07-04T18:31:58.300895Z[0m [32m INFO[0m [2mpm_bot[0m[2m:[0m TAKER: DOWN (z=-2.46 p=0.993 ask=0.900 avg=0.904 tau=182s)
[2m2026-07-04T18:31:58.300920Z[0m [32m INFO[0m [2mexecution[0m[2m:[0m [DRY-RUN] dryrun-2087 Buy 96652533 x 258 @ 0.914 (Fak)
[2m2026-07-04T18:31:58.551092Z[0m [32m INFO[0m [2mpm_bot[0m[2m:[0m TAKER: DOWN (z=-2.57 p=0.995 ask=0.900 avg=0.900 tau=181s)
[2m2026-07-04T18:31:58.551120Z[0m [32m INFO[0m [2mexecution[0m[2m:[0m [DRY-RUN] dryrun-2088 Buy 96652533 x 263 @ 0.910 (Fak)
[2m2026-07-04T18:31:58.800560Z[0m [32m INFO[0m [2mpm_bot[0m[2m:[0m TAKER: DOWN (z=-2.57 p=0.995 ask=0.870 avg=0.875 tau=181s)
[2m2026-07-04T18:31:58.800588Z[0m [32m INFO[0m [2mexecution[0m[2m:[0m [DRY-RUN] dryrun-2089 Buy 96652533 x 275 @ 0.885 (Fak)
[2m2026-07-04T18:31:59.050979Z[0m [32m INFO[0m [2mpm_bot[0m[2m:[0m TAKER: DOWN (z=-2.56 p=0.995 ask=0.860 avg=0.866 tau=181s)
[2m2026-07-04T18:31:59.051007Z[0m [32m INFO[0m [2mexecution[0m[2m:[0m [DRY-RUN] dryrun-2090 Buy 96652533 x 279 @ 0.876 (Fak)
[2m2026-07-04T18:31:59.301148Z[0m [32m INFO[0m [2mpm_bot[0m[2m:[0m TAKER: DOWN (z=-2.83 p=0.998 ask=0.860 avg=0.867 tau=181s)
[2m2026-07-04T18:31:59.301182Z[0m [32m INFO[0m [2mexecution[0m[2m:[0m [DRY-RUN] dryrun-2091 Buy 96652533 x 285 @ 0.877 (Fak)
[2m2026-07-04T18:31:59.550339Z[0m [32m INFO[0m [2mpm_bot[0m[2m:[0m TAKER: DOWN (z=-2.83 p=0.998 ask=0.860 avg=0.871 tau=180s)
[2m2026-07-04T18:31:59.550366Z[0m [32m INFO[0m [2mexecution[0m[2m:[0m [DRY-RUN] dryrun-2092 Buy 96652533 x 285 @ 0.881 (Fak)
[2m2026-07-04T18:31:59.800988Z[0m [32m INFO[0m [2mpm_bot[0m[2m:[0m TAKER: DOWN (z=-2.83 p=0.998 ask=0.860 avg=0.874 tau=180s)
[2m2026-07-04T18:31:59.801015Z[0m [32m INFO[0m [2mexecution[0m[2m:[0m [DRY-RUN] dryrun-2093 Buy 96652533 x 285 @ 0.884 (Fak)
[2m2026-07-04T18:32:00.051000Z[0m [32m INFO[0m [2mpm_bot[0m[2m:[0m TAKER: DOWN (z=-2.83 p=0.998 ask=0.860 avg=0.875 tau=180s)
[2m2026-07-04T18:32:00.051029Z[0m [32m INFO[0m [2mexecution[0m[2m:[0m [DRY-RUN] dryrun-2094 Buy 96652533 x 285 @ 0.885 (Fak)
[2m2026-07-04T18:32:00.300267Z[0m [32m INFO[0m [2mpm_bot[0m[2m:[0m TAKER: DOWN (z=-2.83 p=0.998 ask=0.870 avg=0.873 tau=180s)
[2m2026-07-04T18:32:00.300295Z[0m [32m INFO[0m [2mexecution[0m[2m:[0m [DRY-RUN] dryrun-2095 Buy 96652533 x 282 @ 0.883 (Fak)
[2m2026-07-04T18:32:00.550728Z[0m [32m INFO[0m [2mpm_bot[0m[2m:[0m TAKER: DOWN (z=-2.83 p=0.998 ask=0.870 avg=0.872 tau=179s)
[2m2026-07-04T18:32:00.550756Z[0m [32m INFO[0m [2mexecution[0m[2m:[0m [DRY-RUN] dryrun-2096 Buy 96652533 x 282 @ 0.882 (Fak)
[2m2026-07-04T18:32:00.800345Z[0m [32m INFO[0m [2mpm_bot[0m[2m:[0m TAKER: DOWN (z=-2.66 p=0.996 ask=0.860 avg=0.868 tau=179s)
[2m2026-07-04T18:32:00.800375Z[0m [32m INFO[0m [2mexecution[0m[2m:[0m [DRY-RUN] dryrun-2097 Buy 96652533 x 282 @ 0.878 (Fak)
[2m2026-07-04T18:32:01.050937Z[0m [32m INFO[0m [2mpm_bot[0m[2m:[0m TAKER: DOWN (z=-2.65 p=0.996 ask=0.860 avg=0.873 tau=179s)
[2m2026-07-04T18:32:01.050963Z[0m [32m INFO[0m [2mexecution[0m[2m:[0m [DRY-RUN] dryrun-2098 Buy 96652533 x 282 @ 0.883 (Fak)
[2m2026-07-04T18:32:01.301030Z[0m [32m INFO[0m [2mpm_bot[0m[2m:[0m TAKER: DOWN (z=-2.55 p=0.995 ask=0.860 avg=0.860 tau=179s)
[2m2026-07-04T18:32:01.301060Z[0m [32m INFO[0m [2mexecution[0m[2m:[0m [DRY-RUN] dryrun-2099 Buy 96652533 x 279 @ 0.870 (Fak)
[2m2026-07-04T18:32:01.550393Z[0m [32m INFO[0m [2mpm_bot[0m[2m:[0m TAKER: DOWN (z=-2.55 p=0.995 ask=0.830 avg=0.838 tau=178s)
[2m2026-07-04T18:32:01.550420Z[0m [32m INFO[0m [2mexecution[0m[2m:[0m [DRY-RUN] dryrun-2100 Buy 96652533 x 291 @ 0.848 (Fak)
[2m2026-07-04T18:32:01.800537Z[0m [32m INFO[0m [2mpm_bot[0m[2m:[0m TAKER: DOWN (z=-2.55 p=0.995 ask=0.830 avg=0.835 tau=178s)
[2m2026-07-04T18:32:01.800577Z[0m [32m INFO[0m [2mexecution[0m[2m:[0m [DRY-RUN] dryrun-2101 Buy 96652533 x 291 @ 0.845 (Fak)
[2m2026-07-04T18:32:02.051365Z[0m [32m INFO[0m [2mpm_bot[0m[2m:[0m TAKER: DOWN (z=-2.55 p=0.995 ask=0.830 avg=0.847 tau=178s)
[2m2026-07-04T18:32:02.051392Z[0m [32m INFO[0m [2mexecution[0m[2m:[0m [DRY-RUN] dryrun-2102 Buy 96652533 x 291 @ 0.857 (Fak)
[2m2026-07-04T18:32:02.800433Z[0m [32m INFO[0m [2mpm_bot[0m[2m:[0m TAKER: DOWN (z=-2.47 p=0.993 ask=0.850 avg=0.863 tau=177s)
[2m2026-07-04T18:32:02.800462Z[0m [32m INFO[0m [2mexecution[0m[2m:[0m [DRY-RUN] dryrun-2103 Buy 96652533 x 280 @ 0.873 (Fak)
[2m2026-07-04T18:32:03.050515Z[0m [32m INFO[0m [2mpm_bot[0m[2m:[0m TAKER: DOWN (z=-2.47 p=0.993 ask=0.850 avg=0.857 tau=177s)
[2m2026-07-04T18:32:03.050550Z[0m [32m INFO[0m [2mexecution[0m[2m:[0m [DRY-RUN] dryrun-2104 Buy 96652533 x 280 @ 0.867 (Fak)
[2m2026-07-04T18:32:03.300445Z[0m [32m INFO[0m [2mpm_bot[0m[2m:[0m TAKER: DOWN (z=-2.47 p=0.993 ask=0.850 avg=0.864 tau=177s)
[2m2026-07-04T18:32:03.300475Z[0m [32m INFO[0m [2mexecution[0m[2m:[0m [DRY-RUN] dryrun-2105 Buy 96652533 x 280 @ 0.874 (Fak)
[2m2026-07-04T18:32:03.550533Z[0m [32m INFO[0m [2mpm_bot[0m[2m:[0m TAKER: DOWN (z=-2.14 p=0.984 ask=0.850 avg=0.850 tau=176s)
[2m2026-07-04T18:32:03.550562Z[0m [32m INFO[0m [2mexecution[0m[2m:[0m [DRY-RUN] dryrun-2106 Buy 96652533 x 262 @ 0.860 (Fak)
[2m2026-07-04T18:32:03.800818Z[0m [32m INFO[0m [2mpm_bot[0m[2m:[0m TAKER: DOWN (z=-2.14 p=0.984 ask=0.850 avg=0.850 tau=176s)
[2m2026-07-04T18:32:03.800848Z[0m [32m INFO[0m [2mexecution[0m[2m:[0m [DRY-RUN] dryrun-2107 Buy 96652533 x 262 @ 0.860 (Fak)
[2m2026-07-04T18:32:04.300833Z[0m [32m INFO[0m [2mpm_bot[0m[2m:[0m TAKER: DOWN (z=-2.07 p=0.981 ask=0.860 avg=0.872 tau=176s)
[2m2026-07-04T18:32:04.300865Z[0m [32m INFO[0m [2mexecution[0m[2m:[0m [DRY-RUN] dryrun-2108 Buy 96652533 x 251 @ 0.882 (Fak)
[2m2026-07-04T18:32:04.550860Z[0m [32m INFO[0m [2mpm_bot[0m[2m:[0m TAKER: DOWN (z=-2.07 p=0.981 ask=0.860 avg=0.872 tau=175s)
[2m2026-07-04T18:32:04.550889Z[0m [32m INFO[0m [2mexecution[0m[2m:[0m [DRY-RUN] dryrun-2109 Buy 96652533 x 251 @ 0.882 (Fak)
[2m2026-07-04T18:32:04.800502Z[0m [32m INFO[0m [2mpm_bot[0m[2m:[0m TAKER: DOWN (z=-2.07 p=0.981 ask=0.860 avg=0.871 tau=175s)
[2m2026-07-04T18:32:04.800532Z[0m [32m INFO[0m [2mexecution[0m[2m:[0m [DRY-RUN] dryrun-2110 Buy 96652533 x 251 @ 0.881 (Fak)
[2m2026-07-04T18:32:05.050993Z[0m [32m INFO[0m [2mpm_bot[0m[2m:[0m TAKER: DOWN (z=-2.07 p=0.981 ask=0.860 avg=0.872 tau=175s)
[2m2026-07-04T18:32:05.051022Z[0m [32m INFO[0m [2mexecution[0m[2m:[0m [DRY-RUN] dryrun-2111 Buy 96652533 x 251 @ 0.882 (Fak)
[2m2026-07-04T18:32:05.301038Z[0m [32m INFO[0m [2mpm_bot[0m[2m:[0m TAKER: DOWN (z=-2.07 p=0.981 ask=0.860 avg=0.873 tau=175s)
[2m2026-07-04T18:32:05.301070Z[0m [32m INFO[0m [2mexecution[0m[2m:[0m [DRY-RUN] dryrun-2112 Buy 96652533 x 251 @ 0.883 (Fak)
[2m2026-07-04T18:32:05.551167Z[0m [32m INFO[0m [2mpm_bot[0m[2m:[0m TAKER: DOWN (z=-2.12 p=0.983 ask=0.860 avg=0.873 tau=174s)
[2m2026-07-04T18:32:05.551201Z[0m [32m INFO[0m [2mexecution[0m[2m:[0m [DRY-RUN] dryrun-2113 Buy 96652533 x 255 @ 0.883 (Fak)
[2m2026-07-04T18:32:05.800523Z[0m [32m INFO[0m [2mpm_bot[0m[2m:[0m TAKER: DOWN (z=-2.12 p=0.983 ask=0.870 avg=0.870 tau=174s)
[2m2026-07-04T18:32:05.800551Z[0m [32m INFO[0m [2mexecution[0m[2m:[0m [DRY-RUN] dryrun-2114 Buy 96652533 x 250 @ 0.880 (Fak)
[2m2026-07-04T18:32:06.050701Z[0m [32m INFO[0m [2mpm_bot[0m[2m:[0m TAKER: DOWN (z=-2.12 p=0.983 ask=0.870 avg=0.870 tau=174s)
[2m2026-07-04T18:32:06.050730Z[0m [32m INFO[0m [2mexecution[0m[2m:[0m [DRY-RUN] dryrun-2115 Buy 96652533 x 250 @ 0.880 (Fak)
[2m2026-07-04T18:32:06.300675Z[0m [32m INFO[0m [2mpm_bot[0m[2m:[0m TAKER: DOWN (z=-2.12 p=0.983 ask=0.870 avg=0.870 tau=174s)
[2m2026-07-04T18:32:06.300707Z[0m [32m INFO[0m [2mexecution[0m[2m:[0m [DRY-RUN] dryrun-2116 Buy 96652533 x 249 @ 0.880 (Fak)
[2m2026-07-04T18:32:30.800475Z[0m [32m INFO[0m [2mpm_bot[0m[2m:[0m TAKER: DOWN (z=-2.05 p=0.980 ask=0.900 avg=0.905 tau=149s)
[2m2026-07-04T18:32:30.800508Z[0m [32m INFO[0m [2mexecution[0m[2m:[0m [DRY-RUN] dryrun-2117 Buy 96652533 x 221 @ 0.915 (Fak)
[2m2026-07-04T18:35:02.405558Z[0m [32m INFO[0m [2mpm_bot[0m[2m:[0m fenêtre active: btc-updown-5m-1783190100 [1783190100000 → 1783190400000]
[2m2026-07-04T18:35:02.405672Z[0m [32m INFO[0m [2mpm_bot[0m[2m:[0m strike gelé: Some(63070.99360815111) (confidence=1.000, gap=Some(0) ms)
[2m2026-07-04T18:35:03.096062Z[0m [32m INFO[0m [2mpm_acquisition::clob[0m[2m:[0m CLOB connecté (up=36669520…, down=11178648…)
[2m2026-07-04T18:35:03.300813Z[0m [32m INFO[0m [2mexecution[0m[2m:[0m [DRY-RUN] dryrun-2118 Buy 11178648 x 50 @ 0.500 (Gtc)
[2m2026-07-04T18:35:03.551031Z[0m [32m INFO[0m [2mexecution[0m[2m:[0m [DRY-RUN] dryrun-2119 Buy 11178648 x 50 @ 0.500 (Gtc)
[2m2026-07-04T18:35:03.801072Z[0m [32m INFO[0m [2mexecution[0m[2m:[0m [DRY-RUN] dryrun-2120 Buy 11178648 x 50 @ 0.500 (Gtc)
[2m2026-07-04T18:35:04.051188Z[0m [32m INFO[0m [2mexecution[0m[2m:[0m [DRY-RUN] dryrun-2121 Buy 11178648 x 50 @ 0.500 (Gtc)
[2m2026-07-04T18:35:04.300887Z[0m [32m INFO[0m [2mexecution[0m[2m:[0m [DRY-RUN] dryrun-2122 Buy 11178648 x 50 @ 0.500 (Gtc)
[2m2026-07-04T18:35:04.550583Z[0m [32m INFO[0m [2mexecution[0m[2m:[0m [DRY-RUN] dryrun-2123 Buy 11178648 x 50 @ 0.500 (Gtc)
[2m2026-07-04T18:35:04.800595Z[0m [32m INFO[0m [2mexecution[0m[2m:[0m [DRY-RUN] dryrun-2124 Buy 11178648 x 50 @ 0.500 (Gtc)
[2m2026-07-04T18:35:05.051169Z[0m [32m INFO[0m [2mexecution[0m[2m:[0m [DRY-RUN] dryrun-2125 Buy 11178648 x 50 @ 0.500 (Gtc)
[2m2026-07-04T18:35:05.300996Z[0m [32m INFO[0m [2mexecution[0m[2m:[0m [DRY-RUN] dryrun-2126 Buy 11178648 x 50 @ 0.500 (Gtc)
[2m2026-07-04T18:35:05.550544Z[0m [32m INFO[0m [2mexecution[0m[2m:[0m [DRY-RUN] dryrun-2127 Buy 11178648 x 50 @ 0.510 (Gtc)
[2m2026-07-04T18:35:05.801206Z[0m [32m INFO[0m [2mexecution[0m[2m:[0m [DRY-RUN] dryrun-2128 Buy 11178648 x 50 @ 0.510 (Gtc)
[2m2026-07-04T18:35:06.050841Z[0m [32m INFO[0m [2mexecution[0m[2m:[0m [DRY-RUN] dryrun-2129 Buy 11178648 x 50 @ 0.510 (Gtc)
[2m2026-07-04T18:35:06.300502Z[0m [32m INFO[0m [2mexecution[0m[2m:[0m [DRY-RUN] dryrun-2130 Buy 11178648 x 50 @ 0.510 (Gtc)
[2m2026-07-04T18:35:06.550512Z[0m [32m INFO[0m [2mexecution[0m[2m:[0m [DRY-RUN] dryrun-2131 Buy 11178648 x 50 @ 0.510 (Gtc)
[2m2026-07-04T18:35:06.800615Z[0m [32m INFO[0m [2mexecution[0m[2m:[0m [DRY-RUN] dryrun-2132 Buy 11178648 x 50 @ 0.510 (Gtc)
[2m2026-07-04T18:35:07.051258Z[0m [32m INFO[0m [2mexecution[0m[2m:[0m [DRY-RUN] dryrun-2133 Buy 11178648 x 50 @ 0.510 (Gtc)
[2m2026-07-04T18:35:07.300915Z[0m [32m INFO[0m [2mexecution[0m[2m:[0m [DRY-RUN] dryrun-2134 Buy 11178648 x 50 @ 0.510 (Gtc)
[2m2026-07-04T18:35:07.551136Z[0m [32m INFO[0m [2mexecution[0m[2m:[0m [DRY-RUN] dryrun-2135 Buy 11178648 x 50 @ 0.510 (Gtc)
[2m2026-07-04T18:35:07.800487Z[0m [32m INFO[0m [2mexecution[0m[2m:[0m [DRY-RUN] dryrun-2136 Buy 11178648 x 50 @ 0.510 (Gtc)
[2m2026-07-04T18:35:08.050648Z[0m [32m INFO[0m [2mexecution[0m[2m:[0m [DRY-RUN] dryrun-2137 Buy 11178648 x 50 @ 0.520 (Gtc)
[2m2026-07-04T18:35:08.300680Z[0m [32m INFO[0m [2mexecution[0m[2m:[0m [DRY-RUN] dryrun-2138 Buy 11178648 x 50 @ 0.520 (Gtc)
[2m2026-07-04T18:35:08.550974Z[0m [32m INFO[0m [2mexecution[0m[2m:[0m [DRY-RUN] dryrun-2139 Buy 11178648 x 50 @ 0.520 (Gtc)
[2m2026-07-04T18:35:08.800938Z[0m [32m INFO[0m [2mexecution[0m[2m:[0m [DRY-RUN] dryrun-2140 Buy 11178648 x 50 @ 0.520 (Gtc)
[2m2026-07-04T18:35:09.050688Z[0m [32m INFO[0m [2mexecution[0m[2m:[0m [DRY-RUN] dryrun-2141 Buy 11178648 x 50 @ 0.520 (Gtc)
[2m2026-07-04T18:35:09.301142Z[0m [32m INFO[0m [2mexecution[0m[2m:[0m [DRY-RUN] dryrun-2142 Buy 11178648 x 50 @ 0.520 (Gtc)
[2m2026-07-04T18:35:09.550678Z[0m [32m INFO[0m [2mexecution[0m[2m:[0m [DRY-RUN] dryrun-2143 Buy 11178648 x 50 @ 0.520 (Gtc)
[2m2026-07-04T18:35:09.800328Z[0m [32m INFO[0m [2mexecution[0m[2m:[0m [DRY-RUN] dryrun-2144 Buy 11178648 x 50 @ 0.520 (Gtc)
[2m2026-07-04T18:35:10.050589Z[0m [32m INFO[0m [2mexecution[0m[2m:[0m [DRY-RUN] dryrun-2145 Buy 11178648 x 50 @ 0.530 (Gtc)
[2m2026-07-04T18:35:10.300796Z[0m [32m INFO[0m [2mexecution[0m[2m:[0m [DRY-RUN] dryrun-2146 Buy 11178648 x 50 @ 0.530 (Gtc)
[2m2026-07-04T18:35:10.551107Z[0m [32m INFO[0m [2mexecution[0m[2m:[0m [DRY-RUN] dryrun-2147 Buy 11178648 x 50 @ 0.530 (Gtc)
[2m2026-07-04T18:35:10.800952Z[0m [32m INFO[0m [2mexecution[0m[2m:[0m [DRY-RUN] dryrun-2148 Buy 11178648 x 50 @ 0.530 (Gtc)
[2m2026-07-04T18:35:11.050381Z[0m [32m INFO[0m [2mexecution[0m[2m:[0m [DRY-RUN] dryrun-2149 Buy 11178648 x 50 @ 0.530 (Gtc)
[2m2026-07-04T18:35:11.300401Z[0m [32m INFO[0m [2mexecution[0m[2m:[0m [DRY-RUN] dryrun-2150 Buy 11178648 x 50 @ 0.530 (Gtc)
[2m2026-07-04T18:35:11.550471Z[0m [32m INFO[0m [2mexecution[0m[2m:[0m [DRY-RUN] dryrun-2151 Buy 11178648 x 50 @ 0.530 (Gtc)
[2m2026-07-04T18:35:11.800822Z[0m [32m INFO[0m [2mexecution[0m[2m:[0m [DRY-RUN] dryrun-2152 Buy 11178648 x 50 @ 0.530 (Gtc)
[2m2026-07-04T18:35:12.051072Z[0m [32m INFO[0m [2mexecution[0m[2m:[0m [DRY-RUN] dryrun-2153 Buy 11178648 x 50 @ 0.530 (Gtc)
[2m2026-07-04T18:35:12.301362Z[0m [32m INFO[0m [2mexecution[0m[2m:[0m [DRY-RUN] dryrun-2154 Buy 11178648 x 50 @ 0.530 (Gtc)
[2m2026-07-04T18:35:12.550258Z[0m [32m INFO[0m [2mexecution[0m[2m:[0m [DRY-RUN] dryrun-2155 Buy 11178648 x 50 @ 0.540 (Gtc)
[2m2026-07-04T18:35:12.800306Z[0m [32m INFO[0m [2mexecution[0m[2m:[0m [DRY-RUN] dryrun-2156 Buy 11178648 x 50 @ 0.540 (Gtc)
[2m2026-07-04T18:35:13.050460Z[0m [32m INFO[0m [2mexecution[0m[2m:[0m [DRY-RUN] dryrun-2157 Buy 11178648 x 50 @ 0.540 (Gtc)
[2m2026-07-04T18:35:13.301150Z[0m [32m INFO[0m [2mexecution[0m[2m:[0m [DRY-RUN] dryrun-2158 Buy 11178648 x 50 @ 0.540 (Gtc)
[2m2026-07-04T18:35:13.550417Z[0m [32m INFO[0m [2mexecution[0m[2m:[0m [DRY-RUN] dryrun-2159 Buy 11178648 x 50 @ 0.540 (Gtc)
[2m2026-07-04T18:35:13.800968Z[0m [32m INFO[0m [2mexecution[0m[2m:[0m [DRY-RUN] dryrun-2160 Buy 11178648 x 50 @ 0.540 (Gtc)
[2m2026-07-04T18:35:14.050543Z[0m [32m INFO[0m [2mexecution[0m[2m:[0m [DRY-RUN] dryrun-2161 Buy 11178648 x 50 @ 0.540 (Gtc)
[2m2026-07-04T18:35:14.301228Z[0m [32m INFO[0m [2mexecution[0m[2m:[0m [DRY-RUN] dryrun-2162 Buy 11178648 x 50 @ 0.540 (Gtc)
[2m2026-07-04T18:35:14.551034Z[0m [32m INFO[0m [2mexecution[0m[2m:[0m [DRY-RUN] dryrun-2163 Buy 11178648 x 50 @ 0.540 (Gtc)
[2m2026-07-04T18:35:14.800684Z[0m [32m INFO[0m [2mexecution[0m[2m:[0m [DRY-RUN] dryrun-2164 Buy 11178648 x 50 @ 0.540 (Gtc)
[2m2026-07-04T18:35:15.051251Z[0m [32m INFO[0m [2mexecution[0m[2m:[0m [DRY-RUN] dryrun-2165 Buy 11178648 x 50 @ 0.540 (Gtc)
[2m2026-07-04T18:35:15.301327Z[0m [32m INFO[0m [2mexecution[0m[2m:[0m [DRY-RUN] dryrun-2166 Buy 11178648 x 50 @ 0.540 (Gtc)
[2m2026-07-04T18:35:15.550754Z[0m [32m INFO[0m [2mexecution[0m[2m:[0m [DRY-RUN] dryrun-2167 Buy 11178648 x 50 @ 0.540 (Gtc)
[2m2026-07-04T18:35:15.800740Z[0m [32m INFO[0m [2mexecution[0m[2m:[0m [DRY-RUN] dryrun-2168 Buy 11178648 x 50 @ 0.540 (Gtc)
[2m2026-07-04T18:35:16.050809Z[0m [32m INFO[0m [2mexecution[0m[2m:[0m [DRY-RUN] dryrun-2169 Buy 11178648 x 50 @ 0.540 (Gtc)
[2m2026-07-04T18:35:16.300560Z[0m [32m INFO[0m [2mexecution[0m[2m:[0m [DRY-RUN] dryrun-2170 Buy 11178648 x 50 @ 0.540 (Gtc)
[2m2026-07-04T18:35:16.550211Z[0m [32m INFO[0m [2mexecution[0m[2m:[0m [DRY-RUN] dryrun-2171 Buy 11178648 x 50 @ 0.540 (Gtc)
[2m2026-07-04T18:35:16.800537Z[0m [32m INFO[0m [2mexecution[0m[2m:[0m [DRY-RUN] dryrun-2172 Buy 11178648 x 50 @ 0.540 (Gtc)
[2m2026-07-04T18:35:17.050549Z[0m [32m INFO[0m [2mexecution[0m[2m:[0m [DRY-RUN] dryrun-2173 Buy 11178648 x 50 @ 0.540 (Gtc)
[2m2026-07-04T18:35:17.300981Z[0m [32m INFO[0m [2mexecution[0m[2m:[0m [DRY-RUN] dryrun-2174 Buy 11178648 x 50 @ 0.540 (Gtc)
[2m2026-07-04T18:35:17.551118Z[0m [32m INFO[0m [2mexecution[0m[2m:[0m [DRY-RUN] dryrun-2175 Buy 11178648 x 50 @ 0.540 (Gtc)
[2m2026-07-04T18:35:17.800493Z[0m [32m INFO[0m [2mexecution[0m[2m:[0m [DRY-RUN] dryrun-2176 Buy 11178648 x 50 @ 0.540 (Gtc)
[2m2026-07-04T18:35:18.051349Z[0m [32m INFO[0m [2mexecution[0m[2m:[0m [DRY-RUN] dryrun-2177 Buy 11178648 x 50 @ 0.550 (Gtc)
[2m2026-07-04T18:35:18.300326Z[0m [32m INFO[0m [2mexecution[0m[2m:[0m [DRY-RUN] dryrun-2178 Buy 11178648 x 50 @ 0.550 (Gtc)
[2m2026-07-04T18:35:18.550721Z[0m [32m INFO[0m [2mexecution[0m[2m:[0m [DRY-RUN] dryrun-2179 Buy 11178648 x 50 @ 0.550 (Gtc)
[2m2026-07-04T18:35:18.801177Z[0m [32m INFO[0m [2mexecution[0m[2m:[0m [DRY-RUN] dryrun-2180 Buy 11178648 x 50 @ 0.550 (Gtc)
[2m2026-07-04T18:35:19.051243Z[0m [32m INFO[0m [2mexecution[0m[2m:[0m [DRY-RUN] dryrun-2181 Buy 11178648 x 50 @ 0.550 (Gtc)
[2m2026-07-04T18:35:19.300525Z[0m [32m INFO[0m [2mexecution[0m[2m:[0m [DRY-RUN] dryrun-2182 Buy 11178648 x 50 @ 0.550 (Gtc)
[2m2026-07-04T18:35:19.550293Z[0m [32m INFO[0m [2mexecution[0m[2m:[0m [DRY-RUN] dryrun-2183 Buy 11178648 x 50 @ 0.550 (Gtc)
[2m2026-07-04T18:35:19.800412Z[0m [32m INFO[0m [2mexecution[0m[2m:[0m [DRY-RUN] dryrun-2184 Buy 11178648 x 50 @ 0.550 (Gtc)
[2m2026-07-04T18:35:20.050506Z[0m [32m INFO[0m [2mexecution[0m[2m:[0m [DRY-RUN] dryrun-2185 Buy 11178648 x 50 @ 0.550 (Gtc)
[2m2026-07-04T18:35:20.300567Z[0m [32m INFO[0m [2mexecution[0m[2m:[0m [DRY-RUN] dryrun-2186 Buy 11178648 x 50 @ 0.550 (Gtc)
[2m2026-07-04T18:35:20.550504Z[0m [32m INFO[0m [2mexecution[0m[2m:[0m [DRY-RUN] dryrun-2187 Buy 11178648 x 50 @ 0.550 (Gtc)
[2m2026-07-04T18:35:20.800841Z[0m [32m INFO[0m [2mexecution[0m[2m:[0m [DRY-RUN] dryrun-2188 Buy 11178648 x 50 @ 0.550 (Gtc)
[2m2026-07-04T18:35:21.050875Z[0m [32m INFO[0m [2mexecution[0m[2m:[0m [DRY-RUN] dryrun-2189 Buy 11178648 x 50 @ 0.550 (Gtc)
[2m2026-07-04T18:35:21.300851Z[0m [32m INFO[0m [2mexecution[0m[2m:[0m [DRY-RUN] dryrun-2190 Buy 11178648 x 50 @ 0.550 (Gtc)
[2m2026-07-04T18:35:21.550489Z[0m [32m INFO[0m [2mexecution[0m[2m:[0m [DRY-RUN] dryrun-2191 Buy 11178648 x 50 @ 0.460 (Gtc)
[2m2026-07-04T18:35:21.800689Z[0m [32m INFO[0m [2mexecution[0m[2m:[0m [DRY-RUN] dryrun-2192 Buy 11178648 x 50 @ 0.460 (Gtc)
[2m2026-07-04T18:35:22.051238Z[0m [32m INFO[0m [2mexecution[0m[2m:[0m [DRY-RUN] dryrun-2193 Buy 11178648 x 50 @ 0.460 (Gtc)
[2m2026-07-04T18:35:22.300345Z[0m [32m INFO[0m [2mexecution[0m[2m:[0m [DRY-RUN] dryrun-2194 Buy 11178648 x 50 @ 0.460 (Gtc)
[2m2026-07-04T18:35:22.550822Z[0m [32m INFO[0m [2mexecution[0m[2m:[0m [DRY-RUN] dryrun-2195 Buy 11178648 x 50 @ 0.470 (Gtc)
[2m2026-07-04T18:35:22.800684Z[0m [32m INFO[0m [2mexecution[0m[2m:[0m [DRY-RUN] dryrun-2196 Buy 11178648 x 50 @ 0.470 (Gtc)
[2m2026-07-04T18:35:23.050664Z[0m [32m INFO[0m [2mexecution[0m[2m:[0m [DRY-RUN] dryrun-2197 Buy 11178648 x 50 @ 0.470 (Gtc)
[2m2026-07-04T18:35:23.301087Z[0m [32m INFO[0m [2mexecution[0m[2m:[0m [DRY-RUN] dryrun-2198 Buy 11178648 x 50 @ 0.470 (Gtc)
[2m2026-07-04T18:35:23.550674Z[0m [32m INFO[0m [2mexecution[0m[2m:[0m [DRY-RUN] dryrun-2199 Buy 11178648 x 50 @ 0.470 (Gtc)
[2m2026-07-04T18:35:23.800569Z[0m [32m INFO[0m [2mexecution[0m[2m:[0m [DRY-RUN] dryrun-2200 Buy 11178648 x 50 @ 0.470 (Gtc)
[2m2026-07-04T18:35:24.050216Z[0m [32m INFO[0m [2mexecution[0m[2m:[0m [DRY-RUN] dryrun-2201 Buy 11178648 x 50 @ 0.470 (Gtc)
[2m2026-07-04T18:35:28.550889Z[0m [32m INFO[0m [2mexecution[0m[2m:[0m [DRY-RUN] dryrun-2202 Buy 36669520 x 50 @ 0.480 (Gtc)
[2m2026-07-04T18:35:28.800553Z[0m [32m INFO[0m [2mexecution[0m[2m:[0m [DRY-RUN] dryrun-2203 Buy 36669520 x 50 @ 0.460 (Gtc)
[2m2026-07-04T18:35:29.051010Z[0m [32m INFO[0m [2mexecution[0m[2m:[0m [DRY-RUN] dryrun-2204 Buy 36669520 x 50 @ 0.450 (Gtc)
[2m2026-07-04T18:35:29.300763Z[0m [32m INFO[0m [2mexecution[0m[2m:[0m [DRY-RUN] dryrun-2205 Buy 36669520 x 50 @ 0.450 (Gtc)
[2m2026-07-04T18:35:29.551191Z[0m [32m INFO[0m [2mexecution[0m[2m:[0m [DRY-RUN] dryrun-2206 Buy 36669520 x 50 @ 0.450 (Gtc)
[2m2026-07-04T18:35:29.800312Z[0m [32m INFO[0m [2mexecution[0m[2m:[0m [DRY-RUN] dryrun-2207 Buy 36669520 x 50 @ 0.450 (Gtc)
[2m2026-07-04T18:35:30.050467Z[0m [32m INFO[0m [2mexecution[0m[2m:[0m [DRY-RUN] dryrun-2208 Buy 36669520 x 50 @ 0.450 (Gtc)
[2m2026-07-04T18:35:30.301200Z[0m [32m INFO[0m [2mexecution[0m[2m:[0m [DRY-RUN] dryrun-2209 Buy 36669520 x 50 @ 0.450 (Gtc)
[2m2026-07-04T18:35:30.550438Z[0m [32m INFO[0m [2mexecution[0m[2m:[0m [DRY-RUN] dryrun-2210 Buy 36669520 x 50 @ 0.450 (Gtc)
[2m2026-07-04T18:35:30.801155Z[0m [32m INFO[0m [2mexecution[0m[2m:[0m [DRY-RUN] dryrun-2211 Buy 36669520 x 50 @ 0.440 (Gtc)
[2m2026-07-04T18:35:31.050521Z[0m [32m INFO[0m [2mexecution[0m[2m:[0m [DRY-RUN] dryrun-2212 Buy 36669520 x 50 @ 0.440 (Gtc)
[2m2026-07-04T18:35:31.300340Z[0m [32m INFO[0m [2mexecution[0m[2m:[0m [DRY-RUN] dryrun-2213 Buy 36669520 x 50 @ 0.440 (Gtc)
[2m2026-07-04T18:35:31.550953Z[0m [32m INFO[0m [2mexecution[0m[2m:[0m [DRY-RUN] dryrun-2214 Buy 36669520 x 50 @ 0.440 (Gtc)
[2m2026-07-04T18:35:31.801015Z[0m [32m INFO[0m [2mexecution[0m[2m:[0m [DRY-RUN] dryrun-2215 Buy 36669520 x 50 @ 0.440 (Gtc)
