ts_ms,price,recv_ms
1783359571000,63736.02,1783359571465
1783359572000,63736.01,1783359572427
1783359573000,63744,1783359573608
1783359574000,63744,1783359574530
1783359575000,63743.99,1783359575470
1783359576000,63744,1783359576425
1783359577000,63743.99,1783359577400
1783359578000,63744,1783359578491
1783359579000,63744,1783359579441
1783359580000,63743.99,1783359580420
1783359581000,63744,1783359581487
1783359582000,63743.99,1783359582671
1783359583000,63743.99,1783359583540
1783359584000,63743.99,1783359584565
1783359585000,63743.99,1783359585535
1783359586000,63744,1783359586376
1783359587000,63743.99,1783359587478
1783359588000,63743.99,1783359588456
1783359589000,63744,1783359589392
1783359590000,63753.91,1783359590505
1783359591000,63754,1783359591631
1783359592000,63754,1783359592655
1783359593000,63755.35,1783359593385
1783359594000,63759.53,1783359594415
1783359595000,63759.53,1783359595624
1783359596000,63759.54,1783359596648
1783359597000,63759.53,1783359597380
1783359598000,63759.54,1783359598548
1783359599000,63759.54,1783359599495
1783359600000,63759.54,1783359600440
1783359601000,63759.53,1783359601511
1783359602000,63759.53,1783359602593
1783359603000,63756,1783359603616
1783359604000,63767.99,1783359604602
1783359605000,63761.34,1783359605612
1783359606000,63761.34,1783359606353
1783359607000,63760,1783359607433
1783359608000,63760,1783359608417
1783359609000,63756.01,1783359609399
1783359610000,63756,1783359610410
1783359611000,63756,1783359611448
1783359612000,63754.01,1783359612388
1783359613000,63754.01,1783359613394
1783359614000,63753.22,1783359614544
1783359615000,63753,1783359615571
1783359616000,63753.01,1783359616524
1783359617000,63753,1783359617461
1783359618000,63753.01,1783359618574
1783359619000,63753.01,1783359619538
1783359620000,63759.99,1783359620487
1783359621000,63760,1783359621460
1783359622000,63759.99,1783359622830
1783359623000,63759.99,1783359623432
1783359624000,63756,1783359624515
1783359625000,63756,1783359625428
1783359626000,63756.01,1783359626455
1783359627000,63756.01,1783359627524
1783359628000,63756.01,1783359628497
1783359629000,63756.01,1783359629520
1783359630000,63756.01,1783359630646
1783359631000,63756,1783359631463
1783359632000,63756.01,1783359632477
1783359633000,63755.98,1783359633577
1783359634000,63755.31,1783359634460
1783359635000,63744.63,1783359635455
1783359636000,63744.63,1783359636380
1783359637000,63744.62,1783359637512
1783359638000,63743.99,1783359638452
1783359639000,63740,1783359639382
1783359640000,63740,1783359640429
1783359641000,63740,1783359641500
1783359642000,63738,1783359642424
1783359643000,63738.01,1783359643465
1783359644000,63738.01,1783359644572
1783359645000,63736.01,1783359645360
1783359646000,63736,1783359646450
1783359647000,63734.05,1783359647361
1783359648000,63734.04,1783359648419
1783359649000,63734.04,1783359649512
1783359650000,63734.04,1783359650424
1783359651000,63734.04,1783359651374
1783359652000,63750.21,1783359652526
1783359653000,63751.84,1783359653387
1783359654000,63751.84,1783359654358
1783359655000,63751.83,1783359655380
1783359656000,63751.83,1783359656555
1783359657000,63751.83,1783359657413
1783359658000,63751.83,1783359658396
1783359659000,63751.84,1783359659523
1783359660000,63751.84,1783359660407
1783359661000,63751.83,1783359661344
1783359662000,63740.4,1783359662495
1783359663000,63740.41,1783359663414
1783359664000,63740.4,1783359664390
1783359665000,63740.4,1783359665462
1783359666000,63740.41,1783359666691
1783359667000,63740.4,1783359667408
1783359668000,63740.4,1783359668331
1783359669000,63740.41,1783359669364
1783359670000,63740.4,1783359670411
1783359671000,63740.4,1783359671425
1783359672000,63740,1783359672479
1783359673000,63740,1783359673552
1783359674000,63739.99,1783359674528
1783359675000,63740,1783359675451
1783359676000,63738.01,1783359676350
1783359677000,63738.01,1783359677443
1783359678000,63738.01,1783359678376
1783359679000,63738.01,1783359679397
1783359680000,63738,1783359680370
1783359681000,63738,1783359681395
1783359682000,63738,1783359682618
1783359683000,63738,1783359683587
1783359684000,63738,1783359684407
1783359685000,63738.01,1783359685415
1783359686000,63738,1783359686455
1783359687000,63736,1783359687378
1783359688000,63736.01,1783359688406
1783359689000,63736,1783359689527
1783359690000,63736.01,1783359690448
1783359691000,63736,1783359691369
1783359692000,63736,1783359692497
1783359693000,63736.01,1783359693420
1783359694000,63736.01,1783359694317
1783359695000,63736.01,1783359695468
1783359696000,63736,1783359696461
1783359697000,63736,1783359697417
1783359698000,63736.01,1783359698386
1783359699000,63736.01,1783359699314
1783359700000,63736.01,1783359700381
1783359701000,63736,1783359701378
1783359702000,63736.01,1783359702430
1783359703000,63732,1783359703559
1783359704000,63728.62,1783359704477
1783359705000,63728.62,1783359705321
1783359706000,63728.62,1783359706433
1783359707000,63728.62,1783359707438
1783359708000,63726.01,1783359708367
1783359709000,63726.01,1783359709444
1783359710000,63726.01,1783359710437
1783359711000,63729.2,1783359711646
1783359712000,63729.2,1783359712427
1783359713000,63729.2,1783359713417
1783359714000,63729.21,1783359714314
1783359715000,63729.2,1783359715394
1783359716000,63726.03,1783359716464
1783359717000,63726.02,1783359717430
1783359718000,63726.03,1783359718359
1783359719000,63726.03,1783359719338
1783359720000,63726.02,1783359720452
1783359721000,63726.02,1783359721472
1783359722000,63726.03,1783359722400
1783359723000,63726.02,1783359723376
1783359724000,63726.03,1783359724495
1783359725000,63726.02,1783359725422
1783359726000,63726.02,1783359726413
1783359727000,63726.02,1783359727503
1783359728000,63726.02,1783359728386
1783359729000,63726.03,1783359729365
1783359730000,63726.03,1783359730401
1783359731000,63726.02,1783359731391
1783359732000,63726.02,1783359732960
1783359733000,63726.02,1783359733575
1783359734000,63726.03,1783359734383
1783359735000,63726.03,1783359735410
1783359736000,63726.03,1783359736376
1783359737000,63726.03,1783359737406
1783359738000,63726.03,1783359738315
1783359739000,63726.03,1783359739377
1783359740000,63726.03,1783359740418
1783359741000,63726.03,1783359741347
1783359742000,63726.03,1783359742345
1783359743000,63726.02,1783359743376
1783359744000,63721.46,1783359744380
1783359745000,63714.7,1783359745412
1783359746000,63714.71,1783359746511
1783359747000,63714.71,1783359747590
1783359748000,63714,1783359748408
1783359749000,63696.01,1783359749385
1783359750000,63696.01,1783359750462
1783359751000,63686.01,1783359751438
1783359752000,63686,1783359752457
1783359753000,63686.01,1783359753632
1783359754000,63686,1783359754447
1783359755000,63686,1783359755578
1783359756000,63664.52,1783359756374
1783359757000,63664.46,1783359757390
1783359758000,63664.47,1783359758415
1783359759000,63666.66,1783359759570
1783359760000,63666.65,1783359760593
1783359761000,63666.66,1783359761355
1783359762000,63664.46,1783359762344
1783359763000,63664.47,1783359763417
1783359764000,63664.47,1783359764389
1783359765000,63664.46,1783359765381
1783359766000,63664.46,1783359766395
1783359767000,63664.46,1783359767505
1783359768000,63664.47,1783359768690
1783359769000,63664.46,1783359769363
1783359770000,63666.66,1783359770628
1783359771000,63677.99,1783359771447
1783359772000,63677.99,1783359772585
1783359773000,63677.99,1783359773597
1783359774000,63677.99,1783359774572
1783359775000,63679.96,1783359775757
1783359776000,63679.96,1783359776514
1783359777000,63679.95,1783359777605
1783359778000,63679.95,1783359778586
1783359779000,63679.95,1783359779642
1783359780000,63679.47,1783359780497
1783359781000,63681.65,1783359781535
1783359782000,63681.64,1783359782515
1783359783000,63688,1783359783634
1783359784000,63688,1783359784471
1783359785000,63693.65,1783359785581
1783359786000,63697.99,1783359786600
1783359787000,63698,1783359787550
1783359788000,63701.99,1783359788516
1783359789000,63701.99,1783359789526
1783359790000,63702.14,1783359790494
1783359791000,63702.14,1783359791624
1783359792000,63711.68,1783359792545
1783359793000,63707.42,1783359793411
1783359794000,63707.41,1783359794639
1783359795000,63707.42,1783359795513
1783359796000,63707.42,1783359796546
1783359797000,63707.42,1783359797527
1783359798000,63707.41,1783359798688
1783359799000,63707.42,1783359799609
1783359800000,63707.42,1783359800412
1783359801000,63707.42,1783359801609
1783359802000,63707.42,1783359802578
1783359803000,63707.42,1783359803706
1783359804000,63707.42,1783359804527
1783359805000,63707.42,1783359805445
1783359806000,63707.42,1783359806482
1783359807000,63707.42,1783359807454
1783359808000,63707.41,1783359808439
1783359809000,63707.42,1783359809542
1783359810000,63711.79,1783359810672
1783359811000,63716.36,1783359811581
1783359812000,63716.37,1783359812518
1783359813000,63716.37,1783359813605
1783359814000,63716.37,1783359814534
1783359815000,63716.37,1783359815544
1783359816000,63716.37,1783359816609
1783359817000,63716.36,1783359817529
1783359818000,63714.43,1783359818409
1783359819000,63714.43,1783359819498
1783359820000,63714.43,1783359820503
1783359821000,63710.83,1783359821523
1783359822000,63710.83,1783359822598
1783359823000,63710.83,1783359823570
1783359824000,63710.82,1783359824543
1783359825000,63710.83,1783359825618
1783359826000,63710.83,1783359826438
1783359827000,63710.83,1783359827501
1783359828000,63710.83,1783359828690
1783359829000,63710.83,1783359829509
1783359830000,63710.83,1783359830434
1783359831000,63710.83,1783359831691
1783359832000,63710.82,1783359832515
1783359833000,63712.86,1783359833435
1783359834000,63714,1783359834634
1783359835000,63720,1783359835417
1783359836000,63720,1783359836470
1783359837000,63719.99,1783359837617
1783359838000,63719.99,1783359838487
1783359839000,63719.99,1783359839682
1783359840000,63720,1783359840735
1783359841000,63716.01,1783359841401
1783359842000,63706.01,1783359842637
1783359843000,63706.01,1783359843390
1783359844000,63706,1783359844727
1783359845000,63706.01,1783359845494
1783359846000,63706.01,1783359846724
1783359847000,63706.01,1783359847513
1783359848000,63706.01,1783359848423
1783359849000,63706.01,1783359849452
1783359850000,63706.01,1783359850602
1783359851000,63707.99,1783359851442
1783359852000,63708,1783359852514
1783359853000,63710,1783359853427
1783359854000,63709.99,1783359854559
1783359855000,63711.99,1783359855422
1783359856000,63712,1783359856457
1783359857000,63712,1783359857636
1783359858000,63712,1783359858661
1783359859000,63712,1783359859390
1783359860000,63711.99,1783359860459
1783359861000,63712,1783359861765
1783359862000,63712,1783359862458
1783359863000,63711.99,1783359863620
1783359864000,63711.99,1783359864543
1783359865000,63710.01,1783359865552
1783359866000,63710,1783359866498
1783359867000,63710.01,1783359867394
1783359868000,63710.01,1783359868593
1783359869000,63710,1783359869443
1783359870000,63710.01,1783359870640
1783359871000,63708.93,1783359871458
1783359872000,63708.92,1783359872780
1783359873000,63708.92,1783359873419
1783359874000,63708.93,1783359874647
1783359875000,63708.92,1783359875432
1783359876000,63708.92,1783359876415
1783359877000,63708.93,1783359877707
1783359878000,63711.99,1783359878679
1783359879000,63711.99,1783359879650
1783359880000,63712,1783359880984
1783359881000,63711.99,1783359881735
1783359882000,63729.93,1783359882415
1783359883000,63728.5,1783359883477
1783359884000,63728.51,1783359884409
1783359885000,63728.01,1783359885393
1783359886000,63722.01,1783359886411
1783359887000,63722.01,1783359887785
1783359888000,63722,1783359888776
1783359889000,63722.01,1783359889689
1783359890000,63722.01,1783359890540
1783359891000,63722,1783359891578
1783359892000,63722,1783359892386
1783359893000,63722,1783359893636
1783359894000,63722,1783359894437
1783359895000,63712.01,1783359895457
1783359896000,63712,1783359896480
1783359897000,63712,1783359897414
1783359898000,63712,1783359898530
1783359899000,63712,1783359899553
1783359900000,63708,1783359900577
1783359901000,63694.01,1783359901455
1783359902000,63690.01,1783359902606
1783359903000,63686.01,1783359903508
1783359904000,63680.01,1783359904467
1783359905000,63676.01,1783359905479
1783359906000,63676.01,1783359906480
1783359907000,63690.97,1783359907540
1783359908000,63690.97,1783359908462
1783359909000,63690.97,1783359909485
1783359910000,63690.96,1783359910619
1783359911000,63687.01,1783359911738
1783359912000,63687.01,1783359912462
1783359913000,63687,1783359913428
1783359914000,63687,1783359914338
1783359915000,63687,1783359915339
1783359916000,63687.01,1783359916448
1783359917000,63687.01,1783359917393
1783359918000,63680.01,1783359918381
1783359919000,63664.46,1783359919378
1783359920000,63664.47,1783359920424
1783359921000,63664.46,1783359921671
1783359922000,63664.46,1783359922388
1783359923000,63664.46,1783359923372
1783359924000,63664.46,1783359924436
1783359925000,63664.47,1783359925564
1783359926000,63660.04,1783359926485
1783359927000,63650.01,1783359927350
1783359928000,63657.29,1783359928442
1783359929000,63657.99,1783359929659
1783359930000,63670,1783359930477
1783359931000,63672.11,1783359931399
1783359932000,63674,1783359932437
1783359933000,63674.01,1783359933551
1783359934000,63677.04,1783359934571
1783359935000,63677.04,1783359935308
1783359936000,63677.05,1783359936370
1783359937000,63678,1783359937425
1783359938000,63677.99,1783359938472
1783359939000,63677.99,1783359939345
1783359940000,63678,1783359940410
1783359941000,63677.99,1783359941347
1783359942000,63679.99,1783359942413
1783359943000,63679.99,1783359943383
1783359944000,63679.99,1783359944316
1783359945000,63679.27,1783359945332
1783359946000,63678,1783359946443
1783359947000,63678,1783359947407
1783359948000,63678.01,1783359948440
1783359949000,63680,1783359949361
1783359950000,63679.99,1783359950445
1783359951000,63679.99,1783359951487
1783359952000,63681.02,1783359952401
1783359953000,63681.02,1783359953623
1783359954000,63684.22,1783359954345
1783359955000,63696,1783359955566
1783359956000,63695.99,1783359956511
1783359957000,63696,1783359957422
1783359958000,63695.99,1783359958327
1783359959000,63695.99,1783359959472
1783359960000,63695.99,1783359960380
1783359961000,63695.99,1783359961402
1783359962000,63696,1783359962427
1783359963000,63695.99,1783359963613
1783359964000,63696,1783359964475
1783359965000,63696,1783359965601
1783359966000,63695.99,1783359966364
1783359967000,63696,1783359967547
1783359968000,63696,1783359968322
1783359969000,63696,1783359969446
1783359970000,63700,1783359970429
1783359971000,63700,1783359971405
1783359972000,63721.59,1783359972362
1783359973000,63721.58,1783359973385
1783359974000,63721.58,1783359974384
1783359975000,63721.59,1783359975337
1783359976000,63721.59,1783359976440
1783359977000,63721.58,1783359977480
1783359978000,63721.59,1783359978506
1783359979000,63721.59,1783359979382
1783359980000,63721.59,1783359980449
1783359981000,63721.59,1783359981395
1783359982000,63721.58,1783359982367
1783359983000,63721.59,1783359983368
1783359984000,63721.59,1783359984331
1783359985000,63721.58,1783359985321
1783359986000,63721.59,1783359986389
1783359987000,63721.59,1783359987379
1783359988000,63721.59,1783359988335
1783359989000,63721.59,1783359989356
1783359990000,63721.59,1783359990324
1783359991000,63721.59,1783359991315
1783359992000,63721.59,1783359992432
1783359993000,63721.58,1783359993350
1783359994000,63721.58,1783359994386
1783359995000,63721.58,1783359995503
1783359996000,63721.58,1783359996323
1783359997000,63721.59,1783359997389
1783359998000,63721.59,1783359998332
1783359999000,63719.19,1783359999378
1783360000000,63716.01,1783360000474
1783360001000,63716,1783360001354
1783360002000,63716.01,1783360002576
1783360003000,63716.01,1783360003401
1783360004000,63721.59,1783360004524
1783360005000,63721.58,1783360005446
1783360006000,63721.58,1783360006356
1783360007000,63721.59,1783360007325
1783360008000,63721.58,1783360008505
1783360009000,63716.01,1783360009329
1783360010000,63716.01,1783360010661
1783360011000,63716.01,1783360011680
1783360012000,63716,1783360012467
1783360013000,63716,1783360013383
1783360014000,63716,1783360014767
1783360015000,63718,1783360015429
1783360016000,63718,1783360016303
1783360017000,63717.99,1783360017400
1783360018000,63718,1783360018418
1783360019000,63718,1783360019407
1783360020000,63717.99,1783360020331
1783360021000,63724,1783360021410
1783360022000,63724,1783360022336
1783360023000,63731.52,1783360023459
1783360024000,63731.52,1783360024340
1783360025000,63724,1783360025325
1783360026000,63724.01,1783360026344
1783360027000,63724,1783360027347
1783360028000,63724.01,1783360028374
1783360029000,63720.3,1783360029393
1783360030000,63718.01,1783360030353
1783360031000,63718,1783360031331
1783360032000,63718.01,1783360032306
1783360033000,63718.01,1783360033494
1783360034000,63718.01,1783360034439
1783360035000,63718,1783360035337
1783360036000,63718,1783360036355
1783360037000,63708.01,1783360037483
1783360038000,63708,1783360038320
1783360039000,63708.01,1783360039352
1783360040000,63708,1783360040477
1783360041000,63708,1783360041481
1783360042000,63704,1783360042431
1783360043000,63704,1783360043381
1783360044000,63704.01,1783360044686
1783360045000,63704.01,1783360045475
1783360046000,63704.01,1783360046498
1783360047000,63704,1783360047373
1783360048000,63704,1783360048445
1783360049000,63704.01,1783360049317
1783360050000,63704.01,1783360050395
1783360051000,63704,1783360051380
1783360052000,63702,1783360052440
1783360053000,63702,1783360053390
1783360054000,63702,1783360054489
1783360055000,63702.01,1783360055491
1783360056000,63702,1783360056386
1783360057000,63702,1783360057455
1783360058000,63702,1783360058312
1783360059000,63702.01,1783360059345
1783360060000,63702,1783360060426
1783360061000,63702,1783360061604
1783360062000,63702.01,1783360062456
1783360063000,63702,1783360063468
1783360064000,63702,1783360064504
1783360065000,63702,1783360065603
1783360066000,63702,1783360066525
1783360067000,63702,1783360067500
1783360068000,63702,1783360068515
1783360069000,63702.01,1783360069335
1783360070000,63702.01,1783360070477
1783360071000,63702.01,1783360071505
1783360072000,63702,1783360072465
1783360073000,63702,1783360073510
1783360074000,63702.01,1783360074527
1783360075000,63702.01,1783360075535
1783360076000,63702.01,1783360076519
1783360077000,63702.01,1783360077543
1783360078000,63703.99,1783360078463
1783360079000,63704,1783360079575
1783360080000,63704,1783360080510
1783360081000,63703.99,1783360081829
1783360082000,63706.19,1783360082495
1783360083000,63709.99,1783360083521
1783360084000,63716,1783360084450
1783360085000,63719.99,1783360085553
1783360086000,63721.59,1783360086539
1783360087000,63725,1783360087563
1783360088000,63724.99,1783360088585
1783360089000,63725,1783360089511
1783360090000,63724.99,1783360090438
1783360091000,63724.98,1783360091542
1783360092000,63724.98,1783360092468
1783360093000,63724.98,1783360093542
1783360094000,63724.98,1783360094393
1783360095000,63724.99,1783360095549
1783360096000,63724.99,1783360096627
1783360097000,63724.98,1783360097598
1783360098000,63723.64,1783360098471
1783360099000,63723.64,1783360099513
1783360100000,63723.64,1783360100568
1783360101000,63723.64,1783360101464
1783360102000,63723.64,1783360102443
1783360103000,63723.64,1783360103471
1783360104000,63723.63,1783360104521
1783360105000,63723.63,1783360105482
1783360106000,63720.44,1783360106499
1783360107000,63718.01,1783360107569
1783360108000,63718.01,1783360108561
1783360109000,63718.01,1783360109489
1783360110000,63718.01,1783360110557
1783360111000,63718,1783360111421
1783360112000,63718,1783360112444
1783360113000,63718.01,1783360113676
1783360114000,63718.01,1783360114384
1783360115000,63718.01,1783360115580
1783360116000,63718,1783360116670
1783360117000,63718.01,1783360117435
1783360118000,63698,1783360118491
1783360119000,63698.01,1783360119458
1783360120000,63698.01,1783360120614
1783360121000,63698,1783360121508
1783360122000,63698,1783360122510
1783360123000,63696.01,1783360123497
1783360124000,63696.01,1783360124480
1783360125000,63696,1783360125495
1783360126000,63696,1783360126477
1783360127000,63696,1783360127550
1783360128000,63696,1783360128417
1783360129000,63696,1783360129648
1783360130000,63696,1783360130453
1783360131000,63695.09,1783360131705
1783360132000,63695.09,1783360132424
1783360133000,63692,1783360133449
1783360134000,63692,1783360134462
1783360135000,63692,1783360135432
1783360136000,63692,1783360136563
1783360137000,63692.01,1783360137636
1783360138000,63692,1783360138516
1783360139000,63692.01,1783360139471
1783360140000,63690,1783360140473
1783360141000,63690,1783360141425
1783360142000,63690,1783360142449
1783360143000,63690,1783360143632
1783360144000,63690.01,1783360144418
1783360145000,63690.01,1783360145460
1783360146000,63690,1783360146545
1783360147000,63678.02,1783360147467
1783360148000,63678.01,1783360148596
1783360149000,63678.01,1783360149557
1783360150000,63678.01,1783360150494
1783360151000,63672.95,1783360151460
1783360152000,63666.53,1783360152488
1783360153000,63666.53,1783360153441
1783360154000,63666.53,1783360154451
1783360155000,63666.52,1783360155398
1783360156000,63664.02,1783360156585
1783360157000,63660,1783360157607
1783360158000,63660.01,1783360158526
1783360159000,63660.01,1783360159448
1783360160000,63660,1783360160441
1783360161000,63660,1783360161548
1783360162000,63666.26,1783360162520
1783360163000,63670,1783360163437
1783360164000,63670,1783360164449
1783360165000,63669.99,1783360165676
1783360166000,63669.99,1783360166691
1783360167000,63669.99,1783360167448
1783360168000,63678,1783360168663
1783360169000,63678,1783360169466
1783360170000,63678.89,1783360170509
1783360171000,63689.62,1783360171533
1783360172000,63689.87,1783360172446
1783360173000,63689.87,1783360173682
1783360174000,63689.88,1783360174420
1783360175000,63689.87,1783360175733
1783360176000,63689.87,1783360176450
1783360177000,63689.87,1783360177466
1783360178000,63689.87,1783360178536
1783360179000,63689.87,1783360179438
1783360180000,63689.87,1783360180442
1783360181000,63686,1783360181464
1783360182000,63682.01,1783360182590
1783360183000,63680.59,1783360183614
1783360184000,63680.59,1783360184583
1783360185000,63680.02,1783360185465
1783360186000,63680.01,1783360186441
1783360187000,63680.02,1783360187713
1783360188000,63680.02,1783360188409
1783360189000,63680.01,1783360189451
1783360190000,63680,1783360190577
1783360191000,63680,1783360191500
1783360192000,63674.25,1783360192429
1783360193000,63674.25,1783360193498
1783360194000,63674.24,1783360194401
1783360195000,63674.24,1783360195415
1783360196000,63674.24,1783360196571
1783360197000,63674.24,1783360197696
1783360198000,63674.25,1783360198534
1783360199000,63674.25,1783360199588
1783360200000,63674.25,1783360200510
1783360201000,63677.99,1783360201636
1783360202000,63703.99,1783360202558
1783360203000,63703.99,1783360203636
1783360204000,63704.58,1783360204607
1783360205000,63704.58,1783360205459
1783360206000,63704.59,1783360206554
1783360207000,63704.59,1783360207563
1783360208000,63704.58,1783360208704
1783360209000,63704.59,1783360209522
1783360210000,63704.59,1783360210404
1783360211000,63704.58,1783360211570
1783360212000,63704.58,1783360212481
1783360213000,63704,1783360213484
1783360214000,63703.99,1783360214490
1783360215000,63702.01,1783360215510
1783360216000,63702.01,1783360216459
1783360217000,63702.44,1783360217464
1783360218000,63704.58,1783360218431
1783360219000,63712.75,1783360219557
1783360220000,63712.74,1783360220479
1783360221000,63714,1783360221708
1783360222000,63715.23,1783360222424
1783360223000,63720.53,1783360223493
1783360224000,63720.54,1783360224527
1783360225000,63723.77,1783360225467
1783360226000,63723.77,1783360226623
1783360227000,63735.99,1783360227647
1783360228000,63736,1783360228414
1783360229000,63736,1783360229541
1783360230000,63736,1783360230503
1783360231000,63737.99,1783360231435
1783360232000,63737.99,1783360232464
1783360233000,63737.99,1783360233422
1783360234000,63739.64,1783360234612
1783360235000,63739.99,1783360235459
1783360236000,63741.01,1783360236557
1783360237000,63741.01,1783360237683
1783360238000,63740.01,1783360238450
1783360239000,63740.01,1783360239592
1783360240000,63740.01,1783360240654
1783360241000,63740.01,1783360241487
1783360242000,63738.6,1783360242454
1783360243000,63738.59,1783360243589
1783360244000,63738.59,1783360244522
1783360245000,63738.59,1783360245466
1783360246000,63738.59,1783360246500
1783360247000,63738.59,1783360247440
1783360248000,63738.6,1783360248452
1783360249000,63738.6,1783360249511
1783360250000,63741.02,1783360250593
1783360251000,63741.15,1783360251611
1783360252000,63742,1783360252528
1783360253000,63746,1783360253432
1783360254000,63749.99,1783360254477
1783360255000,63749.99,1783360255437
1783360256000,63749.99,1783360256538
1783360257000,63750,1783360257454
1783360258000,63749.99,1783360258572
1783360259000,63751.84,1783360259496
1783360260000,63751.84,1783360260429
1783360261000,63751.84,1783360261439
1783360262000,63758,1783360262361
1783360263000,63758.76,1783360263519
1783360264000,63758.77,1783360264444
1783360265000,63757.99,1783360265740
1783360266000,63757.37,1783360266376
1783360267000,63757.38,1783360267515
1783360268000,63757.37,1783360268471
1783360269000,63754.09,1783360269448
1783360270000,63754.08,1783360270519
1783360271000,63754.09,1783360271566
1783360272000,63754.08,1783360272498
1783360273000,63754.09,1783360273476
1783360274000,63754.08,1783360274546
1783360275000,63754.09,1783360275481
1783360276000,63754.08,1783360276511
1783360277000,63754.09,1783360277620
1783360278000,63754.08,1783360278440
1783360279000,63754.09,1783360279467
1783360280000,63754.08,1783360280387
1783360281000,63754.08,1783360281414
1783360282000,63754.08,1783360282446
1783360283000,63754.09,1783360283558
1783360284000,63754.09,1783360284582
1783360285000,63754.09,1783360285504
1783360286000,63754.08,1783360286425
1783360287000,63754.08,1783360287452
1783360288000,63754.08,1783360288473
1783360289000,63754.08,1783360289497
1783360290000,63754.09,1783360290540
1783360291000,63754.08,1783360291597
1783360292000,63754.08,1783360292624
1783360293000,63754.08,1783360293491
1783360294000,63754.08,1783360294445
1783360295000,63754.08,1783360295416
1783360296000,63754.08,1783360296623
1783360297000,63754.08,1783360297537
1783360298000,63754.09,1783360298564
1783360299000,63754.09,1783360299438
1783360300000,63754.08,1783360300509
1783360301000,63754.08,1783360301383
1783360302000,63754.08,1783360302502
1783360303000,63754.08,1783360303420
1783360304000,63754.08,1783360304403
1783360305000,63754.08,1783360305548
1783360306000,63754.08,1783360306394
1783360307000,63754.08,1783360307451
1783360308000,63754.08,1783360308491
1783360309000,63755.91,1783360309465
1783360310000,63755.91,1783360310440
1783360311000,63755.91,1783360311394
1783360312000,63755.91,1783360312445
1783360313000,63755.91,1783360313525
1783360314000,63755.91,1783360314411
1783360315000,63738.6,1783360315393
1783360316000,63738.01,1783360316480
1783360317000,63738.01,1783360317415
1783360318000,63738,1783360318580
1783360319000,63738.01,1783360319603
1783360320000,63738,1783360320526
1783360321000,63752,1783360321415
1783360322000,63756.52,1783360322490
1783360323000,63756.52,1783360323480
1783360324000,63756.51,1783360324469
1783360325000,63756.52,1783360325589
1783360326000,63756.52,1783360326426
1783360327000,63756.51,1783360327441
1783360328000,63756.52,1783360328415
1783360329000,63750.01,1783360329451
1783360330000,63750.01,1783360330408
1783360331000,63738,1783360331379
1783360332000,63728.01,1783360332506
1783360333000,63724.01,1783360333697
1783360334000,63724.01,1783360334524
1783360335000,63714,1783360335578
1783360336000,63714.01,1783360336499
1783360337000,63714,1783360337524
1783360338000,63714.01,1783360338513
1783360339000,63710.02,1783360339384
1783360340000,63710.02,1783360340493
1783360341000,63710.01,1783360341502
1783360342000,63710,1783360342420
1783360343000,63710,1783360343463
1783360344000,63702.01,1783360344439
1783360345000,63702,1783360345324
1783360346000,63669.4,1783360346435
1783360347000,63668.43,1783360347509
1783360348000,63668.43,1783360348438
1783360349000,63668.44,1783360349405
1783360350000,63668.44,1783360350397
1783360351000,63668.43,1783360351466
1783360352000,63668.43,1783360352477
1783360353000,63668.43,1783360353616
1783360354000,63668.44,1783360354430
1783360355000,63669.78,1783360355475
1783360356000,63667.55,1783360356474
1783360357000,63660.01,1783360357560
1783360358000,63660.01,1783360358524
1783360359000,63660.01,1783360359543
1783360360000,63660,1783360360411
1783360361000,63660,1783360361383
1783360362000,63660,1783360362395
1783360363000,63660,1783360363728
1783360364000,63660,1783360364413
1783360365000,63660.01,1783360365415
1783360366000,63663.99,1783360366708
1783360367000,63667.18,1783360367565
1783360368000,63667.18,1783360368410
1783360369000,63667.19,1783360369527
1783360370000,63667.18,1783360370447
1783360371000,63667.18,1783360371576
1783360372000,63667.18,1783360372405
1783360373000,63667.18,1783360373467
1783360374000,63660.01,1783360374393
1783360375000,63660.01,1783360375514
1783360376000,63660,1783360376625
1783360377000,63660,1783360377453
1783360378000,63659.96,1783360378427
1783360379000,63658,1783360379506
1783360380000,63658,1783360380532
1783360381000,63650,1783360381406
1783360382000,63650,1783360382677
1783360383000,63650,1783360383483
1783360384000,63650,1783360384476
1783360385000,63650,1783360385755
1783360386000,63650,1783360386524
1783360387000,63650,1783360387399
1783360388000,63653.99,1783360388470
1783360389000,63653.99,1783360389496
1783360390000,63655.57,1783360390470
1783360391000,63659.98,1783360391404
1783360392000,63659.99,1783360392389
1783360393000,63659.98,1783360393540
1783360394000,63657.05,1783360394551
1783360395000,63657.05,1783360395432
1783360396000,63657.06,1783360396438
1783360397000,63656,1783360397497
1783360398000,63654,1783360398453
1783360399000,63653.99,1783360399580
1783360400000,63652,1783360400408
1783360401000,63644.01,1783360401426
1783360402000,63644.01,1783360402421
1783360403000,63642.01,1783360403675
1783360404000,63642.01,1783360404512
1783360405000,63625.64,1783360405508
1783360406000,63628.43,1783360406463
1783360407000,63618.01,1783360407575
1783360408000,63622.95,1783360408488
1783360409000,63628.83,1783360409388
1783360410000,63629.99,1783360410562
1783360411000,63629.99,1783360411524
1783360412000,63638,1783360412420
1783360413000,63638,1783360413564
1783360414000,63637.99,1783360414680
1783360415000,63638,1783360415617
1783360416000,63636.66,1783360416493
1783360417000,63636.59,1783360417406
1783360418000,63636.04,1783360418566
1783360419000,63636.04,1783360419620
1783360420000,63638.22,1783360420555
1783360421000,63638.51,1783360421618
1783360422000,63644.01,1783360422391
1783360423000,63644.01,1783360423422
1783360424000,63644,1783360424413
1783360425000,63644,1783360425540
1783360426000,63644,1783360426461
1783360427000,63645.99,1783360427510
1783360428000,63645.99,1783360428508
1783360429000,63645.99,1783360429480
1783360430000,63646,1783360430504
1783360431000,63645.99,1783360431409
1783360432000,63638.52,1783360432369
1783360433000,63632.01,1783360433578
1783360434000,63628.01,1783360434451
1783360435000,63628.01,1783360435433
1783360436000,63618,1783360436559
1783360437000,63618.01,1783360437672
1783360438000,63618,1783360438335
1783360439000,63618.01,1783360439466
1783360440000,63620.68,1783360440413
1783360441000,63620.68,1783360441565
1783360442000,63620.68,1783360442363
1783360443000,63624,1783360443566
1783360444000,63625.99,1783360444507
1783360445000,63625.99,1783360445479
1783360446000,63625.99,1783360446523
1783360447000,63625.99,1783360447503
1783360448000,63625.99,1783360448526
1783360449000,63626,1783360449396
1783360450000,63626,1783360450474
1783360451000,63627.98,1783360451434
1783360452000,63627.98,1783360452419
1783360453000,63630,1783360453387
1783360454000,63630,1783360454390
1783360455000,63630,1783360455463
1783360456000,63629.99,1783360456400
1783360457000,63622.01,1783360457409
1783360458000,63620.88,1783360458666
1783360459000,63618.01,1783360459381
1783360460000,63618.01,1783360460580
1783360461000,63618.01,1783360461532
1783360462000,63618.01,1783360462555
1783360463000,63618.01,1783360463487
1783360464000,63618,1783360464706
1783360465000,63618.01,1783360465476
1783360466000,63618.01,1783360466899
1783360467000,63618.01,1783360467396
1783360468000,63629.99,1783360468554
1783360469000,63630,1783360469476
1783360470000,63630,1783360470571
1783360471000,63629.99,1783360471464
1783360472000,63629.99,1783360472693
1783360473000,63621.52,1783360473412
1783360474000,63621.53,1783360474537
1783360475000,63621.52,1783360475563
1783360476000,63621.52,1783360476588
1783360477000,63622.24,1783360477430
1783360478000,63622.24,1783360478397
1783360479000,63622.24,1783360479668
1783360480000,63622.23,1783360480482
1783360481000,63622.23,1783360481413
1783360482000,63622.23,1783360482432
1783360483000,63622.24,1783360483437
1783360484000,63622.23,1783360484428
1783360485000,63621.52,1783360485494
1783360486000,63621.53,1783360486471
1783360487000,63621.52,1783360487542
1783360488000,63621.52,1783360488551
1783360489000,63621.52,1783360489604
1783360490000,63621.52,1783360490410
1783360491000,63620.01,1783360491515
1783360492000,63618,1783360492563
1783360493000,63618,1783360493581
1783360494000,63618.01,1783360494505
1783360495000,63618.01,1783360495529
1783360496000,63618.01,1783360496553
1783360497000,63618.01,1783360497629
1783360498000,63618.01,1783360498406
1783360499000,63618.01,1783360499470
1783360500000,63618,1783360500368
1783360501000,63618.01,1783360501432
1783360502000,63618.01,1783360502493
1783360503000,63618,1783360503436
1783360504000,63618.01,1783360504441
1783360505000,63618,1783360505464
1783360506000,63618,1783360506464
1783360507000,63618.01,1783360507510
1783360508000,63618.01,1783360508433
1783360509000,63618.01,1783360509509
1783360510000,63623.5,1783360510378
1783360511000,63623.5,1783360511385
1783360512000,63623.5,1783360512371
1783360513000,63623.5,1783360513398
1783360514000,63623.51,1783360514611
1783360515000,63623.5,1783360515389
1783360516000,63623.5,1783360516399
1783360517000,63623.51,1783360517454
1783360518000,63623.5,1783360518439
1783360519000,63623.51,1783360519393
1783360520000,63623.5,1783360520402
1783360521000,63623.5,1783360521415
1783360522000,63623.5,1783360522380
1783360523000,63623.5,1783360523449
1783360524000,63623.5,1783360524540
1783360525000,63623.5,1783360525539
1783360526000,63623.5,1783360526397
1783360527000,63623.5,1783360527411
1783360528000,63623.51,1783360528453
1783360529000,63623.5,1783360529418
1783360530000,63623.51,1783360530500
1783360531000,63623.51,1783360531436
1783360532000,63623.51,1783360532422
1783360533000,63618.01,1783360533525
1783360534000,63618.01,1783360534394
1783360535000,63618,1783360535568
1783360536000,63614.52,1783360536373
1783360537000,63614.51,1783360537379
1783360538000,63610.01,1783360538591
1783360539000,63610,1783360539460
1783360540000,63610,1783360540483
1783360541000,63610,1783360541562
1783360542000,63610.01,1783360542431
1783360543000,63610.01,1783360543376
1783360544000,63610.01,1783360544366
1783360545000,63610,1783360545520
1783360546000,63610,1783360546471
1783360547000,63610.01,1783360547396
1783360548000,63610,1783360548393
1783360549000,63610.01,1783360549505
1783360550000,63610,1783360550426
1783360551000,63610,1783360551492
1783360552000,63610,1783360552414
1783360553000,63610.01,1783360553440
1783360554000,63610.01,1783360554464
1783360555000,63610.01,1783360555741
1783360556000,63610.01,1783360556353
1783360557000,63610,1783360557346
1783360558000,63610,1783360558384
1783360559000,63610.01,1783360559414
1783360560000,63610,1783360560416
1783360561000,63615.74,1783360561578
1783360562000,63620,1783360562602
1783360563000,63620,1783360563399
1783360564000,63620,1783360564348
1783360565000,63619.99,1783360565430
1783360566000,63619.99,1783360566458
1783360567000,63620,1783360567415
1783360568000,63614,1783360568398
1783360569000,63614,1783360569565
1783360570000,63614,1783360570350
1783360571000,63610.01,1783360571384
1783360572000,63597.8,1783360572383
1783360573000,63597.82,1783360573412
1783360574000,63597.82,1783360574541
1783360575000,63597.82,1783360575422
1783360576000,63604,1783360576578
1783360577000,63604,1783360577572
1783360578000,63604,1783360578425
1783360579000,63604,1783360579601
1783360580000,63604,1783360580555
1783360581000,63592.22,1783360581450
1783360582000,63594.28,1783360582470
1783360583000,63594.28,1783360583590
1783360584000,63594.29,1783360584516
1783360585000,63595.72,1783360585381
1783360586000,63595.73,1783360586381
1783360587000,63600.79,1783360587367
1783360588000,63600.8,1783360588504
1783360589000,63600.8,1783360589385
1783360590000,63600.8,1783360590457
1783360591000,63600.79,1783360591582
1783360592000,63600.79,1783360592454
1783360593000,63609.11,1783360593430
1783360594000,63609.11,1783360594374
1783360595000,63603.83,1783360595403
1783360596000,63602.03,1783360596406
1783360597000,63602,1783360597389
1783360598000,63602,1783360598556
1783360599000,63600.28,1783360599467
1783360600000,63600.28,1783360600365
1783360601000,63600,1783360601396
1783360602000,63585.53,1783360602539
1783360603000,63585.53,1783360603378
1783360604000,63585.52,1783360604509
1783360605000,63585.52,1783360605579
1783360606000,63585.52,1783360606436
1783360607000,63585.53,1783360607486
1783360608000,63585.53,1783360608547
1783360609000,63580.98,1783360609392
1783360610000,63580.98,1783360610423
1783360611000,63580.97,1783360611432
1783360612000,63580.97,1783360612574
1783360613000,63580.97,1783360613496
1783360614000,63580.98,1783360614407
1783360615000,63583.99,1783360615545
1783360616000,63584,1783360616630
1783360617000,63583.99,1783360617361
1783360618000,63583.99,1783360618420
1783360619000,63583.99,1783360619539
1783360620000,63583.99,1783360620665
1783360621000,63580,1783360621470
1783360622000,63580,1783360622520
1783360623000,63583.21,1783360623414
1783360624000,63583.99,1783360624360
1783360625000,63584,1783360625477
1783360626000,63583.99,1783360626353
1783360627000,63583.99,1783360627525
1783360628000,63577.63,1783360628383
1783360629000,63577.63,1783360629522
1783360630000,63577.63,1783360630411
1783360631000,63577.63,1783360631380
1783360632000,63577.63,1783360632441
1783360633000,63577.63,1783360633568
1783360634000,63577.62,1783360634488
1783360635000,63581.99,1783360635512
1783360636000,63587.17,1783360636400
1783360637000,63587.18,1783360637431
1783360638000,63587.18,1783360638410
1783360639000,63584.05,1783360639509
1783360640000,63578.01,1783360640481
1783360641000,63578,1783360641453
1783360642000,63578,1783360642370
1783360643000,63578.01,1783360643648
1783360644000,63578,1783360644397
1783360645000,63578.01,1783360645385
1783360646000,63578,1783360646551
1783360647000,63578,1783360647343
1783360648000,63578,1783360648380
1783360649000,63578.01,1783360649644
1783360650000,63578.01,1783360650566
1783360651000,63578,1783360651488
1783360652000,63578,1783360652614
1783360653000,63578,1783360653355
1783360654000,63578,1783360654427
1783360655000,63578,1783360655414
1783360656000,63578,1783360656407
1783360657000,63578,1783360657529
1783360658000,63578,1783360658471
1783360659000,63578.01,1783360659423
1783360660000,63578.02,1783360660453
1783360661000,63578.02,1783360661420
1783360662000,63578.02,1783360662605
1783360663000,63570.16,1783360663358
1783360664000,63570.16,1783360664423
1783360665000,63570.17,1783360665423
1783360666000,63570.16,1783360666411
1783360667000,63570.16,1783360667409
1783360668000,63570.17,1783360668333
1783360669000,63570.17,1783360669445
1783360670000,63570.17,1783360670428
1783360671000,63570.17,1783360671369
1783360672000,63570.16,1783360672479
1783360673000,63570.16,1783360673413
1783360674000,63570.17,1783360674401
1783360675000,63572.13,1783360675383
1783360676000,63573.99,1783360676575
1783360677000,63577.99,1783360677701
1783360678000,63577.99,1783360678572
1783360679000,63577.99,1783360679442
1783360680000,63578,1783360680520
1783360681000,63578,1783360681373
1783360682000,63577.99,1783360682415
1783360683000,63583.98,1783360683437
1783360684000,63585.99,1783360684416
1783360685000,63585.99,1783360685588
1783360686000,63585.99,1783360686407
1783360687000,63585.99,1783360687410
1783360688000,63585.99,1783360688359
1783360689000,63586,1783360689356
1783360690000,63586,1783360690399
1783360691000,63586,1783360691463
1783360692000,63585.99,1783360692398
1783360693000,63586,1783360693380
1783360694000,63585.99,1783360694495
1783360695000,63585.99,1783360695438
1783360696000,63586,1783360696314
1783360697000,63586,1783360697543
1783360698000,63586,1783360698591
1783360699000,63586,1783360699386
1783360700000,63587.18,1783360700387
1783360701000,63587.18,1783360701562
1783360702000,63587.18,1783360702585
1783360703000,63587.18,1783360703377
1783360704000,63587.18,1783360704335
1783360705000,63587.17,1783360705555
1783360706000,63587.17,1783360706425
1783360707000,63584.01,1783360707501
1783360708000,63584.01,1783360708371
1783360709000,63584,1783360709549
1783360710000,63584.01,1783360710394
1783360711000,63584.01,1783360711597
1783360712000,63584.01,1783360712395
1783360713000,63584,1783360713594
1783360714000,63584.01,1783360714653
1783360715000,63584,1783360715396
1783360716000,63582.01,1783360716433
1783360717000,63582.01,1783360717393
1783360718000,63582.01,1783360718363
1783360719000,63582.01,1783360719585
1783360720000,63582.01,1783360720505
1783360721000,63582.01,1783360721530
1783360722000,63582.01,1783360722531
1783360723000,63582.01,1783360723586
1783360724000,63582,1783360724521
1783360725000,63582.01,1783360725441
1783360726000,63582.01,1783360726548
1783360727000,63582,1783360727405
1783360728000,63580.83,1783360728494
1783360729000,63580.83,1783360729382
1783360730000,63580.82,1783360730541
1783360731000,63580.82,1783360731466
1783360732000,63580.82,1783360732589
1783360733000,63580.83,1783360733408
1783360734000,63580.83,1783360734380
1783360735000,63578,1783360735366
1783360736000,63578,1783360736383
1783360737000,63578,1783360737362
1783360738000,63578,1783360738473
1783360739000,63578,1783360739502
1783360740000,63578.01,1783360740419
1783360741000,63578.01,1783360741439
1783360742000,63578.77,1783360742676
1783360743000,63579.32,1783360743382
1783360744000,63579.31,1783360744413
1783360745000,63580,1783360745407
1783360746000,63580,1783360746362
1783360747000,63580.83,1783360747388
1783360748000,63580.83,1783360748461
1783360749000,63580.83,1783360749375
1783360750000,63580.82,1783360750407
1783360751000,63587,1783360751368
1783360752000,63586.99,1783360752342
1783360753000,63586.99,1783360753695
1783360754000,63586.99,1783360754505
1783360755000,63587,1783360755386
1783360756000,63586.99,1783360756398
1783360757000,63587,1783360757370
1783360758000,63587.81,1783360758446
1783360759000,63587.81,1783360759436
1783360760000,63587.8,1783360760633
1783360761000,63587.8,1783360761569
1783360762000,63589.76,1783360762514
1783360763000,63593.99,1783360763463
1783360764000,63593.99,1783360764539
1783360765000,63594,1783360765460
1783360766000,63593.99,1783360766402
1783360767000,63594,1783360767422
1783360768000,63594,1783360768534
1783360769000,63594,1783360769397
1783360770000,63593.06,1783360770436
1783360771000,63592.77,1783360771451
1783360772000,63590.92,1783360772366
1783360773000,63587,1783360773410
1783360774000,63586.01,1783360774523
1783360775000,63584.01,1783360775398
1783360776000,63584,1783360776621
1783360777000,63584.01,1783360777409
1783360778000,63584,1783360778464
1783360779000,63584,1783360779345
1783360780000,63584.01,1783360780513
1783360781000,63582.01,1783360781639
1783360782000,63582.01,1783360782367
1783360783000,63582.01,1783360783383
1783360784000,63587.37,1783360784464
1783360785000,63587.37,1783360785401
1783360786000,63587.38,1783360786458
1783360787000,63587.38,1783360787581
1783360788000,63587.38,1783360788383
1783360789000,63587.38,1783360789426
1783360790000,63587.38,1783360790360
1783360791000,63587.37,1783360791450
1783360792000,63587.37,1783360792493
1783360793000,63587.37,1783360793518
1783360794000,63587.38,1783360794508
1783360795000,63587.38,1783360795566
1783360796000,63587.37,1783360796589
1783360797000,63587.37,1783360797512
1783360798000,63587.37,1783360798535
1783360799000,63587.38,1783360799543
1783360800000,63587.38,1783360800481
1783360801000,63589.99,1783360801361
1783360802000,63604.73,1783360802427
1783360803000,63598.48,1783360803441
1783360804000,63598.47,1783360804370
1783360805000,63598.48,1783360805603
1783360806000,63592.39,1783360806432
1783360807000,63585.99,1783360807444
1783360808000,63578.02,1783360808419
1783360809000,63587.78,1783360809406
1783360810000,63595.21,1783360810383
1783360811000,63595.21,1783360811378
1783360812000,63595.2,1783360812500
1783360813000,63595.2,1783360813350
1783360814000,63595.21,1783360814512
1783360815000,63595.21,1783360815431
1783360816000,63595.21,1783360816408
1783360817000,63595.2,1783360817470
1783360818000,63595.21,1783360818413
1783360819000,63602.72,1783360819380
1783360820000,63598.87,1783360820400
1783360821000,63598.87,1783360821577
1783360822000,63598.87,1783360822366
1783360823000,63598.87,1783360823387
1783360824000,63598.87,1783360824425
1783360825000,63598.86,1783360825387
1783360826000,63596,1783360826493
1783360827000,63584.01,1783360827376
1783360828000,63584.01,1783360828386
1783360829000,63575.99,1783360829461
1783360830000,63576,1783360830381
1783360831000,63576,1783360831377
1783360832000,63576,1783360832431
1783360833000,63575.99,1783360833409
1783360834000,63576,1783360834513
1783360835000,63576,1783360835452
1783360836000,63576,1783360836528
1783360837000,63562.38,1783360837448
1783360838000,63560,1783360838369
1783360839000,63560,1783360839598
1783360840000,63560.01,1783360840342
1783360841000,63560.01,1783360841441
1783360842000,63560.01,1783360842428
1783360843000,63560.01,1783360843299
1783360844000,63565.99,1783360844464
1783360845000,63574,1783360845455
1783360846000,63575.37,1783360846514
1783360847000,63575.37,1783360847420
1783360848000,63575.36,1783360848360
1783360849000,63570.41,1783360849532
1783360850000,63568,1783360850361
1783360851000,63568.01,1783360851387
1783360852000,63568,1783360852414
1783360853000,63568,1783360853394
1783360854000,63568.01,1783360854509
1783360855000,63568,1783360855414
1783360856000,63568.01,1783360856364
1783360857000,63578,1783360857358
1783360858000,63577.99,1783360858458
1783360859000,63575.1,1783360859465
1783360860000,63575.1,1783360860463
1783360861000,63575.1,1783360861393
1783360862000,63575.1,1783360862467
1783360863000,63574.01,1783360863359
1783360864000,63574,1783360864422
1783360865000,63574.01,1783360865404
1783360866000,63574,1783360866430
1783360867000,63574.01,1783360867395
1783360868000,63574.01,1783360868361
1783360869000,63574.01,1783360869604
1783360870000,63574,1783360870394
1783360871000,63574.01,1783360871377
1783360872000,63574,1783360872469
1783360873000,63574,1783360873360
1783360874000,63574,1783360874467
1783360875000,63574.01,1783360875541
1783360876000,63574,1783360876369
1783360877000,63574,1783360877439
1783360878000,63574.01,1783360878513
1783360879000,63574.01,1783360879590
1783360880000,63574.01,1783360880364
1783360881000,63574.01,1783360881378
1783360882000,63574.01,1783360882419
1783360883000,63574.01,1783360883529
1783360884000,63574.01,1783360884451
1783360885000,63574.01,1783360885460
1783360886000,63575.09,1783360886435
1783360887000,63575.09,1783360887325
1783360888000,63575.09,1783360888419
1783360889000,63575.09,1783360889468
1783360890000,63575.1,1783360890371
1783360891000,63575.09,1783360891514
1783360892000,63575.09,1783360892539
1783360893000,63575.1,1783360893462
1783360894000,63575.09,1783360894392
1783360895000,63575.09,1783360895425
1783360896000,63575.09,1783360896498
1783360897000,63575.11,1783360897457
1783360898000,63575.1,1783360898409
1783360899000,63575.1,1783360899401
1783360900000,63575.11,1783360900424
1783360901000,63575.99,1783360901377
1783360902000,63579.12,1783360902371
1783360903000,63579.12,1783360903447
1783360904000,63579.12,1783360904419
1783360905000,63579.12,1783360905443
1783360906000,63579.14,1783360906376
1783360907000,63579.99,1783360907416
1783360908000,63580,1783360908413
1783360909000,63579.99,1783360909356
1783360910000,63579.99,1783360910315
1783360911000,63579.99,1783360911376
1783360912000,63579.99,1783360912508
1783360913000,63579.99,1783360913400
1783360914000,63580,1783360914454
1783360915000,63580,1783360915340
1783360916000,63582,1783360916443
1783360917000,63581.99,1783360917393
1783360918000,63583.99,1783360918376
1783360919000,63583.99,1783360919473
1783360920000,63584,1783360920357
1783360921000,63583.99,1783360921521
1783360922000,63583.99,1783360922410
1783360923000,63583.99,1783360923326
1783360924000,63591.1,1783360924387
1783360925000,63591.1,1783360925515
1783360926000,63591.1,1783360926361
1783360927000,63593.99,1783360927396
1783360928000,63593.99,1783360928382
1783360929000,63596,1783360929415
1783360930000,63597.99,1783360930371
1783360931000,63598,1783360931407
1783360932000,63597.99,1783360932404
1783360933000,63600,1783360933373
1783360934000,63602.73,1783360934364
1783360935000,63613.69,1783360935345
1783360936000,63618,1783360936369
1783360937000,63617.99,1783360937394
1783360938000,63616.73,1783360938385
1783360939000,63610.01,1783360939343
1783360940000,63610.01,1783360940339
1783360941000,63610,1783360941488
1783360942000,63610,1783360942318
1783360943000,63610.01,1783360943305
1783360944000,63619.99,1783360944458
1783360945000,63620,1783360945324
1783360946000,63619.99,1783360946354
1783360947000,63624.47,1783360947530
1783360948000,63634.28,1783360948451
1783360949000,63634.89,1783360949368
1783360950000,63634.9,1783360950347
1783360951000,63634.9,1783360951626
1783360952000,63643.99,1783360952293
1783360953000,63636.45,1783360953361
1783360954000,63636.16,1783360954495
1783360955000,63636.16,1783360955436
1783360956000,63636.17,1783360956345
1783360957000,63634.01,1783360957392
1783360958000,63634.01,1783360958332
1783360959000,63634.01,1783360959318
1783360960000,63634,1783360960434
1783360961000,63630.01,1783360961282
1783360962000,63622.01,1783360962379
1783360963000,63622,1783360963344
1783360964000,63622,1783360964331
1783360965000,63620,1783360965352
1783360966000,63620.01,1783360966415
1783360967000,63620,1783360967361
1783360968000,63620,1783360968387
1783360969000,63620,1783360969393
1783360970000,63620,1783360970468
1783360971000,63620,1783360971313
1783360972000,63633.99,1783360972620
1783360973000,63634,1783360973344
1783360974000,63634,1783360974323
1783360975000,63634,1783360975398
1783360976000,63634,1783360976473
1783360977000,63634,1783360977322
1783360978000,63634,1783360978456
1783360979000,63633.99,1783360979327
1783360980000,63634,1783360980354
1783360981000,63633.99,1783360981375
1783360982000,63636,1783360982346
1783360983000,63644,1783360983370
1783360984000,63644,1783360984323
1783360985000,63643.99,1783360985416
1783360986000,63643.99,1783360986304
1783360987000,63641.12,1783360987368
1783360988000,63641.11,1783360988338
1783360989000,63641.11,1783360989412
1783360990000,63641.12,1783360990437
1783360991000,63641.12,1783360991386
1783360992000,63641.12,1783360992384
1783360993000,63634.01,1783360993357
1783360994000,63634,1783360994437
1783360995000,63625.49,1783360995345
1783360996000,63624.01,1783360996375
1783360997000,63624,1783360997304
1783360998000,63624.01,1783360998314
1783360999000,63624.01,1783360999335
1783361000000,63636,1783361000532
1783361001000,63636,1783361001361
1783361002000,63650.37,1783361002522
1783361003000,63650.37,1783361003287
1783361004000,63650.38,1783361004308
1783361005000,63650.37,1783361005390
1783361006000,63650.37,1783361006412
1783361007000,63650.37,1783361007350
1783361008000,63650.38,1783361008415
1783361009000,63650.38,1783361009357
1783361010000,63650.38,1783361010281
1783361011000,63650.37,1783361011410
1783361012000,63650.38,1783361012376
1783361013000,63650.38,1783361013408
1783361014000,63650.38,1783361014500
1783361015000,63650.37,1783361015370
1783361016000,63660.97,1783361016366
1783361017000,63660.96,1783361017315
1783361018000,63660.96,1783361018494
1783361019000,63660.97,1783361019332
1783361020000,63660.96,1783361020452
1783361021000,63660.97,1783361021381
1783361022000,63669.99,1783361022390
1783361023000,63669.99,1783361023378
1783361024000,63669.99,1783361024434
1783361025000,63670,1783361025356
1783361026000,63670,1783361026388
1783361027000,63670,1783361027409
1783361028000,63669.99,1783361028362
1783361029000,63670,1783361029438
1783361030000,63683.99,1783361030398
1783361031000,63703.42,1783361031396
1783361032000,63703.42,1783361032371
1783361033000,63703.42,1783361033296
1783361034000,63702.01,1783361034366
1783361035000,63700.01,1783361035345
1783361036000,63700.01,1783361036287
1783361037000,63700,1783361037299
1783361038000,63700,1783361038369
1783361039000,63700,1783361039387
1783361040000,63700,1783361040419
1783361041000,63698.01,1783361041342
1783361042000,63698.01,1783361042456
1783361043000,63698,1783361043345
1783361044000,63698,1783361044404
1783361045000,63701.99,1783361045425
1783361046000,63701.99,1783361046450
1783361047000,63702,1783361047371
1783361048000,63701.99,1783361048300
1783361049000,63701.99,1783361049473
1783361050000,63702,1783361050341
1783361051000,63714.27,1783361051570
1783361052000,63714.27,1783361052369
1783361053000,63706.73,1783361053311
1783361054000,63706.73,1783361054335
1783361055000,63706.73,1783361055359
1783361056000,63706.73,1783361056383
1783361057000,63706.74,1783361057361
1783361058000,63715.99,1783361058591
1783361059000,63715.99,1783361059398
1783361060000,63719.99,1783361060376
1783361061000,63720,1783361061373
1783361062000,63719.99,1783361062425
1783361063000,63720,1783361063448
1783361064000,63719.99,1783361064370
1783361065000,63712.01,1783361065404
1783361066000,63712,1783361066514
1783361067000,63712,1783361067339
1783361068000,63712.01,1783361068466
1783361069000,63712.01,1783361069387
1783361070000,63706.55,1783361070370
1783361071000,63706,1783361071333
1783361072000,63706.01,1783361072562
1783361073000,63706.01,1783361073361
1783361074000,63706.01,1783361074357
1783361075000,63706,1783361075372
1783361076000,63706,1783361076351
1783361077000,63706,1783361077326
1783361078000,63706,1783361078502
1783361079000,63700,1783361079376
1783361080000,63700.01,1783361080347
1783361081000,63700,1783361081361
1783361082000,63700,1783361082495
1783361083000,63700.01,1783361083377
1783361084000,63701.99,1783361084543
1783361085000,63702,1783361085464
1783361086000,63701.99,1783361086369
1783361087000,63702,1783361087376
1783361088000,63701.99,1783361088538
1783361089000,63702,1783361089459
1783361090000,63701.99,1783361090330
1783361091000,63719.99,1783361091308
1783361092000,63720,1783361092326
1783361093000,63720,1783361093355
1783361094000,63721.99,1783361094427
1783361095000,63723.68,1783361095328
1783361096000,63724.55,1783361096379
1783361097000,63724.55,1783361097316
1783361098000,63726,1783361098470
1783361099000,63725.99,1783361099494
1783361100000,63737.99,1783361100415
1783361101000,63738,1783361101339
1783361102000,63738,1783361102463
1783361103000,63738,1783361103302
1783361104000,63738,1783361104514
1783361105000,63737.99,1783361105645
1783361106000,63751.84,1783361106517
1783361107000,63751.83,1783361107482
1783361108000,63745.22,1783361108608
1783361109000,63745.22,1783361109577
1783361110000,63742.01,1783361110557
1783361111000,63740.49,1783361111578
1783361112000,63740.49,1783361112528
1783361113000,63740.49,1783361113626
1783361114000,63740.48,1783361114547
1783361115000,63740.48,1783361115571
1783361116000,63740.49,1783361116595
1783361117000,63730.01,1783361117457
1783361118000,63714,1783361118468
1783361119000,63714.01,1783361119462
1783361120000,63722.53,1783361120458
1783361121000,63722.54,1783361121591
1783361122000,63722.54,1783361122553
1783361123000,63722.54,1783361123559
1783361124000,63716.48,1783361124492
1783361125000,63716.49,1783361125505
1783361126000,63716.49,1783361126555
1783361127000,63716.48,1783361127552
1783361128000,63716.48,1783361128446
1783361129000,63716.49,1783361129702
1783361130000,63716.49,1783361130435
1783361131000,63716.48,1783361131546
1783361132000,63716.48,1783361132613
1783361133000,63716.48,1783361133593
1783361134000,63716.48,1783361134506
1783361135000,63716.48,1783361135484
1783361136000,63716.48,1783361136563
1783361137000,63710,1783361137467
1783361138000,63706.01,1783361138422
1783361139000,63704,1783361139636
1783361140000,63704,1783361140460
1783361141000,63703.73,1783361141604
1783361142000,63703.72,1783361142571
1783361143000,63700,1783361143580
1783361144000,63700,1783361144653
1783361145000,63700.01,1783361145414
1783361146000,63700.01,1783361146598
1783361147000,63700,1783361147520
1783361148000,63700.01,1783361148648
1783361149000,63700.01,1783361149569
1783361150000,63700,1783361150695
1783361151000,63700.01,1783361151482
1783361152000,63700,1783361152463
1783361153000,63700,1783361153562
1783361154000,63700,1783361154506
1783361155000,63700,1783361155559
1783361156000,63700.01,1783361156504
1783361157000,63700,1783361157442
1783361158000,63709.99,1783361158435
1783361159000,63710,1783361159429
1783361160000,63710,1783361160628
1783361161000,63719.99,1783361161603
1783361162000,63721.99,1783361162547
1783361163000,63735.99,1783361163551
1783361164000,63735.99,1783361164474
1783361165000,63735.99,1783361165544
1783361166000,63736,1783361166518
1783361167000,63745.65,1783361167590
1783361168000,63740.47,1783361168615
1783361169000,63740.48,1783361169599
1783361170000,63740,1783361170614
1783361171000,63740.01,1783361171436
1783361172000,63740.01,1783361172620
1783361173000,63740,1783361173636
1783361174000,63718.84,1783361174554
1783361175000,63718.25,1783361175681
1783361176000,63716,1783361176499
1783361177000,63714,1783361177626
1783361178000,63704.01,1783361178548
1783361179000,63704.01,1783361179572
1783361180000,63704.01,1783361180466
1783361181000,63704,1783361181517
1783361182000,63704,1783361182502
1783361183000,63704,1783361183668
1783361184000,63717.96,1783361184625
1783361185000,63717.97,1783361185418
1783361186000,63717.97,1783361186741
1783361187000,63717.97,1783361187645
1783361188000,63717.97,1783361188636
1783361189000,63717.97,1783361189428
1783361190000,63717.97,1783361190426
1783361191000,63717.97,1783361191500
1783361192000,63717.96,1783361192418
1783361193000,63717.97,1783361193681
1783361194000,63717.96,1783361194468
1783361195000,63717.96,1783361195547
1783361196000,63714.01,1783361196517
1783361197000,63710.01,1783361197595
1783361198000,63710,1783361198458
1783361199000,63708,1783361199490
1783361200000,63704,1783361200564
1783361201000,63700,1783361201415
1783361202000,63700.01,1783361202460
1783361203000,63700.01,1783361203551
1783361204000,63700.01,1783361204608
1783361205000,63700.01,1783361205555
1783361206000,63700,1783361206449
1783361207000,63700.01,1783361207527
1783361208000,63700,1783361208578
1783361209000,63700,1783361209581
1783361210000,63700.01,1783361210427
1783361211000,63700,1783361211435
1783361212000,63700,1783361212488
1783361213000,63700,1783361213481
1783361214000,63700.01,1783361214572
1783361215000,63700.01,1783361215515
1783361216000,63700.01,1783361216467
1783361217000,63700.01,1783361217456
1783361218000,63700,1783361218427
1783361219000,63700.01,1783361219458
1783361220000,63700.01,1783361220434
1783361221000,63703.98,1783361221456
1783361222000,63703.99,1783361222557
1783361223000,63703.99,1783361223485
1783361224000,63703.99,1783361224480
1783361225000,63701.11,1783361225506
1783361226000,63700,1783361226677
1783361227000,63700,1783361227456
1783361228000,63700,1783361228520
1783361229000,63700,1783361229446
1783361230000,63700,1783361230670
1783361231000,63696.55,1783361231446
1783361232000,63696.01,1783361232514
1783361233000,63696.01,1783361233428
1783361234000,63696,1783361234510
1783361235000,63696.01,1783361235461
1783361236000,63696.01,1783361236609
1783361237000,63696,1783361237636
1783361238000,63696,1783361238862
1783361239000,63696,1783361239682
1783361240000,63696.01,1783361240531
1783361241000,63696.01,1783361241452
1783361242000,63696.01,1783361242468
1783361243000,63697.99,1783361243448
1783361244000,63703.54,1783361244597
1783361245000,63707.99,1783361245451
1783361246000,63708,1783361246598
1783361247000,63721.41,1783361247569
1783361248000,63725.2,1783361248426
1783361249000,63725.2,1783361249540
1783361250000,63725.21,1783361250536
1783361251000,63725.21,1783361251454
1783361252000,63725.21,1783361252443
1783361253000,63725.2,1783361253507
1783361254000,63725.2,1783361254431
1783361255000,63725.21,1783361255467
1783361256000,63725.21,1783361256578
1783361257000,63725.2,1783361257546
1783361258000,63725.2,1783361258454
1783361259000,63725.2,1783361259462
1783361260000,63736.52,1783361260577
1783361261000,63736.52,1783361261429
1783361262000,63736.52,1783361262570
1783361263000,63736.52,1783361263438
1783361264000,63736.51,1783361264495
1783361265000,63736.25,1783361265490
1783361266000,63736.24,1783361266564
1783361267000,63736.24,1783361267568
1783361268000,63736.24,1783361268821
1783361269000,63736.25,1783361269434
1783361270000,63734.04,1783361270525
1783361271000,63734.04,1783361271528
1783361272000,63733.56,1783361272553
1783361273000,63733.55,1783361273429
1783361274000,63733.55,1783361274550
1783361275000,63732.01,1783361275432
1783361276000,63730.01,1783361276704
1783361277000,63730.01,1783361277496
1783361278000,63729.46,1783361278595
1783361279000,63729.45,1783361279516
1783361280000,63729.46,1783361280463
1783361281000,63728.72,1783361281614
1783361282000,63728.73,1783361282464
1783361283000,63728.72,1783361283476
1783361284000,63728.73,1783361284496
1783361285000,63728.72,1783361285660
1783361286000,63728.73,1783361286409
1783361287000,63728.72,1783361287429
1783361288000,63728.72,1783361288498
1783361289000,63728.73,1783361289438
1783361290000,63728.72,1783361290576
1783361291000,63728.72,1783361291470
1783361292000,63728.72,1783361292588
1783361293000,63726.01,1783361293550
1783361294000,63726,1783361294568
1783361295000,63726.01,1783361295696
1783361296000,63716,1783361296617
1783361297000,63716.01,1783361297538
1783361298000,63716.01,1783361298517
1783361299000,63716,1783361299456
1783361300000,63716,1783361300502
1783361301000,63716,1783361301635
1783361302000,63719.99,1783361302457
1783361303000,63720,1783361303514
1783361304000,63719.99,1783361304605
1783361305000,63719.99,1783361305452
1783361306000,63719.99,1783361306510
1783361307000,63719.99,1783361307575
1783361308000,63719.99,1783361308599
1783361309000,63719.99,1783361309520
1783361310000,63730,1783361310429
1783361311000,63699.63,1783361311415
1783361312000,63684.01,1783361312506
1783361313000,63684,1783361313615
1783361314000,63684.01,1783361314534
1783361315000,63684.01,1783361315671
1783361316000,63689.24,1783361316778
1783361317000,63691.41,1783361317993
1783361318000,63691.41,1783361319054
1783361319000,63691.41,1783361319476
1783361320000,63693.59,1783361320526
1783361321000,63700,1783361321475
1783361322000,63700,1783361322527
1783361323000,63699.99,1783361323549
1783361324000,63700,1783361324544
1783361325000,63699.99,1783361325494
1783361326000,63699.99,1783361326518
1783361327000,63699.99,1783361327495
1783361328000,63699.99,1783361328448
1783361329000,63696.01,1783361329451
1783361330000,63696,1783361330435
1783361331000,63696,1783361331616
1783361332000,63696,1783361332705
1783361333000,63696,1783361333613
1783361334000,63696.01,1783361334470
1783361335000,63696.01,1783361335522
1783361336000,63696.01,1783361336606
1783361337000,63696.01,1783361337476
1783361338000,63696,1783361338450
1783361339000,63696,1783361339526
1783361340000,63696.01,1783361340472
1783361341000,63696,1783361341627
1783361342000,63696,1783361342435
1783361343000,63696,1783361343379
1783361344000,63694.01,1783361344541
1783361345000,63694,1783361345396
1783361346000,63694,1783361346486
1783361347000,63694.01,1783361347510
1783361348000,63694.01,1783361348395
1783361349000,63692.25,1783361349438
1783361350000,63692.25,1783361350490
1783361351000,63692.25,1783361351709
1783361352000,63692.24,1783361352451
1783361353000,63692.24,1783361353401
1783361354000,63692.24,1783361354576
1783361355000,63692.24,1783361355478
1783361356000,63692.25,1783361356420
1783361357000,63692.25,1783361357393
1783361358000,63686.08,1783361358400
1783361359000,63686.08,1783361359561
1783361360000,63686.08,1783361360578
1783361361000,63686.07,1783361361522
1783361362000,63686.08,1783361362509
1783361363000,63686.07,1783361363457
1783361364000,63686.07,1783361364520
1783361365000,63686.07,1783361365432
1783361366000,63686.07,1783361366455
1783361367000,63686.06,1783361367627
1783361368000,63686.06,1783361368456
1783361369000,63684,1783361369507
1783361370000,63684.01,1783361370448
1783361371000,63683.31,1783361371528
1783361372000,63683.31,1783361372497
1783361373000,63679.16,1783361373522
1783361374000,63678,1783361374477
1783361375000,63676,1783361375466
1783361376000,63676,1783361376593
1783361377000,63676,1783361377379
1783361378000,63676.01,1783361378445
1783361379000,63676.01,1783361379397
1783361380000,63680.54,1783361380382
1783361381000,63683.55,1783361381362
1783361382000,63684,1783361382532
1783361383000,63678.48,1783361383453
1783361384000,63678.48,1783361384452
1783361385000,63678.48,1783361385560
1783361386000,63678.48,1783361386425
1783361387000,63678.48,1783361387461
1783361388000,63676.14,1783361388437
1783361389000,63676.14,1783361389671
1783361390000,63676.14,1783361390580
1783361391000,63676.13,1783361391543
1783361392000,63676.13,1783361392464
1783361393000,63676.13,1783361393591
1783361394000,63676.14,1783361394562
1783361395000,63676.13,1783361395399
1783361396000,63676.13,1783361396663
1783361397000,63676.13,1783361397575
1783361398000,63676.13,1783361398609
1783361399000,63676.13,1783361399530
1783361400000,63676.13,1783361400554
1783361401000,63676.14,1783361401411
1783361402000,63679.99,1783361402500
1783361403000,63679.98,1783361403422
1783361404000,63679.99,1783361404386
1783361405000,63679.98,1783361405433
1783361406000,63679.98,1783361406354
1783361407000,63679.98,1783361407518
1783361408000,63679.98,1783361408525
1783361409000,63679.98,1783361409668
1783361410000,63679.98,1783361410475
1783361411000,63679.98,1783361411513
1783361412000,63682,1783361412517
1783361413000,63682,1783361413457
1783361414000,63682,1783361414435
1783361415000,63682,1783361415425
1783361416000,63682,1783361416396
1783361417000,63682,1783361417554
1783361418000,63682,1783361418399
1783361419000,63681.99,1783361419345
1783361420000,63682,1783361420359
1783361421000,63682,1783361421344
1783361422000,63682,1783361422442
1783361423000,63682,1783361423423
1783361424000,63682,1783361424439
1783361425000,63682,1783361425497
1783361426000,63682,1783361426565
1783361427000,63681.99,1783361427486
1783361428000,63681.99,1783361428361
1783361429000,63682,1783361429373
1783361430000,63682,1783361430440
1783361431000,63682,1783361431373
1783361432000,63682,1783361432505
1783361433000,63681.99,1783361433444
1783361434000,63682,1783361434385
1783361435000,63682,1783361435473
1783361436000,63682,1783361436498
1783361437000,63682,1783361437393
1783361438000,63681.99,1783361438444
1783361439000,63684.65,1783361439376
1783361440000,63699.99,1783361440594
1783361441000,63700,1783361441422
1783361442000,63700,1783361442447
1783361443000,63700.63,1783361443400
1783361444000,63704.21,1783361444371
1783361445000,63704.2,1783361445447
1783361446000,63705.99,1783361446433
1783361447000,63705.99,1783361447454
1783361448000,63705.99,1783361448399
1783361449000,63705.99,1783361449605
1783361450000,63705.99,1783361450383
1783361451000,63705.99,1783361451551
1783361452000,63705.99,1783361452383
1783361453000,63705.99,1783361453398
1783361454000,63705.99,1783361454521
1783361455000,63706,1783361455344
1783361456000,63706,1783361456337
1783361457000,63706,1783361457360
1783361458000,63704.01,1783361458378
1783361459000,63704,1783361459392
1783361460000,63704.01,1783361460405
1783361461000,63704.01,1783361461432
1783361462000,63704.01,1783361462351
1783361463000,63704.01,1783361463357
1783361464000,63704,1783361464397
1783361465000,63706.8,1783361465477
1783361466000,63706.8,1783361466501
1783361467000,63706.81,1783361467527
1783361468000,63706.81,1783361468381
1783361469000,63706.81,1783361469428
1783361470000,63706.81,1783361470399
1783361471000,63706.8,1783361471464
1783361472000,63706.8,1783361472544
1783361473000,63706.81,1783361473582
1783361474000,63708,1783361474399
1783361475000,63708.97,1783361475446
1783361476000,63708.97,1783361476639
1783361477000,63708.97,1783361477384
1783361478000,63708.97,1783361478389
1783361479000,63708.97,1783361479421
1783361480000,63708.97,1783361480428
1783361481000,63708.97,1783361481556
1783361482000,63708.97,1783361482470
1783361483000,63708.97,1783361483602
1783361484000,63708.97,1783361484524
1783361485000,63708.97,1783361485479
1783361486000,63708.97,1783361486572
1783361487000,63708.98,1783361487420
1783361488000,63708.98,1783361488416
1783361489000,63708.98,1783361489544
1783361490000,63708.98,1783361490377
1783361491000,63708.98,1783361491341
1783361492000,63708.98,1783361492408
1783361493000,63708.97,1783361493433
1783361494000,63716,1783361494414
1783361495000,63718,1783361495481
1783361496000,63718,1783361496476
1783361497000,63729.92,1783361497480
1783361498000,63737.99,1783361498406
1783361499000,63744,1783361499400
1783361500000,63743.99,1783361500378
1783361501000,63745.66,1783361501362
1783361502000,63746.86,1783361502393
1783361503000,63746.95,1783361503411
1783361504000,63751.91,1783361504400
1783361505000,63751.91,1783361505394
1783361506000,63751.91,1783361506417
1783361507000,63751.9,1783361507367
1783361508000,63751.9,1783361508445
1783361509000,63749.84,1783361509360
1783361510000,63749.84,1783361510533
1783361511000,63749.84,1783361511350
1783361512000,63749.84,1783361512439
1783361513000,63749.83,1783361513454
1783361514000,63749.84,1783361514425
1783361515000,63749.83,1783361515398
1783361516000,63744.01,1783361516474
1783361517000,63742,1783361517499
1783361518000,63734.04,1783361518362
1783361519000,63734.04,1783361519422
1783361520000,63734.01,1783361520641
1783361521000,63734.01,1783361521362
1783361522000,63737.7,1783361522312
1783361523000,63739.99,1783361523377
1783361524000,63739.99,1783361524366
1783361525000,63739.99,1783361525393
1783361526000,63739.99,1783361526508
1783361527000,63739.99,1783361527430
1783361528000,63739.99,1783361528362
1783361529000,63736.01,1783361529417
1783361530000,63736.01,1783361530350
1783361531000,63736,1783361531388
1783361532000,63736,1783361532401
1783361533000,63725.95,1783361533335
1783361534000,63725.96,1783361534598
1783361535000,63724,1783361535376
1783361536000,63722,1783361536395
1783361537000,63722,1783361537369
1783361538000,63722.01,1783361538491
1783361539000,63725.99,1783361539513
1783361540000,63726,1783361540436
1783361541000,63726,1783361541428
1783361542000,63726,1783361542365
1783361543000,63725.99,1783361543413
1783361544000,63725.99,1783361544431
1783361545000,63726,1783361545327
1783361546000,63725.99,1783361546377
1783361547000,63726,1783361547439
1783361548000,63725.99,1783361548382
1783361549000,63725.99,1783361549436
1783361550000,63726,1783361550471
1783361551000,63725.99,1783361551330
1783361552000,63726,1783361552469
1783361553000,63725.99,1783361553440
1783361554000,63725.99,1783361554566
1783361555000,63725.99,1783361555488
1783361556000,63725.99,1783361556367
1783361557000,63725.99,1783361557445
1783361558000,63726,1783361558458
1783361559000,63725.99,1783361559531
1783361560000,63726,1783361560466
1783361561000,63726,1783361561405
1783361562000,63726,1783361562390
1783361563000,63726,1783361563578
1783361564000,63726,1783361564453
1783361565000,63726,1783361565393
1783361566000,63725.99,1783361566502
1783361567000,63725.99,1783361567450
1783361568000,63725.99,1783361568399
1783361569000,63726,1783361569518
1783361570000,63726,1783361570340
1783361571000,63726,1783361571463
1783361572000,63725.99,1783361572384
1783361573000,63726,1783361573386
1783361574000,63726,1783361574441
1783361575000,63725.99,1783361575442
1783361576000,63725.99,1783361576481
1783361577000,63725.99,1783361577309
1783361578000,63725.99,1783361578572
1783361579000,63725.99,1783361579640
1783361580000,63726,1783361580533
1783361581000,63726,1783361581364
1783361582000,63726,1783361582324
1783361583000,63726,1783361583443
1783361584000,63725.99,1783361584296
1783361585000,63726,1783361585439
1783361586000,63725.99,1783361586415
1783361587000,63725.99,1783361587340
1783361588000,63725.99,1783361588318
1783361589000,63726,1783361589338
1783361590000,63726,1783361590477
1783361591000,63725.99,1783361591358
1783361592000,63725.99,1783361592355
1783361593000,63725.99,1783361593479
1783361594000,63725.99,1783361594440
1783361595000,63720,1783361595425
1783361596000,63704.36,1783361596327
1783361597000,63704,1783361597473
1783361598000,63701.22,1783361598340
1783361599000,63690.01,1783361599381
1783361600000,63688.32,1783361600448
1783361601000,63688.01,1783361601375
1783361602000,63688.01,1783361602304
1783361603000,63688.01,1783361603381
1783361604000,63688,1783361604590
1783361605000,63688.01,1783361605565
1783361606000,63688.01,1783361606465
1783361607000,63688.01,1783361607508
1783361608000,63684,1783361608325
1783361609000,63684,1783361609355
1783361610000,63684.01,1783361610581
1783361611000,63684.01,1783361611495
1783361612000,63684,1783361612547
1783361613000,63684,1783361613480
1783361614000,63684,1783361614528
1783361615000,63684,1783361615303
1783361616000,63684,1783361616350
1783361617000,63684,1783361617396
1783361618000,63684,1783361618522
1783361619000,63684,1783361619591
1783361620000,63684,1783361620411
1783361621000,63684,1783361621400
1783361622000,63684,1783361622578
1783361623000,63684,1783361623585
1783361624000,63684.01,1783361624514
1783361625000,63684.01,1783361625472
1783361626000,63684.01,1783361626452
1783361627000,63684,1783361627477
1783361628000,63684,1783361628505
1783361629000,63684,1783361629789
1783361630000,63684,1783361630652
1783361631000,63696,1783361631471
1783361632000,63695.22,1783361632391
1783361633000,63695.22,1783361633519
1783361634000,63695.22,1783361634425
1783361635000,63692.01,1783361635608
1783361636000,63690.01,1783361636698
1783361637000,63690.01,1783361637605
1783361638000,63690,1783361638630
1783361639000,63686.01,1783361639511
1783361640000,63686.01,1783361640437
1783361641000,63686,1783361641453
1783361642000,63686,1783361642632
1783361643000,63686,1783361643506
1783361644000,63686,1783361644473
1783361645000,63681.11,1783361645707
1783361646000,63681.11,1783361646728
1783361647000,63681.11,1783361647496
1783361648000,63681.11,1783361648571
1783361649000,63681.94,1783361649800
1783361650000,63683.99,1783361650563
1783361651000,63683.99,1783361651541
1783361652000,63685.99,1783361652451
1783361653000,63685.99,1783361653541
1783361654000,63685.99,1783361654478
1783361655000,63686,1783361655460
1783361656000,63686,1783361656495
1783361657000,63686,1783361657491
1783361658000,63685.99,1783361658505
1783361659000,63694.23,1783361659501
1783361660000,63694.23,1783361660474
1783361661000,63694.23,1783361661395
1783361662000,63694.23,1783361662447
1783361663000,63694.22,1783361663521
1783361664000,63694.22,1783361664419
1783361665000,63695.5,1783361665393
1783361666000,63695.5,1783361666450
1783361667000,63695.87,1783361667558
1783361668000,63695.87,1783361668437
1783361669000,63695.88,1783361669513
1783361670000,63695.88,1783361670543
1783361671000,63695.88,1783361671509
1783361672000,63695.87,1783361672636
1783361673000,63695.87,1783361673461
1783361674000,63695.87,1783361674493
1783361675000,63695.88,1783361675520
1783361676000,63695.87,1783361676496
1783361677000,63695.88,1783361677446
1783361678000,63695.87,1783361678601
1783361679000,63695.87,1783361679476
1783361680000,63695.87,1783361680480
1783361681000,63695.88,1783361681496
1783361682000,63695.88,1783361682570
1783361683000,63695.88,1783361683490
1783361684000,63695.87,1783361684618
1783361685000,63695.87,1783361685538
1783361686000,63695.88,1783361686562
1783361687000,63695.88,1783361687691
1783361688000,63695.87,1783361688509
1783361689000,63695.87,1783361689461
1783361690000,63695.87,1783361690408
1783361691000,63695.88,1783361691682
1783361692000,63695.87,1783361692502
1783361693000,63695.87,1783361693378
1783361694000,63695.88,1783361694500
1783361695000,63695.87,1783361695471
1783361696000,63695.87,1783361696599
1783361697000,63695.88,1783361697479
1783361698000,63695.88,1783361698543
1783361699000,63695.88,1783361699440
1783361700000,63695.88,1783361700694
1783361701000,63698.72,1783361701477
1783361702000,63703.99,1783361702549
1783361703000,63703.99,1783361703459
1783361704000,63704,1783361704541
1783361705000,63703.99,1783361705799
1783361706000,63703.99,1783361706530
1783361707000,63703.99,1783361707555
1783361708000,63703.99,1783361708360
1783361709000,63703.99,1783361709603
1783361710000,63704,1783361710362
1783361711000,63704,1783361711550
1783361712000,63704,1783361712638
1783361713000,63704,1783361713448
1783361714000,63706,1783361714439
1783361715000,63705.99,1783361715398
1783361716000,63706,1783361716430
1783361717000,63705.99,1783361717455
1783361718000,63705.99,1783361718410
1783361719000,63715.99,1783361719434
1783361720000,63718,1783361720560
1783361721000,63718,1783361721567
1783361722000,63718,1783361722610
1783361723000,63718,1783361723377
1783361724000,63717.99,1783361724554
1783361725000,63717.99,1783361725630
1783361726000,63717.99,1783361726434
1783361727000,63717.99,1783361727428
1783361728000,63717.99,1783361728547
1783361729000,63717.99,1783361729492
1783361730000,63718,1783361730536
1783361731000,63717.99,1783361731410
1783361732000,63717.99,1783361732419
1783361733000,63717.99,1783361733361
1783361734000,63717.99,1783361734691
1783361735000,63717.99,1783361735375
1783361736000,63726,1783361736335
1783361737000,63727.99,1783361737414
1783361738000,63727.99,1783361738492
1783361739000,63728,1783361739509
1783361740000,63727.99,1783361740370
1783361741000,63727.99,1783361741393
1783361742000,63728,1783361742528
1783361743000,63727.99,1783361743455
1783361744000,63728,1783361744455
1783361745000,63729.94,1783361745443
1783361746000,63729.93,1783361746367
1783361747000,63729.94,1783361747478
1783361748000,63729.93,1783361748415
1783361749000,63729.93,1783361749521
1783361750000,63729.94,1783361750614
1783361751000,63729.94,1783361751800
1783361752000,63729.94,1783361752369
1783361753000,63729.94,1783361753440
1783361754000,63729.94,1783361754376
1783361755000,63729.94,1783361755345
1783361756000,63729.93,1783361756455
1783361757000,63729.93,1783361757325
1783361758000,63729.93,1783361758410
1783361759000,63729.93,1783361759423
1783361760000,63729.93,1783361760497
1783361761000,63729.93,1783361761520
1783361762000,63733.99,1783361762363
1783361763000,63743.18,1783361763517
1783361764000,63743.87,1783361764444
1783361765000,63743.88,1783361765727
1783361766000,63745.45,1783361766339
1783361767000,63747,1783361767378
1783361768000,63747,1783361768345
1783361769000,63747,1783361769508
1783361770000,63747,1783361770460
1783361771000,63744.01,1783361771616
1783361772000,63744,1783361772530
1783361773000,63744,1783361773476
1783361774000,63744.01,1783361774490
1783361775000,63744,1783361775511
1783361776000,63744.01,1783361776574
1783361777000,63744.01,1783361777415
1783361778000,63744.01,1783361778418
1783361779000,63744.01,1783361779440
1783361780000,63744.01,1783361780399
1783361781000,63744.01,1783361781363
1783361782000,63744,1783361782428
1783361783000,63744,1783361783743
1783361784000,63744,1783361784767
1783361785000,63743.17,1783361785344
1783361786000,63743.17,1783361786352
1783361787000,63743.18,1783361787490
1783361788000,63743.18,1783361788554
1783361789000,63743.17,1783361789329
1783361790000,63743.18,1783361790500
1783361791000,63743.17,1783361791481
1783361792000,63734.01,1783361792544
1783361793000,63734,1783361793452
1783361794000,63713.93,1783361794401
1783361795000,63713.92,1783361795420
1783361796000,63719.6,1783361796453
1783361797000,63719.59,1783361797693
1783361798000,63719.6,1783361798393
1783361799000,63719.6,1783361799473
1783361800000,63719.59,1783361800433
1783361801000,63716.02,1783361801560
1783361802000,63716.02,1783361802585
1783361803000,63712.56,1783361803386
1783361804000,63716,1783361804529
1783361805000,63713.29,1783361805451
1783361806000,63713.29,1783361806577
1783361807000,63713.3,1783361807322
1783361808000,63713.29,1783361808522
1783361809000,63713.3,1783361809443
1783361810000,63713.29,1783361810423
1783361811000,63713.29,1783361811345
1783361812000,63713.29,1783361812345
1783361813000,63710.21,1783361813314
1783361814000,63710.21,1783361814667
1783361815000,63710.2,1783361815590
1783361816000,63710.21,1783361816416
1783361817000,63710.2,1783361817404
1783361818000,63710.21,1783361818567
1783361819000,63710.95,1783361819515
1783361820000,63710.95,1783361820607
1783361821000,63713.29,1783361821529
1783361822000,63713.29,1783361822551
1783361823000,63713.29,1783361823340
1783361824000,63713.3,1783361824447
1783361825000,63713.3,1783361825399
1783361826000,63713.29,1783361826406
1783361827000,63713.29,1783361827416
1783361828000,63713.29,1783361828543
1783361829000,63713.29,1783361829822
1783361830000,63713.3,1783361830368
1783361831000,63713.3,1783361831458
1783361832000,63713.29,1783361832587
1783361833000,63713.29,1783361833520
1783361834000,63710.21,1783361834535
1783361835000,63710.21,1783361835454
1783361836000,63710.21,1783361836436
1783361837000,63710.21,1783361837663
1783361838000,63710.21,1783361838524
1783361839000,63710.21,1783361839763
1783361840000,63710.21,1783361840438
1783361841000,63710.21,1783361841400
1783361842000,63710.22,1783361842412
1783361843000,63710.21,1783361843441
1783361844000,63710.22,1783361844485
1783361845000,63710.21,1783361845490
1783361846000,63710.22,1783361846420
1783361847000,63710.21,1783361847355
1783361848000,63710.21,1783361848461
1783361849000,63710.22,1783361849361
1783361850000,63710.21,1783361850407
1783361851000,63710.21,1783361851381
1783361852000,63710.22,1783361852555
1783361853000,63710.21,1783361853785
1783361854000,63710.21,1783361854341
1783361855000,63710.22,1783361855439
1783361856000,63710.22,1783361856560
1783361857000,63710.21,1783361857389
1783361858000,63710.21,1783361858344
1783361859000,63710.21,1783361859301
1783361860000,63710.21,1783361860450
1783361861000,63710.22,1783361861441
1783361862000,63710.22,1783361862335
1783361863000,63710.22,1783361863350
1783361864000,63710.21,1783361864551
1783361865000,63698.01,1783361865463
1783361866000,63694.49,1783361866586
1783361867000,63694.49,1783361867588
1783361868000,63694.49,1783361868437
1783361869000,63694.49,1783361869434
1783361870000,63694.49,1783361870373
1783361871000,63694.49,1783361871348
1783361872000,63694.49,1783361872377
1783361873000,63694.49,1783361873395
1783361874000,63694.5,1783361874478
1783361875000,63694.5,1783361875698
1783361876000,63694.49,1783361876416
1783361877000,63694.49,1783361877541
1783361878000,63694.49,1783361878310
1783361879000,63694.49,1783361879336
1783361880000,63694.49,1783361880355
1783361881000,63694.5,1783361881391
1783361882000,63694.49,1783361882375
1783361883000,63694.49,1783361883891
1783361884000,63694.49,1783361884506
1783361885000,63694.49,1783361885446
1783361886000,63694.49,1783361886553
1783361887000,63694.49,1783361887423
1783361888000,63694.49,1783361888347
1783361889000,63694.5,1783361889522
1783361890000,63694.5,1783361890546
1783361891000,63694.5,1783361891346
1783361892000,63694.5,1783361892401
1783361893000,63694.49,1783361893516
1783361894000,63694.5,1783361894412
1783361895000,63694.49,1783361895461
1783361896000,63694.49,1783361896487
1783361897000,63694.5,1783361897418
1783361898000,63694.01,1783361898385
1783361899000,63694.01,1783361899457
1783361900000,63684.01,1783361900378
1783361901000,63684.01,1783361901337
1783361902000,63684,1783361902425
1783361903000,63684,1783361903451
1783361904000,63682.01,1783361904320
1783361905000,63680,1783361905414
1783361906000,63680.01,1783361906540
1783361907000,63666.03,1783361907397
1783361908000,63652,1783361908364
1783361909000,63628.63,1783361909490
1783361910000,63626.01,1783361910416
1783361911000,63620.01,1783361911335
1783361912000,63620.01,1783361912428
1783361913000,63618.93,1783361913362
1783361914000,63616,1783361914374
1783361915000,63614.26,1783361915535
1783361916000,63614.25,1783361916464
1783361917000,63614.25,1783361917354
1783361918000,63619.99,1783361918301
1783361919000,63620,1783361919427
1783361920000,63620,1783361920314
1783361921000,63620,1783361921351
1783361922000,63629.4,1783361922309
1783361923000,63629.4,1783361923345
1783361924000,63629.41,1783361924393
1783361925000,63629.41,1783361925305
1783361926000,63629.4,1783361926340
1783361927000,63629.4,1783361927370
1783361928000,63629.41,1783361928334
1783361929000,63629.4,1783361929356
1783361930000,63629.4,1783361930505
1783361931000,63637.99,1783361931306
1783361932000,63638,1783361932429
1783361933000,63641.99,1783361933331
1783361934000,63646,1783361934328
1783361935000,63646,1783361935338
1783361936000,63645.99,1783361936533
1783361937000,63646,1783361937447
1783361938000,63646,1783361938445
1783361939000,63646,1783361939470
1783361940000,63645.99,1783361940433
1783361941000,63646,1783361941328
1783361942000,63647.42,1783361942626
1783361943000,63647.43,1783361943318
1783361944000,63647.43,1783361944432
1783361945000,63647.43,1783361945617
1783361946000,63647.43,1783361946571
1783361947000,63647.42,1783361947485
1783361948000,63647.42,1783361948519
1783361949000,63647.42,1783361949530
1783361950000,63647.42,1783361950459
1783361951000,63647.42,1783361951611
1783361952000,63647.43,1783361952695
1783361953000,63647.42,1783361953474
1783361954000,63647.43,1783361954479
1783361955000,63647.43,1783361955864
1783361956000,63647.42,1783361956561
1783361957000,63647.42,1783361957521
1783361958000,63647.42,1783361958492
1783361959000,63647.43,1783361959771
1783361960000,63647.42,1783361960487
1783361961000,63647.42,1783361961563
1783361962000,63647.42,1783361962519
1783361963000,63647.42,1783361963469
1783361964000,63647.42,1783361964473
1783361965000,63647.43,1783361965450
1783361966000,63647.43,1783361966436
1783361967000,63647.42,1783361967505
1783361968000,63647.42,1783361968562
1783361969000,63647.42,1783361969601
1783361970000,63647.43,1783361970523
1783361971000,63647.42,1783361971648
1783361972000,63647.42,1783361972569
1783361973000,63647.42,1783361973649
1783361974000,63647.43,1783361974413
1783361975000,63647.43,1783361975644
1783361976000,63647.42,1783361976566
1783361977000,63647.42,1783361977588
1783361978000,63647.42,1783361978665
1783361979000,63647.43,1783361979516
1783361980000,63647.43,1783361980407
1783361981000,63657.99,1783361981434
1783361982000,63668,1783361982488
1783361983000,63668,1783361983425
1783361984000,63668,1783361984550
1783361985000,63668,1783361985542
1783361986000,63668,1783361986703
1783361987000,63671.02,1783361987624
1783361988000,63675.99,1783361988449
1783361989000,63679.65,1783361989621
1783361990000,63679.99,1783361990468
1783361991000,63680,1783361991511
1783361992000,63682.85,1783361992528
1783361993000,63685.99,1783361993615
1783361994000,63685.99,1783361994587
1783361995000,63680.74,1783361995477
1783361996000,63680.73,1783361996482
1783361997000,63680.74,1783361997394
1783361998000,63680.73,1783361998428
1783361999000,63680.73,1783361999549
1783362000000,63680.74,1783362000506
1783362001000,63680.74,1783362001467
1783362002000,63680.73,1783362002573
1783362003000,63680.73,1783362003501
1783362004000,63684,1783362004764
1783362005000,63685.03,1783362005543
1783362006000,63685.02,1783362006465
1783362007000,63685.03,1783362007503
1783362008000,63685.03,1783362008439
1783362009000,63685.03,1783362009462
1783362010000,63685.02,1783362010561
1783362011000,63685.02,1783362011453
1783362012000,63693.99,1783362012429
1783362013000,63694,1783362013751
1783362014000,63691.04,1783362014464
1783362015000,63681.51,1783362015579
1783362016000,63683.51,1783362016591
1783362017000,63683.51,1783362017576
1783362018000,63692,1783362018651
1783362019000,63696,1783362019470
1783362020000,63696,1783362020598
1783362021000,63696,1783362021500
1783362022000,63709.99,1783362022440
1783362023000,63710,1783362023616
1783362024000,63709.99,1783362024554
1783362025000,63709.99,1783362025716
1783362026000,63709.99,1783362026448
1783362027000,63709.99,1783362027481
1783362028000,63710,1783362028493
1783362029000,63710.02,1783362029414
1783362030000,63710.21,1783362030431
1783362031000,63710.2,1783362031502
1783362032000,63710.21,1783362032479
1783362033000,63715.99,1783362033601
1783362034000,63715.99,1783362034523
1783362035000,63719.99,1783362035476
1783362036000,63720,1783362036495
1783362037000,63719.99,1783362037452
1783362038000,63720,1783362038544
1783362039000,63720,1783362039513
1783362040000,63719.99,1783362040571
1783362041000,63719.99,1783362041646
1783362042000,63719.99,1783362042685
1783362043000,63720,1783362043539
1783362044000,63720,1783362044919
1783362045000,63720,1783362045491
1783362046000,63720,1783362046463
1783362047000,63719.99,1783362047530
1783362048000,63720,1783362048480
1783362049000,63720,1783362049423
1783362050000,63720,1783362050652
1783362051000,63720,1783362051419
1783362052000,63725,1783362052480
1783362053000,63732,1783362053469
1783362054000,63731.99,1783362054439
1783362055000,63747.99,1783362055637
1783362056000,63747.99,1783362056632
1783362057000,63748,1783362057553
1783362058000,63747.99,1783362058484
1783362059000,63756.37,1783362059516
1783362060000,63769.36,1783362060688
1783362061000,63768.6,1783362061667
1783362062000,63768.6,1783362062532
1783362063000,63791.99,1783362063377
1783362064000,63792,1783362064460
1783362065000,63791.99,1783362065481
1783362066000,63790.01,1783362066468
1783362067000,63787.49,1783362067443
1783362068000,63812,1783362068463
1783362069000,63807.22,1783362069454
1783362070000,63806.37,1783362070671
1783362071000,63806.37,1783362071682
1783362072000,63815.99,1783362072516
1783362073000,63807.64,1783362073412
1783362074000,63811.62,1783362074409
1783362075000,63814.1,1783362075400
1783362076000,63814.1,1783362076491
1783362077000,63810.35,1783362077590
1783362078000,63810.35,1783362078525
1783362079000,63815.69,1783362079736
1783362080000,63815.69,1783362080511
1783362081000,63808.44,1783362081519
1783362082000,63807.77,1783362082499
1783362083000,63807.77,1783362083687
1783362084000,63807.77,1783362084495
1783362085000,63807.77,1783362085622
1783362086000,63807.77,1783362086400
1783362087000,63807.77,1783362087422
1783362088000,63807.77,1783362088591
1783362089000,63807.77,1783362089544
1783362090000,63800.4,1783362090588
1783362091000,63800.01,1783362091615
1783362092000,63798,1783362092436
1783362093000,63798.01,1783362093501
1783362094000,63798,1783362094633
1783362095000,63798.01,1783362095403
1783362096000,63798.01,1783362096477
1783362097000,63792.52,1783362097467
1783362098000,63790.01,1783362098447
1783362099000,63790.01,1783362099571
1783362100000,63790.01,1783362100478
1783362101000,63790.01,1783362101494
1783362102000,63790.01,1783362102439
1783362103000,63793.99,1783362103542
1783362104000,63793.99,1783362104524
1783362105000,63788.01,1783362105617
1783362106000,63782.01,1783362106451
1783362107000,63782.01,1783362107487
1783362108000,63782,1783362108462
1783362109000,63780.01,1783362109435
1783362110000,63780.01,1783362110575
1783362111000,63780,1783362111482
1783362112000,63780,1783362112490
1783362113000,63779.98,1783362113525
1783362114000,63782,1783362114601
1783362115000,63782,1783362115516
1783362116000,63782,1783362116544
1783362117000,63781.99,1783362117497
1783362118000,63781.99,1783362118495
1783362119000,63781.99,1783362119517
1783362120000,63781.99,1783362120482
1783362121000,63781.99,1783362121616
1783362122000,63781.99,1783362122452
1783362123000,63781.99,1783362123549
1783362124000,63776,1783362124419
1783362125000,63776.01,1783362125507
1783362126000,63776.01,1783362126583
1783362127000,63776,1783362127454
1783362128000,63776,1783362128530
1783362129000,63766,1783362129453
1783362130000,63766.01,1783362130463
1783362131000,63766,1783362131397
1783362132000,63766,1783362132419
1783362133000,63766.01,1783362133584
1783362134000,63766,1783362134471
1783362135000,63766,1783362135601
1783362136000,63766,1783362136496
1783362137000,63766,1783362137751
1783362138000,63766.01,1783362139064
1783362139000,63766.01,1783362139599
1783362140000,63766,1783362140509
1783362141000,63767.99,1783362141446
1783362142000,63767.99,1783362142464
1783362143000,63767.99,1783362143442
1783362144000,63767.99,1783362144503
1783362145000,63767.99,1783362145410
1783362146000,63768,1783362146449
1783362147000,63767.99,1783362147530
1783362148000,63771.99,1783362148448
1783362149000,63771.99,1783362149420
1783362150000,63771.99,1783362150543
1783362151000,63771.99,1783362151471
1783362152000,63771.99,1783362152543
1783362153000,63772.39,1783362153514
1783362154000,63772.39,1783362154438
1783362155000,63772.4,1783362155479
1783362156000,63777.99,1783362156425
1783362157000,63777.99,1783362157426
1783362158000,63778,1783362158483
1783362159000,63777.99,1783362159453
1783362160000,63778,1783362160580
1783362161000,63778,1783362161554
1783362162000,63778,1783362162485
1783362163000,63780,1783362163550
1783362164000,63794,1783362164573
1783362165000,63799.99,1783362165472
1783362166000,63802,1783362166468
1783362167000,63794.79,1783362167440
1783362168000,63794.8,1783362168567
1783362169000,63794.8,1783362169591
1783362170000,63794.79,1783362170491
1783362171000,63794.8,1783362171490
1783362172000,63794.79,1783362172458
1783362173000,63794.79,1783362173534
1783362174000,63794.8,1783362174379
1783362175000,63799.54,1783362175480
1783362176000,63799.53,1783362176554
1783362177000,63805.99,1783362177477
1783362178000,63805.99,1783362178465
1783362179000,63806,1783362179407
1783362180000,63810,1783362180480
1783362181000,63806,1783362181675
1783362182000,63805.98,1783362182494
1783362183000,63802.01,1783362183422
1783362184000,63802,1783362184482
1783362185000,63794,1783362185487
1783362186000,63794,1783362186447
1783362187000,63794.01,1783362187511
1783362188000,63794,1783362188535
1783362189000,63794,1783362189492
1783362190000,63794,1783362190491
1783362191000,63794,1783362191607
1783362192000,63794,1783362192529
1783362193000,63794,1783362193625
1783362194000,63794,1783362194576
1783362195000,63794,1783362195550
1783362196000,63794,1783362196625
1783362197000,63794,1783362197649
1783362198000,63794.01,1783362198455
1783362199000,63794.01,1783362199455
1783362200000,63794.01,1783362200540
1783362201000,63794.01,1783362201414
1783362202000,63794.01,1783362202462
1783362203000,63794,1783362203539
1783362204000,63794.01,1783362204612
1783362205000,63794.01,1783362205533
1783362206000,63794.01,1783362206557
1783362207000,63794.01,1783362207567
1783362208000,63794.01,1783362208503
1783362209000,63794.01,1783362209414
1783362210000,63794.01,1783362210502
1783362211000,63794,1783362211385
1783362212000,63794,1783362212514
1783362213000,63794.01,1783362213521
1783362214000,63794,1783362214449
1783362215000,63794.01,1783362215569
1783362216000,63794,1783362216490
1783362217000,63794,1783362217410
1783362218000,63794,1783362218436
1783362219000,63794,1783362219616
1783362220000,63794,1783362220407
1783362221000,63794,1783362221461
1783362222000,63794.01,1783362222530
1783362223000,63794,1783362223612
1783362224000,63794.01,1783362224477
1783362225000,63794.01,1783362225502
1783362226000,63786.01,1783362226426
1783362227000,63786.01,1783362227652
1783362228000,63782.66,1783362228574
1783362229000,63782.66,1783362229505
1783362230000,63782.65,1783362230622
1783362231000,63782.66,1783362231410
1783362232000,63782.01,1783362232424
1783362233000,63782,1783362233591
1783362234000,63782.01,1783362234513
1783362235000,63782,1783362235395
1783362236000,63783.14,1783362236397
1783362237000,63783.15,1783362237520
1783362238000,63783.99,1783362238448
1783362239000,63786,1783362239464
1783362240000,63786.01,1783362240511
1783362241000,63786,1783362241477
1783362242000,63786.01,1783362242560
1783362243000,63786,1783362243772
1783362244000,63786.01,1783362244553
1783362245000,63786.01,1783362245613
1783362246000,63786.01,1783362246575
1783362247000,63786.01,1783362247621
1783362248000,63786.01,1783362248461
1783362249000,63786.01,1783362249567
1783362250000,63786.01,1783362250407
1783362251000,63786.01,1783362251394
1783362252000,63786,1783362252536
1783362253000,63786.01,1783362253445
1783362254000,63786,1783362254482
1783362255000,63786,1783362255428
1783362256000,63786,1783362256388
1783362257000,63786.01,1783362257352
1783362258000,63786.01,1783362258567
1783362259000,63786.01,1783362259603
1783362260000,63786.01,1783362260451
1783362261000,63803.15,1783362261470
1783362262000,63803.14,1783362262426
1783362263000,63803.14,1783362263493
1783362264000,63803.14,1783362264591
1783362265000,63803.14,1783362265393
1783362266000,63807.99,1783362266373
1783362267000,63807.99,1783362267396
1783362268000,63807.99,1783362268461
1783362269000,63808,1783362269535
1783362270000,63808,1783362270472
1783362271000,63807.99,1783362271481
1783362272000,63807.99,1783362272375
1783362273000,63807.99,1783362273631
1783362274000,63808,1783362274450
1783362275000,63808,1783362275474
1783362276000,63808,1783362276396
1783362277000,63808,1783362277420
1783362278000,63808,1783362278444
1783362279000,63808,1783362279468
1783362280000,63807.99,1783362280390
1783362281000,63808,1783362281669
1783362282000,63807.99,1783362282438
1783362283000,63808,1783362283420
1783362284000,63807.99,1783362284550
1783362285000,63808,1783362285393
1783362286000,63808,1783362286431
1783362287000,63808,1783362287455
1783362288000,63807.99,1783362288398
1783362289000,63807.99,1783362289487
1783362290000,63807.99,1783362290312
1783362291000,63808,1783362291535
1783362292000,63808,1783362292473
1783362293000,63807.99,1783362293496
1783362294000,63808,1783362294521
1783362295000,63808,1783362295442
1783362296000,63808,1783362296485
1783362297000,63807.99,1783362297370
1783362298000,63807.99,1783362298391
1783362299000,63807.99,1783362299355
1783362300000,63808,1783362300407
1783362301000,63807.99,1783362301484
1783362302000,63808,1783362302559
1783362303000,63807.99,1783362303376
1783362304000,63807.99,1783362304455
1783362305000,63807.99,1783362305478
1783362306000,63807.99,1783362306502
1783362307000,63808,1783362307379
1783362308000,63807.99,1783362308445
1783362309000,63807.99,1783362309471
1783362310000,63807.99,1783362310382
1783362311000,63808,1783362311337
1783362312000,63807.99,1783362312430
1783362313000,63807.99,1783362313407
1783362314000,63808,1783362314429
1783362315000,63808,1783362315514
1783362316000,63807.99,1783362316397
1783362317000,63807.99,1783362317575
1783362318000,63808,1783362318405
1783362319000,63808,1783362319376
1783362320000,63808,1783362320408
1783362321000,63808,1783362321415
1783362322000,63808,1783362322456
1783362323000,63807.99,1783362323427
1783362324000,63806.01,1783362324525
1783362325000,63806.01,1783362325377
1783362326000,63806,1783362326407
1783362327000,63806.01,1783362327494
1783362328000,63806.01,1783362328519
1783362329000,63806,1783362329440
1783362330000,63804.5,1783362330497
1783362331000,63804.5,1783362331488
1783362332000,63804.49,1783362332446
1783362333000,63804.49,1783362333403
1783362334000,63804.49,1783362334422
1783362335000,63804.5,1783362335584
1783362336000,63804.5,1783362336457
1783362337000,63804.49,1783362337427
1783362338000,63804.5,1783362338365
1783362339000,63804.49,1783362339372
1783362340000,63796.01,1783362340372
1783362341000,63796,1783362341546
1783362342000,63796,1783362342445
1783362343000,63796,1783362343340
1783362344000,63796,1783362344494
1783362345000,63796.01,1783362345504
1783362346000,63796.01,1783362346541
1783362347000,63796.01,1783362347491
1783362348000,63796,1783362348411
1783362349000,63796,1783362349511
1783362350000,63796,1783362350360
1783362351000,63796,1783362351479
1783362352000,63796,1783362352433
1783362353000,63796.01,1783362353406
1783362354000,63796,1783362354511
1783362355000,63796,1783362355382
1783362356000,63796,1783362356576
1783362357000,63796,1783362357497
1783362358000,63796,1783362358403
1783362359000,63796,1783362359546
1783362360000,63796,1783362360380
1783362361000,63800.96,1783362361420
1783362362000,63800.95,1783362362418
1783362363000,63800.95,1783362363539
1783362364000,63800.95,1783362364457
1783362365000,63800.95,1783362365390
1783362366000,63800.95,1783362366359
1783362367000,63800.95,1783362367393
1783362368000,63800.95,1783362368515
1783362369000,63800.95,1783362369414
1783362370000,63800.95,1783362370478
1783362371000,63800.95,1783362371424
1783362372000,63800.95,1783362372458
1783362373000,63800.95,1783362373434
1783362374000,63800.95,1783362374498
1783362375000,63800.95,1783362375359
1783362376000,63800.96,1783362376442
1783362377000,63800.96,1783362377458
1783362378000,63800.96,1783362378342
1783362379000,63801.99,1783362379409
1783362380000,63802,1783362380401
1783362381000,63802,1783362381664
1783362382000,63802,1783362382381
1783362383000,63801.99,1783362383419
1783362384000,63808,1783362384430
1783362385000,63808,1783362385556
1783362386000,63808,1783362386696
1783362387000,63807.99,1783362387483
1783362388000,63807.99,1783362388490
1783362389000,63807.99,1783362389653
1783362390000,63808,1783362390379
1783362391000,63808,1783362391393
1783362392000,63807.99,1783362392425
1783362393000,63811.96,1783362393395
1783362394000,63811.96,1783362394397
1783362395000,63811.96,1783362395476
1783362396000,63811.97,1783362396458
1783362397000,63811.97,1783362397513
1783362398000,63813.93,1783362398429
1783362399000,63813.93,1783362399485
1783362400000,63813.93,1783362400366
1783362401000,63832.81,1783362401361
1783362402000,63832.95,1783362402403
1783362403000,63832.95,1783362403396
1783362404000,63832.94,1783362404599
1783362405000,63832.94,1783362405440
1783362406000,63834,1783362406665
1783362407000,63845,1783362407372
1783362408000,63852,1783362408456
1783362409000,63852.65,1783362409416
1783362410000,63879.4,1783362410493
1783362411000,63880.02,1783362411464
1783362412000,63880.01,1783362412692
1783362413000,63880.01,1783362413614
1783362414000,63875.99,1783362414362
1783362415000,63876,1783362415667
1783362416000,63874.01,1783362416482
1783362417000,63874,1783362417507
1783362418000,63874,1783362418531
1783362419000,63870.09,1783362419555
1783362420000,63870.09,1783362420406
1783362421000,63870.08,1783362421383
1783362422000,63870.08,1783362422382
1783362423000,63870.08,1783362423547
1783362424000,63870.09,1783362424346
1783362425000,63874,1783362425364
1783362426000,63884.23,1783362426569
1783362427000,63884.24,1783362427390
1783362428000,63877.03,1783362428618
1783362429000,63877.04,1783362429517
1783362430000,63877.03,1783362430430
1783362431000,63864.01,1783362431483
1783362432000,63852.2,1783362432456
1783362433000,63852.2,1783362433458
1783362434000,63852.2,1783362434390
1783362435000,63852,1783362435399
1783362436000,63850.02,1783362436412
1783362437000,63848.07,1783362437527
1783362438000,63857.99,1783362438454
1783362439000,63859.99,1783362439419
1783362440000,63860,1783362440495
1783362441000,63842.01,1783362441675
1783362442000,63842,1783362442389
1783362443000,63842,1783362443439
1783362444000,63842,1783362444380
1783362445000,63859.99,1783362445463
1783362446000,63859.99,1783362446391
1783362447000,63859.99,1783362447352
1783362448000,63859.99,1783362448454
1783362449000,63860,1783362449491
1783362450000,63860,1783362450410
1783362451000,63864,1783362451445
1783362452000,63863.99,1783362452461
1783362453000,63864,1783362453483
1783362454000,63864,1783362454432
1783362455000,63863.99,1783362455496
1783362456000,63863.99,1783362456520
1783362457000,63864,1783362457402
1783362458000,63863.99,1783362458382
1783362459000,63863.99,1783362459542
1783362460000,63864,1783362460465
1783362461000,63862,1783362461386
1783362462000,63854,1783362462359
1783362463000,63848.01,1783362463377
1783362464000,63848.01,1783362464610
1783362465000,63848,1783362465457
1783362466000,63848,1783362466362
1783362467000,63848,1783362467397
1783362468000,63848,1783362468506
1783362469000,63848,1783362469441
1783362470000,63848.01,1783362470652
1783362471000,63844.01,1783362471438
1783362472000,63844.01,1783362472350
1783362473000,63844,1783362473460
1783362474000,63844,1783362474392
1783362475000,63844.01,1783362475366
1783362476000,63844,1783362476371
1783362477000,63844,1783362477338
1783362478000,63844,1783362478435
1783362479000,63844,1783362479370
1783362480000,63842.96,1783362480395
1783362481000,63842.95,1783362481360
1783362482000,63842.96,1783362482408
1783362483000,63842.96,1783362483382
1783362484000,63842.96,1783362484478
1783362485000,63842.96,1783362485392
1783362486000,63842.95,1783362486321
1783362487000,63842.96,1783362487549
1783362488000,63842.96,1783362488511
1783362489000,63842.96,1783362489407
1783362490000,63842.95,1783362490620
1783362491000,63842.95,1783362491383
1783362492000,63842.95,1783362492424
1783362493000,63842.96,1783362493547
1783362494000,63842.96,1783362494416
1783362495000,63842.95,1783362495536
1783362496000,63842.96,1783362496457
1783362497000,63836.01,1783362497481
1783362498000,63824.01,1783362498408
1783362499000,63822.01,1783362499434
1783362500000,63820.01,1783362500453
1783362501000,63816.53,1783362501375
1783362502000,63816.53,1783362502498
1783362503000,63816.54,1783362503526
1783362504000,63816.54,1783362504349
1783362505000,63816.53,1783362505468
1783362506000,63816.53,1783362506393
1783362507000,63816.53,1783362507489
1783362508000,63816.53,1783362508494
1783362509000,63816.54,1783362509430
1783362510000,63816.53,1783362510436
1783362511000,63816.54,1783362511377
1783362512000,63816.54,1783362512449
1783362513000,63816.54,1783362513558
1783362514000,63816.54,1783362514429
1783362515000,63816.53,1783362515316
1783362516000,63816.53,1783362516474
1783362517000,63806.33,1783362517340
1783362518000,63806.33,1783362518378
1783362519000,63806.33,1783362519547
1783362520000,63802.36,1783362520359
1783362521000,63802.35,1783362521353
1783362522000,63802.36,1783362522360
1783362523000,63802.35,1783362523384
1783362524000,63802.35,1783362524411
1783362525000,63801.15,1783362525539
1783362526000,63794.01,1783362526359
1783362527000,63784.19,1783362527378
1783362528000,63784.19,1783362528343
1783362529000,63784.19,1783362529345
1783362530000,63784.01,1783362530359
1783362531000,63780.01,1783362531345
1783362532000,63777.47,1783362532461
1783362533000,63774,1783362533324
1783362534000,63774,1783362534449
1783362535000,63774.01,1783362535335
1783362536000,63774,1783362536392
1783362537000,63760.01,1783362537417
1783362538000,63740.38,1783362538340
1783362539000,63740.38,1783362539405
1783362540000,63748,1783362540394
1783362541000,63750,1783362541422
1783362542000,63751.99,1783362542435
1783362543000,63752,1783362543368
1783362544000,63752,1783362544507
1783362545000,63752,1783362545335
1783362546000,63752,1783362546561
1783362547000,63751.99,1783362547618
1783362548000,63759.3,1783362548550
1783362549000,63759.29,1783362549361
1783362550000,63759.3,1783362550374
1783362551000,63759.29,1783362551429
1783362552000,63759.29,1783362552573
1783362553000,63759.29,1783362553335
1783362554000,63759.29,1783362554418
1783362555000,63755.98,1783362555596
1783362556000,63755.97,1783362556464
1783362557000,63755.98,1783362557385
1783362558000,63755.97,1783362558409
1783362559000,63755.98,1783362559332
1783362560000,63755.97,1783362560359
1783362561000,63755.97,1783362561535
1783362562000,63755.97,1783362562366
1783362563000,63755.98,1783362563376
1783362564000,63755.98,1783362564349
1783362565000,63755.98,1783362565386
1783362566000,63755.97,1783362566397
1783362567000,63755.98,1783362567377
1783362568000,63755.98,1783362568343
1783362569000,63755.97,1783362569317
1783362570000,63755.98,1783362570346
1783362571000,63755.97,1783362571415
1783362572000,63755.97,1783362572424
1783362573000,63755.98,1783362573362
1783362574000,63755.98,1783362574486
1783362575000,63755.97,1783362575510
1783362576000,63755.98,1783362576342
1783362577000,63755.98,1783362577464
1783362578000,63755.98,1783362578381
1783362579000,63755.99,1783362579401
1783362580000,63755.99,1783362580425
1783362581000,63755.99,1783362581347
1783362582000,63755.99,1783362582379
1783362583000,63755.99,1783362583367
1783362584000,63755.98,1783362584521
1783362585000,63755.99,1783362585323
1783362586000,63755.98,1783362586570
1783362587000,63755.98,1783362587345
1783362588000,63755.98,1783362588421
1783362589000,63755.98,1783362589344
1783362590000,63755.98,1783362590455
1783362591000,63755.98,1783362591587
1783362592000,63755.98,1783362592335
1783362593000,63755.98,1783362593479
1783362594000,63755.98,1783362594455
1783362595000,63755.99,1783362595337
1783362596000,63755.99,1783362596400
1783362597000,63755.99,1783362597424
1783362598000,63755.99,1783362598449
1783362599000,63755.99,1783362599576
1783362600000,63755.98,1783362600347
1783362601000,63755.99,1783362601341
1783362602000,63750.21,1783362602442
1783362603000,63740,1783362603346
1783362604000,63739.99,1783362604341
1783362605000,63739.14,1783362605394
1783362606000,63739.14,1783362606498
1783362607000,63736.01,1783362607360
1783362608000,63736.01,1783362608338
1783362609000,63736,1783362609340
1783362610000,63736,1783362610372
1783362611000,63736.01,1783362611413
1783362612000,63736.01,1783362612443
1783362613000,63736,1783362613392
1783362614000,63736.01,1783362614395
1783362615000,63736.01,1783362615549
1783362616000,63736.01,1783362616422
1783362617000,63736,1783362617495
1783362618000,63736,1783362618429
1783362619000,63736.01,1783362619382
1783362620000,63736.01,1783362620294
1783362621000,63729.85,1783362621382
1783362622000,63727.05,1783362622328
1783362623000,63727.05,1783362623333
1783362624000,63727.05,1783362624359
1783362625000,63727.04,1783362625383
1783362626000,63727.05,1783362626551
1783362627000,63727.05,1783362627530
1783362628000,63712,1783362628406
1783362629000,63715.29,1783362629371
1783362630000,63721.62,1783362630398
1783362631000,63722,1783362631523
1783362632000,63726,1783362632345
1783362633000,63730,1783362633572
1783362634000,63732,1783362634391
1783362635000,63732,1783362635404
1783362636000,63731.99,1783362636439
1783362637000,63732,1783362637361
1783362638000,63731.99,1783362638384
1783362639000,63731.99,1783362639376
1783352316000,62362.61,1783352316410
1783352317000,62362.6,1783352317374
1783352318000,62362.6,1783352318563
1783352319000,62356.75,1783352319376
1783352320000,62342,1783352320518
1783352321000,62347.85,1783352321603
1783352322000,62347.85,1783352322394
1783352323000,62347.85,1783352323425
1783352324000,62351.21,1783352324365
1783352325000,62351.2,1783352325581
1783352326000,62351.99,1783352326549
1783352327000,62353.81,1783352327642
1783352328000,62353.81,1783352328530
1783352329000,62353.81,1783352329457
1783352330000,62353.8,1783352330333
1783352331000,62353.81,1783352331360
1783352332000,62351.2,1783352332371
1783352333000,62351.17,1783352333444
1783352334000,62351.17,1783352334375
1783355827000,63746,1783355827657
1783355828000,63753.99,1783355828671
1783355829000,63754,1783355829603
1783355830000,63760,1783355830628
1783355831000,63762,1783355831492
1783355832000,63762,1783355832452
1783355833000,63762.01,1783355833415
1783355834000,63763.4,1783355834500
1783355835000,63797.15,1783355835426
1783355836000,63800,1783355836559
1783355837000,63804.61,1783355837619
1783355838000,63792.01,1783355838614
1783355839000,63790,1783355839486
1783355840000,63784.01,1783355840409
1783355841000,63784.01,1783355841516
1783355842000,63780,1783355842415
1783355843000,63780.01,1783355843481
1783355844000,63762,1783355844506
1783355845000,63762.38,1783355845548
1783355846000,63762.01,1783355846521
1783355847000,63760,1783355847523
1783355848000,63758.64,1783355848492
1783355849000,63762.13,1783355849571
1783355850000,63762.12,1783355850410
1783355851000,63762.13,1783355851511
1783355852000,63762.01,1783355852644
1783355853000,63762.02,1783355853667
1783355854000,63762.01,1783355854598
1783355855000,63762.02,1783355855475
1783355856000,63754,1783355856466
1783355857000,63747.29,1783355857558
1783355858000,63747.29,1783355858534
1783355859000,63747.29,1783355859722
1783355860000,63750,1783355860522
1783355861000,63750,1783355861584
1783355862000,63749.99,1783355862473
1783355863000,63750,1783355863500
1783355864000,63750,1783355864405
1783355865000,63748,1783355865405
1783355866000,63742,1783355866468
1783355867000,63736,1783355867444
1783355868000,63734.01,1783355868530
1783355869000,63733.06,1783355869552
1783355870000,63710,1783355870652
1783355871000,63708,1783355871446
1783355872000,63708.01,1783355872519
1783355873000,63708.01,1783355873394
1783355874000,63696,1783355874586
1783355875000,63690.01,1783355875435
1783355876000,63690,1783355876424
1783355877000,63690,1783355877639
1783355878000,63690,1783355878487
1783355879000,63690,1783355879476
1783355880000,63690,1783355880434
1783355881000,63681.57,1783355881478
1783355882000,63692,1783355882494
1783355883000,63691.99,1783355883447
1783355884000,63692,1783355884475
1783355885000,63691.99,1783355885451
1783355886000,63691.99,1783355886495
1783355887000,63691.99,1783355887664
1783355888000,63690.03,1783355888586
1783355889000,63678.51,1783355889498
1783355890000,63678.51,1783355890467
1783355891000,63678.5,1783355891517
1783355892000,63664.05,1783355892580
1783355893000,63664.04,1783355893421
1783355894000,63664.04,1783355894469
1783355895000,63664.05,1783355895493
1783355896000,63664.04,1783355896592
1783355897000,63664.05,1783355897456
1783355898000,63664.04,1783355898518
1783355899000,63652.01,1783355899440
1783355900000,63650.39,1783355900483
1783355901000,63650.4,1783355901495
1783355902000,63649.99,1783355902484
1783355903000,63648,1783355903434
1783355904000,63644,1783355904458
1783355905000,63636,1783355905400
1783355906000,63636.01,1783355906510
1783355907000,63634.3,1783355907534
1783355908000,63634.09,1783355908478
1783355909000,63634.1,1783355909422
1783355910000,63634.09,1783355910459
1783355911000,63622,1783355911626
1783355912000,63613.99,1783355912547
1783355913000,63611.99,1783355913439
1783355914000,63622,1783355914597
1783355915000,63629.99,1783355915577
1783355916000,63630,1783355916441
1783355917000,63630,1783355917670
1783355918000,63625.54,1783355918465
1783355919000,63630,1783355919413
1783355920000,63629.99,1783355920643
1783355921000,63630,1783355921466
1783355922000,63630,1783355922494
1783355923000,63629.99,1783355923545
1783355924000,63629.99,1783355924426
1783355925000,63630,1783355925450
1783355926000,63630,1783355926426
1783355927000,63630,1783355927499
1783355928000,63629.99,1783355928533
1783355929000,63626.01,1783355929445
1783355930000,63626,1783355930468
1783355931000,63618.95,1783355931465
1783355932000,63618.96,1783355932416
1783355933000,63618.96,1783355933455
1783355934000,63618.95,1783355934538
1783355935000,63618.96,1783355935502
1783355936000,63618.95,1783355936445
1783355937000,63620,1783355937502
1783355938000,63619.99,1783355938471
1783355939000,63619.99,1783355939641
1783355940000,63610.04,1783355940606
1783355941000,63618.95,1783355941432
1783355942000,63632,1783355942757
1783355943000,63632,1783355943577
1783355944000,63632,1783355944701
1783355945000,63632,1783355945448
1783355946000,63631.03,1783355946505
1783355947000,63634.08,1783355947566
1783355948000,63628.03,1783355948888
1783355949000,63628.03,1783355949690
1783355950000,63628.03,1783355950484
1783355951000,63628.03,1783355951526
1783355952000,63628.04,1783355952496
1783355953000,63628.04,1783355953612
1783355954000,63634.08,1783355954532
1783355955000,63634.09,1783355955439
1783355956000,63634.09,1783355956574
1783355957000,63634.09,1783355957455
1783355958000,63635.99,1783355958508
1783355959000,63636,1783355959551
1783355960000,63635.99,1783355960472
1783355961000,63645.69,1783355961416
1783355962000,63656.28,1783355962548
1783355963000,63656.29,1783355963527
1783355964000,63656.29,1783355964521
1783355965000,63653.45,1783355965431
1783355966000,63656.28,1783355966463
1783355967000,63651.08,1783355967488
1783355968000,63651.07,1783355968551
1783355969000,63650,1783355969539
1783355970000,63650.01,1783355970679
1783355971000,63648,1783355971641
1783355972000,63643.7,1783355972433
1783355973000,63642.8,1783355973480
1783355974000,63642.81,1783355974605
1783355975000,63642.8,1783355975439
1783355976000,63632,1783355976572
1783355977000,63632.01,1783355977785
1783355978000,63632.01,1783355978505
1783355979000,63624.56,1783355979456
1783355980000,63624,1783355980543
1783355981000,63616,1783355981382
1783355982000,63616,1783355982590
1783355983000,63615,1783355983483
1783355984000,63606.54,1783355984558
1783355985000,63606.53,1783355985418
1783355986000,63606.54,1783355986466
1783355987000,63628,1783355987408
1783355988000,63627.99,1783355988632
1783355989000,63628,1783355989450
1783355990000,63628,1783355990581
1783355991000,63627.99,1783355991473
1783355992000,63628,1783355992400
1783355993000,63627.99,1783355993534
1783355994000,63628,1783355994536
1783355995000,63628,1783355995566
1783355996000,63627.99,1783355996527
1783355997000,63627.99,1783355997643
1783355998000,63627.99,1783355998516
1783355999000,63627.99,1783355999698
1783356000000,63628,1783356000427
1783356001000,63618.32,1783356001485
1783356002000,63614.13,1783356002468
1783356003000,63614.12,1783356003372
1783356004000,63613.53,1783356004505
1783356005000,63628,1783356005360
1783356006000,63611.97,1783356006487
1783356007000,63611.97,1783356007420
1783356008000,63615.99,1783356008710
1783356009000,63616,1783356009590
1783356010000,63616,1783356010562
1783356011000,63615.99,1783356011401
1783356012000,63635.99,1783356012566
1783356013000,63633.7,1783356013431
1783356014000,63633.7,1783356014463
1783356015000,63633.7,1783356015419
1783356016000,63633.69,1783356016592
1783356017000,63633.69,1783356017470
1783356018000,63633.69,1783356018443
1783356019000,63633.69,1783356019396
1783356020000,63633.69,1783356020542
1783356021000,63633.69,1783356021434
1783356022000,63626,1783356022541
1783356023000,63626.01,1783356023415
1783356024000,63626.01,1783356024678
1783356025000,63626.01,1783356025458
1783356026000,63626.01,1783356026453
1783356027000,63626.01,1783356027443
1783356028000,63626.01,1783356028827
1783356029000,63626.01,1783356029764
1783356030000,63642,1783356030475
1783356031000,63646,1783356031460
1783356032000,63645.99,1783356032531
1783356033000,63647.99,1783356033594
1783356034000,63647.99,1783356034525
1783356035000,63647.99,1783356035478
1783356036000,63648,1783356036367
1783356037000,63648,1783356037456
1783356038000,63648,1783356038589
1783356039000,63648,1783356039643
1783356040000,63648.86,1783356040758
1783356041000,63648.86,1783356041517
1783356042000,63648.87,1783356042475
1783356043000,63648.87,1783356043447
1783356044000,63648.86,1783356044464
1783356045000,63649.99,1783356045420
1783356046000,63649.99,1783356046410
1783356047000,63649.99,1783356047721
1783356048000,63649.99,1783356048503
1783356049000,63649.99,1783356049564
1783356050000,63650,1783356050388
1783356051000,63650,1783356051409
1783356052000,63650.96,1783356052645
1783356053000,63651.93,1783356053477
1783356054000,63654,1783356054422
1783356055000,63664.57,1783356055483
1783356056000,63669.39,1783356056425
1783356057000,63680,1783356057515
1783356058000,63664.04,1783356058891
1783356059000,63664.05,1783356059468
1783356060000,63658.01,1783356060587
1783356061000,63658,1783356061814
1783356062000,63677.99,1783356062738
1783356063000,63685.99,1783356063657
1783356064000,63691.99,1783356064582
1783356065000,63692,1783356065490
1783356066000,63691.99,1783356066662
1783356067000,63692,1783356067417
1783356068000,63691.99,1783356068469
1783356069000,63694,1783356069384
1783356070000,63696,1783356070525
1783356071000,63698.59,1783356071423
1783356072000,63698.59,1783356072397
1783356073000,63698.59,1783356073512
1783356074000,63699.99,1783356074378
1783356075000,63700,1783356075563
1783356076000,63711.91,1783356076471
1783356077000,63713.22,1783356077446
1783356078000,63713.21,1783356078493
1783356079000,63713.21,1783356079564
1783356080000,63710,1783356080441
1783356081000,63710,1783356081465
1783356082000,63708,1783356082432
1783356083000,63710,1783356083410
1783356084000,63710,1783356084426
1783356085000,63709.99,1783356085454
1783356086000,63714.99,1783356086521
1783356087000,63715,1783356087532
1783356088000,63714.99,1783356088473
1783356089000,63715,1783356089541
1783356090000,63715,1783356090546
1783356091000,63700.01,1783356091476
1783356092000,63700.01,1783356092530
1783356093000,63698,1783356093593
1783356094000,63660.61,1783356094608
1783356095000,63662.87,1783356095364
1783356096000,63669.38,1783356096421
1783356097000,63667.33,1783356097587
1783356098000,63666.21,1783356098471
1783356099000,63659.36,1783356099330
1783356100000,63657.94,1783356100657
1783356101000,63645.26,1783356101713
1783356102000,63645.25,1783356102448
1783356103000,63645.25,1783356103454
1783356104000,63655.85,1783356104455
1783356105000,63655.86,1783356105372
1783356106000,63660.04,1783356106407
1783356107000,63662.46,1783356107494
1783356108000,63662.45,1783356108696
1783356109000,63662.45,1783356109520
1783356110000,63662.45,1783356110431
1783356111000,63666.62,1783356111439
1783356112000,63666.62,1783356112503
1783356113000,63666.61,1783356113424
1783356114000,63666.62,1783356114383
1783356115000,63664.21,1783356115680
1783356116000,63664.2,1783356116481
1783356117000,63664.21,1783356117402
1783356118000,63665.89,1783356118475
1783356119000,63665.89,1783356119412
1783356120000,63664.21,1783356120742
1783356121000,63664.21,1783356121551
1783356122000,63656,1783356122787
1783356123000,63654.01,1783356123598
1783356124000,63654.01,1783356124367
1783356125000,63654.01,1783356125546
1783356126000,63654,1783356126462
1783356127000,63650.01,1783356127442
1783356128000,63648.01,1783356128451
1783356129000,63646.12,1783356129436
1783356130000,63655.89,1783356130562
1783356131000,63662,1783356131585
1783356132000,63661.99,1783356132543
1783356133000,63661.99,1783356133633
1783356134000,63661.99,1783356134657
1783356135000,63662,1783356135453
1783356136000,63661.99,1783356136467
1783356137000,63662,1783356137399
1783356138000,63666,1783356138534
1783356139000,63666.42,1783356139374
1783356140000,63666.42,1783356140444
1783356141000,63666.41,1783356141506
1783356142000,63666.41,1783356142394
1783356143000,63666.41,1783356143373
1783356144000,63666.41,1783356144499
1783356145000,63666.41,1783356145683
1783356146000,63666.42,1783356146467
1783356147000,63666.42,1783356147461
1783356148000,63670,1783356148397
1783356149000,63669.99,1783356149430
1783356150000,63669.99,1783356150337
1783356151000,63673.99,1783356151476
1783356152000,63674,1783356152434
1783356153000,63673.99,1783356153361
1783356154000,63673.99,1783356154475
1783356155000,63673.99,1783356155446
1783356156000,63673.99,1783356156447
1783356157000,63674,1783356157390
1783356158000,63673.99,1783356158446
1783356159000,63674,1783356159456
1783356160000,63673.99,1783356160463
1783356161000,63697.77,1783356161350
1783356162000,63697.78,1783356162427
1783356163000,63705.99,1783356163397
1783356164000,63706,1783356164529
1783356165000,63709.93,1783356165451
1783356166000,63713.91,1783356166461
1783356167000,63713.92,1783356167495
1783356168000,63713.91,1783356168408
1783356169000,63691.75,1783356169460
1783356170000,63692.4,1783356170409
1783356171000,63687.68,1783356171467
1783356172000,63686.01,1783356172467
1783356173000,63686.01,1783356173431
1783356174000,63686.01,1783356174440
1783356175000,63686.01,1783356175462
1783356176000,63686.01,1783356176465
1783356177000,63686.01,1783356177777
1783356178000,63686,1783356178387
1783356179000,63687.68,1783356179612
1783356180000,63687.69,1783356180417
1783356181000,63687.68,1783356181465
1783356182000,63687.68,1783356182377
1783356183000,63684.78,1783356183606
1783356184000,63684.78,1783356184436
1783356185000,63684.77,1783356185467
1783356186000,63684.78,1783356186466
1783356187000,63684.77,1783356187496
1783356188000,63684.77,1783356188449
1783356189000,63684.78,1783356189355
1783356190000,63684.78,1783356190432
1783356191000,63684.77,1783356191430
1783356192000,63683.99,1783356192618
1783356193000,63684,1783356193366
1783356194000,63681.06,1783356194405
1783356195000,63678.01,1783356195486
1783356196000,63681.05,1783356196460
1783356197000,63681.06,1783356197395
1783356198000,63676.01,1783356198563
1783356199000,63676,1783356199495
1783356200000,63681.05,1783356200500
1783356201000,63681.05,1783356201466
1783356202000,63689.99,1783356202550
1783356203000,63689.99,1783356203449
1783356204000,63689.99,1783356204405
1783356205000,63689.99,1783356205723
1783356206000,63689.99,1783356206370
1783356207000,63684.01,1783356207566
1783356208000,63684.01,1783356208441
1783356209000,63684,1783356209409
1783356210000,63684,1783356210485
1783356211000,63684,1783356211497
1783356212000,63684,1783356212432
1783356213000,63684.01,1783356213419
1783356214000,63684,1783356214632
1783356215000,63684,1783356215350
1783356216000,63684,1783356216377
1783356217000,63684.01,1783356217602
1783356218000,63684,1783356218523
1783356219000,63684,1783356219445
1783356220000,63684.01,1783356220573
1783356221000,63684,1783356221334
1783356222000,63684.77,1783356222445
1783356223000,63684.77,1783356223438
1783356224000,63684.78,1783356224369
1783356225000,63689.99,1783356225398
1783356226000,63689.99,1783356226389
1783356227000,63689.99,1783356227315
1783356228000,63690,1783356228456
1783356229000,63689.99,1783356229585
1783356230000,63689.99,1783356230335
1783356231000,63689.99,1783356231466
1783356232000,63689.99,1783356232460
1783356233000,63689.99,1783356233680
1783356234000,63690,1783356234440
1783356235000,63678.83,1783356235524
1783356236000,63678.82,1783356236466
1783356237000,63678,1783356237422
1783356238000,63678,1783356238492
1783356239000,63678,1783356239515
1783356240000,63678.01,1783356240438
1783356241000,63678.01,1783356241359
1783356242000,63678,1783356242487
1783356243000,63690,1783356243409
1783356244000,63689.99,1783356244349
1783356245000,63690,1783356245509
1783356246000,63709.99,1783356246441
1783356247000,63710,1783356247378
1783356248000,63720,1783356248526
1783356249000,63721,1783356249449
1783356250000,63722,1783356250356
1783356251000,63721.99,1783356251467
1783356252000,63721.99,1783356252594
1783356253000,63721.99,1783356253443
1783356254000,63721.99,1783356254569
1783356255000,63721.99,1783356255695
1783356256000,63722,1783356256354
1783356257000,63722,1783356257335
1783356258000,63722,1783356258563
1783356259000,63722,1783356259384
1783356260000,63722,1783356260713
1783356261000,63721.99,1783356261482
1783356262000,63718,1783356262761
1783356263000,63718,1783356263683
1783356264000,63718.01,1783356264605
1783356265000,63718.01,1783356265532
1783356266000,63718.01,1783356266499
1783356267000,63718.01,1783356267555
1783356268000,63722,1783356268616
1783356269000,63722,1783356269582
1783356270000,63737.99,1783356270611
1783356271000,63745.99,1783356271526
1783356272000,63745.99,1783356272493
1783356273000,63746,1783356273513
1783356274000,63745.99,1783356274519
1783356275000,63746,1783356275663
1783356276000,63745.99,1783356276687
1783356277000,63745.99,1783356277814
1783356278000,63742.01,1783356278633
1783356279000,63742.01,1783356279657
1783356280000,63742,1783356280632
1783356281000,63742,1783356281466
1783356282000,63736.01,1783356282524
1783356283000,63736.01,1783356283651
1783356284000,63736,1783356284470
1783356285000,63736.01,1783356285597
1783356286000,63736,1783356286479
1783356287000,63736,1783356287512
1783356288000,63736,1783356288567
1783356289000,63736.01,1783356289492
1783356290000,63737.99,1783356290614
1783356291000,63739.03,1783356291483
1783356292000,63739.04,1783356292540
1783356293000,63739.03,1783356293550
1783356294000,63739.03,1783356294711
1783356295000,63739.03,1783356295632
1783356296000,63739.03,1783356296460
1783356297000,63739.03,1783356297885
1783356298000,63740,1783356298605
1783356299000,63740,1783356299635
1783356300000,63740,1783356300498
1783356301000,63740,1783356301450
1783356302000,63739.99,1783356302595
1783356303000,63739.99,1783356303824
1783356304000,63739.99,1783356304860
1783356305000,63739.04,1783356305671
1783356306000,63739.03,1783356306465
1783356307000,63739.03,1783356307612
1783356308000,63739.03,1783356308546
1783356309000,63739.03,1783356309558
1783356310000,63739.03,1783356310396
1783356311000,63739.04,1783356311486
1783356312000,63739.03,1783356312581
1783356313000,63739.03,1783356313467
1783356314000,63739.04,1783356314431
1783356315000,63739.03,1783356315703
1783356316000,63730.88,1783356316473
1783356317000,63745.26,1783356317648
1783356318000,63745.99,1783356318425
1783356319000,63745.99,1783356319432
1783356320000,63745.99,1783356320627
1783356321000,63734.41,1783356321754
1783356322000,63734.4,1783356322462
1783356323000,63726,1783356323527
1783356324000,63726.01,1783356324459
1783356325000,63718.01,1783356325393
1783356326000,63718.01,1783356326478
1783356327000,63718.01,1783356327433
1783356328000,63704,1783356328721
1783356329000,63699.1,1783356329408
1783356330000,63699.1,1783356330570
1783356331000,63690.49,1783356331466
1783356332000,63689.15,1783356332462
1783356333000,63689.15,1783356333465
1783356334000,63689.14,1783356334557
1783356335000,63700,1783356336047
1783356336000,63704,1783356336438
1783356337000,63705.99,1783356337514
1783356338000,63718.47,1783356338505
1783356339000,63720.52,1783356339519
1783356340000,63720.52,1783356340403
1783356341000,63720.51,1783356341407
1783356342000,63720.52,1783356342448
1783356343000,63723.92,1783356343509
1783356344000,63723.92,1783356344382
1783356345000,63723.93,1783356345399
1783356346000,63716.01,1783356346478
1783356347000,63716.01,1783356347549
1783356348000,63716,1783356348330
1783356349000,63716,1783356349440
1783356350000,63716,1783356350457
1783356351000,63716.01,1783356351465
1783356352000,63716.01,1783356352364
1783356353000,63716,1783356353386
1783356354000,63716.01,1783356354615
1783356355000,63719.99,1783356355741
1783356356000,63719.99,1783356356485
1783356357000,63719.99,1783356357586
1783356358000,63719.99,1783356358610
1783356359000,63716.01,1783356359504
1783356360000,63716.01,1783356360474
1783356361000,63716,1783356361472
1783356362000,63716.01,1783356362706
1783356363000,63719.2,1783356363473
1783356364000,63719.2,1783356364549
1783356365000,63719.2,1783356365471
1783356366000,63716.01,1783356366495
1783356367000,63716.01,1783356367620
1783356368000,63716,1783356368544
1783356369000,63716.01,1783356369565
1783356370000,63716.01,1783356370367
1783356371000,63716.01,1783356371410
1783356372000,63716,1783356372639
1783356373000,63716.01,1783356373525
1783356374000,63716.01,1783356374467
1783356375000,63716,1783356375411
1783356376000,63716.01,1783356376430
1783356377000,63716.01,1783356377505
1783356378000,63716.01,1783356378519
1783356379000,63716.01,1783356379403
1783356380000,63716.01,1783356380625
1783356381000,63716.01,1783356381444
1783356382000,63716,1783356382415
1783356383000,63716,1783356383519
1783356384000,63716.01,1783356384517
1783356385000,63716,1783356385404
1783356386000,63716,1783356386481
1783356387000,63716,1783356387441
1783356388000,63716,1783356388374
1783356389000,63726,1783356389534
1783356390000,63725.96,1783356390457
1783356391000,63725.95,1783356391417
1783356392000,63725.96,1783356392454
1783356393000,63725.95,1783356393377
1783356394000,63725.95,1783356394369
1783356395000,63725.96,1783356395577
1783356396000,63725.95,1783356396504
1783356397000,63725.96,1783356397384
1783356398000,63725.95,1783356398404
1783356399000,63725.96,1783356399369
1783356400000,63731.54,1783356400546
1783356401000,63731.54,1783356401467
1783356402000,63731.53,1783356402440
1783356403000,63734.44,1783356403372
1783356404000,63734.45,1783356404538
1783356405000,63738,1783356405425
1783356406000,63744,1783356406421
1783356407000,63744,1783356407478
1783356408000,63744,1783356408365
1783356409000,63745.07,1783356409362
1783356410000,63746,1783356410526
1783356411000,63757.65,1783356411459
1783356412000,63762.02,1783356412440
1783356413000,63762.02,1783356413404
1783356414000,63762.01,1783356414447
1783356415000,63765.25,1783356415351
1783356416000,63765.24,1783356416463
1783356417000,63763.98,1783356417387
1783356418000,63762.02,1783356418436
1783356419000,63762.02,1783356419419
1783356420000,63762.02,1783356420358
1783356421000,63762.01,1783356421471
1783356422000,63767.99,1783356422507
1783356423000,63787.05,1783356423379
1783356424000,63778,1783356424536
1783356425000,63759.32,1783356425360
1783356426000,63759.32,1783356426321
1783356427000,63773.12,1783356427386
1783356428000,63773.12,1783356428548
1783356429000,63754.97,1783356429534
1783356430000,63754.97,1783356430520
1783356431000,63758,1783356431930
1783356432000,63759.32,1783356432596
1783356433000,63757.67,1783356433581
1783356434000,63757.67,1783356434797
1783356435000,63757.67,1783356435514
1783356436000,63757.67,1783356436459
1783356437000,63772,1783356437458
1783356438000,63777.99,1783356438482
1783356439000,63774.12,1783356439464
1783356440000,63768.01,1783356440526
1783356441000,63760,1783356441519
1783356442000,63757.67,1783356442529
1783356443000,63757.04,1783356443482
1783356444000,63757.03,1783356444493
1783356445000,63757.03,1783356445593
1783356446000,63757.04,1783356446475
1783356447000,63757.03,1783356447428
1783356448000,63757.03,1783356448476
1783356449000,63750.67,1783356449567
1783356450000,63750.67,1783356450413
1783356451000,63750,1783356451515
1783356452000,63750.01,1783356452511
1783356453000,63750.01,1783356453485
1783356454000,63750.01,1783356454613
1783356455000,63738.01,1783356455482
1783356456000,63720,1783356456466
1783356457000,63720.01,1783356457426
1783356458000,63721.71,1783356458500
1783356459000,63721.7,1783356459373
1783356460000,63721.71,1783356460470
1783356461000,63721.71,1783356461485
1783356462000,63721.7,1783356462492
1783356463000,63724.95,1783356463527
1783356464000,63724.95,1783356464395
1783356465000,63724.96,1783356465456
1783356466000,63724.96,1783356466546
1783356467000,63712,1783356467430
1783356468000,63712.01,1783356468511
1783356469000,63712.01,1783356469572
1783356470000,63712.01,1783356470380
1783356471000,63712,1783356471468
1783356472000,63706.01,1783356472381
1783356473000,63706.01,1783356473452
1783356474000,63706.01,1783356474392
1783356475000,63706,1783356475452
1783356476000,63724.96,1783356476520
1783356477000,63724.96,1783356477451
1783356478000,63722.01,1783356478408
1783356479000,63715.45,1783356479419
1783356480000,63715.46,1783356480441
1783356481000,63715.45,1783356481465
1783356482000,63717.99,1783356482415
1783356483000,63717.99,1783356483383
1783356484000,63718,1783356484382
1783356485000,63715.1,1783356485395
1783356486000,63715.72,1783356486406
1783356487000,63715.72,1783356487447
1783356488000,63715.72,1783356488353
1783356489000,63715.72,1783356489401
1783356490000,63715.73,1783356490502
1783356491000,63715.72,1783356491466
1783356492000,63715.73,1783356492550
1783356493000,63732,1783356493393
1783356494000,63732,1783356494354
1783356495000,63715.84,1783356495377
1783356496000,63715.83,1783356496420
1783356497000,63715.84,1783356497363
1783356498000,63714,1783356498349
1783356499000,63714.01,1783356499343
1783356500000,63714.01,1783356500639
1783356501000,63712,1783356501463
1783356502000,63706.01,1783356502323
1783356503000,63706.02,1783356503507
1783356504000,63706.02,1783356504351
1783356505000,63706.02,1783356505351
1783356506000,63706.02,1783356506467
1783356507000,63706.02,1783356507603
1783356508000,63700,1783356508354
1783356509000,63700.01,1783356509347
1783356510000,63688.01,1783356510472
1783356511000,63680,1783356511466
1783356512000,63679.13,1783356512517
1783356513000,63679.14,1783356513350
1783356514000,63678.01,1783356514404
1783356515000,63678.02,1783356515346
1783356516000,63678.01,1783356516344
1783356517000,63678.01,1783356517369
1783356518000,63678.02,1783356518457
1783356519000,63678.01,1783356519510
1783356520000,63678.01,1783356520404
1783356521000,63680.33,1783356521397
1783356522000,63698,1783356522656
1783356523000,63698,1783356523514
1783356524000,63702.5,1783356524499
1783356525000,63706.87,1783356525524
1783356526000,63706.88,1783356526502
1783356527000,63706.88,1783356527469
1783356528000,63706.88,1783356528605
1783356529000,63706.87,1783356529519
1783356530000,63706.88,1783356530543
1783356531000,63706.87,1783356531478
1783356532000,63706.88,1783356532537
1783356533000,63706.87,1783356533613
1783356534000,63706.88,1783356534462
1783356535000,63707.99,1783356535734
1783356536000,63708,1783356536415
1783356537000,63708,1783356537468
1783356538000,63707.99,1783356538491
1783356539000,63707.99,1783356539448
1783356540000,63708,1783356540527
1783356541000,63692.01,1783356541468
1783356542000,63686,1783356542524
1783356543000,63686,1783356543549
1783356544000,63686.01,1783356544784
1783356545000,63686.01,1783356545708
1783356546000,63686.01,1783356546595
1783356547000,63686.01,1783356547559
1783356548000,63686,1783356548618
1783356549000,63686,1783356549672
1783356550000,63684.01,1783356550602
1783356551000,63684.01,1783356551512
1783356552000,63684,1783356552506
1783356553000,63683.24,1783356553582
1783356554000,63682.98,1783356554577
1783356555000,63682.98,1783356555477
1783356556000,63681.99,1783356556462
1783356557000,63680.34,1783356557617
1783356558000,63680.34,1783356558602
1783356559000,63680.33,1783356559484
1783356560000,63680.34,1783356560699
1783356561000,63680.34,1783356561493
1783356562000,63680.34,1783356562451
1783356563000,63680.33,1783356563464
1783356564000,63680.31,1783356564856
1783356565000,63680.31,1783356565460
1783356566000,63680.3,1783356566505
1783356567000,63672.74,1783356567429
1783356568000,63672,1783356568629
1783356569000,63672.01,1783356569658
1783356570000,63674.96,1783356570426
1783356571000,63683.99,1783356571602
1783356572000,63677.99,1783356572438
1783356573000,63677.98,1783356573646
1783356574000,63677.99,1783356574529
1783356575000,63677.99,1783356575480
1783356576000,63683.93,1783356576481
1783356577000,63683.94,1783356577608
1783356578000,63683.93,1783356578511
1783356579000,63680.01,1783356579386
1783356580000,63674.96,1783356580559
1783356581000,63674.96,1783356581466
1783356582000,63674.97,1783356582459
1783356583000,63674.96,1783356583526
1783356584000,63676.72,1783356584463
1783356585000,63665.64,1783356585428
1783356586000,63670.22,1783356586554
1783356587000,63670.22,1783356587579
1783356588000,63670.21,1783356588706
1783356589000,63670.22,1783356589372
1783356590000,63670.22,1783356590548
1783356591000,63670.22,1783356591524
1783356592000,63674.01,1783356592444
1783356593000,63676,1783356593502
1783356594000,63677.99,1783356594644
1783356595000,63680,1783356595566
1783356596000,63679.99,1783356596517
1783356597000,63683.98,1783356597511
1783356598000,63683.98,1783356598425
1783356599000,63683.98,1783356599458
1783356600000,63683.99,1783356600481
1783356601000,63683.99,1783356601465
1783356602000,63694,1783356602473
1783356603000,63686.01,1783356603526
1783356604000,63686.01,1783356604376
1783356605000,63686.01,1783356605393
1783356606000,63686,1783356606381
1783356607000,63686,1783356607455
1783356608000,63686.01,1783356608369
1783356609000,63686.01,1783356609426
1783356610000,63686,1783356610416
1783356611000,63699.99,1783356611383
1783356612000,63701.99,1783356612462
1783356613000,63702,1783356613434
1783356614000,63701.99,1783356614670
1783356615000,63701.99,1783356615367
1783356616000,63708,1783356616368
1783356617000,63708,1783356617480
1783356618000,63707.99,1783356618459
1783356619000,63707.99,1783356619560
1783356620000,63707.99,1783356620657
1783356621000,63708,1783356621306
1783356622000,63707.99,1783356622358
1783356623000,63702,1783356623430
1783356624000,63702.01,1783356624545
1783356625000,63700.01,1783356625399
1783356626000,63700.01,1783356626388
1783356627000,63700.01,1783356627337
1783356628000,63703.19,1783356628437
1783356629000,63703.19,1783356629432
1783356630000,63704,1783356630357
1783356631000,63703.99,1783356631465
1783356632000,63704,1783356632352
1783356633000,63700,1783356633359
1783356634000,63686.01,1783356634478
1783356635000,63692.68,1783356635399
1783356636000,63692.67,1783356636374
1783356637000,63692.67,1783356637309
1783356638000,63692.67,1783356638472
1783356639000,63692.67,1783356639377
1783356640000,63692.68,1783356640520
1783356641000,63692.68,1783356641289
1783356642000,63692.67,1783356642368
1783356643000,63692.67,1783356643398
1783356644000,63692.67,1783356644512
1783356645000,63692.68,1783356645348
1783356646000,63692.67,1783356646363
1783356647000,63692.67,1783356647434
1783356648000,63692.68,1783356648405
1783356649000,63692.67,1783356649429
1783356650000,63692.67,1783356650404
1783356651000,63692.68,1783356651465
1783356652000,63693.99,1783356652363
1783356653000,63694,1783356653452
1783356654000,63694,1783356654428
1783356655000,63694,1783356655339
1783356656000,63701.99,1783356656468
1783356657000,63702,1783356657416
1783356658000,63704,1783356658343
1783356659000,63703.99,1783356659311
1783356660000,63704,1783356660374
1783356661000,63707.99,1783356661675
1783356662000,63707.99,1783356662415
1783356663000,63708,1783356663515
1783356664000,63708,1783356664488
1783356665000,63707.99,1783356665611
1783356666000,63708,1783356666475
1783356667000,63707.99,1783356667506
1783356668000,63708,1783356668577
1783356669000,63708,1783356669500
1783356670000,63708,1783356670726
1783356671000,63708,1783356671484
1783356672000,63708,1783356672494
1783356673000,63718,1783356673510
1783356674000,63717.99,1783356674490
1783356675000,63716,1783356675649
1783356676000,63716.01,1783356676469
1783356677000,63716,1783356677533
1783356678000,63716,1783356678512
1783356679000,63716,1783356679469
1783356680000,63716.01,1783356680509
1783356681000,63716.01,1783356681530
1783356682000,63716,1783356682505
1783356683000,63716,1783356683552
1783356684000,63716.01,1783356684503
1783356685000,63716.01,1783356685579
1783356686000,63716,1783356686594
1783356687000,63716,1783356687520
1783356688000,63716,1783356688510
1783356689000,63716.01,1783356689572
1783356690000,63716,1783356690474
1783356691000,63722,1783356691472
1783356692000,63721.99,1783356692521
1783356693000,63722,1783356693534
1783356694000,63718,1783356694691
1783356695000,63712,1783356695538
1783356696000,63712.01,1783356696486
1783356697000,63712,1783356697560
1783356698000,63712,1783356698452
1783356699000,63707.13,1783356699428
1783356700000,63707.13,1783356700525
1783356701000,63707.13,1783356701481
1783356702000,63707.12,1783356702541
1783356703000,63707.12,1783356703497
1783356704000,63696.01,1783356704437
1783356705000,63689.41,1783356705443
1783356706000,63689.4,1783356706465
1783356707000,63689.4,1783356707444
1783356708000,63689.41,1783356708444
1783356709000,63689.4,1783356709452
1783356710000,63689.41,1783356710715
1783356711000,63706,1783356711434
1783356712000,63705.99,1783356712613
1783356713000,63708.65,1783356713526
1783356714000,63708.65,1783356714481
1783356715000,63708.66,1783356715796
1783356716000,63708.65,1783356716467
1783356717000,63708.65,1783356717492
1783356718000,63708.65,1783356718420
1783356719000,63708.66,1783356719421
1783356720000,63707.12,1783356720451
1783356721000,63707.13,1783356721466
1783356722000,63707.13,1783356722497
1783356723000,63707.13,1783356723415
1783356724000,63707.13,1783356724510
1783356725000,63704,1783356725452
1783356726000,63704,1783356726413
1783356727000,63704,1783356727410
1783356728000,63703.99,1783356728401
1783356729000,63703.99,1783356729610
1783356730000,63703.99,1783356730456
1783356731000,63703.99,1783356731457
1783356732000,63703.99,1783356732387
1783356733000,63703.99,1783356733480
1783356734000,63703.99,1783356734543
1783356735000,63701.01,1783356735416
1783356736000,63701,1783356736466
1783356737000,63701,1783356737392
1783356738000,63715.99,1783356738835
1783356739000,63724.99,1783356739449
1783356740000,63747.99,1783356740841
1783356741000,63750,1783356741467
1783356742000,63749.99,1783356742582
1783356743000,63749.99,1783356743968
1783356744000,63751.99,1783356744411
1783356745000,63760,1783356745381
1783356746000,63760,1783356746470
1783356747000,63762,1783356747630
1783356748000,63762,1783356748381
1783356749000,63759.99,1783356749374
1783356750000,63760,1783356750461
1783356751000,63758,1783356751945
1783356752000,63758.01,1783356752446
1783356753000,63758,1783356753551
1783356754000,63758.01,1783356754502
1783356755000,63756.01,1783356755474
1783356756000,63756.01,1783356756409
1783356757000,63756,1783356757536
1783356758000,63756,1783356758599
1783356759000,63756,1783356759312
1783356760000,63756,1783356760527
1783356761000,63756.01,1783356761466
1783356762000,63756,1783356762754
1783356763000,63756.01,1783356763399
1783356764000,63756,1783356764343
1783356765000,63756.01,1783356765357
1783356766000,63754.01,1783356766434
1783356767000,63754.01,1783356767345
1783356768000,63748.01,1783356768421
1783356769000,63742,1783356769685
1783356770000,63742,1783356770530
1783356771000,63742.01,1783356771586
1783356772000,63742,1783356772520
1783356773000,63742.01,1783356773442
1783356774000,63742,1783356774410
1783356775000,63740,1783356775344
1783356776000,63740,1783356776520
1783356777000,63740.01,1783356777392
1783356778000,63736.01,1783356778513
1783356779000,63736,1783356779452
1783356780000,63736.01,1783356780475
1783356781000,63736,1783356781466
1783356782000,63734,1783356782528
1783356783000,63733.06,1783356783513
1783356784000,63723.67,1783356784501
1783356785000,63722,1783356785470
1783356786000,63709.46,1783356786528
1783356787000,63707.13,1783356787502
1783356788000,63707.14,1783356788508
1783356789000,63707.14,1783356789437
1783356790000,63707.13,1783356790538
1783356791000,63707.13,1783356791563
1783356792000,63704.89,1783356792477
1783356793000,63704.89,1783356793711
1783356794000,63704.89,1783356794552
1783356795000,63704.89,1783356795397
1783356796000,63704.9,1783356796481
1783356797000,63704.89,1783356797481
1783356798000,63704.99,1783356798466
1783356799000,63704.99,1783356799507
1783356800000,63705,1783356800523
1783356801000,63704.99,1783356801520
1783356802000,63704.99,1783356802520
1783356803000,63704.99,1783356803460
1783356804000,63704.99,1783356804454
1783356805000,63704.99,1783356805489
1783356806000,63704.99,1783356806436
1783356807000,63704.99,1783356807483
1783356808000,63704.99,1783356808429
1783356809000,63705,1783356809483
1783356810000,63705,1783356810704
1783356811000,63705,1783356811437
1783356812000,63704.99,1783356812476
1783356813000,63704.99,1783356813477
1783356814000,63704.99,1783356814501
1783356815000,63719.97,1783356815629
1783356816000,63723.9,1783356816466
1783356817000,63723.9,1783356817468
1783356818000,63723.9,1783356818394
1783356819000,63727.28,1783356819518
1783356820000,63727.28,1783356820382
1783356821000,63727.29,1783356821499
1783356822000,63727.28,1783356822387
1783356823000,63727.29,1783356823615
1783356824000,63727.28,1783356824538
1783356825000,63727.29,1783356825452
1783356826000,63727.28,1783356826491
1783356827000,63727.29,1783356827403
1783356828000,63727.28,1783356828413
1783356829000,63727.29,1783356829371
1783356830000,63727.29,1783356830581
1783356831000,63727.28,1783356831466
1783356832000,63727.29,1783356832474
1783356833000,63727.29,1783356833513
1783356834000,63727.29,1783356834474
1783356835000,63727.28,1783356835376
1783356836000,63727.28,1783356836430
1783356837000,63727.28,1783356837542
1783356838000,63727.28,1783356838619
1783356839000,63727.28,1783356839538
1783356840000,63727.28,1783356840408
1783356841000,63722.01,1783356841466
1783356842000,63714,1783356842445
1783356843000,63714,1783356843381
1783356844000,63714,1783356844628
1783356845000,63714.01,1783356845461
1783356846000,63718,1783356846449
1783356847000,63717.99,1783356847474
1783356848000,63730,1783356848813
1783356849000,63737.99,1783356849693
1783356850000,63738,1783356850550
1783356851000,63738,1783356851373
1783356852000,63738.65,1783356852737
1783356853000,63738.65,1783356853392
1783356854000,63737.99,1783356854389
1783356855000,63734.01,1783356855357
1783356856000,63734.01,1783356856466
1783356857000,63718.23,1783356857362
1783356858000,63712.01,1783356858646
1783356859000,63712,1783356859381
1783356860000,63712.01,1783356860400
1783356861000,63710.01,1783356861489
1783356862000,63710.01,1783356862418
1783356863000,63710,1783356863434
1783356864000,63710.01,1783356864587
1783356865000,63710.01,1783356865412
1783356866000,63715.99,1783356866463
1783356867000,63716,1783356867647
1783356868000,63730,1783356868943
1783356869000,63729.99,1783356869662
1783356870000,63730,1783356870481
1783356871000,63729.99,1783356871515
1783356872000,63724.01,1783356872399
1783356873000,63724.01,1783356873433
1783356874000,63724,1783356874567
1783356875000,63724.01,1783356875477
1783356876000,63724,1783356876463
1783356877000,63724.01,1783356877647
1783356878000,63724.01,1783356878504
1783356879000,63724.01,1783356879370
1783356880000,63724.01,1783356880619
1783356881000,63724.01,1783356881738
1783356882000,63724,1783356882394
1783356883000,63713.15,1783356883339
1783356884000,63713.16,1783356884393
1783356885000,63713.15,1783356885386
1783356886000,63718.18,1783356886469
1783356887000,63719.99,1783356887372
1783356888000,63720,1783356888366
1783356889000,63720,1783356889561
1783356890000,63720,1783356890378
1783356891000,63720,1783356891379
1783356892000,63720.32,1783356892525
1783356893000,63720.33,1783356893374
1783356894000,63723.99,1783356894496
1783356895000,63723.99,1783356895329
1783356896000,63723.99,1783356896340
1783356897000,63723.99,1783356897717
1783356898000,63723.99,1783356899290
1783356899000,63724,1783356899718
1783356900000,63724,1783356900380
1783356901000,63730.8,1783356901323
1783356902000,63724.01,1783356902482
1783356903000,63720.62,1783356903545
1783356904000,63720.62,1783356904579
1783356905000,63720.01,1783356905638
1783356906000,63723.99,1783356906627
1783356907000,63725.41,1783356907798
1783356908000,63728,1783356908505
1783356909000,63732.31,1783356909513
1783356910000,63730.78,1783356910666
1783356911000,63730.78,1783356911525
1783356912000,63730.78,1783356912552
1783356913000,63730.78,1783356913731
1783356914000,63730.78,1783356914708
1783356915000,63729.92,1783356915425
1783356916000,63733.06,1783356916485
1783356917000,63733.07,1783356917620
1783356918000,63735.36,1783356918517
1783356919000,63735.36,1783356919566
1783356920000,63735.36,1783356920642
1783356921000,63729.39,1783356921473
1783356922000,63728,1783356922638
1783356923000,63718.01,1783356923526
1783356924000,63718,1783356924408
1783356925000,63712,1783356925503
1783356926000,63710.01,1783356926433
1783356927000,63710.01,1783356927602
1783356928000,63710.01,1783356928482
1783356929000,63708.35,1783356929600
1783356930000,63708.35,1783356930483
1783356931000,63708.35,1783356931727
1783356932000,63708.34,1783356932632
1783356933000,63704.01,1783356933444
1783356934000,63704.01,1783356934421
1783356935000,63706.82,1783356935754
1783356936000,63706.81,1783356936580
1783356937000,63706.81,1783356937469
1783356938000,63706.82,1783356938423
1783356939000,63709,1783356939481
1783356940000,63708.99,1783356940420
1783356941000,63705.76,1783356941484
1783356942000,63705.76,1783356942526
1783356943000,63704,1783356944046
1783356944000,63700.01,1783356944519
1783356945000,63698.01,1783356945458
1783356946000,63696.03,1783356946405
1783356947000,63696,1783356947521
1783356948000,63696,1783356948471
1783356949000,63696,1783356949475
1783356950000,63696,1783356950480
1783356951000,63696,1783356951445
1783356952000,63706,1783356952437
1783356953000,63706,1783356953464
1783356954000,63705.99,1783356954403
1783356955000,63702,1783356955414
1783356956000,63702.01,1783356956479
1783356957000,63702.01,1783356957506
1783356958000,63702.01,1783356958477
1783356959000,63702,1783356959367
1783356960000,63702,1783356960380
1783356961000,63702.01,1783356961431
1783356962000,63702,1783356962420
1783356963000,63702,1783356963597
1783356964000,63702,1783356964374
1783356965000,63702.01,1783356965481
1783356966000,63702.01,1783356966391
1783356967000,63702.01,1783356967680
1783356968000,63687.03,1783356968388
1783356969000,63687.02,1783356969385
1783356970000,63687.02,1783356970448
1783356971000,63687.02,1783356971455
1783356972000,63687.02,1783356972563
1783356973000,63687.03,1783356973393
1783356974000,63687.03,1783356974352
1783356975000,63687.03,1783356975351
1783356976000,63690.6,1783356976404
1783356977000,63690.61,1783356977626
1783356978000,63690.6,1783356978373
1783356979000,63690.6,1783356979397
1783356980000,63690.6,1783356980444
1783356981000,63690.6,1783356981415
1783356982000,63690.6,1783356982542
1783356983000,63690.61,1783356983477
1783356984000,63688,1783356984347
1783356985000,63688,1783356985383
1783356986000,63688.01,1783356986447
1783356987000,63688.01,1783356987400
1783356988000,63688.01,1783356988367
1783356989000,63678.97,1783356989350
1783356990000,63692,1783356990369
1783356991000,63693.99,1783356991358
1783356992000,63693.97,1783356992409
1783356993000,63692.7,1783356993498
1783356994000,63692.71,1783356994632
1783356995000,63692.71,1783356995548
1783356996000,63692.71,1783356996348
1783356997000,63692.7,1783356997398
1783356998000,63692.7,1783356998551
1783356999000,63692.7,1783356999623
1783357000000,63692.7,1783357000626
1783357001000,63692.71,1783357001475
1783357002000,63685.73,1783357002436
1783357003000,63685.72,1783357003489
1783357004000,63685.73,1783357004507
1783357005000,63685.73,1783357005684
1783357006000,63685.73,1783357006519
1783357007000,63685.73,1783357007630
1783357008000,63685.72,1783357008514
1783357009000,63685.72,1783357009523
1783357010000,63686.83,1783357010476
1783357011000,63686.84,1783357011471
1783357012000,63686.83,1783357012480
1783357013000,63686.83,1783357013462
1783357014000,63686.83,1783357014696
1783357015000,63693.17,1783357015617
1783357016000,63693.16,1783357016568
1783357017000,63693.16,1783357017490
1783357018000,63693.16,1783357018485
1783357019000,63693.17,1783357019621
1783357020000,63693.16,1783357020437
1783357021000,63693.17,1783357021376
1783357022000,63695.78,1783357022482
1783357023000,63700,1783357023499
1783357024000,63700,1783357024503
1783357025000,63700,1783357025465
1783357026000,63699.99,1783357026476
1783357027000,63694.01,1783357027450
1783357028000,63694.01,1783357028600
1783357029000,63693.98,1783357029493
1783357030000,63692.01,1783357030568
1783357031000,63692,1783357031465
1783357032000,63692,1783357032616
1783357033000,63690.01,1783357033845
1783357034000,63690,1783357034408
1783357035000,63686,1783357035536
1783357036000,63686,1783357036405
1783357037000,63686.01,1783357037634
1783357038000,63686.01,1783357038516
1783357039000,63686.01,1783357039528
1783357040000,63686,1783357040591
1783357041000,63686,1783357041466
1783357042000,63686.01,1783357042561
1783357043000,63678.01,1783357043626
1783357044000,63678,1783357044409
1783357045000,63678,1783357045381
1783357046000,63675.06,1783357046446
1783357047000,63683.99,1783357047425
1783357048000,63685.99,1783357048388
1783357049000,63690,1783357049416
1783357050000,63689.99,1783357050538
1783357051000,63689.99,1783357051397
1783357052000,63690,1783357052530
1783357053000,63692,1783357053403
1783357054000,63692,1783357054514
1783357055000,63692,1783357055410
1783357056000,63692,1783357056572
1783357057000,63691.99,1783357057408
1783357058000,63692,1783357058514
1783357059000,63691.99,1783357059547
1783357060000,63691.99,1783357060434
1783357061000,63688,1783357061432
1783357062000,63688.01,1783357062523
1783357063000,63688,1783357063431
1783357064000,63688,1783357064511
1783357065000,63688,1783357065487
1783357066000,63688,1783357066414
1783357067000,63688,1783357067418
1783357068000,63688,1783357068476
1783357069000,63688.01,1783357069480
1783357070000,63688,1783357070402
1783357071000,63688,1783357071409
1783357072000,63688,1783357072429
1783357073000,63695.44,1783357073414
1783357074000,63695.43,1783357074417
1783357075000,63695.43,1783357075397
1783357076000,63695.44,1783357076506
1783357077000,63695.43,1783357077457
1783357078000,63695.44,1783357078353
1783357079000,63695.44,1783357079378
1783357080000,63695.43,1783357080391
1783357081000,63695.43,1783357081362
1783357082000,63693.98,1783357082496
1783357083000,63692.87,1783357083493
1783357084000,63692.87,1783357084535
1783357085000,63692.87,1783357085445
1783357086000,63692.86,1783357086482
1783357087000,63692.86,1783357087427
1783357088000,63692.87,1783357088514
1783357089000,63692.87,1783357089577
1783357090000,63692.87,1783357090735
1783357091000,63692.87,1783357091611
1783357092000,63692.86,1783357092634
1783357093000,63692.87,1783357093475
1783357094000,63692.87,1783357094448
1783357095000,63692.87,1783357095473
1783357096000,63692.87,1783357096467
1783357097000,63692.87,1783357097487
1783357098000,63692.87,1783357098507
1783357099000,63692.87,1783357099511
1783357100000,63692.87,1783357100575
1783357101000,63692.87,1783357101446
1783357102000,63692.87,1783357102671
1783357103000,63692.86,1783357103735
1783357104000,63692.86,1783357104503
1783357105000,63692.86,1783357105630
1783357106000,63692.86,1783357106469
1783357107000,63692.87,1783357107742
1783357108000,63692.87,1783357108800
1783357109000,63692.87,1783357109457
1783357110000,63692.87,1783357110634
1783357111000,63692.87,1783357111614
1783357112000,63692.87,1783357112514
1783357113000,63692.86,1783357113525
1783357114000,63692.87,1783357114579
1783357115000,63692.87,1783357115565
1783357116000,63692.87,1783357116522
1783357117000,63692.86,1783357117623
1783357118000,63692.87,1783357118421
1783357119000,63692.87,1783357119632
1783357120000,63692.86,1783357120510
1783357121000,63692.24,1783357121398
1783357122000,63690,1783357122520
1783357123000,63690.01,1783357123378
1783357124000,63692.87,1783357124462
1783357125000,63692.87,1783357125644
1783357126000,63692.87,1783357126443
1783357127000,63692.86,1783357127466
1783357128000,63692.86,1783357128678
1783357129000,63692.86,1783357129605
1783357130000,63692.86,1783357130444
1783357131000,63692.87,1783357131465
1783357132000,63688,1783357132415
1783357133000,63688.01,1783357133444
1783357134000,63688.01,1783357134552
1783357135000,63688.01,1783357135478
1783357136000,63688.01,1783357136380
1783357137000,63688.01,1783357137425
1783357138000,63688.01,1783357138527
1783357139000,63688,1783357139527
1783357140000,63688,1783357140455
1783357141000,63692.87,1783357141480
1783357142000,63692.86,1783357142503
1783357143000,63692.87,1783357143429
1783357144000,63692.86,1783357144527
1783357145000,63709,1783357145428
1783357146000,63708.99,1783357146394
1783357147000,63708.99,1783357147512
1783357148000,63708.99,1783357148445
1783357149000,63708.99,1783357149671
1783357150000,63708.99,1783357150583
1783357151000,63709,1783357151466
1783357152000,63709,1783357152584
1783357153000,63708.99,1783357153399
1783357154000,63708.99,1783357154588
1783357155000,63708.99,1783357155446
1783357156000,63709,1783357156634
1783357157000,63709,1783357157443
1783357158000,63709,1783357158468
1783357159000,63708.99,1783357159427
1783357160000,63709,1783357160425
1783357161000,63708.99,1783357161361
1783357162000,63709,1783357162733
1783357163000,63708.99,1783357163479
1783357164000,63709,1783357164518
1783357165000,63709,1783357165478
1783357166000,63718,1783357166356
1783357167000,63717.99,1783357167421
1783357168000,63717.99,1783357168467
1783357169000,63717.99,1783357169413
1783357170000,63720,1783357170717
1783357171000,63720,1783357171467
1783357172000,63720,1783357172452
1783357173000,63729.8,1783357173578
1783357174000,63729.79,1783357174656
1783357175000,63725.93,1783357175367
1783357176000,63725.93,1783357176464
1783357177000,63720.01,1783357177381
1783357178000,63716.01,1783357178517
1783357179000,63714.01,1783357179575
1783357180000,63714,1783357180497
1783357181000,63719.76,1783357181341
1783357182000,63730.85,1783357182360
1783357183000,63730.85,1783357183455
1783357184000,63730.86,1783357184537
1783357185000,63730.86,1783357185619
1783357186000,63730.85,1783357186328
1783357187000,63730.85,1783357187668
1783357188000,63730.85,1783357188386
1783357189000,63730.86,1783357189815
1783357190000,63730.86,1783357190529
1783357191000,63730.85,1783357191378
1783357192000,63730.85,1783357192466
1783357193000,63732,1783357193513
1783357194000,63732,1783357194464
1783357195000,63732,1783357195383
1783357196000,63731.99,1783357196437
1783357197000,63731.99,1783357197381
1783357198000,63732,1783357198469
1783357199000,63731.99,1783357199345
1783357200000,63732,1783357200368
1783357201000,63732,1783357201361
1783357202000,63731.99,1783357202704
1783357203000,63732,1783357203510
1783357204000,63728,1783357204661
1783357205000,63728,1783357205436
1783357206000,63721.94,1783357206522
1783357207000,63721.94,1783357207481
1783357208000,63721.94,1783357208456
1783357209000,63721.95,1783357209407
1783357210000,63738,1783357210597
1783357211000,63733.06,1783357211919
1783357212000,63725.09,1783357212545
1783357213000,63720.01,1783357213934
1783357214000,63720.01,1783357214404
1783357215000,63720,1783357215432
1783357216000,63720.01,1783357216868
1783357217000,63720.01,1783357217826
1783357218000,63720,1783357218509
1783357219000,63720.01,1783357219771
1783357220000,63720,1783357220544
1783357221000,63720,1783357221432
1783357222000,63720.01,1783357222538
1783357223000,63720,1783357223484
1783357224000,63726,1783357224484
1783357225000,63737.99,1783357225470
1783357226000,63737.99,1783357226467
1783357227000,63738,1783357227703
1783357228000,63737.99,1783357228511
1783357229000,63737.99,1783357229444
1783357230000,63738,1783357231036
1783357231000,63738,1783357231428
1783357232000,63737.99,1783357232406
1783357233000,63734.81,1783357233528
1783357234000,63734.81,1783357234434
1783357235000,63734.81,1783357235396
1783357236000,63724.01,1783357236370
1783357237000,63730.39,1783357237735
1783357238000,63737.51,1783357238443
1783357239000,63737.51,1783357239672
1783357240000,63737.51,1783357240594
1783357241000,63737.51,1783357241412
1783357242000,63737.51,1783357242651
1783357243000,63737.5,1783357243541
1783357244000,63748,1783357244690
1783357245000,63747.99,1783357245714
1783357246000,63747.99,1783357246419
1783357247000,63748,1783357247671
1783357248000,63747.99,1783357248488
1783357249000,63748,1783357249469
1783357250000,63747.99,1783357250447
1783357251000,63747.99,1783357251614
1783357252000,63747.99,1783357252416
1783357253000,63747.99,1783357253710
1783357254000,63747.99,1783357254736
1783357255000,63780,1783357255403
1783357256000,63772.7,1783357256467
1783357257000,63772.71,1783357257420
1783357258000,63772.71,1783357258431
1783357259000,63772.71,1783357259536
1783357260000,63772,1783357260411
1783357261000,63770.79,1783357261441
1783357262000,63770.78,1783357262363
1783357263000,63760.92,1783357263486
1783357264000,63760.92,1783357264556
1783357265000,63756.36,1783357265683
1783357266000,63756.35,1783357266467
1783357267000,63756.35,1783357267743
1783357268000,63769.12,1783357268481
1783357269000,63763.06,1783357269345
1783357270000,63763.06,1783357270428
1783357271000,63756.68,1783357271416
1783357272000,63756.36,1783357272343
1783357273000,63754,1783357273629
1783357274000,63736.01,1783357274438
1783357275000,63732.01,1783357275728
1783357276000,63732.01,1783357276466
1783357277000,63732.01,1783357277348
1783357278000,63733.99,1783357278360
1783357279000,63734,1783357279339
1783357280000,63733.99,1783357280591
1783357281000,63730,1783357281452
1783357282000,63730.01,1783357282477
1783357283000,63728.05,1783357283500
1783357284000,63728.05,1783357284534
1783357285000,63728.04,1783357285382
1783357286000,63728.04,1783357286544
1783357287000,63728.05,1783357287479
1783357288000,63728.01,1783357288371
1783357289000,63725.31,1783357289594
1783357290000,63725.22,1783357290568
1783357291000,63725.21,1783357291454
1783357292000,63720,1783357292716
1783357293000,63712,1783357293852
1783357294000,63700,1783357294673
1783357295000,63696,1783357295502
1783357296000,63694,1783357296466
1783357297000,63692.87,1783357297519
1783357298000,63706,1783357298419
1783357299000,63706,1783357299538
1783357300000,63706,1783357300601
1783357301000,63691.97,1783357301446
1783357302000,63691.97,1783357302457
1783357303000,63688.01,1783357303516
1783357304000,63685.99,1783357304503
1783357305000,63685.99,1783357305516
1783357306000,63691.54,1783357306482
1783357307000,63692,1783357307566
1783357308000,63691.99,1783357308470
1783357309000,63691.99,1783357309724
1783357310000,63692,1783357310431
1783357311000,63697.99,1783357311473
1783357312000,63703.99,1783357312477
1783357313000,63714,1783357313416
1783357314000,63714,1783357314648
1783357315000,63719.9,1783357315652
1783357316000,63717.62,1783357316704
1783357317000,63717.62,1783357317863
1783357318000,63714.01,1783357318838
1783357319000,63708,1783357319761
1783357320000,63706,1783357320783
1783357321000,63704,1783357321522
1783357322000,63704,1783357322730
1783357323000,63704.01,1783357323537
1783357324000,63708.01,1783357324551
1783357325000,63723.2,1783357325606
1783357326000,63727.99,1783357326514
1783357327000,63727.99,1783357327422
1783357328000,63730.19,1783357328612
1783357329000,63730.2,1783357329425
1783357330000,63727.01,1783357330495
1783357331000,63727,1783357331465
1783357332000,63726.01,1783357332458
1783357333000,63726,1783357333433
1783357334000,63726,1783357334536
1783357335000,63726,1783357335543
1783357336000,63726,1783357336521
1783357337000,63726.01,1783357337399
1783357338000,63720.01,1783357338474
1783357339000,63720.01,1783357339728
1783357340000,63720,1783357340751
1783357341000,63716,1783357341427
1783357342000,63712.62,1783357342585
1783357343000,63712.63,1783357343601
1783357344000,63712.63,1783357344533
1783357345000,63712.62,1783357345543
1783357346000,63702.01,1783357346750
1783357347000,63694.01,1783357347707
1783357348000,63694,1783357348842
1783357349000,63694.01,1783357349550
1783357350000,63694.01,1783357350992
1783357351000,63694.01,1783357351407
1783357352000,63694,1783357352508
1783357353000,63694.01,1783357353563
1783357354000,63697.19,1783357354771
1783357355000,63697.19,1783357355694
1783357356000,63697.2,1783357356569
1783357357000,63697.2,1783357357462
1783357358000,63697.2,1783357358500
1783357359000,63697.2,1783357359585
1783357360000,63697.19,1783357360455
1783357361000,63697.19,1783357361452
1783357362000,63697.19,1783357362664
1783357363000,63697.2,1783357363541
1783357364000,63697.19,1783357364401
1783357365000,63695.37,1783357365694
1783357366000,63695.37,1783357366427
1783357367000,63695.38,1783357367674
1783357368000,63676.65,1783357368451
1783357369000,63674,1783357369459
1783357370000,63674.01,1783357370439
1783357371000,63674.01,1783357371479
1783357372000,63674.01,1783357372436
1783357373000,63674.01,1783357373512
1783357374000,63674.01,1783357374954
1783357375000,63690,1783357375473
1783357376000,63690,1783357376521
1783357377000,63696,1783357377416
1783357378000,63696,1783357378421
1783357379000,63696,1783357379746
1783357380000,63697.2,1783357380685
1783357381000,63697.19,1783357381446
1783357382000,63718.14,1783357382412
1783357383000,63715.99,1783357383409
1783357384000,63717.4,1783357384473
1783357385000,63711.99,1783357385409
1783357386000,63710.01,1783357386417
1783357387000,63710,1783357387642
1783357388000,63710.01,1783357388563
1783357389000,63710,1783357389588
1783357390000,63710,1783357390496
1783357391000,63713.99,1783357391418
1783357392000,63710.01,1783357392440
1783357393000,63710,1783357393511
1783357394000,63710.01,1783357394405
1783357395000,63713.48,1783357395540
1783357396000,63713.48,1783357396449
1783357397000,63713.99,1783357397525
1783357398000,63726,1783357398523
1783357399000,63729.99,1783357399623
1783357400000,63730,1783357400361
1783357401000,63729.99,1783357401477
1783357402000,63729.99,1783357402444
1783357403000,63729.99,1783357403457
1783357404000,63729.99,1783357404443
1783357405000,63729.99,1783357405564
1783357406000,63732,1783357406791
1783357407000,63731.99,1783357407406
1783357408000,63736,1783357408498
1783357409000,63750,1783357409519
1783357410000,63750,1783357410429
1783357411000,63750,1783357411460
1783357412000,63750.01,1783357412462
1783357413000,63750.01,1783357413452
1783357414000,63750.01,1783357414369
1783357415000,63750.01,1783357415393
1783357416000,63750,1783357416503
1783357417000,63750,1783357417455
1783357418000,63750,1783357418413
1783357419000,63750,1783357419465
1783357420000,63750.01,1783357420415
1783357421000,63750.01,1783357421348
1783357422000,63760.17,1783357422462
1783357423000,63796.01,1783357423378
1783357424000,63808.01,1783357424507
1783357425000,63808,1783357425378
1783357426000,63810,1783357426357
1783357427000,63809.99,1783357427632
1783357428000,63809.99,1783357428847
1783357429000,63807.22,1783357430037
1783357430000,63813.17,1783357430479
1783357431000,63811.16,1783357431373
1783357432000,63813.18,1783357432491
1783357433000,63813.18,1783357433362
1783357434000,63813.17,1783357434340
1783357435000,63813.17,1783357435464
1783357436000,63813.18,1783357436474
1783357437000,63819.99,1783357437392
1783357438000,63819.99,1783357438433
1783357439000,63820,1783357439560
1783357440000,63819.99,1783357440398
1783357441000,63815.59,1783357441361
1783357442000,63819.99,1783357442529
1783357443000,63820,1783357443409
1783357444000,63816,1783357444311
1783357445000,63816,1783357445316
1783357446000,63816.01,1783357446349
1783357447000,63819.98,1783357447547
1783357448000,63814.01,1783357448366
1783357449000,63814.01,1783357449361
1783357450000,63814,1783357450518
1783357451000,63808.01,1783357451439
1783357452000,63804.01,1783357452367
1783357453000,63804,1783357453384
1783357454000,63796.16,1783357454306
1783357455000,63796.15,1783357455432
1783357456000,63799.04,1783357456365
1783357457000,63799.03,1783357457412
1783357458000,63799.04,1783357458618
1783357459000,63796.98,1783357459545
1783357460000,63796,1783357460352
1783357461000,63794.44,1783357461331
1783357462000,63792.01,1783357462429
1783357463000,63784,1783357463419
1783357464000,63771.63,1783357464553
1783357465000,63771.62,1783357465570
1783357466000,63771.62,1783357466498
1783357467000,63771.62,1783357467481
1783357468000,63771.63,1783357468642
1783357469000,63776.88,1783357469647
1783357470000,63780,1783357470538
1783357471000,63779.99,1783357471578
1783357472000,63779.99,1783357472469
1783357473000,63781.99,1783357473542
1783357474000,63785.64,1783357474490
1783357475000,63785.64,1783357475554
1783357476000,63785.65,1783357476629
1783357477000,63785.65,1783357477551
1783357478000,63776.89,1783357478318
1783357479000,63776.88,1783357479425
1783357480000,63776.89,1783357480521
1783357481000,63776.88,1783357481466
1783357482000,63776.89,1783357482520
1783357483000,63767.84,1783357483541
1783357484000,63767.84,1783357484498
1783357485000,63761.15,1783357485553
1783357486000,63765.54,1783357486462
1783357487000,63765.54,1783357487689
1783357488000,63768,1783357488610
1783357489000,63770,1783357489591
1783357490000,63769.99,1783357490557
1783357491000,63771.99,1783357491465
1783357492000,63771.99,1783357492604
1783357493000,63771.99,1783357493526
1783357494000,63772,1783357494501
1783357495000,63772,1783357495537
1783357496000,63771.99,1783357496465
1783357497000,63771.99,1783357497941
1783357498000,63771.99,1783357498455
1783357499000,63772,1783357500044
1783357500000,63768,1783357500967
1783357501000,63764.01,1783357501466
1783357502000,63760.01,1783357502639
1783357503000,63760.01,1783357503458
1783357504000,63760.01,1783357504483
1783357505000,63760,1783357505560
1783357506000,63760,1783357506531
1783357507000,63760.01,1783357507556
1783357508000,63760.01,1783357508534
1783357509000,63760.01,1783357509603
1783357510000,63760.01,1783357510427
1783357511000,63760,1783357511458
1783357512000,63765.99,1783357512421
1783357513000,63765.99,1783357513449
1783357514000,63765.99,1783357514462
1783357515000,63766,1783357515463
1783357516000,63777.99,1783357516423
1783357517000,63783.02,1783357517592
1783357518000,63783.01,1783357518616
1783357519000,63783.02,1783357519437
1783357520000,63783.03,1783357520466
1783357521000,63783.02,1783357521390
1783357522000,63783.02,1783357522609
1783357523000,63783.03,1783357523468
1783357524000,63783.03,1783357524451
1783357525000,63783.02,1783357525374
1783357526000,63783.02,1783357526452
1783357527000,63783.06,1783357527416
1783357528000,63783.06,1783357528445
1783357529000,63783.06,1783357529571
1783357530000,63783.05,1783357530381
1783357531000,63783.05,1783357531466
1783357532000,63783.05,1783357532399
1783357533000,63783.06,1783357533412
1783357534000,63783.05,1783357534442
1783357535000,63785.99,1783357535510
1783357536000,63785.99,1783357536337
1783357537000,63785.99,1783357537456
1783357538000,63786,1783357538386
1783357539000,63786,1783357539505
1783357540000,63794,1783357540529
1783357541000,63794.8,1783357541330
1783357542000,63794.8,1783357542475
1783357543000,63802,1783357543314
1783357544000,63801.99,1783357544354
1783357545000,63805.99,1783357545359
1783357546000,63803.99,1783357546365
1783357547000,63803.98,1783357547491
1783357548000,63803.98,1783357548496
1783357549000,63798.76,1783357549353
1783357550000,63798.75,1783357550542
1783357551000,63798.76,1783357551586
1783357552000,63798.75,1783357552612
1783357553000,63798.75,1783357553536
1783357554000,63799.98,1783357554572
1783357555000,63813.99,1783357555592
1783357556000,63813.99,1783357556520
1783357557000,63819.98,1783357557634
1783357558000,63819.98,1783357558526
1783357559000,63819.98,1783357559578
1783357560000,63819.99,1783357560499
1783357561000,63820,1783357561577
1783357562000,63820,1783357562648
1783357563000,63819.99,1783357563444
1783357564000,63819.99,1783357564597
1783357565000,63823.99,1783357565521
1783357566000,63826,1783357566598
1783357567000,63828,1783357567566
1783357568000,63828,1783357568482
1783357569000,63835.99,1783357569426
1783357570000,63835.99,1783357570601
1783357571000,63832,1783357571405
1783357572000,63830,1783357572582
1783357573000,63830,1783357573466
1783357574000,63830.01,1783357574542
1783357575000,63830.01,1783357575472
1783357576000,63830,1783357576461
1783357577000,63830,1783357577700
1783357578000,63830.01,1783357578726
1783357579000,63830,1783357579489
1783357580000,63844.62,1783357580463
1783357581000,63844.62,1783357581697
1783357582000,63844.62,1783357582396
1783357583000,63844.63,1783357583422
1783357584000,63836.35,1783357584464
1783357585000,63836.01,1783357585494
1783357586000,63836.01,1783357586421
1783357587000,63836.02,1783357587634
1783357588000,63836.02,1783357588459
1783357589000,63836.41,1783357589683
1783357590000,63836.41,1783357590605
1783357591000,63836.41,1783357591474
1783357592000,63836.41,1783357592523
1783357593000,63837.73,1783357593467
1783357594000,63839.99,1783357594549
1783357595000,63839.99,1783357595520
1783357596000,63839.99,1783357596493
1783357597000,63840,1783357597496
1783357598000,63839.99,1783357598491
1783357599000,63839.99,1783357599513
1783357600000,63839.99,1783357600430
1783357601000,63839.99,1783357601445
1783357602000,63839.99,1783357602483
1783357603000,63839.99,1783357603358
1783357604000,63839.99,1783357604378
1783357605000,63839.99,1783357605355
1783357606000,63839.99,1783357606422
1783357607000,63853.99,1783357607336
1783357608000,63897.4,1783357608455
1783357609000,63870.39,1783357609937
1783357610000,63864.01,1783357610676
1783357611000,63853.11,1783357611466
1783357612000,63853.12,1783357612497
1783357613000,63853.11,1783357613491
1783357614000,63853.13,1783357614595
1783357615000,63859.99,1783357615488
1783357616000,63859.99,1783357616497
1783357617000,63860,1783357617400
1783357618000,63879.16,1783357618439
1783357619000,63879.25,1783357619482
1783357620000,63879.25,1783357620560
1783357621000,63876,1783357621397
1783357622000,63866,1783357622656
1783357623000,63860.01,1783357623447
1783357624000,63860,1783357624502
1783357625000,63853.12,1783357625394
1783357626000,63838.82,1783357626462
1783357627000,63828.01,1783357627381
1783357628000,63822.39,1783357628383
1783357629000,63822,1783357629361
1783357630000,63822.38,1783357630441
1783357631000,63822.38,1783357631358
1783357632000,63822.38,1783357632494
1783357633000,63822.38,1783357633393
1783357634000,63822.38,1783357634536
1783357635000,63822.38,1783357635398
1783357636000,63822.39,1783357636463
1783357637000,63822.39,1783357637426
1783357638000,63846,1783357638427
1783357639000,63857.99,1783357639351
1783357640000,63849.32,1783357640281
1783357641000,63849.31,1783357641412
1783357642000,63849.31,1783357642421
1783357643000,63849.31,1783357643383
1783357644000,63849.31,1783357644402
1783357645000,63849.33,1783357645370
1783357646000,63849.32,1783357646424
1783357647000,63839.32,1783357647370
1783357648000,63839.31,1783357648368
1783357649000,63839.31,1783357649413
1783357650000,63836,1783357650407
1783357651000,63834,1783357651430
1783357652000,63830,1783357652458
1783357653000,63830,1783357653516
1783357654000,63830.01,1783357654401
1783357655000,63838,1783357655421
1783357656000,63837.99,1783357656398
1783357657000,63836.81,1783357657395
1783357658000,63836.81,1783357658345
1783357659000,63833.59,1783357659403
1783357660000,63833.6,1783357660444
1783357661000,63833.59,1783357661328
1783357662000,63833.6,1783357662370
1783357663000,63820,1783357663418
1783357664000,63812,1783357664437
1783357665000,63823.37,1783357665459
1783357666000,63826.39,1783357666419
1783357667000,63834,1783357667405
1783357668000,63853.32,1783357668429
1783357669000,63875.99,1783357669453
1783357670000,63875.99,1783357670465
1783357671000,63871.61,1783357671398
1783357672000,63860.53,1783357672447
1783357673000,63862.26,1783357673742
1783357674000,63860.01,1783357674675
1783358937000,63925.99,1783358937604
1783358938000,63926,1783358938492
1783358939000,63926,1783358939388
1783358940000,63926.01,1783358940563
1783358941000,63935.99,1783358941395
1783358942000,63935.99,1783358942410
1783358943000,63935.99,1783358943327
1783358944000,63935.99,1783358944405
1783358945000,63935.99,1783358945374
1783358946000,63935.99,1783358946451
1783358947000,63935.99,1783358947429
1783358948000,63936,1783358948509
1783358949000,63931.58,1783358949576
1783358950000,63931.57,1783358950325
1783358951000,63931.57,1783358951377
1783358952000,63931.57,1783358952391
1783358953000,63931.57,1783358953362
1783358954000,63930,1783358954400
1783358955000,63930.01,1783358955392
1783358956000,63928,1783358956302
1783358957000,63928.01,1783358957460
1783358958000,63928,1783358958509
1783358959000,63925.41,1783358959459
1783358960000,63925.41,1783358960451
1783358961000,63925.4,1783358961352
1783358962000,63925.41,1783358962578
1783358963000,63925.41,1783358963347
1783358964000,63925.4,1783358964406
1783358965000,63925.41,1783358965463
1783358966000,63925.41,1783358966367
1783358967000,63925.4,1783358967456
1783358968000,63925.4,1783358968388
1783358969000,63925.4,1783358969361
1783358970000,63925.4,1783358970414
1783358971000,63925.4,1783358971311
1783358972000,63911.26,1783358972412
1783358973000,63903.26,1783358973536
1783358974000,63903.27,1783358974460
1783358975000,63903.26,1783358975379
1783358976000,63902.01,1783358976464
1783358977000,63902.01,1783358977336
1783358978000,63900.01,1783358978448
1783358979000,63900.01,1783358979400
1783358980000,63900,1783358980358
1783358981000,63890.01,1783358981413
1783358982000,63890.01,1783358982444
1783358983000,63884.94,1783358983368
1783358984000,63884.94,1783358984377
1783358985000,63884.94,1783358985413
1783358986000,63884.94,1783358986407
1783358987000,63884.94,1783358987486
1783358988000,63884.93,1783358988397
1783358989000,63884.93,1783358989413
1783358990000,63884.94,1783358990440
1783358991000,63884.94,1783358991356
1783358992000,63884.93,1783358992309
1783358993000,63884.93,1783358993504
1783358994000,63884.93,1783358994361
1783358995000,63884.93,1783358995334
1783358996000,63889.85,1783358996470
1783358997000,63889.85,1783358997389
1783358998000,63889.85,1783358998424
1783358999000,63889.86,1783358999398
1783359000000,63889.86,1783359000371
1783359001000,63889.85,1783359001406
1783359002000,63901.99,1783359002618
1783359003000,63901.99,1783359003540
1783359004000,63902,1783359004563
1783359005000,63902,1783359005402
1783359006000,63902,1783359006508
1783359007000,63902,1783359007431
1783359008000,63907.99,1783359008405
1783359009000,63909.13,1783359009361
1783359010000,63909.12,1783359010445
1783359011000,63906,1783359011366
1783359012000,63886.49,1783359012398
1783359013000,63886.48,1783359013370
1783359014000,63874,1783359014408
1783359015000,63874.01,1783359015353
1783359016000,63868,1783359016416
1783359017000,63860,1783359017363
1783359018000,63856.01,1783359018472
1783359019000,63854,1783359019307
1783359020000,63854.01,1783359020537
1783359021000,63854,1783359021562
1783359022000,63865.99,1783359022401
1783359023000,63869.99,1783359023357
1783359024000,63869.99,1783359024497
1783359025000,63869.99,1783359025557
1783359026000,63862.87,1783359026313
1783359027000,63859.93,1783359027604
1783359028000,63859.93,1783359028365
1783359029000,63859.94,1783359029403
1783359030000,63861.83,1783359030392
1783359031000,63861.82,1783359031420
1783359032000,63861.83,1783359032416
1783359033000,63861.83,1783359033393
1783359034000,63861.82,1783359034399
1783359035000,63856.01,1783359035397
1783359036000,63856,1783359036414
1783359037000,63856,1783359037434
1783359038000,63854,1783359038382
1783359039000,63854,1783359039584
1783359040000,63844.22,1783359040404
1783359041000,63894,1783359041361
1783359042000,63922.37,1783359042554
1783359043000,63907.49,1783359043403
1783359044000,63929.99,1783359044438
1783359045000,63935.99,1783359045396
1783359046000,63944,1783359046473
1783359047000,63943.99,1783359047511
1783359048000,63943.99,1783359048546
1783359049000,63943.99,1783359049366
1783359050000,63940,1783359050402
1783359051000,63922.59,1783359051567
1783359052000,63916,1783359052382
1783359053000,63919.77,1783359053426
1783359054000,63930,1783359054381
1783359055000,63926.12,1783359055328
1783359056000,63920,1783359056512
1783359057000,63920,1783359057412
1783359058000,63918,1783359058384
1783359059000,63910.01,1783359059420
1783359060000,63910,1783359060404
1783359061000,63910.01,1783359061441
1783359062000,63910,1783359062483
1783359063000,63910,1783359063504
1783359064000,63912.01,1783359064468
1783359065000,63921.99,1783359065470
1783359066000,63921.99,1783359066516
1783359067000,63921.99,1783359067541
1783359068000,63923.97,1783359068568
1783359069000,63923.97,1783359069435
1783359070000,63923.99,1783359070367
1783359071000,63924,1783359071364
1783359072000,63923.99,1783359072419
1783359073000,63924,1783359073481
1783359074000,63924,1783359074414
1783359075000,63925.99,1783359075414
1783359076000,63925.99,1783359076391
1783359077000,63925.99,1783359077372
1783359078000,63925.99,1783359078583
1783359079000,63927.09,1783359079521
1783359080000,63927.1,1783359080545
1783359081000,63927.09,1783359081570
1783359082000,63927.09,1783359082416
1783359083000,63927.09,1783359083412
1783359084000,63927.09,1783359084387
1783359085000,63927.09,1783359085383
1783359086000,63927.09,1783359086371
1783359087000,63927.09,1783359087469
1783359088000,63927.09,1783359088392
1783359089000,63927.1,1783359089558
1783359090000,63927.1,1783359090478
1783359091000,63927.1,1783359091406
1783359092000,63927.09,1783359092427
1783359093000,63927.1,1783359093354
1783359094000,63927.1,1783359094523
1783359095000,63927.1,1783359095370
1783359096000,63927.09,1783359096521
1783359097000,63927.1,1783359097442
1783359098000,63927.1,1783359098465
1783359099000,63927.1,1783359099489
1783359100000,63927.1,1783359100469
1783359101000,63927.1,1783359101538
1783359102000,63927.11,1783359102377
1783359103000,63927.11,1783359103431
1783359104000,63927.1,1783359104374
1783359105000,63908,1783359105364
1783359106000,63904.14,1783359106352
1783359107000,63904,1783359107479
1783359108000,63904.01,1783359108458
1783359109000,63904.01,1783359109396
1783359110000,63904.14,1783359110446
1783359111000,63904.15,1783359111369
1783359112000,63888.88,1783359112443
1783359113000,63886.01,1783359113467
1783359114000,63884.16,1783359114414
1783359115000,63884.15,1783359115464
1783359116000,63884.15,1783359116378
1783359117000,63884.16,1783359117426
1783359118000,63884.01,1783359118366
1783359119000,63876,1783359119530
1783359120000,63879.21,1783359120741
1783359121000,63893.74,1783359121426
1783359122000,63893.74,1783359122530
1783359123000,63893.74,1783359123589
1783359124000,63893.75,1783359124425
1783359125000,63893.75,1783359125499
1783359126000,63894,1783359126467
1783359127000,63894,1783359127445
1783359128000,63894,1783359128367
1783359129000,63894,1783359129387
1783359130000,63893.99,1783359130388
1783359131000,63893.99,1783359131374
1783359132000,63894,1783359132351
1783359133000,63894,1783359133430
1783359134000,63894,1783359134365
1783359135000,63893.99,1783359135362
1783359136000,63893.99,1783359136429
1783359137000,63893.99,1783359137316
1783359138000,63894,1783359138463
1783359139000,63893.76,1783359139410
1783359140000,63893.76,1783359140476
1783359141000,63893.75,1783359141475
1783359142000,63893.75,1783359142420
1783359143000,63893.75,1783359143377
1783359144000,63893.76,1783359144369
1783359145000,63893.76,1783359145390
1783359146000,63893.75,1783359146489
1783359147000,63893.75,1783359147546
1783359148000,63893.75,1783359148437
1783359149000,63893.75,1783359149366
1783359150000,63892.82,1783359150309
1783359151000,63892.81,1783359151436
1783359152000,63886.43,1783359152371
1783359153000,63883.23,1783359153507
1783359154000,63883.23,1783359154582
1783359155000,63883.22,1783359155605
1783359156000,63883.22,1783359156367
1783359157000,63880.05,1783359157448
1783359158000,63880.05,1783359158456
1783359159000,63886,1783359159498
1783359160000,63892,1783359160442
1783359161000,63891.99,1783359161442
1783359162000,63891.99,1783359162349
1783359163000,63888.52,1783359163492
1783359164000,63888.52,1783359164364
1783359165000,63888.51,1783359165358
1783359166000,63888.51,1783359166376
1783359167000,63897.37,1783359167589
1783359168000,63897.99,1783359168508
1783359169000,63898,1783359169354
1783359170000,63898,1783359170559
1783359171000,63897.99,1783359171425
1783359172000,63898,1783359172356
1783359173000,63897.01,1783359173371
1783359174000,63896.01,1783359174428
1783359175000,63896,1783359175420
1783359176000,63892.01,1783359176417
1783359177000,63892,1783359177388
1783359178000,63892,1783359178543
1783359179000,63892.01,1783359179487
1783359180000,63892,1783359180591
1783359181000,63890.65,1783359181426
1783359182000,63890.65,1783359182498
1783359183000,63890.65,1783359183519
1783359184000,63890.66,1783359184368
1783359185000,63890.65,1783359185600
1783359186000,63890.65,1783359186454
1783359187000,63890.65,1783359187401
1783359188000,63890.65,1783359188362
1783359189000,63890.01,1783359189500
1783359190000,63890.01,1783359190524
1783359191000,63890,1783359191479
1783359192000,63893.8,1783359192532
1783359193000,63893.8,1783359193535
1783359194000,63893.81,1783359194732
1783359195000,63893.81,1783359195541
1783359196000,63894,1783359196361
1783359197000,63895.2,1783359197438
1783359198000,63895.21,1783359198472
1783359199000,63895.2,1783359199422
1783359200000,63895.21,1783359200367
1783359201000,63895.2,1783359201391
1783359202000,63895.2,1783359202440
1783359203000,63883.15,1783359203441
1783359204000,63883.15,1783359204551
1783359205000,63883.15,1783359205613
1783359206000,63875.34,1783359206462
1783359207000,63874.66,1783359207573
1783359208000,63872.01,1783359208446
1783359209000,63872,1783359209471
1783359210000,63866.01,1783359210595
1783359211000,63866,1783359211576
1783359212000,63866,1783359212522
1783359213000,63866,1783359213565
1783359214000,63866.01,1783359214401
1783359215000,63866,1783359215408
1783359216000,63867.74,1783359216431
1783359217000,63867.74,1783359217403
1783359218000,63867.73,1783359218470
1783359219000,63867.74,1783359219504
1783359220000,63867.74,1783359220475
1783359221000,63867.73,1783359221502
1783359222000,63867.73,1783359222367
1783359223000,63867.73,1783359223498
1783359224000,63867.74,1783359224393
1783359225000,63867.74,1783359225443
1783359226000,63852.97,1783359226477
1783359227000,63868.51,1783359227707
1783359228000,63878.92,1783359228363
1783359229000,63888,1783359229742
1783359230000,63888,1783359230366
1783359231000,63888,1783359231468
1783359232000,63887.83,1783359232423
1783359233000,63881.37,1783359233315
1783359234000,63881.36,1783359234541
1783359235000,63883.99,1783359235394
1783359236000,63883.99,1783359236553
1783359237000,63883.99,1783359237527
1783359238000,63884,1783359238508
1783359239000,63883.99,1783359239412
1783359240000,63884,1783359240371
1783359241000,63883.99,1783359241396
1783359242000,63883.99,1783359242344
1783359243000,63883.99,1783359243431
1783359244000,63884,1783359244490
1783359245000,63883.99,1783359245528
1783359246000,63884,1783359246538
1783359247000,63884,1783359247460
1783359248000,63870.01,1783359248435
1783359249000,63862.01,1783359249405
1783359250000,63854,1783359250377
1783359251000,63854,1783359251355
1783359252000,63854,1783359252418
1783359253000,63854,1783359253426
1783359254000,63854.01,1783359254431
1783359255000,63854.01,1783359255517
1783359256000,63854,1783359256571
1783359257000,63854,1783359257369
1783359258000,63862,1783359258411
1783359259000,63862,1783359259441
1783359260000,63862,1783359260414
1783359261000,63862,1783359261488
1783359262000,63860.01,1783359262379
1783359263000,63858.01,1783359263413
1783359264000,63858.01,1783359264428
1783359265000,63858,1783359265388
1783359266000,63844.22,1783359266484
1783359267000,63844.22,1783359267428
1783359268000,63844.22,1783359268451
1783359269000,63844.22,1783359269528
1783359270000,63844.23,1783359270500
1783359271000,63844.23,1783359271431
1783359272000,63844.22,1783359272445
1783359273000,63844.23,1783359273624
1783359274000,63844.22,1783359274494
1783359275000,63844.22,1783359275493
1783359276000,63844.22,1783359276418
1783359277000,63840.29,1783359277420
1783359278000,63840.3,1783359278415
1783359279000,63840.29,1783359279420
1783359280000,63840.3,1783359280608
1783359281000,63840.29,1783359281442
1783359282000,63840,1783359282481
1783359283000,63830.75,1783359283505
1783359284000,63808.01,1783359284529
1783359285000,63800.31,1783359285392
1783359286000,63800.32,1783359286382
1783359287000,63800.32,1783359287498
1783359288000,63800.32,1783359288437
1783359289000,63800,1783359289437
1783359290000,63800,1783359290517
1783359291000,63800,1783359291492
1783359292000,63800,1783359292515
1783359293000,63800,1783359293445
1783359294000,63800.01,1783359294464
1783359295000,63800.01,1783359295428
1783359296000,63800.01,1783359296509
1783359297000,63800.01,1783359297431
1783359298000,63800.01,1783359298661
1783359299000,63800,1783359299377
1783359300000,63800,1783359300504
1783359301000,63800,1783359301392
1783359302000,63805.99,1783359302347
1783359303000,63803.04,1783359303442
1783359304000,63803.04,1783359304376
1783359305000,63800,1783359305470
1783359306000,63800,1783359306334
1783359307000,63800,1783359307380
1783359308000,63794.08,1783359308359
1783359309000,63794,1783359309512
1783359310000,63790,1783359310371
1783359311000,63790,1783359311624
1783359312000,63777.2,1783359312485
1783359313000,63780.39,1783359313344
1783359314000,63780.39,1783359314432
1783359315000,63778,1783359315412
1783359316000,63778,1783359316404
1783359317000,63767.64,1783359317450
1783359318000,63767.63,1783359318330
1783359319000,63767.64,1783359319377
1783359320000,63767.64,1783359320426
1783359321000,63767.63,1783359321393
1783359322000,63767.64,1783359322407
1783359323000,63767.64,1783359323393
1783359324000,63767.64,1783359324420
1783359325000,63767.63,1783359325489
1783359326000,63767.63,1783359326463
1783359327000,63767.63,1783359327435
1783359328000,63767.64,1783359328448
1783359329000,63767.64,1783359329449
1783359330000,63767.63,1783359330448
1783359331000,63769.99,1783359331387
1783359332000,63775.99,1783359332459
1783359333000,63775.99,1783359333374
1783359334000,63775.99,1783359334501
1783359335000,63776,1783359335311
1783359336000,63778,1783359336458
1783359337000,63777.99,1783359337368
1783359338000,63783.53,1783359338341
1783359339000,63783.99,1783359339345
1783359340000,63783.99,1783359340367
1783359341000,63791.5,1783359341361
1783359342000,63791.99,1783359342386
1783359343000,63792,1783359343616
1783359344000,63792,1783359344538
1783359345000,63792,1783359345379
1783359346000,63791.49,1783359346382
1783359347000,63791.49,1783359347347
1783359348000,63788.3,1783359348336
1783359349000,63788.3,1783359349336
1783359350000,63788.3,1783359350587
1783359351000,63788.31,1783359351344
1783359352000,63788.3,1783359352331
1783359353000,63788.3,1783359353371
1783359354000,63788.3,1783359354469
1783359355000,63788.31,1783359355415
1783359356000,63788.3,1783359356523
1783359357000,63788.3,1783359357578
1783359358000,63788.31,1783359358347
1783359359000,63788.31,1783359359374
1783359360000,63788.3,1783359360351
1783359361000,63786.01,1783359361432
1783359362000,63778,1783359362305
1783359363000,63767.01,1783359363302
1783359364000,63764.01,1783359364412
1783359365000,63752.01,1783359365445
1783359366000,63752,1783359366452
1783359367000,63752.01,1783359367377
1783359368000,63750.16,1783359368305
1783359369000,63744.34,1783359369362
1783359370000,63744.33,1783359370650
1783359371000,63744.33,1783359371468
1783359372000,63744.34,1783359372341
1783359373000,63744.33,1783359373374
1783359374000,63744.33,1783359374316
1783359375000,63744.33,1783359375358
1783359376000,63744,1783359376366
1783359377000,63744.01,1783359377412
1783359378000,63744.01,1783359378430
1783359379000,63742.01,1783359379559
1783359380000,63742,1783359380273
1783359381000,63733.8,1783359381361
1783359382000,63733.8,1783359382386
1783359383000,63733.8,1783359383377
1783359384000,63733.79,1783359384317
1783359385000,63733.79,1783359385360
1783359386000,63733.79,1783359386347
1783359387000,63733.79,1783359387490
1783359388000,63729.84,1783359388415
1783359389000,63728.01,1783359389546
1783359390000,63728.01,1783359390412
1783359391000,63728,1783359391313
1783359392000,63722,1783359392383
1783359393000,63722.01,1783359393586
1783359394000,63722,1783359394508
1783359395000,63722.01,1783359395634
1783359396000,63722,1783359396351
1783359397000,63722,1783359397392
1783359398000,63722.01,1783359398384
1783359399000,63723.99,1783359399442
1783359400000,63723.99,1783359400310
1783359401000,63724.57,1783359401441
1783359402000,63733.8,1783359402382
1783359403000,63737.77,1783359403302
1783359404000,63737.77,1783359404350
1783359405000,63737.78,1783359405393
1783359406000,63734.53,1783359406292
1783359407000,63734.22,1783359407368
1783359408000,63727.2,1783359408365
1783359409000,63727.19,1783359409325
1783359410000,63720.72,1783359410338
1783359411000,63716,1783359411309
1783359412000,63716,1783359412428
1783359413000,63716,1783359413288
1783359414000,63716,1783359414320
1783359415000,63714.73,1783359415500
1783359416000,63710.01,1783359416425
1783359417000,63710,1783359417301
1783359418000,63710,1783359418393
1783359419000,63708,1783359419344
1783359420000,63700.01,1783359420387
1783359421000,63706,1783359421392
1783359422000,63710.38,1783359422362
1783359423000,63716,1783359423338
1783359424000,63728.39,1783359424413
1783359425000,63728.38,1783359425334
1783359426000,63734,1783359426457
1783359427000,63738,1783359427321
1783359428000,63738,1783359428528
1783359429000,63738,1783359429482
1783359430000,63737.99,1783359430443
1783359431000,63736.19,1783359431532
1783359432000,63736.19,1783359432443
1783359433000,63732,1783359433524
1783359434000,63728.01,1783359434456
1783359435000,63728.01,1783359435571
1783359436000,63728.01,1783359436532
1783359437000,63728,1783359437489
1783359438000,63723.64,1783359438495
1783359439000,63720,1783359439468
1783359440000,63712,1783359440515
1783359441000,63704.01,1783359441450
1783359442000,63704,1783359442300
1783359443000,63704,1783359443558
1783359444000,63702.84,1783359444451
1783359445000,63696,1783359445521
1783359446000,63696,1783359446429
1783359447000,63687.44,1783359447604
1783359448000,63687.45,1783359448482
1783359449000,63687.45,1783359449497
1783359450000,63680,1783359450559
1783359451000,63710,1783359451328
1783359452000,63710,1783359452334
1783359453000,63710,1783359453483
1783359454000,63710,1783359454471
1783359455000,63700,1783359455540
1783359456000,63711.99,1783359456493
1783359457000,63716.69,1783359457484
1783359458000,63716.69,1783359458396
1783359459000,63720,1783359459435
1783359460000,63720,1783359460512
1783359461000,63716.36,1783359461529
1783359462000,63721.99,1783359462428
1783359463000,63734,1783359463412
1783359464000,63734,1783359464515
1783359465000,63733.99,1783359465519
1783359466000,63733.99,1783359466497
1783359467000,63734,1783359467623
1783359468000,63740,1783359468497
1783359469000,63739.99,1783359469484
1783359470000,63739.99,1783359470490
1783359471000,63739.99,1783359471566
1783359472000,63740,1783359472470
1783359473000,63739.99,1783359473362
1783359474000,63739.99,1783359474483
1783359475000,63739.99,1783359475481
1783359476000,63738.9,1783359476545
1783359477000,63736.75,1783359477709
1783359478000,63736.75,1783359478405
1783359479000,63736.76,1783359479469
1783359480000,63736.2,1783359480475
1783359481000,63734,1783359481545
1783359482000,63730.88,1783359482458
1783359483000,63730.87,1783359483701
1783359484000,63730.88,1783359484590
1783359485000,63742.45,1783359485393
1783359486000,63745.3,1783359486465
1783359487000,63745.3,1783359487438
1783359488000,63739.99,1783359488449
1783359489000,63740,1783359489617
1783359490000,63740.02,1783359490560
1783359491000,63741.9,1783359491418
1783359492000,63740,1783359492599
1783359493000,63758,1783359493566
1783359494000,63755.99,1783359494439
1783359495000,63749.85,1783359495633
1783359496000,63749.84,1783359496453
1783359497000,63749.85,1783359497422
1783359498000,63749.85,1783359498445
1783359499000,63741.52,1783359499416
1783359500000,63741.52,1783359500445
1783359501000,63741.52,1783359501449
1783359502000,63741.52,1783359502477
1783359503000,63741.52,1783359503444
1783359504000,63740,1783359504443
1783359505000,63740,1783359505468
1783359506000,63740.01,1783359506450
1783359507000,63736,1783359507597
1783359508000,63736,1783359508531
1783359509000,63736.01,1783359509490
1783359510000,63736.01,1783359510532
1783359511000,63788,1783359511478
1783359512000,63767.68,1783359512471
1783359513000,63761.81,1783359513666
1783359514000,63761.81,1783359514388
1783359515000,63761.81,1783359515464
1783359516000,63759.87,1783359516573
1783359517000,63759.87,1783359517434
1783359518000,63759.87,1783359518568
1783359519000,63759.87,1783359519480
1783359520000,63759.87,1783359520463
1783359521000,63759.88,1783359521487
1783359522000,63758,1783359522564
1783359523000,63757.44,1783359523438
1783359524000,63756,1783359524398
1783359525000,63752.01,1783359525634
1783359526000,63752,1783359526576
1783359527000,63746.01,1783359527551
1783359528000,63746.01,1783359528537
1783359529000,63746,1783359529446
1783359530000,63746,1783359530599
1783359531000,63746,1783359531533
1783359532000,63746,1783359532499
1783359533000,63746.01,1783359533552
1783359534000,63746,1783359534426
1783359535000,63746.01,1783359535464
1783359536000,63746,1783359536440
1783359537000,63746,1783359537647
1783359538000,63746,1783359538434
1783359539000,63746,1783359539434
1783359540000,63746,1783359540452
1783359541000,63746.01,1783359541406
1783359542000,63750,1783359542424
1783359543000,63760,1783359543599
1783359544000,63760,1783359544609
1783359545000,63760,1783359545500
1783359546000,63760,1783359546500
1783359547000,63759.99,1783359547487
1783359548000,63750.01,1783359548438
1783359549000,63750.01,1783359549465
1783359550000,63750.01,1783359550568
1783359551000,63748,1783359551486
1783359552000,63748.01,1783359552463
1783359553000,63748,1783359553407
1783359554000,63748.01,1783359554477
1783359555000,63748,1783359555535
1783359556000,63748.01,1783359556492
1783359557000,63748.01,1783359557437
1783359558000,63748.01,1783359558474
1783359559000,63748,1783359559682
1783359560000,63740.01,1783359560502
1783359561000,63736.19,1783359561576
1783359562000,63736.02,1783359562498
1783359563000,63736.01,1783359563573
1783359564000,63736.01,1783359564496
1783359565000,63736.01,1783359565518
1783359566000,63736.01,1783359566496
1783362657000,63741.18,1783362657534
1783362658000,63741.18,1783362658558
1783362659000,63741.17,1783362659377
1783362660000,63741.18,1783362660556
1783362661000,63738.34,1783362661476
1783362662000,63738.01,1783362662544
1783362663000,63737.71,1783362663473
1783362664000,63737.71,1783362664332
1783362665000,63737.7,1783362665418
1783362666000,63737.7,1783362666392
1783362667000,63737.7,1783362667381
1783362668000,63737.71,1783362668402
1783362669000,63737.7,1783362669515
1783362670000,63737.71,1783362670347
1783362671000,63736.5,1783362671665
1783362672000,63734.01,1783362672382
1783362673000,63734,1783362673404
1783362674000,63734.01,1783362674381
1783362675000,63734,1783362675558
1783362676000,63734.01,1783362676353
1783362677000,63734,1783362677419
1783362678000,63734.01,1783362678371
1783362679000,63734.01,1783362679447
1783362680000,63734.01,1783362680677
1783362681000,63734.01,1783362681496
1783362682000,63742,1783362682475
1783362683000,63743.3,1783362683458
1783362684000,63743.3,1783362684364
1783362685000,63743.3,1783362685489
1783362686000,63743.31,1783362686372
1783362687000,63743.3,1783362687414
1783362688000,63743.31,1783362688364
1783362689000,63743.31,1783362689392
1783362690000,63743.31,1783362690354
1783362691000,63743.3,1783362691539
1783362692000,63743.3,1783362692453
1783362693000,63743.31,1783362693373
1783362694000,63744.99,1783362694335
1783362695000,63744.98,1783362695362
1783362696000,63744.98,1783362696448
1783362697000,63744.99,1783362697377
1783362698000,63744.98,1783362698344
1783362699000,63744.99,1783362699327
1783362700000,63744.99,1783362700409
1783362701000,63744.99,1783362701566
1783362702000,63744.99,1783362702490
1783362703000,63749.99,1783362703431
1783362704000,63749.99,1783362704406
1783362705000,63749.99,1783362705560
1783362706000,63750,1783362706481
1783362707000,63758,1783362707405
1783362708000,63758,1783362708331
1783362709000,63758,1783362709436
1783362710000,63758,1783362710603
1783362711000,63757.99,1783362711488
1783362712000,63757.99,1783362712472
1783362713000,63758,1783362713548
1783362714000,63761.99,1783362714379
1783362715000,63762,1783362715392
1783362716000,63762,1783362716692
1783362717000,63761.99,1783362717541
1783362718000,63761.99,1783362718410
1783362719000,63761.99,1783362719393
1783362720000,63762,1783362720345
1783362721000,63762,1783362721432
1783362722000,63761.99,1783362722353
1783362723000,63761.99,1783362723482
1783362724000,63761.99,1783362724401
1783362725000,63762,1783362725393
1783362726000,63761.99,1783362726365
1783362727000,63762,1783362727465
1783362728000,63761.99,1783362728415
1783362729000,63762,1783362729624
1783362730000,63762,1783362730546
1783362731000,63774,1783362731505
1783362732000,63774,1783362732398
1783362733000,63773.99,1783362733393
1783362734000,63772,1783362734540
1783362735000,63772,1783362735565
1783362736000,63764.01,1783362736485
1783362737000,63764.01,1783362737406
1783362738000,63764.01,1783362738338
1783362739000,63763.13,1783362739456
1783362740000,63763.13,1783362740359
1783362741000,63763.12,1783362741393
1783362742000,63763.12,1783362742398
1783362743000,63763.13,1783362743551
1783362744000,63763.13,1783362744473
1783362745000,63763.13,1783362745360
1783362746000,63763.12,1783362746417
1783362747000,63763.12,1783362747368
1783362748000,63763.12,1783362748466
1783362749000,63750,1783362749490
1783362750000,63746.01,1783362750317
1783362751000,63746.01,1783362751377
1783362752000,63730,1783362752561
1783362753000,63730.01,1783362753485
1783362754000,63730,1783362754439
1783362755000,63730.01,1783362755405
1783362756000,63722.4,1783362756342
1783362757000,63722.4,1783362757375
1783362758000,63722.4,1783362758361
1783362759000,63722.4,1783362759525
1783362760000,63722.4,1783362760448
1783362761000,63722.4,1783362761411
1783362762000,63728.59,1783362762380
1783362763000,63728.59,1783362763362
1783362764000,63726.84,1783362764459
1783362765000,63726.83,1783362765464
1783362766000,63726.83,1783362766386
1783362767000,63726.84,1783362767360
1783362768000,63726.83,1783362768441
1783362769000,63726.83,1783362769450
1783362770000,63726.83,1783362770379
1783362771000,63726.83,1783362771345
1783362772000,63726.83,1783362772427
1783362773000,63726.83,1783362773369
1783362774000,63726.84,1783362774338
1783362775000,63726.84,1783362775377
1783362776000,63726.84,1783362776331
1783362777000,63726.84,1783362777346
1783362778000,63726.84,1783362778469
1783362779000,63729.99,1783362779597
1783362780000,63729.99,1783362780391
1783362781000,63729.99,1783362781543
1783362782000,63730,1783362782361
1783362783000,63730,1783362783353
1783362784000,63741.99,1783362784463
1783362785000,63744,1783362785428
1783362786000,63744,1783362786342
1783362787000,63742,1783362787398
1783362788000,63741.99,1783362788412
1783362789000,63741.99,1783362789488
1783362790000,63741.99,1783362790409
1783362791000,63741.99,1783362791632
1783362792000,63741.99,1783362792368
1783362793000,63741.99,1783362793420
1783362794000,63740.01,1783362794355
1783362795000,63740.01,1783362795524
1783362796000,63740.01,1783362796490
1783362797000,63740.01,1783362797413
1783362798000,63740.01,1783362798346
1783362799000,63740.01,1783362799462
1783362800000,63740.01,1783362800350
1783362801000,63740,1783362801345
1783362802000,63742,1783362802534
1783362803000,63741.99,1783362803383
1783362804000,63742,1783362804407
1783362805000,63742,1783362805504
1783362806000,63742,1783362806518
1783362807000,63741.99,1783362807467
1783362808000,63741.99,1783362808575
1783362809000,63741.99,1783362809497
1783362810000,63742,1783362810521
1783362811000,63741.99,1783362811497
1783362812000,63742,1783362812398
1783362813000,63742,1783362813594
1783362814000,63742,1783362814447
1783362815000,63741.99,1783362815497
1783362816000,63741.99,1783362816518
1783362817000,63741.99,1783362817471
1783362818000,63741.99,1783362818486
1783362819000,63741.99,1783362819606
1783362820000,63741.99,1783362820490
1783362821000,63742,1783362821506
1783362822000,63741.99,1783362822604
1783362823000,63741.99,1783362823526
1783362824000,63742,1783362824491
1783362825000,63741.99,1783362825503
1783362826000,63741.99,1783362826549
1783362827000,63741.99,1783362827521
1783362828000,63741.99,1783362828469
1783362829000,63741.99,1783362829569
1783362830000,63741.99,1783362830450
1783362831000,63742,1783362831616
1783362832000,63742,1783362832423
1783362833000,63747.99,1783362833476
1783362834000,63758,1783362834483
1783362835000,63757.99,1783362835509
1783362836000,63757.99,1783362836518
1783362837000,63760,1783362837412
1783362838000,63759.99,1783362838507
1783362839000,63759.99,1783362839501
1783362840000,63759.99,1783362840524
1783362841000,63754.01,1783362841413
1783362842000,63754,1783362842466
1783362843000,63754,1783362843422
1783362844000,63742.01,1783362844518
1783362845000,63740.01,1783362845470
1783362846000,63740.01,1783362846518
1783362847000,63740.01,1783362847488
1783362848000,63740,1783362848615
1783362849000,63740.01,1783362849538
1783362850000,63740.01,1783362850528
1783362851000,63740.01,1783362851586
1783362852000,63740.01,1783362852673
1783362853000,63740,1783362853580
1783362854000,63740.01,1783362854436
1783362855000,63740.01,1783362855578
1783362856000,63740.01,1783362856572
1783362857000,63740.01,1783362857825
1783362858000,63740,1783362858411
1783362859000,63745.8,1783362859485
1783362860000,63745.8,1783362860437
1783362861000,63745.8,1783362861441
1783362862000,63745.8,1783362862520
1783362863000,63745.8,1783362863462
1783362864000,63745.8,1783362864588
1783362865000,63745.8,1783362865469
1783362866000,63742,1783362866486
1783362867000,63742,1783362867431
1783362868000,63742,1783362868571
1783362869000,63742,1783362869455
1783362870000,63742,1783362870411
1783362871000,63742,1783362871451
1783362872000,63742,1783362872524
1783362873000,63742.01,1783362873498
1783362874000,63742,1783362874523
1783362875000,63742.01,1783362875546
1783362876000,63742.01,1783362876494
1783362877000,63740,1783362877595
1783362878000,63738,1783362878719
1783362879000,63738,1783362879641
1783362880000,63738.01,1783362880461
1783362881000,63738.01,1783362881485
1783362882000,63738,1783362882611
1783362883000,63738,1783362883738
1783362884000,63738.01,1783362884456
1783362885000,63736.41,1783362885751
1783362886000,63736.4,1783362886414
1783362887000,63736.4,1783362887527
1783362888000,63736.4,1783362888550
1783362889000,63736.41,1783362889574
1783362890000,63736.41,1783362890508
1783362891000,63736.41,1783362891520
1783362892000,63736.41,1783362892446
1783362893000,63736.41,1783362893529
1783362894000,63736.41,1783362894490
1783362895000,63722.4,1783362895513
1783362896000,63720,1783362896488
1783362897000,63720.01,1783362897561
1783362898000,63720.01,1783362898489
1783362899000,63720.01,1783362899522
1783362900000,63720.01,1783362900513
1783362901000,63712,1783362901505
1783362902000,63706.01,1783362902681
1783362903000,63706,1783362903488
1783362904000,63706.01,1783362904627
1783362905000,63706.01,1783362905534
1783362906000,63706.01,1783362906481
1783362907000,63698.01,1783362907496
1783362908000,63698.01,1783362908572
1783362909000,63698,1783362909448
1783362910000,63698,1783362910567
1783362911000,63698.01,1783362911545
1783362912000,63698.01,1783362912512
1783362913000,63698.01,1783362913536
1783362914000,63698.01,1783362914518
1783362915000,63698.6,1783362915384
1783362916000,63705.99,1783362916517
1783362917000,63708,1783362917551
1783362918000,63708.55,1783362918441
1783362919000,63709.99,1783362919424
1783362920000,63716,1783362920601
1783362921000,63715.99,1783362921488
1783362922000,63715.99,1783362922497
1783362923000,63716,1783362923617
1783362924000,63716,1783362924469
1783362925000,63716,1783362925444
1783362926000,63716,1783362926464
1783362927000,63719.99,1783362927433
1783362928000,63719.99,1783362928591
1783362929000,63719.99,1783362929472
1783362930000,63730,1783362930486
1783362931000,63730,1783362931456
1783362932000,63729.99,1783362932481
1783362933000,63729.99,1783362933505
1783362934000,63729.99,1783362934453
1783362935000,63737.99,1783362935553
1783362936000,63737.99,1783362936470
1783362937000,63738,1783362937551
1783362938000,63738,1783362938462
1783362939000,63738,1783362939456
1783362940000,63738,1783362940433
1783362941000,63737.99,1783362941455
1783362942000,63737.99,1783362942394
1783362943000,63737.99,1783362943542
1783362944000,63737.99,1783362944563
1783362945000,63738,1783362945475
1783362946000,63737.99,1783362946518
1783362947000,63737.99,1783362947441
1783362948000,63737.99,1783362948429
1783362949000,63737.99,1783362949582
1783362950000,63738,1783362950415
1783362951000,63737.99,1783362951434
1783362952000,63737.99,1783362952561
1783362953000,63737.99,1783362953443
1783362954000,63738,1783362954402
1783362955000,63737.99,1783362955520
1783362956000,63738,1783362956443
1783362957000,63737.99,1783362957443
1783362958000,63737.99,1783362958491
1783362959000,63737.99,1783362959419
1783362960000,63737.99,1783362960641
1783362961000,63738,1783362961563
1783362962000,63738,1783362962536
1783362963000,63741.99,1783362963457
1783362964000,63742,1783362964533
1783362965000,63742,1783362965556
1783362966000,63742,1783362966393
1783362967000,63742,1783362967451
1783362968000,63741.99,1783362968577
1783362969000,63741.99,1783362969633
1783362970000,63742,1783362970471
1783362971000,63742,1783362971383
1783362972000,63750,1783362972436
1783362973000,63749.99,1783362973452
1783362974000,63750,1783362974523
1783362975000,63750,1783362975510
1783362976000,63750,1783362976387
1783362977000,63750,1783362977538
1783362978000,63750,1783362978469
1783362979000,63749.99,1783362979466
1783362980000,63750,1783362980515
1783362981000,63750,1783362981428
1783362982000,63750,1783362982460
1783362983000,63750,1783362983408
1783362984000,63750,1783362984503
1783362985000,63750,1783362985626
1783362986000,63750,1783362986572
1783362987000,63750,1783362987368
1783362988000,63750,1783362988462
1783362989000,63750,1783362989620
1783362990000,63750,1783362990493
1783362991000,63749.99,1783362991479
1783362992000,63749.99,1783362992590
1783362993000,63760.03,1783362993461
1783362994000,63753.61,1783362994535
1783362995000,63753.61,1783362995662
1783362996000,63753.6,1783362996533
1783362997000,63753.6,1783362997915
1783362998000,63753.6,1783362998693
1783362999000,63753.6,1783362999553
1783363000000,63753.61,1783363000577
1783363001000,63753.6,1783363001499
1783363002000,63753.6,1783363002524
1783363003000,63753.6,1783363003547
1783363004000,63753.6,1783363004481
1783363005000,63753.6,1783363005598
1783363006000,63753.6,1783363006484
1783363007000,63753.6,1783363007529
1783363008000,63753.61,1783363008463
1783363009000,63753.61,1783363009468
1783363010000,63766,1783363010510
1783363011000,63773.99,1783363011408
1783363012000,63774,1783363012427
1783363013000,63788,1783363013583
1783363014000,63800,1783363014437
1783363015000,63799.99,1783363015481
1783363016000,63799.99,1783363016416
1783363017000,63804,1783363017405
1783363018000,63803.99,1783363018499
1783363019000,63800.12,1783363019550
1783363020000,63800.12,1783363020546
1783363021000,63798,1783363021392
1783363022000,63798,1783363022408
1783363023000,63803.9,1783363023500
1783363024000,63811.99,1783363024539
1783363025000,63812,1783363025402
1783363026000,63806.51,1783363026409
1783363027000,63806.51,1783363027613
1783363028000,63811.93,1783363028681
1783363029000,63814,1783363029439
1783363030000,63813.99,1783363030581
1783363031000,63814.95,1783363031605
1783363032000,63814.96,1783363032565
1783363033000,63814.95,1783363033550
1783363034000,63814.96,1783363034423
1783363035000,63814.95,1783363035505
1783363036000,63814.95,1783363036470
1783363037000,63814.95,1783363037383
1783363038000,63814.96,1783363038364
1783363039000,63814.95,1783363039408
1783363040000,63814.96,1783363040427
1783363041000,63814.96,1783363041489
1783363042000,63815.35,1783363042511
1783363043000,63815.35,1783363043444
1783363044000,63815.34,1783363044431
1783363045000,63815.35,1783363045532
1783363046000,63815.35,1783363046556
1783363047000,63815.34,1783363047631
1783363048000,63815.34,1783363048501
1783363049000,63815.34,1783363049526
1783363050000,63812.01,1783363050416
1783363051000,63810,1783363051457
1783363052000,63810,1783363052393
1783363053000,63804,1783363053486
1783363054000,63804,1783363054542
1783363055000,63804,1783363055464
1783363056000,63804.01,1783363056389
1783363057000,63804.01,1783363057409
1783363058000,63804,1783363058536
1783363059000,63804,1783363059412
1783363060000,63808,1783363060489
1783363061000,63807.99,1783363061497
1783363062000,63831.99,1783363062632
1783363063000,63831.99,1783363063474
1783363064000,63832,1783363064659
1783363065000,63832.2,1783363065499
1783363066000,63832.2,1783363066479
1783363067000,63832.2,1783363067650
1783363068000,63832.2,1783363068425
1783363069000,63832.2,1783363069595
1783363070000,63832.19,1783363070516
1783363071000,63832.19,1783363071439
1783363072000,63828,1783363072565
1783363073000,63828,1783363073589
1783363074000,63828.01,1783363074482
1783363075000,63828.01,1783363075403
1783363076000,63828,1783363076404
1783363077000,63828.01,1783363077597
1783363078000,63828.01,1783363078504
1783363079000,63828.01,1783363079435
1783363080000,63828,1783363080524
1783363081000,63828.88,1783363081679
1783363082000,63831.99,1783363082703
1783363083000,63832,1783363083397
1783363084000,63843.99,1783363084596
1783363085000,63843.99,1783363085570
1783363086000,63844,1783363086492
1783363087000,63850,1783363087516
1783363088000,63845.74,1783363088628
1783363089000,63844.15,1783363089641
1783363090000,63835.92,1783363090396
1783363091000,63834,1783363091629
1783363092000,63832.01,1783363092586
1783363093000,63841.99,1783363093455
1783363094000,63841.99,1783363094476
1783363095000,63841.99,1783363095402
1783363096000,63841.99,1783363096483
1783363097000,63849.99,1783363097583
1783363098000,63846.19,1783363098483
1783363099000,63846.19,1783363099599
1783363100000,63846.19,1783363100520
1783363101000,63846.19,1783363101494
1783363102000,63846.19,1783363102466
1783363103000,63846.19,1783363103593
1783363104000,63846.18,1783363104540
1783363105000,63846.18,1783363105455
1783363106000,63846.19,1783363106512
1783363107000,63846.18,1783363107390
1783363108000,63838.26,1783363108358
1783363109000,63833.23,1783363109425
1783363110000,63833.23,1783363110410
1783363111000,63833.22,1783363111357
1783363112000,63833.22,1783363112502
1783363113000,63833.23,1783363113349
1783363114000,63833.23,1783363114439
1783363115000,63832.01,1783363115471
1783363116000,63832,1783363116357
1783363117000,63832.01,1783363117517
1783363118000,63832,1783363118441
1783363119000,63832.01,1783363119466
1783363120000,63828,1783363120489
1783363121000,63828,1783363121412
1783363122000,63828,1783363122434
1783363123000,63828,1783363123561
1783363124000,63828.01,1783363124330
1783363125000,63828.01,1783363125456
1783363126000,63828,1783363126429
1783363127000,63828,1783363127555
1783363128000,63828,1783363128386
1783363129000,63828.01,1783363129414
1783363130000,63816,1783363130378
1783363131000,63816.01,1783363131391
1783363132000,63816.01,1783363132398
1783363133000,63810.01,1783363133391
1783363134000,63810,1783363134517
1783363135000,63810,1783363135369
1783363136000,63810.09,1783363136398
1783363137000,63811.57,1783363137387
1783363138000,63811.58,1783363138377
1783363139000,63811.57,1783363139535
1783363140000,63811.57,1783363140355
1783363141000,63809.35,1783363141497
1783363142000,63809.35,1783363142505
1783363143000,63796,1783363143377
1783363144000,63796,1783363144355
1783363145000,63796.01,1783363145333
1783363146000,63804,1783363146499
1783363147000,63811.25,1783363147523
1783363148000,63812,1783363148351
1783363149000,63812,1783363149418
1783363150000,63812,1783363150386
1783363151000,63812,1783363151414
1783363152000,63812,1783363152540
1783363153000,63808,1783363153565
1783363154000,63808,1783363154427
1783363155000,63808,1783363155484
1783363156000,63808,1783363156558
1783363157000,63808,1783363157479
1783363158000,63808.01,1783363158377
1783363159000,63808.01,1783363159346
1783363160000,63808.01,1783363160527
1783363161000,63808.01,1783363161449
1783363162000,63808.01,1783363162419
1783363163000,63808,1783363163383
1783363164000,63808,1783363164418
1783363165000,63806,1783363165344
1783363166000,63806,1783363166432
1783363167000,63806.01,1783363167375
1783363168000,63806.01,1783363168360
1783363169000,63806,1783363169360
1783363170000,63806.01,1783363170422
1783363171000,63806,1783363171475
1783363172000,63806,1783363172553
1783363173000,63806,1783363173379
1783363174000,63802.01,1783363174368
1783363175000,63798.01,1783363175463
1783363176000,63798.01,1783363176397
1783363177000,63794.01,1783363177478
1783363178000,63792,1783363178389
1783363179000,63789,1783363179574
1783363180000,63788.01,1783363180446
1783363181000,63788,1783363181417
1783363182000,63788,1783363182448
1783363183000,63793.58,1783363183351
1783363184000,63793.59,1783363184394
1783363185000,63793.59,1783363185362
1783363186000,63793.58,1783363186451
1783363187000,63793.59,1783363187345
1783363188000,63796,1783363188483
1783363189000,63795.99,1783363189392
1783363190000,63795.99,1783363190487
1783363191000,63796,1783363191433
1783363192000,63795.99,1783363192477
1783363193000,63795.99,1783363193500
1783363194000,63804,1783363194525
1783363195000,63804,1783363195549
1783363196000,63805.99,1783363196480
1783363197000,63805.99,1783363197346
1783363198000,63805.99,1783363198520
1783363199000,63806,1783363199420
1783363200000,63806,1783363200318
1783363201000,63806,1783363201385
1783363202000,63806,1783363202425
1783363203000,63806,1783363203409
1783363204000,63806,1783363204510
1783363205000,63806,1783363205413
1783363206000,63805.99,1783363206353
1783363207000,63805.99,1783363207380
1783363208000,63805.99,1783363208460
1783363209000,63806,1783363209475
1783363210000,63806,1783363210434
1783363211000,63805.99,1783363211335
1783363212000,63802.01,1783363212396
1783363213000,63796,1783363213368
1783363214000,63796.01,1783363214391
1783363215000,63796.01,1783363215366
1783363216000,63796,1783363216371
1783363217000,63794.01,1783363217333
1783363218000,63788,1783363218490
1783363219000,63784,1783363219451
1783363220000,63780.01,1783363220534
1783363221000,63780.01,1783363221322
1783363222000,63779.42,1783363222383
1783363223000,63779.41,1783363223436
1783363224000,63779.41,1783363224530
1783363225000,63779.42,1783363225554
1783363226000,63779.42,1783363226520
1783363227000,63779.41,1783363227383
1783363228000,63779.41,1783363228400
1783363229000,63778.01,1783363229359
1783363230000,63778,1783363230465
1783363231000,63778.01,1783363231422
1783363232000,63778,1783363232402
1783363233000,63778,1783363233437
1783363234000,63778,1783363234422
1783363235000,63778,1783363235485
1783363236000,63778,1783363236458
1783363237000,63791.99,1783363237392
1783363238000,63792,1783363238457
1783363239000,63792,1783363239408
1783363240000,63776.01,1783363240299
1783363241000,63776,1783363241348
1783363242000,63776,1783363242448
1783363243000,63776,1783363243473
1783363244000,63779.2,1783363244349
1783363245000,63780.74,1783363245495
1783363246000,63780.74,1783363246414
1783363247000,63780.74,1783363247421
1783363248000,63792,1783363248495
1783363249000,63791.99,1783363249399
1783363250000,63792,1783363250352
1783363251000,63792,1783363251406
1783363252000,63792,1783363252393
1783363253000,63790.19,1783363253367
1783363254000,63789.39,1783363254533
1783363255000,63789.39,1783363255351
1783363256000,63788,1783363256375
1783363257000,63788,1783363257414
1783363258000,63788,1783363258384
1783363259000,63788.01,1783363259347
1783363260000,63788,1783363260574
1783363261000,63788,1783363261408
1783363262000,63788,1783363262341
1783363263000,63788,1783363263331
1783363264000,63782.01,1783363264363
1783363265000,63782.01,1783363265341
1783363266000,63782,1783363266350
1783363267000,63782,1783363267742
1783363268000,63782,1783363268344
1783363269000,63782,1783363269482
1783363270000,63772,1783363270507
1783363271000,63772,1783363271632
1783363272000,63772,1783363272351
1783363273000,63772.01,1783363273300
1783363274000,63772,1783363274398
1783363275000,63772.01,1783363275321
1783363276000,63772,1783363276339
1783363277000,63772,1783363277433
1783363278000,63772.01,1783363278495
1783363279000,63779.99,1783363279300
1783363280000,63781.63,1783363280475
1783363281000,63782,1783363281563
1783363282000,63792,1783363282382
1783363283000,63791.99,1783363283344
1783363284000,63791.99,1783363284379
1783363285000,63791.99,1783363285354
1783363286000,63791.99,1783363286551
1783363287000,63791.99,1783363287341
1783363288000,63791.99,1783363288529
1783363289000,63792,1783363289307
1783363290000,63792,1783363290475
1783363291000,63792,1783363291498
1783363292000,63792,1783363292523
1783363293000,63792,1783363293342
1783363294000,63792,1783363294444
1783363295000,63792,1783363295441
1783363296000,63792,1783363296424
1783363297000,63792,1783363297323
1783363298000,63792,1783363298411
1783363299000,63784.9,1783363299591
1783363300000,63784.91,1783363300407
1783363301000,63784.91,1783363301535
1783363302000,63784.9,1783363302455
1783363303000,63784.9,1783363303583
1783363304000,63784.9,1783363304357
1783363305000,63784.91,1783363305630
1783363306000,63784.9,1783363306320
1783363307000,63784.91,1783363307449
1783363308000,63784.9,1783363308398
1783363309000,63784.9,1783363309296
1783363310000,63784.9,1783363310442
1783363311000,63784.9,1783363311484
1783363312000,63784.91,1783363312390
1783363313000,63784.91,1783363313303
1783363314000,63785.19,1783363314338
1783363315000,63785.19,1783363315345
1783363316000,63785.19,1783363316436
1783363317000,63787.56,1783363317314
1783363318000,63787.57,1783363318312
1783363319000,63790.75,1783363319558
1783363320000,63790.76,1783363320432
1783363321000,63790.76,1783363321399
1783363322000,63790.76,1783363322377
1783363323000,63790.76,1783363323449
1783363324000,63790.76,1783363324420
1783363325000,63790.76,1783363325445
1783363326000,63793.05,1783363326416
1783363327000,63793.05,1783363327323
1783363328000,63793.04,1783363328365
1783363329000,63793.05,1783363329334
1783363330000,63793.05,1783363330409
1783363331000,63793.05,1783363331471
1783363332000,63793.05,1783363332351
1783363333000,63793.05,1783363333380
1783363334000,63793.05,1783363334507
1783363335000,63801.99,1783363335378
1783363336000,63801.99,1783363336493
1783363337000,63802,1783363337682
1783363338000,63802,1783363338375
1783363339000,63801.99,1783363339341
1783363340000,63802,1783363340446
1783363341000,63801.99,1783363341470
1783363342000,63802,1783363342392
1783363343000,63801.99,1783363343377
1783363344000,63801.99,1783363344441
1783363345000,63801.99,1783363345569
1783363346000,63802,1783363346543
1783363347000,63802,1783363347513
1783363348000,63802,1783363348478
1783363349000,63802,1783363349560
1783363350000,63802,1783363350379
1783363351000,63801.99,1783363351301
1783363352000,63801.99,1783363352308
1783363353000,63802,1783363353318
1783363354000,63802,1783363354363
1783363355000,63801.99,1783363355683
1783363356000,63802,1783363356534
1783363357000,63802,1783363357647
1783363358000,63802,1783363358630
1783363359000,63802,1783363359545
1783363360000,63801.99,1783363360516
1783363361000,63801.99,1783363361467
1783363362000,63801.99,1783363362416
1783363363000,63801.99,1783363363473
1783363364000,63801.99,1783363364511
1783363365000,63801.99,1783363365486
1783363366000,63801.99,1783363366559
1783363367000,63801.99,1783363367434
1783363368000,63801.99,1783363368608
1783363369000,63802,1783363369415
1783363370000,63802,1783363370552
1783363371000,63802,1783363371518
1783363372000,63802,1783363372463
1783363373000,63801.99,1783363373624
1783363374000,63801.99,1783363374648
1783363375000,63801.99,1783363375672
1783363376000,63801.99,1783363376535
1783363377000,63802.01,1783363377468
1783363378000,63805.76,1783363378452
1783363379000,63805.76,1783363379467
1783363380000,63805.76,1783363380434
1783363381000,63805.76,1783363381566
1783363382000,63805.76,1783363382551
1783363383000,63805.77,1783363383559
1783363384000,63805.77,1783363384507
1783363385000,63805.77,1783363385503
1783363386000,63805.76,1783363386500
1783363387000,63808,1783363387526
1783363388000,63808,1783363388584
1783363389000,63808,1783363389587
1783363390000,63808.01,1783363390520
1783363391000,63808.01,1783363391442
1783363392000,63808,1783363392481
1783363393000,63808.01,1783363393530
1783363394000,63808.01,1783363394616
1783363395000,63808.01,1783363395476
1783363396000,63808.01,1783363396488
1783363397000,63808.01,1783363397588
1783363398000,63808.01,1783363398290
1783363399000,63808.01,1783363399305
1783363400000,63808.01,1783363400542
1783363401000,63808.01,1783363401475
1783363402000,63808.01,1783363402657
1783363403000,63808.01,1783363403527
1783363404000,63808,1783363404652
1783363405000,63808,1783363405522
1783363406000,63808,1783363406448
1783363407000,63808,1783363407479
1783363408000,63808,1783363408475
1783363409000,63808,1783363409568
1783363410000,63808.01,1783363410502
1783363411000,63808.01,1783363411425
1783363412000,63808.01,1783363412436
1783363413000,63808.01,1783363413561
1783363414000,63808.01,1783363414516
1783363415000,63808,1783363415560
1783363416000,63802,1783363416483
1783363417000,63801.99,1783363417481
1783363418000,63802,1783363418522
1783363419000,63802,1783363419463
1783363420000,63801.99,1783363420594
1783363421000,63801.99,1783363421606
1783363422000,63798,1783363422475
1783363423000,63798,1783363423444
1783363424000,63798,1783363424518
1783363425000,63798.01,1783363425495
1783363426000,63798.01,1783363426666
1783363427000,63798.01,1783363427692
1783363428000,63798.01,1783363428566
1783363429000,63798.01,1783363429536
1783363430000,63798,1783363430661
1783363431000,63798,1783363431583
1783363432000,63798,1783363432446
1783363433000,63798.01,1783363433342
1783363434000,63798.01,1783363434453
1783363435000,63798,1783363435632
1783363436000,63798.01,1783363436430
1783363437000,63798.01,1783363437523
1783363438000,63801.99,1783363438443
1783363439000,63802,1783363439568
1783363440000,63801.99,1783363440493
1783363441000,63801.99,1783363441621
1783363442000,63801.99,1783363442438
1783363443000,63801.99,1783363443452
1783363444000,63801.99,1783363444607
1783363445000,63802,1783363445463
1783363446000,63801.99,1783363446534
1783363447000,63801.99,1783363447506
1783363448000,63801.99,1783363448480
1783363449000,63800.14,1783363449606
1783363450000,63800.14,1783363450437
1783363451000,63800.13,1783363451501
1783363452000,63800.13,1783363452576
1783363453000,63800.13,1783363453376
1783363454000,63794,1783363454474
1783363455000,63794.01,1783363455472
1783363456000,63794.01,1783363456624
1783363457000,63793.07,1783363457491
1783363458000,63793.07,1783363458536
1783363459000,63793.07,1783363459430
1783363460000,63793.07,1783363460680
1783363461000,63793.06,1783363461591
1783363462000,63793.06,1783363462509
1783363463000,63793.07,1783363463659
1783363464000,63788,1783363464483
1783363465000,63788,1783363465582
1783363466000,63788,1783363466605
1783363467000,63788.01,1783363467459
1783363468000,63788.01,1783363468459
1783363469000,63787.01,1783363469574
1783363470000,63787.02,1783363470478
1783363471000,63787.02,1783363471520
1783363472000,63787.01,1783363472441
1783363473000,63787.02,1783363473465
1783363474000,63787.01,1783363474575
1783363475000,63787.01,1783363475394
1783363476000,63787.02,1783363476490
1783363477000,63787.02,1783363477429
1783363478000,63787.01,1783363478480
1783363479000,63784,1783363479444
1783363480000,63784,1783363480533
1783363481000,63784.01,1783363481452
1783363482000,63783.53,1783363482531
1783363483000,63783.52,1783363483553
1783363484000,63783.53,1783363484552
1783363485000,63783.53,1783363485446
1783363486000,63783.52,1783363486572
1783363487000,63783.52,1783363487597
1783363488000,63783.52,1783363488425
1783363489000,63783.52,1783363489398
1783363490000,63783.52,1783363490463
1783363491000,63783.52,1783363491488
1783363492000,63779.54,1783363492426
1783363493000,63804.55,1783363493433
1783363494000,63804.54,1783363494398
1783363495000,63804.54,1783363495579
1783363496000,63804.54,1783363496401
1783363497000,63804.54,1783363497427
1783363498000,63804.54,1783363498454
1783363499000,63804.54,1783363499530
1783363500000,63801.35,1783363500452
1783363501000,63792.01,1783363501523
1783363502000,63792.01,1783363502649
1783363503000,63792,1783363503776
1783363504000,63788.2,1783363504820
1783363505000,63781.09,1783363505466
1783363506000,63780.23,1783363506442
1783363507000,63780.23,1783363507368
1783363508000,63780.22,1783363508414
1783363509000,63780.22,1783363509408
1783363510000,63780.22,1783363510537
1783363511000,63780.23,1783363511373
1783363512000,63780.23,1783363512380
1783363513000,63780.23,1783363513504
1783363514000,63780.22,1783363514529
1783363515000,63780.22,1783363515542
1783363516000,63780.22,1783363516576
1783363517000,63780.23,1783363517391
1783363518000,63780.22,1783363518403
1783363519000,63780.23,1783363519434
1783363520000,63780.22,1783363520472
1783363521000,63780.23,1783363521385
1783363522000,63774.49,1783363522413
1783363523000,63774.49,1783363523529
1783363524000,63774.49,1783363524411
1783363525000,63774.49,1783363525485
1783363526000,63774.48,1783363526569
1783363527000,63774.49,1783363527328
1783363528000,63774.48,1783363528455
1783363529000,63774.49,1783363529478
1783363530000,63774.49,1783363530554
1783363531000,63774.48,1783363531438
1783363532000,63774.49,1783363532449
1783363533000,63774.48,1783363533367
1783363534000,63774.49,1783363534427
1783363535000,63774.49,1783363535443
1783363536000,63774.49,1783363536494
1783363537000,63774.49,1783363537412
1783363538000,63774.48,1783363538490
1783363539000,63774.48,1783363539374
1783363540000,63774.49,1783363540414
1783363541000,63774.49,1783363541466
1783363542000,63774.48,1783363542375
1783363543000,63774.49,1783363543513
1783363544000,63777.67,1783363544371
1783363545000,63777.68,1783363545395
1783363546000,63777.68,1783363546444
1783363547000,63778,1783363547605
1783363548000,63780,1783363548833
1783363549000,63779.99,1783363549447
1783363550000,63780,1783363550366
1783363551000,63779.99,1783363551514
1783363552000,63779.99,1783363552374
1783363553000,63780,1783363553397
1783363554000,63779.99,1783363554372
1783363555000,63779.99,1783363555437
1783363556000,63779.99,1783363556459
1783363557000,63791.85,1783363557391
1783363558000,63791.86,1783363558407
1783363559000,63791.86,1783363559416
1783363560000,63791.85,1783363560408
1783363561000,63791.85,1783363561453
1783363562000,63791.86,1783363562432
1783363563000,63791.86,1783363563416
1783363564000,63791.86,1783363564398
1783363565000,63791.86,1783363565392
1783363566000,63791.85,1783363566550
