[2m2026-07-05T10:34:08.249615Z[0m [32m INFO[0m [2mpm_bot[0m[2m:[0m pm-bot démarre (PAPER mode) — archives: /home/user/rustfactor/polymarket-btc5m-bot/data_v2/camp_20260705T103408
[2m2026-07-05T10:34:08.255620Z[0m [32m INFO[0m [2mpm_bot[0m[2m:[0m aucun fichier de config (./config.toml) — défauts calibrés
[2m2026-07-05T10:34:08.255714Z[0m [32m INFO[0m [2mpm_bot[0m[2m:[0m [config] [taker]
[2m2026-07-05T10:34:08.255721Z[0m [32m INFO[0m [2mpm_bot[0m[2m:[0m [config] min_edge = 0.06
[2m2026-07-05T10:34:08.255722Z[0m [32m INFO[0m [2mpm_bot[0m[2m:[0m [config] min_abs_z = 2.5
[2m2026-07-05T10:34:08.255723Z[0m [32m INFO[0m [2mpm_bot[0m[2m:[0m [config] min_strike_confidence = 0.8
[2m2026-07-05T10:34:08.255725Z[0m [32m INFO[0m [2mpm_bot[0m[2m:[0m [config] max_spot_age_ms = 3000
[2m2026-07-05T10:34:08.255726Z[0m [32m INFO[0m [2mpm_bot[0m[2m:[0m [config] min_elapsed_s = 10.0
[2m2026-07-05T10:34:08.255727Z[0m [32m INFO[0m [2mpm_bot[0m[2m:[0m [config] min_tau_s = 3.0
[2m2026-07-05T10:34:08.255728Z[0m [32m INFO[0m [2mpm_bot[0m[2m:[0m [config] cost_buffer = 0.01
[2m2026-07-05T10:34:08.255730Z[0m [32m INFO[0m [2mpm_bot[0m[2m:[0m [config] kelly_fraction = 0.25
[2m2026-07-05T10:34:08.255731Z[0m [32m INFO[0m [2mpm_bot[0m[2m:[0m [config] bankroll = 1000.0
[2m2026-07-05T10:34:08.255732Z[0m [32m INFO[0m [2mpm_bot[0m[2m:[0m [config] max_notional = 250.0
[2m2026-07-05T10:34:08.255733Z[0m [32m INFO[0m [2mpm_bot[0m[2m:[0m [config] max_slippage = 0.02
[2m2026-07-05T10:34:08.255734Z[0m [32m INFO[0m [2mpm_bot[0m[2m:[0m [config] max_entry_price = 0.75
[2m2026-07-05T10:34:08.255736Z[0m [32m INFO[0m [2mpm_bot[0m[2m:[0m [config] 
[2m2026-07-05T10:34:08.255737Z[0m [32m INFO[0m [2mpm_bot[0m[2m:[0m [config] [maker]
[2m2026-07-05T10:34:08.255738Z[0m [32m INFO[0m [2mpm_bot[0m[2m:[0m [config] min_quote_price = 0.15
[2m2026-07-05T10:34:08.255739Z[0m [32m INFO[0m [2mpm_bot[0m[2m:[0m [config] max_quote_price = 0.85
[2m2026-07-05T10:34:08.255740Z[0m [32m INFO[0m [2mpm_bot[0m[2m:[0m [config] edge_margin = 0.03
[2m2026-07-05T10:34:08.255741Z[0m [32m INFO[0m [2mpm_bot[0m[2m:[0m [config] take_profit = 0.08
[2m2026-07-05T10:34:08.255742Z[0m [32m INFO[0m [2mpm_bot[0m[2m:[0m [config] stop_loss = 0.1
[2m2026-07-05T10:34:08.255744Z[0m [32m INFO[0m [2mpm_bot[0m[2m:[0m [config] quote_size = 50.0
[2m2026-07-05T10:34:08.255745Z[0m [32m INFO[0m [2mpm_bot[0m[2m:[0m [config] max_inventory = 150.0
[2m2026-07-05T10:34:08.255746Z[0m [32m INFO[0m [2mpm_bot[0m[2m:[0m [config] min_tau_open_s = 60.0
[2m2026-07-05T10:34:08.255747Z[0m [32m INFO[0m [2mpm_bot[0m[2m:[0m [config] min_tau_flat_s = 25.0
[2m2026-07-05T10:34:08.255748Z[0m [32m INFO[0m [2mpm_bot[0m[2m:[0m [config] max_abs_z_quote = 2.5
[2m2026-07-05T10:34:08.255749Z[0m [32m INFO[0m [2mpm_bot[0m[2m:[0m [config] sigma_panic_per_sqrt_s = 0.0005
[2m2026-07-05T10:34:08.255751Z[0m [32m INFO[0m [2mpm_bot[0m[2m:[0m [config] min_strike_confidence = 0.8
[2m2026-07-05T10:34:08.255752Z[0m [32m INFO[0m [2mpm_bot[0m[2m:[0m [config] max_spot_age_ms = 3000
[2m2026-07-05T10:34:08.255756Z[0m [32m INFO[0m [2mpm_bot[0m[2m:[0m [config] 
[2m2026-07-05T10:34:08.255758Z[0m [32m INFO[0m [2mpm_bot[0m[2m:[0m [config] [modele]
[2m2026-07-05T10:34:08.255759Z[0m [32m INFO[0m [2mpm_bot[0m[2m:[0m [config] sigma_floor_per_sqrt_s = 0.00005
[2m2026-07-05T10:34:08.255761Z[0m [32m INFO[0m [2mpm_bot[0m[2m:[0m [config] tau_floor_s = 1.0
[2m2026-07-05T10:34:08.255762Z[0m [32m INFO[0m [2mpm_bot[0m[2m:[0m [config] drift_snr_min = 0.25
[2m2026-07-05T10:34:08.255763Z[0m [32m INFO[0m [2mpm_bot[0m[2m:[0m [config] max_drift_z = 2.0
[2m2026-07-05T10:34:08.255764Z[0m [32m INFO[0m [2mpm_bot[0m[2m:[0m [config] 
[2m2026-07-05T10:34:08.255765Z[0m [32m INFO[0m [2mpm_bot[0m[2m:[0m [config] [volatilite]
[2m2026-07-05T10:34:08.255766Z[0m [32m INFO[0m [2mpm_bot[0m[2m:[0m [config] ewma_half_life_s = 60.0
[2m2026-07-05T10:34:08.255776Z[0m [32m INFO[0m [2mpm_bot[0m[2m:[0m [config] retention_s = 1800
[2m2026-07-05T10:34:08.255777Z[0m [32m INFO[0m [2mpm_bot[0m[2m:[0m [config] min_dt_ms = 10
[2m2026-07-05T10:34:08.255778Z[0m [32m INFO[0m [2mpm_bot[0m[2m:[0m [config] 
[2m2026-07-05T10:34:08.255779Z[0m [32m INFO[0m [2mpm_bot[0m[2m:[0m [config] [moteur]
[2m2026-07-05T10:34:08.255781Z[0m [32m INFO[0m [2mpm_bot[0m[2m:[0m [config] decision_step_ms = 250
[2m2026-07-05T10:34:08.255782Z[0m [32m INFO[0m [2mpm_bot[0m[2m:[0m [config] watchdog_stale_ms = 6000
[2m2026-07-05T10:34:08.255788Z[0m [32m INFO[0m [2mpm_bot[0m[2m:[0m [config] clob_grace_s = 180
[2m2026-07-05T10:34:08.255790Z[0m [32m INFO[0m [2mpm_bot[0m[2m:[0m [config] gamma_lookahead = 5
[2m2026-07-05T10:34:08.255791Z[0m [32m INFO[0m [2mpm_bot[0m[2m:[0m [config] retention_ticks_s = 2400
[2m2026-07-05T10:34:08.256240Z[0m [33m WARN[0m [2mpm_acquisition::rtds[0m[2m:[0m RTDS erreur: connexion au proxy 127.0.0.1:45417: Connection refused (os error 111)
[2m2026-07-05T10:34:08.257400Z[0m [33m WARN[0m [2mpm_bot[0m[2m:[0m découverte gamma: requête Gamma: error sending request for url (https://gamma-api.polymarket.com/events?slug=btc-updown-5m-1783247400): client error (Connect): tunnel error: failed to create underlying connection: tcp connect error: Connection refused (os error 111)
[2m2026-07-05T10:34:09.256691Z[0m [33m WARN[0m [2mpm_acquisition::rtds[0m[2m:[0m RTDS erreur: connexion au proxy 127.0.0.1:45417: Connection refused (os error 111)
[2m2026-07-05T10:34:11.258258Z[0m [33m WARN[0m [2mpm_acquisition::rtds[0m[2m:[0m RTDS erreur: connexion au proxy 127.0.0.1:45417: Connection refused (os error 111)
[2m2026-07-05T10:34:13.258780Z[0m [33m WARN[0m [2mpm_bot[0m[2m:[0m découverte gamma: requête Gamma: error sending request for url (https://gamma-api.polymarket.com/events?slug=btc-updown-5m-1783247400): client error (Connect): tunnel error: failed to create underlying connection: tcp connect error: Connection refused (os error 111)
[2m2026-07-05T10:34:15.259161Z[0m [33m WARN[0m [2mpm_acquisition::rtds[0m[2m:[0m RTDS erreur: connexion au proxy 127.0.0.1:45417: Connection refused (os error 111)
[2m2026-07-05T10:34:18.260038Z[0m [33m WARN[0m [2mpm_bot[0m[2m:[0m découverte gamma: requête Gamma: error sending request for url (https://gamma-api.polymarket.com/events?slug=btc-updown-5m-1783247400): client error (Connect): tunnel error: failed to create underlying connection: tcp connect error: Connection refused (os error 111)
[2m2026-07-05T10:34:23.259635Z[0m [33m WARN[0m [2mpm_acquisition::rtds[0m[2m:[0m RTDS erreur: connexion au proxy 127.0.0.1:45417: Connection refused (os error 111)
[2m2026-07-05T10:34:23.260954Z[0m [33m WARN[0m [2mpm_bot[0m[2m:[0m découverte gamma: requête Gamma: error sending request for url (https://gamma-api.polymarket.com/events?slug=btc-updown-5m-1783247400): client error (Connect): tunnel error: failed to create underlying connection: tcp connect error: Connection refused (os error 111)
[2m2026-07-05T10:34:28.262113Z[0m [33m WARN[0m [2mpm_bot[0m[2m:[0m découverte gamma: requête Gamma: error sending request for url (https://gamma-api.polymarket.com/events?slug=btc-updown-5m-1783247400): client error (Connect): tunnel error: failed to create underlying connection: tcp connect error: Connection refused (os error 111)
[2m2026-07-05T10:34:33.263550Z[0m [33m WARN[0m [2mpm_bot[0m[2m:[0m découverte gamma: requête Gamma: error sending request for url (https://gamma-api.polymarket.com/events?slug=btc-updown-5m-1783247400): client error (Connect): tunnel error: failed to create underlying connection: tcp connect error: Connection refused (os error 111)
[2m2026-07-05T10:34:38.261320Z[0m [33m WARN[0m [2mpm_acquisition::rtds[0m[2m:[0m RTDS erreur: connexion au proxy 127.0.0.1:45417: Connection refused (os error 111)
[2m2026-07-05T10:34:38.265656Z[0m [33m WARN[0m [2mpm_bot[0m[2m:[0m découverte gamma: requête Gamma: error sending request for url (https://gamma-api.polymarket.com/events?slug=btc-updown-5m-1783247400): client error (Connect): tunnel error: failed to create underlying connection: tcp connect error: Connection refused (os error 111)
[2m2026-07-05T10:34:43.267270Z[0m [33m WARN[0m [2mpm_bot[0m[2m:[0m découverte gamma: requête Gamma: error sending request for url (https://gamma-api.polymarket.com/events?slug=btc-updown-5m-1783247400): client error (Connect): tunnel error: failed to create underlying connection: tcp connect error: Connection refused (os error 111)
[2m2026-07-05T10:34:48.267776Z[0m [33m WARN[0m [2mpm_bot[0m[2m:[0m découverte gamma: requête Gamma: error sending request for url (https://gamma-api.polymarket.com/events?slug=btc-updown-5m-1783247400): client error (Connect): tunnel error: failed to create underlying connection: tcp connect error: Connection refused (os error 111)
[2m2026-07-05T10:34:53.262163Z[0m [33m WARN[0m [2mpm_acquisition::rtds[0m[2m:[0m RTDS erreur: connexion au proxy 127.0.0.1:45417: Connection refused (os error 111)
[2m2026-07-05T10:34:53.269413Z[0m [33m WARN[0m [2mpm_bot[0m[2m:[0m découverte gamma: requête Gamma: error sending request for url (https://gamma-api.polymarket.com/events?slug=btc-updown-5m-1783247400): client error (Connect): tunnel error: failed to create underlying connection: tcp connect error: Connection refused (os error 111)
[2m2026-07-05T10:34:58.271348Z[0m [33m WARN[0m [2mpm_bot[0m[2m:[0m découverte gamma: requête Gamma: error sending request for url (https://gamma-api.polymarket.com/events?slug=btc-updown-5m-1783247400): client error (Connect): tunnel error: failed to create underlying connection: tcp connect error: Connection refused (os error 111)
[2m2026-07-05T10:35:03.272465Z[0m [33m WARN[0m [2mpm_bot[0m[2m:[0m découverte gamma: requête Gamma: error sending request for url (https://gamma-api.polymarket.com/events?slug=btc-updown-5m-1783247700): client error (Connect): tunnel error: failed to create underlying connection: tcp connect error: Connection refused (os error 111)
[2m2026-07-05T10:35:08.262905Z[0m [33m WARN[0m [2mpm_acquisition::rtds[0m[2m:[0m RTDS erreur: connexion au proxy 127.0.0.1:45417: Connection refused (os error 111)
[2m2026-07-05T10:35:08.274170Z[0m [33m WARN[0m [2mpm_bot[0m[2m:[0m découverte gamma: requête Gamma: error sending request for url (https://gamma-api.polymarket.com/events?slug=btc-updown-5m-1783247700): client error (Connect): tunnel error: failed to create underlying connection: tcp connect error: Connection refused (os error 111)
[2m2026-07-05T10:35:13.274652Z[0m [33m WARN[0m [2mpm_bot[0m[2m:[0m découverte gamma: requête Gamma: error sending request for url (https://gamma-api.polymarket.com/events?slug=btc-updown-5m-1783247700): client error (Connect): tunnel error: failed to create underlying connection: tcp connect error: Connection refused (os error 111)
[2m2026-07-05T10:35:18.276510Z[0m [33m WARN[0m [2mpm_bot[0m[2m:[0m découverte gamma: requête Gamma: error sending request for url (https://gamma-api.polymarket.com/events?slug=btc-updown-5m-1783247700): client error (Connect): tunnel error: failed to create underlying connection: tcp connect error: Connection refused (os error 111)
[2m2026-07-05T10:35:23.263890Z[0m [33m WARN[0m [2mpm_acquisition::rtds[0m[2m:[0m RTDS erreur: connexion au proxy 127.0.0.1:45417: Connection refused (os error 111)
[2m2026-07-05T10:35:23.278172Z[0m [33m WARN[0m [2mpm_bot[0m[2m:[0m découverte gamma: requête Gamma: error sending request for url (https://gamma-api.polymarket.com/events?slug=btc-updown-5m-1783247700): client error (Connect): tunnel error: failed to create underlying connection: tcp connect error: Connection refused (os error 111)
[2m2026-07-05T10:35:28.279547Z[0m [33m WARN[0m [2mpm_bot[0m[2m:[0m découverte gamma: requête Gamma: error sending request for url (https://gamma-api.polymarket.com/events?slug=btc-updown-5m-1783247700): client error (Connect): tunnel error: failed to create underlying connection: tcp connect error: Connection refused (os error 111)
[2m2026-07-05T10:35:33.281039Z[0m [33m WARN[0m [2mpm_bot[0m[2m:[0m découverte gamma: requête Gamma: error sending request for url (https://gamma-api.polymarket.com/events?slug=btc-updown-5m-1783247700): client error (Connect): tunnel error: failed to create underlying connection: tcp connect error: Connection refused (os error 111)
[2m2026-07-05T10:35:38.264639Z[0m [33m WARN[0m [2mpm_acquisition::rtds[0m[2m:[0m RTDS erreur: connexion au proxy 127.0.0.1:45417: Connection refused (os error 111)
[2m2026-07-05T10:35:38.282001Z[0m [33m WARN[0m [2mpm_bot[0m[2m:[0m découverte gamma: requête Gamma: error sending request for url (https://gamma-api.polymarket.com/events?slug=btc-updown-5m-1783247700): client error (Connect): tunnel error: failed to create underlying connection: tcp connect error: Connection refused (os error 111)
[2m2026-07-05T10:35:43.283022Z[0m [33m WARN[0m [2mpm_bot[0m[2m:[0m découverte gamma: requête Gamma: error sending request for url (https://gamma-api.polymarket.com/events?slug=btc-updown-5m-1783247700): client error (Connect): tunnel error: failed to create underlying connection: tcp connect error: Connection refused (os error 111)
[2m2026-07-05T10:35:48.283712Z[0m [33m WARN[0m [2mpm_bot[0m[2m:[0m découverte gamma: requête Gamma: error sending request for url (https://gamma-api.polymarket.com/events?slug=btc-updown-5m-1783247700): client error (Connect): tunnel error: failed to create underlying connection: tcp connect error: Connection refused (os error 111)
[2m2026-07-05T10:35:53.266395Z[0m [33m WARN[0m [2mpm_acquisition::rtds[0m[2m:[0m RTDS erreur: connexion au proxy 127.0.0.1:45417: Connection refused (os error 111)
[2m2026-07-05T10:35:53.284759Z[0m [33m WARN[0m [2mpm_bot[0m[2m:[0m découverte gamma: requête Gamma: error sending request for url (https://gamma-api.polymarket.com/events?slug=btc-updown-5m-1783247700): client error (Connect): tunnel error: failed to create underlying connection: tcp connect error: Connection refused (os error 111)
[2m2026-07-05T10:35:58.286231Z[0m [33m WARN[0m [2mpm_bot[0m[2m:[0m découverte gamma: requête Gamma: error sending request for url (https://gamma-api.polymarket.com/events?slug=btc-updown-5m-1783247700): client error (Connect): tunnel error: failed to create underlying connection: tcp connect error: Connection refused (os error 111)
[2m2026-07-05T10:36:03.286726Z[0m [33m WARN[0m [2mpm_bot[0m[2m:[0m découverte gamma: requête Gamma: error sending request for url (https://gamma-api.polymarket.com/events?slug=btc-updown-5m-1783247700): client error (Connect): tunnel error: failed to create underlying connection: tcp connect error: Connection refused (os error 111)
[2m2026-07-05T10:36:08.267877Z[0m [33m WARN[0m [2mpm_acquisition::rtds[0m[2m:[0m RTDS erreur: connexion au proxy 127.0.0.1:45417: Connection refused (os error 111)
[2m2026-07-05T10:36:08.288163Z[0m [33m WARN[0m [2mpm_bot[0m[2m:[0m découverte gamma: requête Gamma: error sending request for url (https://gamma-api.polymarket.com/events?slug=btc-updown-5m-1783247700): client error (Connect): tunnel error: failed to create underlying connection: tcp connect error: Connection refused (os error 111)
[2m2026-07-05T10:36:13.289621Z[0m [33m WARN[0m [2mpm_bot[0m[2m:[0m découverte gamma: requête Gamma: error sending request for url (https://gamma-api.polymarket.com/events?slug=btc-updown-5m-1783247700): client error (Connect): tunnel error: failed to create underlying connection: tcp connect error: Connection refused (os error 111)
[2m2026-07-05T10:36:18.291260Z[0m [33m WARN[0m [2mpm_bot[0m[2m:[0m découverte gamma: requête Gamma: error sending request for url (https://gamma-api.polymarket.com/events?slug=btc-updown-5m-1783247700): client error (Connect): tunnel error: failed to create underlying connection: tcp connect error: Connection refused (os error 111)
[2m2026-07-05T10:36:23.269023Z[0m [33m WARN[0m [2mpm_acquisition::rtds[0m[2m:[0m RTDS erreur: connexion au proxy 127.0.0.1:45417: Connection refused (os error 111)
[2m2026-07-05T10:36:23.292415Z[0m [33m WARN[0m [2mpm_bot[0m[2m:[0m découverte gamma: requête Gamma: error sending request for url (https://gamma-api.polymarket.com/events?slug=btc-updown-5m-1783247700): client error (Connect): tunnel error: failed to create underlying connection: tcp connect error: Connection refused (os error 111)
[2m2026-07-05T10:36:28.294408Z[0m [33m WARN[0m [2mpm_bot[0m[2m:[0m découverte gamma: requête Gamma: error sending request for url (https://gamma-api.polymarket.com/events?slug=btc-updown-5m-1783247700): client error (Connect): tunnel error: failed to create underlying connection: tcp connect error: Connection refused (os error 111)
[2m2026-07-05T10:36:33.296006Z[0m [33m WARN[0m [2mpm_bot[0m[2m:[0m découverte gamma: requête Gamma: error sending request for url (https://gamma-api.polymarket.com/events?slug=btc-updown-5m-1783247700): client error (Connect): tunnel error: failed to create underlying connection: tcp connect error: Connection refused (os error 111)
[2m2026-07-05T10:36:38.269684Z[0m [33m WARN[0m [2mpm_acquisition::rtds[0m[2m:[0m RTDS erreur: connexion au proxy 127.0.0.1:45417: Connection refused (os error 111)
[2m2026-07-05T10:36:38.297027Z[0m [33m WARN[0m [2mpm_bot[0m[2m:[0m découverte gamma: requête Gamma: error sending request for url (https://gamma-api.polymarket.com/events?slug=btc-updown-5m-1783247700): client error (Connect): tunnel error: failed to create underlying connection: tcp connect error: Connection refused (os error 111)
[2m2026-07-05T10:36:43.298223Z[0m [33m WARN[0m [2mpm_bot[0m[2m:[0m découverte gamma: requête Gamma: error sending request for url (https://gamma-api.polymarket.com/events?slug=btc-updown-5m-1783247700): client error (Connect): tunnel error: failed to create underlying connection: tcp connect error: Connection refused (os error 111)
[2m2026-07-05T10:36:48.299554Z[0m [33m WARN[0m [2mpm_bot[0m[2m:[0m découverte gamma: requête Gamma: error sending request for url (https://gamma-api.polymarket.com/events?slug=btc-updown-5m-1783247700): client error (Connect): tunnel error: failed to create underlying connection: tcp connect error: Connection refused (os error 111)
[2m2026-07-05T10:36:53.271544Z[0m [33m WARN[0m [2mpm_acquisition::rtds[0m[2m:[0m RTDS erreur: connexion au proxy 127.0.0.1:45417: Connection refused (os error 111)
[2m2026-07-05T10:36:53.300839Z[0m [33m WARN[0m [2mpm_bot[0m[2m:[0m découverte gamma: requête Gamma: error sending request for url (https://gamma-api.polymarket.com/events?slug=btc-updown-5m-1783247700): client error (Connect): tunnel error: failed to create underlying connection: tcp connect error: Connection refused (os error 111)
[2m2026-07-05T10:36:58.302250Z[0m [33m WARN[0m [2mpm_bot[0m[2m:[0m découverte gamma: requête Gamma: error sending request for url (https://gamma-api.polymarket.com/events?slug=btc-updown-5m-1783247700): client error (Connect): tunnel error: failed to create underlying connection: tcp connect error: Connection refused (os error 111)
[2m2026-07-05T10:37:03.303641Z[0m [33m WARN[0m [2mpm_bot[0m[2m:[0m découverte gamma: requête Gamma: error sending request for url (https://gamma-api.polymarket.com/events?slug=btc-updown-5m-1783247700): client error (Connect): tunnel error: failed to create underlying connection: tcp connect error: Connection refused (os error 111)
[2m2026-07-05T10:37:08.273046Z[0m [33m WARN[0m [2mpm_acquisition::rtds[0m[2m:[0m RTDS erreur: connexion au proxy 127.0.0.1:45417: Connection refused (os error 111)
[2m2026-07-05T10:37:08.305430Z[0m [33m WARN[0m [2mpm_bot[0m[2m:[0m découverte gamma: requête Gamma: error sending request for url (https://gamma-api.polymarket.com/events?slug=btc-updown-5m-1783247700): client error (Connect): tunnel error: failed to create underlying connection: tcp connect error: Connection refused (os error 111)
[2m2026-07-05T10:37:13.306910Z[0m [33m WARN[0m [2mpm_bot[0m[2m:[0m découverte gamma: requête Gamma: error sending request for url (https://gamma-api.polymarket.com/events?slug=btc-updown-5m-1783247700): client error (Connect): tunnel error: failed to create underlying connection: tcp connect error: Connection refused (os error 111)
[2m2026-07-05T10:37:18.308344Z[0m [33m WARN[0m [2mpm_bot[0m[2m:[0m découverte gamma: requête Gamma: error sending request for url (https://gamma-api.polymarket.com/events?slug=btc-updown-5m-1783247700): client error (Connect): tunnel error: failed to create underlying connection: tcp connect error: Connection refused (os error 111)
[2m2026-07-05T10:37:23.274135Z[0m [33m WARN[0m [2mpm_acquisition::rtds[0m[2m:[0m RTDS erreur: connexion au proxy 127.0.0.1:45417: Connection refused (os error 111)
[2m2026-07-05T10:37:23.309453Z[0m [33m WARN[0m [2mpm_bot[0m[2m:[0m découverte gamma: requête Gamma: error sending request for url (https://gamma-api.polymarket.com/events?slug=btc-updown-5m-1783247700): client error (Connect): tunnel error: failed to create underlying connection: tcp connect error: Connection refused (os error 111)
[2m2026-07-05T10:37:28.311537Z[0m [33m WARN[0m [2mpm_bot[0m[2m:[0m découverte gamma: requête Gamma: error sending request for url (https://gamma-api.polymarket.com/events?slug=btc-updown-5m-1783247700): client error (Connect): tunnel error: failed to create underlying connection: tcp connect error: Connection refused (os error 111)
[2m2026-07-05T10:37:33.313610Z[0m [33m WARN[0m [2mpm_bot[0m[2m:[0m découverte gamma: requête Gamma: error sending request for url (https://gamma-api.polymarket.com/events?slug=btc-updown-5m-1783247700): client error (Connect): tunnel error: failed to create underlying connection: tcp connect error: Connection refused (os error 111)
[2m2026-07-05T10:37:38.275279Z[0m [33m WARN[0m [2mpm_acquisition::rtds[0m[2m:[0m RTDS erreur: connexion au proxy 127.0.0.1:45417: Connection refused (os error 111)
[2m2026-07-05T10:37:38.314683Z[0m [33m WARN[0m [2mpm_bot[0m[2m:[0m découverte gamma: requête Gamma: error sending request for url (https://gamma-api.polymarket.com/events?slug=btc-updown-5m-1783247700): client error (Connect): tunnel error: failed to create underlying connection: tcp connect error: Connection refused (os error 111)
[2m2026-07-05T10:37:43.315912Z[0m [33m WARN[0m [2mpm_bot[0m[2m:[0m découverte gamma: requête Gamma: error sending request for url (https://gamma-api.polymarket.com/events?slug=btc-updown-5m-1783247700): client error (Connect): tunnel error: failed to create underlying connection: tcp connect error: Connection refused (os error 111)
[2m2026-07-05T10:37:48.317699Z[0m [33m WARN[0m [2mpm_bot[0m[2m:[0m découverte gamma: requête Gamma: error sending request for url (https://gamma-api.polymarket.com/events?slug=btc-updown-5m-1783247700): client error (Connect): tunnel error: failed to create underlying connection: tcp connect error: Connection refused (os error 111)
[2m2026-07-05T10:37:53.275738Z[0m [33m WARN[0m [2mpm_acquisition::rtds[0m[2m:[0m RTDS erreur: connexion au proxy 127.0.0.1:45417: Connection refused (os error 111)
[2m2026-07-05T10:37:53.319067Z[0m [33m WARN[0m [2mpm_bot[0m[2m:[0m découverte gamma: requête Gamma: error sending request for url (https://gamma-api.polymarket.com/events?slug=btc-updown-5m-1783247700): client error (Connect): tunnel error: failed to create underlying connection: tcp connect error: Connection refused (os error 111)
[2m2026-07-05T10:37:58.320201Z[0m [33m WARN[0m [2mpm_bot[0m[2m:[0m découverte gamma: requête Gamma: error sending request for url (https://gamma-api.polymarket.com/events?slug=btc-updown-5m-1783247700): client error (Connect): tunnel error: failed to create underlying connection: tcp connect error: Connection refused (os error 111)
[2m2026-07-05T10:38:03.320722Z[0m [33m WARN[0m [2mpm_bot[0m[2m:[0m découverte gamma: requête Gamma: error sending request for url (https://gamma-api.polymarket.com/events?slug=btc-updown-5m-1783247700): client error (Connect): tunnel error: failed to create underlying connection: tcp connect error: Connection refused (os error 111)
[2m2026-07-05T10:38:08.276702Z[0m [33m WARN[0m [2mpm_acquisition::rtds[0m[2m:[0m RTDS erreur: connexion au proxy 127.0.0.1:45417: Connection refused (os error 111)
[2m2026-07-05T10:38:08.322096Z[0m [33m WARN[0m [2mpm_bot[0m[2m:[0m découverte gamma: requête Gamma: error sending request for url (https://gamma-api.polymarket.com/events?slug=btc-updown-5m-1783247700): client error (Connect): tunnel error: failed to create underlying connection: tcp connect error: Connection refused (os error 111)
[2m2026-07-05T10:38:13.323352Z[0m [33m WARN[0m [2mpm_bot[0m[2m:[0m découverte gamma: requête Gamma: error sending request for url (https://gamma-api.polymarket.com/events?slug=btc-updown-5m-1783247700): client error (Connect): tunnel error: failed to create underlying connection: tcp connect error: Connection refused (os error 111)
[2m2026-07-05T10:38:18.324034Z[0m [33m WARN[0m [2mpm_bot[0m[2m:[0m découverte gamma: requête Gamma: error sending request for url (https://gamma-api.polymarket.com/events?slug=btc-updown-5m-1783247700): client error (Connect): tunnel error: failed to create underlying connection: tcp connect error: Connection refused (os error 111)
[2m2026-07-05T10:38:23.278333Z[0m [33m WARN[0m [2mpm_acquisition::rtds[0m[2m:[0m RTDS erreur: connexion au proxy 127.0.0.1:45417: Connection refused (os error 111)
[2m2026-07-05T10:38:23.324793Z[0m [33m WARN[0m [2mpm_bot[0m[2m:[0m découverte gamma: requête Gamma: error sending request for url (https://gamma-api.polymarket.com/events?slug=btc-updown-5m-1783247700): client error (Connect): tunnel error: failed to create underlying connection: tcp connect error: Connection refused (os error 111)
[2m2026-07-05T10:38:28.326313Z[0m [33m WARN[0m [2mpm_bot[0m[2m:[0m découverte gamma: requête Gamma: error sending request for url (https://gamma-api.polymarket.com/events?slug=btc-updown-5m-1783247700): client error (Connect): tunnel error: failed to create underlying connection: tcp connect error: Connection refused (os error 111)
[2m2026-07-05T10:38:33.327202Z[0m [33m WARN[0m [2mpm_bot[0m[2m:[0m découverte gamma: requête Gamma: error sending request for url (https://gamma-api.polymarket.com/events?slug=btc-updown-5m-1783247700): client error (Connect): tunnel error: failed to create underlying connection: tcp connect error: Connection refused (os error 111)
[2m2026-07-05T10:38:38.278958Z[0m [33m WARN[0m [2mpm_acquisition::rtds[0m[2m:[0m RTDS erreur: connexion au proxy 127.0.0.1:45417: Connection refused (os error 111)
[2m2026-07-05T10:38:38.328309Z[0m [33m WARN[0m [2mpm_bot[0m[2m:[0m découverte gamma: requête Gamma: error sending request for url (https://gamma-api.polymarket.com/events?slug=btc-updown-5m-1783247700): client error (Connect): tunnel error: failed to create underlying connection: tcp connect error: Connection refused (os error 111)
[2m2026-07-05T10:38:43.329446Z[0m [33m WARN[0m [2mpm_bot[0m[2m:[0m découverte gamma: requête Gamma: error sending request for url (https://gamma-api.polymarket.com/events?slug=btc-updown-5m-1783247700): client error (Connect): tunnel error: failed to create underlying connection: tcp connect error: Connection refused (os error 111)
[2m2026-07-05T10:38:48.330961Z[0m [33m WARN[0m [2mpm_bot[0m[2m:[0m découverte gamma: requête Gamma: error sending request for url (https://gamma-api.polymarket.com/events?slug=btc-updown-5m-1783247700): client error (Connect): tunnel error: failed to create underlying connection: tcp connect error: Connection refused (os error 111)
[2m2026-07-05T10:38:53.279720Z[0m [33m WARN[0m [2mpm_acquisition::rtds[0m[2m:[0m RTDS erreur: connexion au proxy 127.0.0.1:45417: Connection refused (os error 111)
[2m2026-07-05T10:38:53.332187Z[0m [33m WARN[0m [2mpm_bot[0m[2m:[0m découverte gamma: requête Gamma: error sending request for url (https://gamma-api.polymarket.com/events?slug=btc-updown-5m-1783247700): client error (Connect): tunnel error: failed to create underlying connection: tcp connect error: Connection refused (os error 111)
[2m2026-07-05T10:38:58.332936Z[0m [33m WARN[0m [2mpm_bot[0m[2m:[0m découverte gamma: requête Gamma: error sending request for url (https://gamma-api.polymarket.com/events?slug=btc-updown-5m-1783247700): client error (Connect): tunnel error: failed to create underlying connection: tcp connect error: Connection refused (os error 111)
[2m2026-07-05T10:39:03.334244Z[0m [33m WARN[0m [2mpm_bot[0m[2m:[0m découverte gamma: requête Gamma: error sending request for url (https://gamma-api.polymarket.com/events?slug=btc-updown-5m-1783247700): client error (Connect): tunnel error: failed to create underlying connection: tcp connect error: Connection refused (os error 111)
[2m2026-07-05T10:39:08.281249Z[0m [33m WARN[0m [2mpm_acquisition::rtds[0m[2m:[0m RTDS erreur: connexion au proxy 127.0.0.1:45417: Connection refused (os error 111)
[2m2026-07-05T10:39:08.335652Z[0m [33m WARN[0m [2mpm_bot[0m[2m:[0m découverte gamma: requête Gamma: error sending request for url (https://gamma-api.polymarket.com/events?slug=btc-updown-5m-1783247700): client error (Connect): tunnel error: failed to create underlying connection: tcp connect error: Connection refused (os error 111)
[2m2026-07-05T10:39:13.337428Z[0m [33m WARN[0m [2mpm_bot[0m[2m:[0m découverte gamma: requête Gamma: error sending request for url (https://gamma-api.polymarket.com/events?slug=btc-updown-5m-1783247700): client error (Connect): tunnel error: failed to create underlying connection: tcp connect error: Connection refused (os error 111)
[2m2026-07-05T10:39:18.339567Z[0m [33m WARN[0m [2mpm_bot[0m[2m:[0m découverte gamma: requête Gamma: error sending request for url (https://gamma-api.polymarket.com/events?slug=btc-updown-5m-1783247700): client error (Connect): tunnel error: failed to create underlying connection: tcp connect error: Connection refused (os error 111)
[2m2026-07-05T10:39:23.282024Z[0m [33m WARN[0m [2mpm_acquisition::rtds[0m[2m:[0m RTDS erreur: connexion au proxy 127.0.0.1:45417: Connection refused (os error 111)
[2m2026-07-05T10:39:23.341393Z[0m [33m WARN[0m [2mpm_bot[0m[2m:[0m découverte gamma: requête Gamma: error sending request for url (https://gamma-api.polymarket.com/events?slug=btc-updown-5m-1783247700): client error (Connect): tunnel error: failed to create underlying connection: tcp connect error: Connection refused (os error 111)
[2m2026-07-05T10:39:28.342800Z[0m [33m WARN[0m [2mpm_bot[0m[2m:[0m découverte gamma: requête Gamma: error sending request for url (https://gamma-api.polymarket.com/events?slug=btc-updown-5m-1783247700): client error (Connect): tunnel error: failed to create underlying connection: tcp connect error: Connection refused (os error 111)
[2m2026-07-05T10:39:33.344490Z[0m [33m WARN[0m [2mpm_bot[0m[2m:[0m découverte gamma: requête Gamma: error sending request for url (https://gamma-api.polymarket.com/events?slug=btc-updown-5m-1783247700): client error (Connect): tunnel error: failed to create underlying connection: tcp connect error: Connection refused (os error 111)
[2m2026-07-05T10:39:38.283169Z[0m [33m WARN[0m [2mpm_acquisition::rtds[0m[2m:[0m RTDS erreur: connexion au proxy 127.0.0.1:45417: Connection refused (os error 111)
[2m2026-07-05T10:39:38.346564Z[0m [33m WARN[0m [2mpm_bot[0m[2m:[0m découverte gamma: requête Gamma: error sending request for url (https://gamma-api.polymarket.com/events?slug=btc-updown-5m-1783247700): client error (Connect): tunnel error: failed to create underlying connection: tcp connect error: Connection refused (os error 111)
[2m2026-07-05T10:39:43.348677Z[0m [33m WARN[0m [2mpm_bot[0m[2m:[0m découverte gamma: requête Gamma: error sending request for url (https://gamma-api.polymarket.com/events?slug=btc-updown-5m-1783247700): client error (Connect): tunnel error: failed to create underlying connection: tcp connect error: Connection refused (os error 111)
[2m2026-07-05T10:39:48.349960Z[0m [33m WARN[0m [2mpm_bot[0m[2m:[0m découverte gamma: requête Gamma: error sending request for url (https://gamma-api.polymarket.com/events?slug=btc-updown-5m-1783247700): client error (Connect): tunnel error: failed to create underlying connection: tcp connect error: Connection refused (os error 111)
[2m2026-07-05T10:39:53.284563Z[0m [33m WARN[0m [2mpm_acquisition::rtds[0m[2m:[0m RTDS erreur: connexion au proxy 127.0.0.1:45417: Connection refused (os error 111)
[2m2026-07-05T10:39:53.351024Z[0m [33m WARN[0m [2mpm_bot[0m[2m:[0m découverte gamma: requête Gamma: error sending request for url (https://gamma-api.polymarket.com/events?slug=btc-updown-5m-1783247700): client error (Connect): tunnel error: failed to create underlying connection: tcp connect error: Connection refused (os error 111)
[2m2026-07-05T10:39:58.351770Z[0m [33m WARN[0m [2mpm_bot[0m[2m:[0m découverte gamma: requête Gamma: error sending request for url (https://gamma-api.polymarket.com/events?slug=btc-updown-5m-1783247700): client error (Connect): tunnel error: failed to create underlying connection: tcp connect error: Connection refused (os error 111)
[2m2026-07-05T10:40:03.353558Z[0m [33m WARN[0m [2mpm_bot[0m[2m:[0m découverte gamma: requête Gamma: error sending request for url (https://gamma-api.polymarket.com/events?slug=btc-updown-5m-1783248000): client error (Connect): tunnel error: failed to create underlying connection: tcp connect error: Connection refused (os error 111)
[2m2026-07-05T10:40:08.286070Z[0m [33m WARN[0m [2mpm_acquisition::rtds[0m[2m:[0m RTDS erreur: connexion au proxy 127.0.0.1:45417: Connection refused (os error 111)
[2m2026-07-05T10:40:08.355486Z[0m [33m WARN[0m [2mpm_bot[0m[2m:[0m découverte gamma: requête Gamma: error sending request for url (https://gamma-api.polymarket.com/events?slug=btc-updown-5m-1783248000): client error (Connect): tunnel error: failed to create underlying connection: tcp connect error: Connection refused (os error 111)
[2m2026-07-05T10:40:13.357162Z[0m [33m WARN[0m [2mpm_bot[0m[2m:[0m découverte gamma: requête Gamma: error sending request for url (https://gamma-api.polymarket.com/events?slug=btc-updown-5m-1783248000): client error (Connect): tunnel error: failed to create underlying connection: tcp connect error: Connection refused (os error 111)
[2m2026-07-05T10:40:18.357871Z[0m [33m WARN[0m [2mpm_bot[0m[2m:[0m découverte gamma: requête Gamma: error sending request for url (https://gamma-api.polymarket.com/events?slug=btc-updown-5m-1783248000): client error (Connect): tunnel error: failed to create underlying connection: tcp connect error: Connection refused (os error 111)
[2m2026-07-05T10:40:23.287223Z[0m [33m WARN[0m [2mpm_acquisition::rtds[0m[2m:[0m RTDS erreur: connexion au proxy 127.0.0.1:45417: Connection refused (os error 111)
[2m2026-07-05T10:40:23.358703Z[0m [33m WARN[0m [2mpm_bot[0m[2m:[0m découverte gamma: requête Gamma: error sending request for url (https://gamma-api.polymarket.com/events?slug=btc-updown-5m-1783248000): client error (Connect): tunnel error: failed to create underlying connection: tcp connect error: Connection refused (os error 111)
[2m2026-07-05T10:40:28.360133Z[0m [33m WARN[0m [2mpm_bot[0m[2m:[0m découverte gamma: requête Gamma: error sending request for url (https://gamma-api.polymarket.com/events?slug=btc-updown-5m-1783248000): client error (Connect): tunnel error: failed to create underlying connection: tcp connect error: Connection refused (os error 111)
[2m2026-07-05T10:40:33.360929Z[0m [33m WARN[0m [2mpm_bot[0m[2m:[0m découverte gamma: requête Gamma: error sending request for url (https://gamma-api.polymarket.com/events?slug=btc-updown-5m-1783248000): client error (Connect): tunnel error: failed to create underlying connection: tcp connect error: Connection refused (os error 111)
[2m2026-07-05T10:40:38.288426Z[0m [33m WARN[0m [2mpm_acquisition::rtds[0m[2m:[0m RTDS erreur: connexion au proxy 127.0.0.1:45417: Connection refused (os error 111)
[2m2026-07-05T10:40:38.361946Z[0m [33m WARN[0m [2mpm_bot[0m[2m:[0m découverte gamma: requête Gamma: error sending request for url (https://gamma-api.polymarket.com/events?slug=btc-updown-5m-1783248000): client error (Connect): tunnel error: failed to create underlying connection: tcp connect error: Connection refused (os error 111)
[2m2026-07-05T10:40:43.363565Z[0m [33m WARN[0m [2mpm_bot[0m[2m:[0m découverte gamma: requête Gamma: error sending request for url (https://gamma-api.polymarket.com/events?slug=btc-updown-5m-1783248000): client error (Connect): tunnel error: failed to create underlying connection: tcp connect error: Connection refused (os error 111)
[2m2026-07-05T10:40:48.365054Z[0m [33m WARN[0m [2mpm_bot[0m[2m:[0m découverte gamma: requête Gamma: error sending request for url (https://gamma-api.polymarket.com/events?slug=btc-updown-5m-1783248000): client error (Connect): tunnel error: failed to create underlying connection: tcp connect error: Connection refused (os error 111)
[2m2026-07-05T10:40:53.290248Z[0m [33m WARN[0m [2mpm_acquisition::rtds[0m[2m:[0m RTDS erreur: connexion au proxy 127.0.0.1:45417: Connection refused (os error 111)
[2m2026-07-05T10:40:53.366626Z[0m [33m WARN[0m [2mpm_bot[0m[2m:[0m découverte gamma: requête Gamma: error sending request for url (https://gamma-api.polymarket.com/events?slug=btc-updown-5m-1783248000): client error (Connect): tunnel error: failed to create underlying connection: tcp connect error: Connection refused (os error 111)
[2m2026-07-05T10:40:58.368261Z[0m [33m WARN[0m [2mpm_bot[0m[2m:[0m découverte gamma: requête Gamma: error sending request for url (https://gamma-api.polymarket.com/events?slug=btc-updown-5m-1783248000): client error (Connect): tunnel error: failed to create underlying connection: tcp connect error: Connection refused (os error 111)
[2m2026-07-05T10:41:03.369648Z[0m [33m WARN[0m [2mpm_bot[0m[2m:[0m découverte gamma: requête Gamma: error sending request for url (https://gamma-api.polymarket.com/events?slug=btc-updown-5m-1783248000): client error (Connect): tunnel error: failed to create underlying connection: tcp connect error: Connection refused (os error 111)
[2m2026-07-05T10:41:08.290807Z[0m [33m WARN[0m [2mpm_acquisition::rtds[0m[2m:[0m RTDS erreur: connexion au proxy 127.0.0.1:45417: Connection refused (os error 111)
[2m2026-07-05T10:41:08.371209Z[0m [33m WARN[0m [2mpm_bot[0m[2m:[0m découverte gamma: requête Gamma: error sending request for url (https://gamma-api.polymarket.com/events?slug=btc-updown-5m-1783248000): client error (Connect): tunnel error: failed to create underlying connection: tcp connect error: Connection refused (os error 111)
[2m2026-07-05T10:41:13.372181Z[0m [33m WARN[0m [2mpm_bot[0m[2m:[0m découverte gamma: requête Gamma: error sending request for url (https://gamma-api.polymarket.com/events?slug=btc-updown-5m-1783248000): client error (Connect): tunnel error: failed to create underlying connection: tcp connect error: Connection refused (os error 111)
[2m2026-07-05T10:41:18.373167Z[0m [33m WARN[0m [2mpm_bot[0m[2m:[0m découverte gamma: requête Gamma: error sending request for url (https://gamma-api.polymarket.com/events?slug=btc-updown-5m-1783248000): client error (Connect): tunnel error: failed to create underlying connection: tcp connect error: Connection refused (os error 111)
[2m2026-07-05T10:41:23.292224Z[0m [33m WARN[0m [2mpm_acquisition::rtds[0m[2m:[0m RTDS erreur: connexion au proxy 127.0.0.1:45417: Connection refused (os error 111)
[2m2026-07-05T10:41:23.374707Z[0m [33m WARN[0m [2mpm_bot[0m[2m:[0m découverte gamma: requête Gamma: error sending request for url (https://gamma-api.polymarket.com/events?slug=btc-updown-5m-1783248000): client error (Connect): tunnel error: failed to create underlying connection: tcp connect error: Connection refused (os error 111)
[2m2026-07-05T10:41:28.375876Z[0m [33m WARN[0m [2mpm_bot[0m[2m:[0m découverte gamma: requête Gamma: error sending request for url (https://gamma-api.polymarket.com/events?slug=btc-updown-5m-1783248000): client error (Connect): tunnel error: failed to create underlying connection: tcp connect error: Connection refused (os error 111)
[2m2026-07-05T10:41:33.377688Z[0m [33m WARN[0m [2mpm_bot[0m[2m:[0m découverte gamma: requête Gamma: error sending request for url (https://gamma-api.polymarket.com/events?slug=btc-updown-5m-1783248000): client error (Connect): tunnel error: failed to create underlying connection: tcp connect error: Connection refused (os error 111)
[2m2026-07-05T10:41:38.293378Z[0m [33m WARN[0m [2mpm_acquisition::rtds[0m[2m:[0m RTDS erreur: connexion au proxy 127.0.0.1:45417: Connection refused (os error 111)
[2m2026-07-05T10:41:38.378787Z[0m [33m WARN[0m [2mpm_bot[0m[2m:[0m découverte gamma: requête Gamma: error sending request for url (https://gamma-api.polymarket.com/events?slug=btc-updown-5m-1783248000): client error (Connect): tunnel error: failed to create underlying connection: tcp connect error: Connection refused (os error 111)
[2m2026-07-05T10:41:43.380647Z[0m [33m WARN[0m [2mpm_bot[0m[2m:[0m découverte gamma: requête Gamma: error sending request for url (https://gamma-api.polymarket.com/events?slug=btc-updown-5m-1783248000): client error (Connect): tunnel error: failed to create underlying connection: tcp connect error: Connection refused (os error 111)
[2m2026-07-05T10:41:48.382515Z[0m [33m WARN[0m [2mpm_bot[0m[2m:[0m découverte gamma: requête Gamma: error sending request for url (https://gamma-api.polymarket.com/events?slug=btc-updown-5m-1783248000): client error (Connect): tunnel error: failed to create underlying connection: tcp connect error: Connection refused (os error 111)
[2m2026-07-05T10:41:53.295278Z[0m [33m WARN[0m [2mpm_acquisition::rtds[0m[2m:[0m RTDS erreur: connexion au proxy 127.0.0.1:45417: Connection refused (os error 111)
[2m2026-07-05T10:41:53.383736Z[0m [33m WARN[0m [2mpm_bot[0m[2m:[0m découverte gamma: requête Gamma: error sending request for url (https://gamma-api.polymarket.com/events?slug=btc-updown-5m-1783248000): client error (Connect): tunnel error: failed to create underlying connection: tcp connect error: Connection refused (os error 111)
[2m2026-07-05T10:41:58.384716Z[0m [33m WARN[0m [2mpm_bot[0m[2m:[0m découverte gamma: requête Gamma: error sending request for url (https://gamma-api.polymarket.com/events?slug=btc-updown-5m-1783248000): client error (Connect): tunnel error: failed to create underlying connection: tcp connect error: Connection refused (os error 111)
[2m2026-07-05T10:42:03.386189Z[0m [33m WARN[0m [2mpm_bot[0m[2m:[0m découverte gamma: requête Gamma: error sending request for url (https://gamma-api.polymarket.com/events?slug=btc-updown-5m-1783248000): client error (Connect): tunnel error: failed to create underlying connection: tcp connect error: Connection refused (os error 111)
[2m2026-07-05T10:42:08.295747Z[0m [33m WARN[0m [2mpm_acquisition::rtds[0m[2m:[0m RTDS erreur: connexion au proxy 127.0.0.1:45417: Connection refused (os error 111)
[2m2026-07-05T10:42:08.387173Z[0m [33m WARN[0m [2mpm_bot[0m[2m:[0m découverte gamma: requête Gamma: error sending request for url (https://gamma-api.polymarket.com/events?slug=btc-updown-5m-1783248000): client error (Connect): tunnel error: failed to create underlying connection: tcp connect error: Connection refused (os error 111)
[2m2026-07-05T10:42:13.387964Z[0m [33m WARN[0m [2mpm_bot[0m[2m:[0m découverte gamma: requête Gamma: error sending request for url (https://gamma-api.polymarket.com/events?slug=btc-updown-5m-1783248000): client error (Connect): tunnel error: failed to create underlying connection: tcp connect error: Connection refused (os error 111)
[2m2026-07-05T10:42:18.389638Z[0m [33m WARN[0m [2mpm_bot[0m[2m:[0m découverte gamma: requête Gamma: error sending request for url (https://gamma-api.polymarket.com/events?slug=btc-updown-5m-1783248000): client error (Connect): tunnel error: failed to create underlying connection: tcp connect error: Connection refused (os error 111)
[2m2026-07-05T10:42:23.297316Z[0m [33m WARN[0m [2mpm_acquisition::rtds[0m[2m:[0m RTDS erreur: connexion au proxy 127.0.0.1:45417: Connection refused (os error 111)
[2m2026-07-05T10:42:23.390715Z[0m [33m WARN[0m [2mpm_bot[0m[2m:[0m découverte gamma: requête Gamma: error sending request for url (https://gamma-api.polymarket.com/events?slug=btc-updown-5m-1783248000): client error (Connect): tunnel error: failed to create underlying connection: tcp connect error: Connection refused (os error 111)
[2m2026-07-05T10:42:28.392230Z[0m [33m WARN[0m [2mpm_bot[0m[2m:[0m découverte gamma: requête Gamma: error sending request for url (https://gamma-api.polymarket.com/events?slug=btc-updown-5m-1783248000): client error (Connect): tunnel error: failed to create underlying connection: tcp connect error: Connection refused (os error 111)
[2m2026-07-05T10:42:33.392808Z[0m [33m WARN[0m [2mpm_bot[0m[2m:[0m découverte gamma: requête Gamma: error sending request for url (https://gamma-api.polymarket.com/events?slug=btc-updown-5m-1783248000): client error (Connect): tunnel error: failed to create underlying connection: tcp connect error: Connection refused (os error 111)
[2m2026-07-05T10:42:38.298493Z[0m [33m WARN[0m [2mpm_acquisition::rtds[0m[2m:[0m RTDS erreur: connexion au proxy 127.0.0.1:45417: Connection refused (os error 111)
[2m2026-07-05T10:42:38.393825Z[0m [33m WARN[0m [2mpm_bot[0m[2m:[0m découverte gamma: requête Gamma: error sending request for url (https://gamma-api.polymarket.com/events?slug=btc-updown-5m-1783248000): client error (Connect): tunnel error: failed to create underlying connection: tcp connect error: Connection refused (os error 111)
[2m2026-07-05T10:42:43.395376Z[0m [33m WARN[0m [2mpm_bot[0m[2m:[0m découverte gamma: requête Gamma: error sending request for url (https://gamma-api.polymarket.com/events?slug=btc-updown-5m-1783248000): client error (Connect): tunnel error: failed to create underlying connection: tcp connect error: Connection refused (os error 111)
[2m2026-07-05T10:42:48.397108Z[0m [33m WARN[0m [2mpm_bot[0m[2m:[0m découverte gamma: requête Gamma: error sending request for url (https://gamma-api.polymarket.com/events?slug=btc-updown-5m-1783248000): client error (Connect): tunnel error: failed to create underlying connection: tcp connect error: Connection refused (os error 111)
[2m2026-07-05T10:42:53.300256Z[0m [33m WARN[0m [2mpm_acquisition::rtds[0m[2m:[0m RTDS erreur: connexion au proxy 127.0.0.1:45417: Connection refused (os error 111)
[2m2026-07-05T10:42:53.397686Z[0m [33m WARN[0m [2mpm_bot[0m[2m:[0m découverte gamma: requête Gamma: error sending request for url (https://gamma-api.polymarket.com/events?slug=btc-updown-5m-1783248000): client error (Connect): tunnel error: failed to create underlying connection: tcp connect error: Connection refused (os error 111)
[2m2026-07-05T10:42:58.398901Z[0m [33m WARN[0m [2mpm_bot[0m[2m:[0m découverte gamma: requête Gamma: error sending request for url (https://gamma-api.polymarket.com/events?slug=btc-updown-5m-1783248000): client error (Connect): tunnel error: failed to create underlying connection: tcp connect error: Connection refused (os error 111)
[2m2026-07-05T10:43:03.400463Z[0m [33m WARN[0m [2mpm_bot[0m[2m:[0m découverte gamma: requête Gamma: error sending request for url (https://gamma-api.polymarket.com/events?slug=btc-updown-5m-1783248000): client error (Connect): tunnel error: failed to create underlying connection: tcp connect error: Connection refused (os error 111)
[2m2026-07-05T10:43:08.300878Z[0m [33m WARN[0m [2mpm_acquisition::rtds[0m[2m:[0m RTDS erreur: connexion au proxy 127.0.0.1:45417: Connection refused (os error 111)
[2m2026-07-05T10:43:08.402281Z[0m [33m WARN[0m [2mpm_bot[0m[2m:[0m découverte gamma: requête Gamma: error sending request for url (https://gamma-api.polymarket.com/events?slug=btc-updown-5m-1783248000): client error (Connect): tunnel error: failed to create underlying connection: tcp connect error: Connection refused (os error 111)
[2m2026-07-05T10:43:13.403660Z[0m [33m WARN[0m [2mpm_bot[0m[2m:[0m découverte gamma: requête Gamma: error sending request for url (https://gamma-api.polymarket.com/events?slug=btc-updown-5m-1783248000): client error (Connect): tunnel error: failed to create underlying connection: tcp connect error: Connection refused (os error 111)
[2m2026-07-05T10:43:18.405019Z[0m [33m WARN[0m [2mpm_bot[0m[2m:[0m découverte gamma: requête Gamma: error sending request for url (https://gamma-api.polymarket.com/events?slug=btc-updown-5m-1783248000): client error (Connect): tunnel error: failed to create underlying connection: tcp connect error: Connection refused (os error 111)
[2m2026-07-05T10:43:23.302570Z[0m [33m WARN[0m [2mpm_acquisition::rtds[0m[2m:[0m RTDS erreur: connexion au proxy 127.0.0.1:45417: Connection refused (os error 111)
[2m2026-07-05T10:43:23.406021Z[0m [33m WARN[0m [2mpm_bot[0m[2m:[0m découverte gamma: requête Gamma: error sending request for url (https://gamma-api.polymarket.com/events?slug=btc-updown-5m-1783248000): client error (Connect): tunnel error: failed to create underlying connection: tcp connect error: Connection refused (os error 111)
[2m2026-07-05T10:43:28.407661Z[0m [33m WARN[0m [2mpm_bot[0m[2m:[0m découverte gamma: requête Gamma: error sending request for url (https://gamma-api.polymarket.com/events?slug=btc-updown-5m-1783248000): client error (Connect): tunnel error: failed to create underlying connection: tcp connect error: Connection refused (os error 111)
[2m2026-07-05T10:43:33.409507Z[0m [33m WARN[0m [2mpm_bot[0m[2m:[0m découverte gamma: requête Gamma: error sending request for url (https://gamma-api.polymarket.com/events?slug=btc-updown-5m-1783248000): client error (Connect): tunnel error: failed to create underlying connection: tcp connect error: Connection refused (os error 111)
[2m2026-07-05T10:43:38.303769Z[0m [33m WARN[0m [2mpm_acquisition::rtds[0m[2m:[0m RTDS erreur: connexion au proxy 127.0.0.1:45417: Connection refused (os error 111)
[2m2026-07-05T10:43:38.411187Z[0m [33m WARN[0m [2mpm_bot[0m[2m:[0m découverte gamma: requête Gamma: error sending request for url (https://gamma-api.polymarket.com/events?slug=btc-updown-5m-1783248000): client error (Connect): tunnel error: failed to create underlying connection: tcp connect error: Connection refused (os error 111)
[2m2026-07-05T10:43:43.411964Z[0m [33m WARN[0m [2mpm_bot[0m[2m:[0m découverte gamma: requête Gamma: error sending request for url (https://gamma-api.polymarket.com/events?slug=btc-updown-5m-1783248000): client error (Connect): tunnel error: failed to create underlying connection: tcp connect error: Connection refused (os error 111)
[2m2026-07-05T10:43:48.413175Z[0m [33m WARN[0m [2mpm_bot[0m[2m:[0m découverte gamma: requête Gamma: error sending request for url (https://gamma-api.polymarket.com/events?slug=btc-updown-5m-1783248000): client error (Connect): tunnel error: failed to create underlying connection: tcp connect error: Connection refused (os error 111)
[2m2026-07-05T10:43:53.305121Z[0m [33m WARN[0m [2mpm_acquisition::rtds[0m[2m:[0m RTDS erreur: connexion au proxy 127.0.0.1:45417: Connection refused (os error 111)
[2m2026-07-05T10:43:53.414733Z[0m [33m WARN[0m [2mpm_bot[0m[2m:[0m découverte gamma: requête Gamma: error sending request for url (https://gamma-api.polymarket.com/events?slug=btc-updown-5m-1783248000): client error (Connect): tunnel error: failed to create underlying connection: tcp connect error: Connection refused (os error 111)
[2m2026-07-05T10:43:58.415962Z[0m [33m WARN[0m [2mpm_bot[0m[2m:[0m découverte gamma: requête Gamma: error sending request for url (https://gamma-api.polymarket.com/events?slug=btc-updown-5m-1783248000): client error (Connect): tunnel error: failed to create underlying connection: tcp connect error: Connection refused (os error 111)
[2m2026-07-05T10:44:03.416891Z[0m [33m WARN[0m [2mpm_bot[0m[2m:[0m découverte gamma: requête Gamma: error sending request for url (https://gamma-api.polymarket.com/events?slug=btc-updown-5m-1783248000): client error (Connect): tunnel error: failed to create underlying connection: tcp connect error: Connection refused (os error 111)
[2m2026-07-05T10:44:08.305829Z[0m [33m WARN[0m [2mpm_acquisition::rtds[0m[2m:[0m RTDS erreur: connexion au proxy 127.0.0.1:45417: Connection refused (os error 111)
[2m2026-07-05T10:44:08.418286Z[0m [33m WARN[0m [2mpm_bot[0m[2m:[0m découverte gamma: requête Gamma: error sending request for url (https://gamma-api.polymarket.com/events?slug=btc-updown-5m-1783248000): client error (Connect): tunnel error: failed to create underlying connection: tcp connect error: Connection refused (os error 111)
[2m2026-07-05T10:44:13.418767Z[0m [33m WARN[0m [2mpm_bot[0m[2m:[0m découverte gamma: requête Gamma: error sending request for url (https://gamma-api.polymarket.com/events?slug=btc-updown-5m-1783248000): client error (Connect): tunnel error: failed to create underlying connection: tcp connect error: Connection refused (os error 111)
[2m2026-07-05T10:44:18.420714Z[0m [33m WARN[0m [2mpm_bot[0m[2m:[0m découverte gamma: requête Gamma: error sending request for url (https://gamma-api.polymarket.com/events?slug=btc-updown-5m-1783248000): client error (Connect): tunnel error: failed to create underlying connection: tcp connect error: Connection refused (os error 111)
[2m2026-07-05T10:44:23.306687Z[0m [33m WARN[0m [2mpm_acquisition::rtds[0m[2m:[0m RTDS erreur: connexion au proxy 127.0.0.1:45417: Connection refused (os error 111)
[2m2026-07-05T10:44:23.422190Z[0m [33m WARN[0m [2mpm_bot[0m[2m:[0m découverte gamma: requête Gamma: error sending request for url (https://gamma-api.polymarket.com/events?slug=btc-updown-5m-1783248000): client error (Connect): tunnel error: failed to create underlying connection: tcp connect error: Connection refused (os error 111)
[2m2026-07-05T10:44:28.423172Z[0m [33m WARN[0m [2mpm_bot[0m[2m:[0m découverte gamma: requête Gamma: error sending request for url (https://gamma-api.polymarket.com/events?slug=btc-updown-5m-1783248000): client error (Connect): tunnel error: failed to create underlying connection: tcp connect error: Connection refused (os error 111)
[2m2026-07-05T10:44:33.424258Z[0m [33m WARN[0m [2mpm_bot[0m[2m:[0m découverte gamma: requête Gamma: error sending request for url (https://gamma-api.polymarket.com/events?slug=btc-updown-5m-1783248000): client error (Connect): tunnel error: failed to create underlying connection: tcp connect error: Connection refused (os error 111)
[2m2026-07-05T10:44:38.308595Z[0m [33m WARN[0m [2mpm_acquisition::rtds[0m[2m:[0m RTDS erreur: connexion au proxy 127.0.0.1:45417: Connection refused (os error 111)
[2m2026-07-05T10:44:38.425097Z[0m [33m WARN[0m [2mpm_bot[0m[2m:[0m découverte gamma: requête Gamma: error sending request for url (https://gamma-api.polymarket.com/events?slug=btc-updown-5m-1783248000): client error (Connect): tunnel error: failed to create underlying connection: tcp connect error: Connection refused (os error 111)
[2m2026-07-05T10:44:43.426324Z[0m [33m WARN[0m [2mpm_bot[0m[2m:[0m découverte gamma: requête Gamma: error sending request for url (https://gamma-api.polymarket.com/events?slug=btc-updown-5m-1783248000): client error (Connect): tunnel error: failed to create underlying connection: tcp connect error: Connection refused (os error 111)
[2m2026-07-05T10:44:48.427446Z[0m [33m WARN[0m [2mpm_bot[0m[2m:[0m découverte gamma: requête Gamma: error sending request for url (https://gamma-api.polymarket.com/events?slug=btc-updown-5m-1783248000): client error (Connect): tunnel error: failed to create underlying connection: tcp connect error: Connection refused (os error 111)
[2m2026-07-05T10:44:53.310051Z[0m [33m WARN[0m [2mpm_acquisition::rtds[0m[2m:[0m RTDS erreur: connexion au proxy 127.0.0.1:45417: Connection refused (os error 111)
[2m2026-07-05T10:44:53.429585Z[0m [33m WARN[0m [2mpm_bot[0m[2m:[0m découverte gamma: requête Gamma: error sending request for url (https://gamma-api.polymarket.com/events?slug=btc-updown-5m-1783248000): client error (Connect): tunnel error: failed to create underlying connection: tcp connect error: Connection refused (os error 111)
[2m2026-07-05T10:44:58.431563Z[0m [33m WARN[0m [2mpm_bot[0m[2m:[0m découverte gamma: requête Gamma: error sending request for url (https://gamma-api.polymarket.com/events?slug=btc-updown-5m-1783248000): client error (Connect): tunnel error: failed to create underlying connection: tcp connect error: Connection refused (os error 111)
[2m2026-07-05T10:45:03.432702Z[0m [33m WARN[0m [2mpm_bot[0m[2m:[0m découverte gamma: requête Gamma: error sending request for url (https://gamma-api.polymarket.com/events?slug=btc-updown-5m-1783248300): client error (Connect): tunnel error: failed to create underlying connection: tcp connect error: Connection refused (os error 111)
[2m2026-07-05T10:45:08.311133Z[0m [33m WARN[0m [2mpm_acquisition::rtds[0m[2m:[0m RTDS erreur: connexion au proxy 127.0.0.1:45417: Connection refused (os error 111)
[2m2026-07-05T10:45:08.434582Z[0m [33m WARN[0m [2mpm_bot[0m[2m:[0m découverte gamma: requête Gamma: error sending request for url (https://gamma-api.polymarket.com/events?slug=btc-updown-5m-1783248300): client error (Connect): tunnel error: failed to create underlying connection: tcp connect error: Connection refused (os error 111)
[2m2026-07-05T10:45:13.436182Z[0m [33m WARN[0m [2mpm_bot[0m[2m:[0m découverte gamma: requête Gamma: error sending request for url (https://gamma-api.polymarket.com/events?slug=btc-updown-5m-1783248300): client error (Connect): tunnel error: failed to create underlying connection: tcp connect error: Connection refused (os error 111)
[2m2026-07-05T10:45:18.437627Z[0m [33m WARN[0m [2mpm_bot[0m[2m:[0m découverte gamma: requête Gamma: error sending request for url (https://gamma-api.polymarket.com/events?slug=btc-updown-5m-1783248300): client error (Connect): tunnel error: failed to create underlying connection: tcp connect error: Connection refused (os error 111)
[2m2026-07-05T10:45:23.311962Z[0m [33m WARN[0m [2mpm_acquisition::rtds[0m[2m:[0m RTDS erreur: connexion au proxy 127.0.0.1:45417: Connection refused (os error 111)
[2m2026-07-05T10:45:23.439450Z[0m [33m WARN[0m [2mpm_bot[0m[2m:[0m découverte gamma: requête Gamma: error sending request for url (https://gamma-api.polymarket.com/events?slug=btc-updown-5m-1783248300): client error (Connect): tunnel error: failed to create underlying connection: tcp connect error: Connection refused (os error 111)
[2m2026-07-05T10:45:28.441150Z[0m [33m WARN[0m [2mpm_bot[0m[2m:[0m découverte gamma: requête Gamma: error sending request for url (https://gamma-api.polymarket.com/events?slug=btc-updown-5m-1783248300): client error (Connect): tunnel error: failed to create underlying connection: tcp connect error: Connection refused (os error 111)
[2m2026-07-05T10:45:33.441809Z[0m [33m WARN[0m [2mpm_bot[0m[2m:[0m découverte gamma: requête Gamma: error sending request for url (https://gamma-api.polymarket.com/events?slug=btc-updown-5m-1783248300): client error (Connect): tunnel error: failed to create underlying connection: tcp connect error: Connection refused (os error 111)
[2m2026-07-05T10:45:38.313048Z[0m [33m WARN[0m [2mpm_acquisition::rtds[0m[2m:[0m RTDS erreur: connexion au proxy 127.0.0.1:45417: Connection refused (os error 111)
[2m2026-07-05T10:45:38.443531Z[0m [33m WARN[0m [2mpm_bot[0m[2m:[0m découverte gamma: requête Gamma: error sending request for url (https://gamma-api.polymarket.com/events?slug=btc-updown-5m-1783248300): client error (Connect): tunnel error: failed to create underlying connection: tcp connect error: Connection refused (os error 111)
[2m2026-07-05T10:45:43.445202Z[0m [33m WARN[0m [2mpm_bot[0m[2m:[0m découverte gamma: requête Gamma: error sending request for url (https://gamma-api.polymarket.com/events?slug=btc-updown-5m-1783248300): client error (Connect): tunnel error: failed to create underlying connection: tcp connect error: Connection refused (os error 111)
[2m2026-07-05T10:45:48.446659Z[0m [33m WARN[0m [2mpm_bot[0m[2m:[0m découverte gamma: requête Gamma: error sending request for url (https://gamma-api.polymarket.com/events?slug=btc-updown-5m-1783248300): client error (Connect): tunnel error: failed to create underlying connection: tcp connect error: Connection refused (os error 111)
[2m2026-07-05T10:45:53.314337Z[0m [33m WARN[0m [2mpm_acquisition::rtds[0m[2m:[0m RTDS erreur: connexion au proxy 127.0.0.1:45417: Connection refused (os error 111)
[2m2026-07-05T10:45:53.447814Z[0m [33m WARN[0m [2mpm_bot[0m[2m:[0m découverte gamma: requête Gamma: error sending request for url (https://gamma-api.polymarket.com/events?slug=btc-updown-5m-1783248300): client error (Connect): tunnel error: failed to create underlying connection: tcp connect error: Connection refused (os error 111)
[2m2026-07-05T10:45:58.448923Z[0m [33m WARN[0m [2mpm_bot[0m[2m:[0m découverte gamma: requête Gamma: error sending request for url (https://gamma-api.polymarket.com/events?slug=btc-updown-5m-1783248300): client error (Connect): tunnel error: failed to create underlying connection: tcp connect error: Connection refused (os error 111)
[2m2026-07-05T10:46:03.450358Z[0m [33m WARN[0m [2mpm_bot[0m[2m:[0m découverte gamma: requête Gamma: error sending request for url (https://gamma-api.polymarket.com/events?slug=btc-updown-5m-1783248300): client error (Connect): tunnel error: failed to create underlying connection: tcp connect error: Connection refused (os error 111)
[2m2026-07-05T10:46:08.314533Z[0m [33m WARN[0m [2mpm_acquisition::rtds[0m[2m:[0m RTDS erreur: connexion au proxy 127.0.0.1:45417: Connection refused (os error 111)
[2m2026-07-05T10:46:08.452071Z[0m [33m WARN[0m [2mpm_bot[0m[2m:[0m découverte gamma: requête Gamma: error sending request for url (https://gamma-api.polymarket.com/events?slug=btc-updown-5m-1783248300): client error (Connect): tunnel error: failed to create underlying connection: tcp connect error: Connection refused (os error 111)
[2m2026-07-05T10:46:13.453574Z[0m [33m WARN[0m [2mpm_bot[0m[2m:[0m découverte gamma: requête Gamma: error sending request for url (https://gamma-api.polymarket.com/events?slug=btc-updown-5m-1783248300): client error (Connect): tunnel error: failed to create underlying connection: tcp connect error: Connection refused (os error 111)
[2m2026-07-05T10:46:18.455437Z[0m [33m WARN[0m [2mpm_bot[0m[2m:[0m découverte gamma: requête Gamma: error sending request for url (https://gamma-api.polymarket.com/events?slug=btc-updown-5m-1783248300): client error (Connect): tunnel error: failed to create underlying connection: tcp connect error: Connection refused (os error 111)
[2m2026-07-05T10:46:23.316167Z[0m [33m WARN[0m [2mpm_acquisition::rtds[0m[2m:[0m RTDS erreur: connexion au proxy 127.0.0.1:45417: Connection refused (os error 111)
[2m2026-07-05T10:46:23.457644Z[0m [33m WARN[0m [2mpm_bot[0m[2m:[0m découverte gamma: requête Gamma: error sending request for url (https://gamma-api.polymarket.com/events?slug=btc-updown-5m-1783248300): client error (Connect): tunnel error: failed to create underlying connection: tcp connect error: Connection refused (os error 111)
[2m2026-07-05T10:46:28.458967Z[0m [33m WARN[0m [2mpm_bot[0m[2m:[0m découverte gamma: requête Gamma: error sending request for url (https://gamma-api.polymarket.com/events?slug=btc-updown-5m-1783248300): client error (Connect): tunnel error: failed to create underlying connection: tcp connect error: Connection refused (os error 111)
[2m2026-07-05T10:46:33.460601Z[0m [33m WARN[0m [2mpm_bot[0m[2m:[0m découverte gamma: requête Gamma: error sending request for url (https://gamma-api.polymarket.com/events?slug=btc-updown-5m-1783248300): client error (Connect): tunnel error: failed to create underlying connection: tcp connect error: Connection refused (os error 111)
[2m2026-07-05T10:46:38.317049Z[0m [33m WARN[0m [2mpm_acquisition::rtds[0m[2m:[0m RTDS erreur: connexion au proxy 127.0.0.1:45417: Connection refused (os error 111)
[2m2026-07-05T10:46:38.462539Z[0m [33m WARN[0m [2mpm_bot[0m[2m:[0m découverte gamma: requête Gamma: error sending request for url (https://gamma-api.polymarket.com/events?slug=btc-updown-5m-1783248300): client error (Connect): tunnel error: failed to create underlying connection: tcp connect error: Connection refused (os error 111)
[2m2026-07-05T10:46:43.463858Z[0m [33m WARN[0m [2mpm_bot[0m[2m:[0m découverte gamma: requête Gamma: error sending request for url (https://gamma-api.polymarket.com/events?slug=btc-updown-5m-1783248300): client error (Connect): tunnel error: failed to create underlying connection: tcp connect error: Connection refused (os error 111)
[2m2026-07-05T10:46:48.465459Z[0m [33m WARN[0m [2mpm_bot[0m[2m:[0m découverte gamma: requête Gamma: error sending request for url (https://gamma-api.polymarket.com/events?slug=btc-updown-5m-1783248300): client error (Connect): tunnel error: failed to create underlying connection: tcp connect error: Connection refused (os error 111)
[2m2026-07-05T10:46:53.317904Z[0m [33m WARN[0m [2mpm_acquisition::rtds[0m[2m:[0m RTDS erreur: connexion au proxy 127.0.0.1:45417: Connection refused (os error 111)
[2m2026-07-05T10:46:53.467391Z[0m [33m WARN[0m [2mpm_bot[0m[2m:[0m découverte gamma: requête Gamma: error sending request for url (https://gamma-api.polymarket.com/events?slug=btc-updown-5m-1783248300): client error (Connect): tunnel error: failed to create underlying connection: tcp connect error: Connection refused (os error 111)
[2m2026-07-05T10:46:58.469416Z[0m [33m WARN[0m [2mpm_bot[0m[2m:[0m découverte gamma: requête Gamma: error sending request for url (https://gamma-api.polymarket.com/events?slug=btc-updown-5m-1783248300): client error (Connect): tunnel error: failed to create underlying connection: tcp connect error: Connection refused (os error 111)
[2m2026-07-05T10:47:03.471411Z[0m [33m WARN[0m [2mpm_bot[0m[2m:[0m découverte gamma: requête Gamma: error sending request for url (https://gamma-api.polymarket.com/events?slug=btc-updown-5m-1783248300): client error (Connect): tunnel error: failed to create underlying connection: tcp connect error: Connection refused (os error 111)
[2m2026-07-05T10:47:08.318973Z[0m [33m WARN[0m [2mpm_acquisition::rtds[0m[2m:[0m RTDS erreur: connexion au proxy 127.0.0.1:45417: Connection refused (os error 111)
[2m2026-07-05T10:47:08.473426Z[0m [33m WARN[0m [2mpm_bot[0m[2m:[0m découverte gamma: requête Gamma: error sending request for url (https://gamma-api.polymarket.com/events?slug=btc-updown-5m-1783248300): client error (Connect): tunnel error: failed to create underlying connection: tcp connect error: Connection refused (os error 111)
[2m2026-07-05T10:47:13.475118Z[0m [33m WARN[0m [2mpm_bot[0m[2m:[0m découverte gamma: requête Gamma: error sending request for url (https://gamma-api.polymarket.com/events?slug=btc-updown-5m-1783248300): client error (Connect): tunnel error: failed to create underlying connection: tcp connect error: Connection refused (os error 111)
[2m2026-07-05T10:47:18.476280Z[0m [33m WARN[0m [2mpm_bot[0m[2m:[0m découverte gamma: requête Gamma: error sending request for url (https://gamma-api.polymarket.com/events?slug=btc-updown-5m-1783248300): client error (Connect): tunnel error: failed to create underlying connection: tcp connect error: Connection refused (os error 111)
[2m2026-07-05T10:47:23.320415Z[0m [33m WARN[0m [2mpm_acquisition::rtds[0m[2m:[0m RTDS erreur: connexion au proxy 127.0.0.1:45417: Connection refused (os error 111)
[2m2026-07-05T10:47:23.476926Z[0m [33m WARN[0m [2mpm_bot[0m[2m:[0m découverte gamma: requête Gamma: error sending request for url (https://gamma-api.polymarket.com/events?slug=btc-updown-5m-1783248300): client error (Connect): tunnel error: failed to create underlying connection: tcp connect error: Connection refused (os error 111)
[2m2026-07-05T10:47:28.478483Z[0m [33m WARN[0m [2mpm_bot[0m[2m:[0m découverte gamma: requête Gamma: error sending request for url (https://gamma-api.polymarket.com/events?slug=btc-updown-5m-1783248300): client error (Connect): tunnel error: failed to create underlying connection: tcp connect error: Connection refused (os error 111)
[2m2026-07-05T10:47:33.479915Z[0m [33m WARN[0m [2mpm_bot[0m[2m:[0m découverte gamma: requête Gamma: error sending request for url (https://gamma-api.polymarket.com/events?slug=btc-updown-5m-1783248300): client error (Connect): tunnel error: failed to create underlying connection: tcp connect error: Connection refused (os error 111)
[2m2026-07-05T10:47:38.322245Z[0m [33m WARN[0m [2mpm_acquisition::rtds[0m[2m:[0m RTDS erreur: connexion au proxy 127.0.0.1:45417: Connection refused (os error 111)
[2m2026-07-05T10:47:38.480747Z[0m [33m WARN[0m [2mpm_bot[0m[2m:[0m découverte gamma: requête Gamma: error sending request for url (https://gamma-api.polymarket.com/events?slug=btc-updown-5m-1783248300): client error (Connect): tunnel error: failed to create underlying connection: tcp connect error: Connection refused (os error 111)
[2m2026-07-05T10:47:43.482605Z[0m [33m WARN[0m [2mpm_bot[0m[2m:[0m découverte gamma: requête Gamma: error sending request for url (https://gamma-api.polymarket.com/events?slug=btc-updown-5m-1783248300): client error (Connect): tunnel error: failed to create underlying connection: tcp connect error: Connection refused (os error 111)
[2m2026-07-05T10:47:48.484214Z[0m [33m WARN[0m [2mpm_bot[0m[2m:[0m découverte gamma: requête Gamma: error sending request for url (https://gamma-api.polymarket.com/events?slug=btc-updown-5m-1783248300): client error (Connect): tunnel error: failed to create underlying connection: tcp connect error: Connection refused (os error 111)
[2m2026-07-05T10:47:53.322677Z[0m [33m WARN[0m [2mpm_acquisition::rtds[0m[2m:[0m RTDS erreur: connexion au proxy 127.0.0.1:45417: Connection refused (os error 111)
[2m2026-07-05T10:47:53.485181Z[0m [33m WARN[0m [2mpm_bot[0m[2m:[0m découverte gamma: requête Gamma: error sending request for url (https://gamma-api.polymarket.com/events?slug=btc-updown-5m-1783248300): client error (Connect): tunnel error: failed to create underlying connection: tcp connect error: Connection refused (os error 111)
[2m2026-07-05T10:47:58.486492Z[0m [33m WARN[0m [2mpm_bot[0m[2m:[0m découverte gamma: requête Gamma: error sending request for url (https://gamma-api.polymarket.com/events?slug=btc-updown-5m-1783248300): client error (Connect): tunnel error: failed to create underlying connection: tcp connect error: Connection refused (os error 111)
[2m2026-07-05T10:48:03.488163Z[0m [33m WARN[0m [2mpm_bot[0m[2m:[0m découverte gamma: requête Gamma: error sending request for url (https://gamma-api.polymarket.com/events?slug=btc-updown-5m-1783248300): client error (Connect): tunnel error: failed to create underlying connection: tcp connect error: Connection refused (os error 111)
[2m2026-07-05T10:48:08.324647Z[0m [33m WARN[0m [2mpm_acquisition::rtds[0m[2m:[0m RTDS erreur: connexion au proxy 127.0.0.1:45417: Connection refused (os error 111)
[2m2026-07-05T10:48:08.489221Z[0m [33m WARN[0m [2mpm_bot[0m[2m:[0m découverte gamma: requête Gamma: error sending request for url (https://gamma-api.polymarket.com/events?slug=btc-updown-5m-1783248300): client error (Connect): tunnel error: failed to create underlying connection: tcp connect error: Connection refused (os error 111)
[2m2026-07-05T10:48:13.490642Z[0m [33m WARN[0m [2mpm_bot[0m[2m:[0m découverte gamma: requête Gamma: error sending request for url (https://gamma-api.polymarket.com/events?slug=btc-updown-5m-1783248300): client error (Connect): tunnel error: failed to create underlying connection: tcp connect error: Connection refused (os error 111)
[2m2026-07-05T10:48:18.492113Z[0m [33m WARN[0m [2mpm_bot[0m[2m:[0m découverte gamma: requête Gamma: error sending request for url (https://gamma-api.polymarket.com/events?slug=btc-updown-5m-1783248300): client error (Connect): tunnel error: failed to create underlying connection: tcp connect error: Connection refused (os error 111)
[2m2026-07-05T10:48:23.326480Z[0m [33m WARN[0m [2mpm_acquisition::rtds[0m[2m:[0m RTDS erreur: connexion au proxy 127.0.0.1:45417: Connection refused (os error 111)
[2m2026-07-05T10:48:23.493088Z[0m [33m WARN[0m [2mpm_bot[0m[2m:[0m découverte gamma: requête Gamma: error sending request for url (https://gamma-api.polymarket.com/events?slug=btc-updown-5m-1783248300): client error (Connect): tunnel error: failed to create underlying connection: tcp connect error: Connection refused (os error 111)
[2m2026-07-05T10:48:28.494622Z[0m [33m WARN[0m [2mpm_bot[0m[2m:[0m découverte gamma: requête Gamma: error sending request for url (https://gamma-api.polymarket.com/events?slug=btc-updown-5m-1783248300): client error (Connect): tunnel error: failed to create underlying connection: tcp connect error: Connection refused (os error 111)
[2m2026-07-05T10:48:33.496086Z[0m [33m WARN[0m [2mpm_bot[0m[2m:[0m découverte gamma: requête Gamma: error sending request for url (https://gamma-api.polymarket.com/events?slug=btc-updown-5m-1783248300): client error (Connect): tunnel error: failed to create underlying connection: tcp connect error: Connection refused (os error 111)
[2m2026-07-05T10:48:38.327727Z[0m [33m WARN[0m [2mpm_acquisition::rtds[0m[2m:[0m RTDS erreur: connexion au proxy 127.0.0.1:45417: Connection refused (os error 111)
[2m2026-07-05T10:48:38.497216Z[0m [33m WARN[0m [2mpm_bot[0m[2m:[0m découverte gamma: requête Gamma: error sending request for url (https://gamma-api.polymarket.com/events?slug=btc-updown-5m-1783248300): client error (Connect): tunnel error: failed to create underlying connection: tcp connect error: Connection refused (os error 111)
[2m2026-07-05T10:48:43.498733Z[0m [33m WARN[0m [2mpm_bot[0m[2m:[0m découverte gamma: requête Gamma: error sending request for url (https://gamma-api.polymarket.com/events?slug=btc-updown-5m-1783248300): client error (Connect): tunnel error: failed to create underlying connection: tcp connect error: Connection refused (os error 111)
[2m2026-07-05T10:48:48.500559Z[0m [33m WARN[0m [2mpm_bot[0m[2m:[0m découverte gamma: requête Gamma: error sending request for url (https://gamma-api.polymarket.com/events?slug=btc-updown-5m-1783248300): client error (Connect): tunnel error: failed to create underlying connection: tcp connect error: Connection refused (os error 111)
[2m2026-07-05T10:48:53.329450Z[0m [33m WARN[0m [2mpm_acquisition::rtds[0m[2m:[0m RTDS erreur: connexion au proxy 127.0.0.1:45417: Connection refused (os error 111)
[2m2026-07-05T10:48:53.502095Z[0m [33m WARN[0m [2mpm_bot[0m[2m:[0m découverte gamma: requête Gamma: error sending request for url (https://gamma-api.polymarket.com/events?slug=btc-updown-5m-1783248300): client error (Connect): tunnel error: failed to create underlying connection: tcp connect error: Connection refused (os error 111)
[2m2026-07-05T10:48:58.503004Z[0m [33m WARN[0m [2mpm_bot[0m[2m:[0m découverte gamma: requête Gamma: error sending request for url (https://gamma-api.polymarket.com/events?slug=btc-updown-5m-1783248300): client error (Connect): tunnel error: failed to create underlying connection: tcp connect error: Connection refused (os error 111)
[2m2026-07-05T10:49:03.503907Z[0m [33m WARN[0m [2mpm_bot[0m[2m:[0m découverte gamma: requête Gamma: error sending request for url (https://gamma-api.polymarket.com/events?slug=btc-updown-5m-1783248300): client error (Connect): tunnel error: failed to create underlying connection: tcp connect error: Connection refused (os error 111)
[2m2026-07-05T10:49:08.331356Z[0m [33m WARN[0m [2mpm_acquisition::rtds[0m[2m:[0m RTDS erreur: connexion au proxy 127.0.0.1:45417: Connection refused (os error 111)
[2m2026-07-05T10:49:08.504943Z[0m [33m WARN[0m [2mpm_bot[0m[2m:[0m découverte gamma: requête Gamma: error sending request for url (https://gamma-api.polymarket.com/events?slug=btc-updown-5m-1783248300): client error (Connect): tunnel error: failed to create underlying connection: tcp connect error: Connection refused (os error 111)
[2m2026-07-05T10:49:13.506846Z[0m [33m WARN[0m [2mpm_bot[0m[2m:[0m découverte gamma: requête Gamma: error sending request for url (https://gamma-api.polymarket.com/events?slug=btc-updown-5m-1783248300): client error (Connect): tunnel error: failed to create underlying connection: tcp connect error: Connection refused (os error 111)
[2m2026-07-05T10:49:18.508529Z[0m [33m WARN[0m [2mpm_bot[0m[2m:[0m découverte gamma: requête Gamma: error sending request for url (https://gamma-api.polymarket.com/events?slug=btc-updown-5m-1783248300): client error (Connect): tunnel error: failed to create underlying connection: tcp connect error: Connection refused (os error 111)
[2m2026-07-05T10:49:23.333275Z[0m [33m WARN[0m [2mpm_acquisition::rtds[0m[2m:[0m RTDS erreur: connexion au proxy 127.0.0.1:45417: Connection refused (os error 111)
[2m2026-07-05T10:49:23.509937Z[0m [33m WARN[0m [2mpm_bot[0m[2m:[0m découverte gamma: requête Gamma: error sending request for url (https://gamma-api.polymarket.com/events?slug=btc-updown-5m-1783248300): client error (Connect): tunnel error: failed to create underlying connection: tcp connect error: Connection refused (os error 111)
[2m2026-07-05T10:49:28.511339Z[0m [33m WARN[0m [2mpm_bot[0m[2m:[0m découverte gamma: requête Gamma: error sending request for url (https://gamma-api.polymarket.com/events?slug=btc-updown-5m-1783248300): client error (Connect): tunnel error: failed to create underlying connection: tcp connect error: Connection refused (os error 111)
[2m2026-07-05T10:49:33.512439Z[0m [33m WARN[0m [2mpm_bot[0m[2m:[0m découverte gamma: requête Gamma: error sending request for url (https://gamma-api.polymarket.com/events?slug=btc-updown-5m-1783248300): client error (Connect): tunnel error: failed to create underlying connection: tcp connect error: Connection refused (os error 111)
[2m2026-07-05T10:49:38.333692Z[0m [33m WARN[0m [2mpm_acquisition::rtds[0m[2m:[0m RTDS erreur: connexion au proxy 127.0.0.1:45417: Connection refused (os error 111)
[2m2026-07-05T10:49:38.514317Z[0m [33m WARN[0m [2mpm_bot[0m[2m:[0m découverte gamma: requête Gamma: error sending request for url (https://gamma-api.polymarket.com/events?slug=btc-updown-5m-1783248300): client error (Connect): tunnel error: failed to create underlying connection: tcp connect error: Connection refused (os error 111)
[2m2026-07-05T10:49:43.515464Z[0m [33m WARN[0m [2mpm_bot[0m[2m:[0m découverte gamma: requête Gamma: error sending request for url (https://gamma-api.polymarket.com/events?slug=btc-updown-5m-1783248300): client error (Connect): tunnel error: failed to create underlying connection: tcp connect error: Connection refused (os error 111)
[2m2026-07-05T10:49:48.517326Z[0m [33m WARN[0m [2mpm_bot[0m[2m:[0m découverte gamma: requête Gamma: error sending request for url (https://gamma-api.polymarket.com/events?slug=btc-updown-5m-1783248300): client error (Connect): tunnel error: failed to create underlying connection: tcp connect error: Connection refused (os error 111)
[2m2026-07-05T10:49:53.334746Z[0m [33m WARN[0m [2mpm_acquisition::rtds[0m[2m:[0m RTDS erreur: connexion au proxy 127.0.0.1:45417: Connection refused (os error 111)
[2m2026-07-05T10:49:53.518502Z[0m [33m WARN[0m [2mpm_bot[0m[2m:[0m découverte gamma: requête Gamma: error sending request for url (https://gamma-api.polymarket.com/events?slug=btc-updown-5m-1783248300): client error (Connect): tunnel error: failed to create underlying connection: tcp connect error: Connection refused (os error 111)
[2m2026-07-05T10:49:58.520147Z[0m [33m WARN[0m [2mpm_bot[0m[2m:[0m découverte gamma: requête Gamma: error sending request for url (https://gamma-api.polymarket.com/events?slug=btc-updown-5m-1783248300): client error (Connect): tunnel error: failed to create underlying connection: tcp connect error: Connection refused (os error 111)
[2m2026-07-05T10:50:03.521340Z[0m [33m WARN[0m [2mpm_bot[0m[2m:[0m découverte gamma: requête Gamma: error sending request for url (https://gamma-api.polymarket.com/events?slug=btc-updown-5m-1783248600): client error (Connect): tunnel error: failed to create underlying connection: tcp connect error: Connection refused (os error 111)
[2m2026-07-05T10:50:08.335656Z[0m [33m WARN[0m [2mpm_acquisition::rtds[0m[2m:[0m RTDS erreur: connexion au proxy 127.0.0.1:45417: Connection refused (os error 111)
[2m2026-07-05T10:50:08.522296Z[0m [33m WARN[0m [2mpm_bot[0m[2m:[0m découverte gamma: requête Gamma: error sending request for url (https://gamma-api.polymarket.com/events?slug=btc-updown-5m-1783248600): client error (Connect): tunnel error: failed to create underlying connection: tcp connect error: Connection refused (os error 111)
[2m2026-07-05T10:50:13.522899Z[0m [33m WARN[0m [2mpm_bot[0m[2m:[0m découverte gamma: requête Gamma: error sending request for url (https://gamma-api.polymarket.com/events?slug=btc-updown-5m-1783248600): client error (Connect): tunnel error: failed to create underlying connection: tcp connect error: Connection refused (os error 111)
[2m2026-07-05T10:50:18.523746Z[0m [33m WARN[0m [2mpm_bot[0m[2m:[0m découverte gamma: requête Gamma: error sending request for url (https://gamma-api.polymarket.com/events?slug=btc-updown-5m-1783248600): client error (Connect): tunnel error: failed to create underlying connection: tcp connect error: Connection refused (os error 111)
[2m2026-07-05T10:50:23.337209Z[0m [33m WARN[0m [2mpm_acquisition::rtds[0m[2m:[0m RTDS erreur: connexion au proxy 127.0.0.1:45417: Connection refused (os error 111)
[2m2026-07-05T10:50:23.524852Z[0m [33m WARN[0m [2mpm_bot[0m[2m:[0m découverte gamma: requête Gamma: error sending request for url (https://gamma-api.polymarket.com/events?slug=btc-updown-5m-1783248600): client error (Connect): tunnel error: failed to create underlying connection: tcp connect error: Connection refused (os error 111)
[2m2026-07-05T10:50:28.525832Z[0m [33m WARN[0m [2mpm_bot[0m[2m:[0m découverte gamma: requête Gamma: error sending request for url (https://gamma-api.polymarket.com/events?slug=btc-updown-5m-1783248600): client error (Connect): tunnel error: failed to create underlying connection: tcp connect error: Connection refused (os error 111)
[2m2026-07-05T10:50:33.527645Z[0m [33m WARN[0m [2mpm_bot[0m[2m:[0m découverte gamma: requête Gamma: error sending request for url (https://gamma-api.polymarket.com/events?slug=btc-updown-5m-1783248600): client error (Connect): tunnel error: failed to create underlying connection: tcp connect error: Connection refused (os error 111)
[2m2026-07-05T10:50:38.338172Z[0m [33m WARN[0m [2mpm_acquisition::rtds[0m[2m:[0m RTDS erreur: connexion au proxy 127.0.0.1:45417: Connection refused (os error 111)
[2m2026-07-05T10:50:38.529049Z[0m [33m WARN[0m [2mpm_bot[0m[2m:[0m découverte gamma: requête Gamma: error sending request for url (https://gamma-api.polymarket.com/events?slug=btc-updown-5m-1783248600): client error (Connect): tunnel error: failed to create underlying connection: tcp connect error: Connection refused (os error 111)
[2m2026-07-05T10:50:43.530283Z[0m [33m WARN[0m [2mpm_bot[0m[2m:[0m découverte gamma: requête Gamma: error sending request for url (https://gamma-api.polymarket.com/events?slug=btc-updown-5m-1783248600): client error (Connect): tunnel error: failed to create underlying connection: tcp connect error: Connection refused (os error 111)
[2m2026-07-05T10:50:48.531447Z[0m [33m WARN[0m [2mpm_bot[0m[2m:[0m découverte gamma: requête Gamma: error sending request for url (https://gamma-api.polymarket.com/events?slug=btc-updown-5m-1783248600): client error (Connect): tunnel error: failed to create underlying connection: tcp connect error: Connection refused (os error 111)
[2m2026-07-05T10:50:53.338768Z[0m [33m WARN[0m [2mpm_acquisition::rtds[0m[2m:[0m RTDS erreur: connexion au proxy 127.0.0.1:45417: Connection refused (os error 111)
[2m2026-07-05T10:50:53.533384Z[0m [33m WARN[0m [2mpm_bot[0m[2m:[0m découverte gamma: requête Gamma: error sending request for url (https://gamma-api.polymarket.com/events?slug=btc-updown-5m-1783248600): client error (Connect): tunnel error: failed to create underlying connection: tcp connect error: Connection refused (os error 111)
[2m2026-07-05T10:50:58.534705Z[0m [33m WARN[0m [2mpm_bot[0m[2m:[0m découverte gamma: requête Gamma: error sending request for url (https://gamma-api.polymarket.com/events?slug=btc-updown-5m-1783248600): client error (Connect): tunnel error: failed to create underlying connection: tcp connect error: Connection refused (os error 111)
[2m2026-07-05T10:51:03.536596Z[0m [33m WARN[0m [2mpm_bot[0m[2m:[0m découverte gamma: requête Gamma: error sending request for url (https://gamma-api.polymarket.com/events?slug=btc-updown-5m-1783248600): client error (Connect): tunnel error: failed to create underlying connection: tcp connect error: Connection refused (os error 111)
[2m2026-07-05T10:51:08.339985Z[0m [33m WARN[0m [2mpm_acquisition::rtds[0m[2m:[0m RTDS erreur: connexion au proxy 127.0.0.1:45417: Connection refused (os error 111)
[2m2026-07-05T10:51:08.538633Z[0m [33m WARN[0m [2mpm_bot[0m[2m:[0m découverte gamma: requête Gamma: error sending request for url (https://gamma-api.polymarket.com/events?slug=btc-updown-5m-1783248600): client error (Connect): tunnel error: failed to create underlying connection: tcp connect error: Connection refused (os error 111)
[2m2026-07-05T10:51:13.540081Z[0m [33m WARN[0m [2mpm_bot[0m[2m:[0m découverte gamma: requête Gamma: error sending request for url (https://gamma-api.polymarket.com/events?slug=btc-updown-5m-1783248600): client error (Connect): tunnel error: failed to create underlying connection: tcp connect error: Connection refused (os error 111)
[2m2026-07-05T10:51:18.540727Z[0m [33m WARN[0m [2mpm_bot[0m[2m:[0m découverte gamma: requête Gamma: error sending request for url (https://gamma-api.polymarket.com/events?slug=btc-updown-5m-1783248600): client error (Connect): tunnel error: failed to create underlying connection: tcp connect error: Connection refused (os error 111)
[2m2026-07-05T10:51:23.340618Z[0m [33m WARN[0m [2mpm_acquisition::rtds[0m[2m:[0m RTDS erreur: connexion au proxy 127.0.0.1:45417: Connection refused (os error 111)
[2m2026-07-05T10:51:23.542275Z[0m [33m WARN[0m [2mpm_bot[0m[2m:[0m découverte gamma: requête Gamma: error sending request for url (https://gamma-api.polymarket.com/events?slug=btc-updown-5m-1783248600): client error (Connect): tunnel error: failed to create underlying connection: tcp connect error: Connection refused (os error 111)
[2m2026-07-05T10:51:28.542720Z[0m [33m WARN[0m [2mpm_bot[0m[2m:[0m découverte gamma: requête Gamma: error sending request for url (https://gamma-api.polymarket.com/events?slug=btc-updown-5m-1783248600): client error (Connect): tunnel error: failed to create underlying connection: tcp connect error: Connection refused (os error 111)
[2m2026-07-05T10:51:33.544552Z[0m [33m WARN[0m [2mpm_bot[0m[2m:[0m découverte gamma: requête Gamma: error sending request for url (https://gamma-api.polymarket.com/events?slug=btc-updown-5m-1783248600): client error (Connect): tunnel error: failed to create underlying connection: tcp connect error: Connection refused (os error 111)
[2m2026-07-05T10:51:38.342431Z[0m [33m WARN[0m [2mpm_acquisition::rtds[0m[2m:[0m RTDS erreur: connexion au proxy 127.0.0.1:45417: Connection refused (os error 111)
[2m2026-07-05T10:51:38.546069Z[0m [33m WARN[0m [2mpm_bot[0m[2m:[0m découverte gamma: requête Gamma: error sending request for url (https://gamma-api.polymarket.com/events?slug=btc-updown-5m-1783248600): client error (Connect): tunnel error: failed to create underlying connection: tcp connect error: Connection refused (os error 111)
[2m2026-07-05T10:51:43.547625Z[0m [33m WARN[0m [2mpm_bot[0m[2m:[0m découverte gamma: requête Gamma: error sending request for url (https://gamma-api.polymarket.com/events?slug=btc-updown-5m-1783248600): client error (Connect): tunnel error: failed to create underlying connection: tcp connect error: Connection refused (os error 111)
[2m2026-07-05T10:51:48.549636Z[0m [33m WARN[0m [2mpm_bot[0m[2m:[0m découverte gamma: requête Gamma: error sending request for url (https://gamma-api.polymarket.com/events?slug=btc-updown-5m-1783248600): client error (Connect): tunnel error: failed to create underlying connection: tcp connect error: Connection refused (os error 111)
[2m2026-07-05T10:51:53.343822Z[0m [33m WARN[0m [2mpm_acquisition::rtds[0m[2m:[0m RTDS erreur: connexion au proxy 127.0.0.1:45417: Connection refused (os error 111)
[2m2026-07-05T10:51:53.551579Z[0m [33m WARN[0m [2mpm_bot[0m[2m:[0m découverte gamma: requête Gamma: error sending request for url (https://gamma-api.polymarket.com/events?slug=btc-updown-5m-1783248600): client error (Connect): tunnel error: failed to create underlying connection: tcp connect error: Connection refused (os error 111)
[2m2026-07-05T10:51:58.553263Z[0m [33m WARN[0m [2mpm_bot[0m[2m:[0m découverte gamma: requête Gamma: error sending request for url (https://gamma-api.polymarket.com/events?slug=btc-updown-5m-1783248600): client error (Connect): tunnel error: failed to create underlying connection: tcp connect error: Connection refused (os error 111)
[2m2026-07-05T10:52:03.554548Z[0m [33m WARN[0m [2mpm_bot[0m[2m:[0m découverte gamma: requête Gamma: error sending request for url (https://gamma-api.polymarket.com/events?slug=btc-updown-5m-1783248600): client error (Connect): tunnel error: failed to create underlying connection: tcp connect error: Connection refused (os error 111)
[2m2026-07-05T10:52:08.345567Z[0m [33m WARN[0m [2mpm_acquisition::rtds[0m[2m:[0m RTDS erreur: connexion au proxy 127.0.0.1:45417: Connection refused (os error 111)
[2m2026-07-05T10:52:08.556177Z[0m [33m WARN[0m [2mpm_bot[0m[2m:[0m découverte gamma: requête Gamma: error sending request for url (https://gamma-api.polymarket.com/events?slug=btc-updown-5m-1783248600): client error (Connect): tunnel error: failed to create underlying connection: tcp connect error: Connection refused (os error 111)
[2m2026-07-05T10:52:13.557578Z[0m [33m WARN[0m [2mpm_bot[0m[2m:[0m découverte gamma: requête Gamma: error sending request for url (https://gamma-api.polymarket.com/events?slug=btc-updown-5m-1783248600): client error (Connect): tunnel error: failed to create underlying connection: tcp connect error: Connection refused (os error 111)
[2m2026-07-05T10:52:18.558956Z[0m [33m WARN[0m [2mpm_bot[0m[2m:[0m découverte gamma: requête Gamma: error sending request for url (https://gamma-api.polymarket.com/events?slug=btc-updown-5m-1783248600): client error (Connect): tunnel error: failed to create underlying connection: tcp connect error: Connection refused (os error 111)
[2m2026-07-05T10:52:23.346965Z[0m [33m WARN[0m [2mpm_acquisition::rtds[0m[2m:[0m RTDS erreur: connexion au proxy 127.0.0.1:45417: Connection refused (os error 111)
[2m2026-07-05T10:52:23.560670Z[0m [33m WARN[0m [2mpm_bot[0m[2m:[0m découverte gamma: requête Gamma: error sending request for url (https://gamma-api.polymarket.com/events?slug=btc-updown-5m-1783248600): client error (Connect): tunnel error: failed to create underlying connection: tcp connect error: Connection refused (os error 111)
[2m2026-07-05T10:52:28.561935Z[0m [33m WARN[0m [2mpm_bot[0m[2m:[0m découverte gamma: requête Gamma: error sending request for url (https://gamma-api.polymarket.com/events?slug=btc-updown-5m-1783248600): client error (Connect): tunnel error: failed to create underlying connection: tcp connect error: Connection refused (os error 111)
[2m2026-07-05T10:52:33.562794Z[0m [33m WARN[0m [2mpm_bot[0m[2m:[0m découverte gamma: requête Gamma: error sending request for url (https://gamma-api.polymarket.com/events?slug=btc-updown-5m-1783248600): client error (Connect): tunnel error: failed to create underlying connection: tcp connect error: Connection refused (os error 111)
[2m2026-07-05T10:52:38.348170Z[0m [33m WARN[0m [2mpm_acquisition::rtds[0m[2m:[0m RTDS erreur: connexion au proxy 127.0.0.1:45417: Connection refused (os error 111)
[2m2026-07-05T10:52:38.564081Z[0m [33m WARN[0m [2mpm_bot[0m[2m:[0m découverte gamma: requête Gamma: error sending request for url (https://gamma-api.polymarket.com/events?slug=btc-updown-5m-1783248600): client error (Connect): tunnel error: failed to create underlying connection: tcp connect error: Connection refused (os error 111)
[2m2026-07-05T10:52:43.565215Z[0m [33m WARN[0m [2mpm_bot[0m[2m:[0m découverte gamma: requête Gamma: error sending request for url (https://gamma-api.polymarket.com/events?slug=btc-updown-5m-1783248600): client error (Connect): tunnel error: failed to create underlying connection: tcp connect error: Connection refused (os error 111)
[2m2026-07-05T10:52:48.566025Z[0m [33m WARN[0m [2mpm_bot[0m[2m:[0m découverte gamma: requête Gamma: error sending request for url (https://gamma-api.polymarket.com/events?slug=btc-updown-5m-1783248600): client error (Connect): tunnel error: failed to create underlying connection: tcp connect error: Connection refused (os error 111)
[2m2026-07-05T10:52:53.349430Z[0m [33m WARN[0m [2mpm_acquisition::rtds[0m[2m:[0m RTDS erreur: connexion au proxy 127.0.0.1:45417: Connection refused (os error 111)
[2m2026-07-05T10:52:53.567191Z[0m [33m WARN[0m [2mpm_bot[0m[2m:[0m découverte gamma: requête Gamma: error sending request for url (https://gamma-api.polymarket.com/events?slug=btc-updown-5m-1783248600): client error (Connect): tunnel error: failed to create underlying connection: tcp connect error: Connection refused (os error 111)
[2m2026-07-05T10:52:58.567850Z[0m [33m WARN[0m [2mpm_bot[0m[2m:[0m découverte gamma: requête Gamma: error sending request for url (https://gamma-api.polymarket.com/events?slug=btc-updown-5m-1783248600): client error (Connect): tunnel error: failed to create underlying connection: tcp connect error: Connection refused (os error 111)
[2m2026-07-05T10:53:03.569059Z[0m [33m WARN[0m [2mpm_bot[0m[2m:[0m découverte gamma: requête Gamma: error sending request for url (https://gamma-api.polymarket.com/events?slug=btc-updown-5m-1783248600): client error (Connect): tunnel error: failed to create underlying connection: tcp connect error: Connection refused (os error 111)
[2m2026-07-05T10:53:08.351013Z[0m [33m WARN[0m [2mpm_acquisition::rtds[0m[2m:[0m RTDS erreur: connexion au proxy 127.0.0.1:45417: Connection refused (os error 111)
[2m2026-07-05T10:53:08.569886Z[0m [33m WARN[0m [2mpm_bot[0m[2m:[0m découverte gamma: requête Gamma: error sending request for url (https://gamma-api.polymarket.com/events?slug=btc-updown-5m-1783248600): client error (Connect): tunnel error: failed to create underlying connection: tcp connect error: Connection refused (os error 111)
[2m2026-07-05T10:53:13.571144Z[0m [33m WARN[0m [2mpm_bot[0m[2m:[0m découverte gamma: requête Gamma: error sending request for url (https://gamma-api.polymarket.com/events?slug=btc-updown-5m-1783248600): client error (Connect): tunnel error: failed to create underlying connection: tcp connect error: Connection refused (os error 111)
[2m2026-07-05T10:53:18.572404Z[0m [33m WARN[0m [2mpm_bot[0m[2m:[0m découverte gamma: requête Gamma: error sending request for url (https://gamma-api.polymarket.com/events?slug=btc-updown-5m-1783248600): client error (Connect): tunnel error: failed to create underlying connection: tcp connect error: Connection refused (os error 111)
[2m2026-07-05T10:53:23.352047Z[0m [33m WARN[0m [2mpm_acquisition::rtds[0m[2m:[0m RTDS erreur: connexion au proxy 127.0.0.1:45417: Connection refused (os error 111)
[2m2026-07-05T10:53:23.573928Z[0m [33m WARN[0m [2mpm_bot[0m[2m:[0m découverte gamma: requête Gamma: error sending request for url (https://gamma-api.polymarket.com/events?slug=btc-updown-5m-1783248600): client error (Connect): tunnel error: failed to create underlying connection: tcp connect error: Connection refused (os error 111)
[2m2026-07-05T10:53:28.575402Z[0m [33m WARN[0m [2mpm_bot[0m[2m:[0m découverte gamma: requête Gamma: error sending request for url (https://gamma-api.polymarket.com/events?slug=btc-updown-5m-1783248600): client error (Connect): tunnel error: failed to create underlying connection: tcp connect error: Connection refused (os error 111)
[2m2026-07-05T10:53:33.577092Z[0m [33m WARN[0m [2mpm_bot[0m[2m:[0m découverte gamma: requête Gamma: error sending request for url (https://gamma-api.polymarket.com/events?slug=btc-updown-5m-1783248600): client error (Connect): tunnel error: failed to create underlying connection: tcp connect error: Connection refused (os error 111)
[2m2026-07-05T10:53:38.353044Z[0m [33m WARN[0m [2mpm_acquisition::rtds[0m[2m:[0m RTDS erreur: connexion au proxy 127.0.0.1:45417: Connection refused (os error 111)
[2m2026-07-05T10:53:38.577792Z[0m [33m WARN[0m [2mpm_bot[0m[2m:[0m découverte gamma: requête Gamma: error sending request for url (https://gamma-api.polymarket.com/events?slug=btc-updown-5m-1783248600): client error (Connect): tunnel error: failed to create underlying connection: tcp connect error: Connection refused (os error 111)
[2m2026-07-05T10:53:43.578683Z[0m [33m WARN[0m [2mpm_bot[0m[2m:[0m découverte gamma: requête Gamma: error sending request for url (https://gamma-api.polymarket.com/events?slug=btc-updown-5m-1783248600): client error (Connect): tunnel error: failed to create underlying connection: tcp connect error: Connection refused (os error 111)
[2m2026-07-05T10:53:48.580035Z[0m [33m WARN[0m [2mpm_bot[0m[2m:[0m découverte gamma: requête Gamma: error sending request for url (https://gamma-api.polymarket.com/events?slug=btc-updown-5m-1783248600): client error (Connect): tunnel error: failed to create underlying connection: tcp connect error: Connection refused (os error 111)
[2m2026-07-05T10:53:53.353884Z[0m [33m WARN[0m [2mpm_acquisition::rtds[0m[2m:[0m RTDS erreur: connexion au proxy 127.0.0.1:45417: Connection refused (os error 111)
[2m2026-07-05T10:53:53.581553Z[0m [33m WARN[0m [2mpm_bot[0m[2m:[0m découverte gamma: requête Gamma: error sending request for url (https://gamma-api.polymarket.com/events?slug=btc-updown-5m-1783248600): client error (Connect): tunnel error: failed to create underlying connection: tcp connect error: Connection refused (os error 111)
[2m2026-07-05T10:53:58.583362Z[0m [33m WARN[0m [2mpm_bot[0m[2m:[0m découverte gamma: requête Gamma: error sending request for url (https://gamma-api.polymarket.com/events?slug=btc-updown-5m-1783248600): client error (Connect): tunnel error: failed to create underlying connection: tcp connect error: Connection refused (os error 111)
[2m2026-07-05T10:54:03.584937Z[0m [33m WARN[0m [2mpm_bot[0m[2m:[0m découverte gamma: requête Gamma: error sending request for url (https://gamma-api.polymarket.com/events?slug=btc-updown-5m-1783248600): client error (Connect): tunnel error: failed to create underlying connection: tcp connect error: Connection refused (os error 111)
[2m2026-07-05T10:54:08.355466Z[0m [33m WARN[0m [2mpm_acquisition::rtds[0m[2m:[0m RTDS erreur: connexion au proxy 127.0.0.1:45417: Connection refused (os error 111)
[2m2026-07-05T10:54:08.586477Z[0m [33m WARN[0m [2mpm_bot[0m[2m:[0m découverte gamma: requête Gamma: error sending request for url (https://gamma-api.polymarket.com/events?slug=btc-updown-5m-1783248600): client error (Connect): tunnel error: failed to create underlying connection: tcp connect error: Connection refused (os error 111)
[2m2026-07-05T10:54:13.588133Z[0m [33m WARN[0m [2mpm_bot[0m[2m:[0m découverte gamma: requête Gamma: error sending request for url (https://gamma-api.polymarket.com/events?slug=btc-updown-5m-1783248600): client error (Connect): tunnel error: failed to create underlying connection: tcp connect error: Connection refused (os error 111)
[2m2026-07-05T10:54:18.588756Z[0m [33m WARN[0m [2mpm_bot[0m[2m:[0m découverte gamma: requête Gamma: error sending request for url (https://gamma-api.polymarket.com/events?slug=btc-updown-5m-1783248600): client error (Connect): tunnel error: failed to create underlying connection: tcp connect error: Connection refused (os error 111)
[2m2026-07-05T10:54:23.357225Z[0m [33m WARN[0m [2mpm_acquisition::rtds[0m[2m:[0m RTDS erreur: connexion au proxy 127.0.0.1:45417: Connection refused (os error 111)
[2m2026-07-05T10:54:23.589941Z[0m [33m WARN[0m [2mpm_bot[0m[2m:[0m découverte gamma: requête Gamma: error sending request for url (https://gamma-api.polymarket.com/events?slug=btc-updown-5m-1783248600): client error (Connect): tunnel error: failed to create underlying connection: tcp connect error: Connection refused (os error 111)
[2m2026-07-05T10:54:28.591422Z[0m [33m WARN[0m [2mpm_bot[0m[2m:[0m découverte gamma: requête Gamma: error sending request for url (https://gamma-api.polymarket.com/events?slug=btc-updown-5m-1783248600): client error (Connect): tunnel error: failed to create underlying connection: tcp connect error: Connection refused (os error 111)
[2m2026-07-05T10:54:33.593024Z[0m [33m WARN[0m [2mpm_bot[0m[2m:[0m découverte gamma: requête Gamma: error sending request for url (https://gamma-api.polymarket.com/events?slug=btc-updown-5m-1783248600): client error (Connect): tunnel error: failed to create underlying connection: tcp connect error: Connection refused (os error 111)
[2m2026-07-05T10:54:38.358538Z[0m [33m WARN[0m [2mpm_acquisition::rtds[0m[2m:[0m RTDS erreur: connexion au proxy 127.0.0.1:45417: Connection refused (os error 111)
[2m2026-07-05T10:54:38.594357Z[0m [33m WARN[0m [2mpm_bot[0m[2m:[0m découverte gamma: requête Gamma: error sending request for url (https://gamma-api.polymarket.com/events?slug=btc-updown-5m-1783248600): client error (Connect): tunnel error: failed to create underlying connection: tcp connect error: Connection refused (os error 111)
[2m2026-07-05T10:54:43.594850Z[0m [33m WARN[0m [2mpm_bot[0m[2m:[0m découverte gamma: requête Gamma: error sending request for url (https://gamma-api.polymarket.com/events?slug=btc-updown-5m-1783248600): client error (Connect): tunnel error: failed to create underlying connection: tcp connect error: Connection refused (os error 111)
[2m2026-07-05T10:54:48.596222Z[0m [33m WARN[0m [2mpm_bot[0m[2m:[0m découverte gamma: requête Gamma: error sending request for url (https://gamma-api.polymarket.com/events?slug=btc-updown-5m-1783248600): client error (Connect): tunnel error: failed to create underlying connection: tcp connect error: Connection refused (os error 111)
[2m2026-07-05T10:54:53.360500Z[0m [33m WARN[0m [2mpm_acquisition::rtds[0m[2m:[0m RTDS erreur: connexion au proxy 127.0.0.1:45417: Connection refused (os error 111)
[2m2026-07-05T10:54:53.597281Z[0m [33m WARN[0m [2mpm_bot[0m[2m:[0m découverte gamma: requête Gamma: error sending request for url (https://gamma-api.polymarket.com/events?slug=btc-updown-5m-1783248600): client error (Connect): tunnel error: failed to create underlying connection: tcp connect error: Connection refused (os error 111)
[2m2026-07-05T10:54:58.597752Z[0m [33m WARN[0m [2mpm_bot[0m[2m:[0m découverte gamma: requête Gamma: error sending request for url (https://gamma-api.polymarket.com/events?slug=btc-updown-5m-1783248600): client error (Connect): tunnel error: failed to create underlying connection: tcp connect error: Connection refused (os error 111)
[2m2026-07-05T10:55:03.599348Z[0m [33m WARN[0m [2mpm_bot[0m[2m:[0m découverte gamma: requête Gamma: error sending request for url (https://gamma-api.polymarket.com/events?slug=btc-updown-5m-1783248900): client error (Connect): tunnel error: failed to create underlying connection: tcp connect error: Connection refused (os error 111)
[2m2026-07-05T10:55:08.362194Z[0m [33m WARN[0m [2mpm_acquisition::rtds[0m[2m:[0m RTDS erreur: connexion au proxy 127.0.0.1:45417: Connection refused (os error 111)
[2m2026-07-05T10:55:08.600037Z[0m [33m WARN[0m [2mpm_bot[0m[2m:[0m découverte gamma: requête Gamma: error sending request for url (https://gamma-api.polymarket.com/events?slug=btc-updown-5m-1783248900): client error (Connect): tunnel error: failed to create underlying connection: tcp connect error: Connection refused (os error 111)
[2m2026-07-05T10:55:13.601301Z[0m [33m WARN[0m [2mpm_bot[0m[2m:[0m découverte gamma: requête Gamma: error sending request for url (https://gamma-api.polymarket.com/events?slug=btc-updown-5m-1783248900): client error (Connect): tunnel error: failed to create underlying connection: tcp connect error: Connection refused (os error 111)
[2m2026-07-05T10:55:18.602474Z[0m [33m WARN[0m [2mpm_bot[0m[2m:[0m découverte gamma: requête Gamma: error sending request for url (https://gamma-api.polymarket.com/events?slug=btc-updown-5m-1783248900): client error (Connect): tunnel error: failed to create underlying connection: tcp connect error: Connection refused (os error 111)
[2m2026-07-05T10:55:23.363059Z[0m [33m WARN[0m [2mpm_acquisition::rtds[0m[2m:[0m RTDS erreur: connexion au proxy 127.0.0.1:45417: Connection refused (os error 111)
[2m2026-07-05T10:55:23.603787Z[0m [33m WARN[0m [2mpm_bot[0m[2m:[0m découverte gamma: requête Gamma: error sending request for url (https://gamma-api.polymarket.com/events?slug=btc-updown-5m-1783248900): client error (Connect): tunnel error: failed to create underlying connection: tcp connect error: Connection refused (os error 111)
[2m2026-07-05T10:55:28.605328Z[0m [33m WARN[0m [2mpm_bot[0m[2m:[0m découverte gamma: requête Gamma: error sending request for url (https://gamma-api.polymarket.com/events?slug=btc-updown-5m-1783248900): client error (Connect): tunnel error: failed to create underlying connection: tcp connect error: Connection refused (os error 111)
[2m2026-07-05T10:55:33.606649Z[0m [33m WARN[0m [2mpm_bot[0m[2m:[0m découverte gamma: requête Gamma: error sending request for url (https://gamma-api.polymarket.com/events?slug=btc-updown-5m-1783248900): client error (Connect): tunnel error: failed to create underlying connection: tcp connect error: Connection refused (os error 111)
[2m2026-07-05T10:55:38.363709Z[0m [33m WARN[0m [2mpm_acquisition::rtds[0m[2m:[0m RTDS erreur: connexion au proxy 127.0.0.1:45417: Connection refused (os error 111)
[2m2026-07-05T10:55:38.608414Z[0m [33m WARN[0m [2mpm_bot[0m[2m:[0m découverte gamma: requête Gamma: error sending request for url (https://gamma-api.polymarket.com/events?slug=btc-updown-5m-1783248900): client error (Connect): tunnel error: failed to create underlying connection: tcp connect error: Connection refused (os error 111)
[2m2026-07-05T10:55:43.610201Z[0m [33m WARN[0m [2mpm_bot[0m[2m:[0m découverte gamma: requête Gamma: error sending request for url (https://gamma-api.polymarket.com/events?slug=btc-updown-5m-1783248900): client error (Connect): tunnel error: failed to create underlying connection: tcp connect error: Connection refused (os error 111)
[2m2026-07-05T10:55:48.611211Z[0m [33m WARN[0m [2mpm_bot[0m[2m:[0m découverte gamma: requête Gamma: error sending request for url (https://gamma-api.polymarket.com/events?slug=btc-updown-5m-1783248900): client error (Connect): tunnel error: failed to create underlying connection: tcp connect error: Connection refused (os error 111)
[2m2026-07-05T10:55:53.364923Z[0m [33m WARN[0m [2mpm_acquisition::rtds[0m[2m:[0m RTDS erreur: connexion au proxy 127.0.0.1:45417: Connection refused (os error 111)
[2m2026-07-05T10:55:53.611672Z[0m [33m WARN[0m [2mpm_bot[0m[2m:[0m découverte gamma: requête Gamma: error sending request for url (https://gamma-api.polymarket.com/events?slug=btc-updown-5m-1783248900): client error (Connect): tunnel error: failed to create underlying connection: tcp connect error: Connection refused (os error 111)
[2m2026-07-05T10:55:58.613639Z[0m [33m WARN[0m [2mpm_bot[0m[2m:[0m découverte gamma: requête Gamma: error sending request for url (https://gamma-api.polymarket.com/events?slug=btc-updown-5m-1783248900): client error (Connect): tunnel error: failed to create underlying connection: tcp connect error: Connection refused (os error 111)
[2m2026-07-05T10:56:03.615408Z[0m [33m WARN[0m [2mpm_bot[0m[2m:[0m découverte gamma: requête Gamma: error sending request for url (https://gamma-api.polymarket.com/events?slug=btc-updown-5m-1783248900): client error (Connect): tunnel error: failed to create underlying connection: tcp connect error: Connection refused (os error 111)
[2m2026-07-05T10:56:08.366429Z[0m [33m WARN[0m [2mpm_acquisition::rtds[0m[2m:[0m RTDS erreur: connexion au proxy 127.0.0.1:45417: Connection refused (os error 111)
[2m2026-07-05T10:56:08.617196Z[0m [33m WARN[0m [2mpm_bot[0m[2m:[0m découverte gamma: requête Gamma: error sending request for url (https://gamma-api.polymarket.com/events?slug=btc-updown-5m-1783248900): client error (Connect): tunnel error: failed to create underlying connection: tcp connect error: Connection refused (os error 111)
[2m2026-07-05T10:56:13.617722Z[0m [33m WARN[0m [2mpm_bot[0m[2m:[0m découverte gamma: requête Gamma: error sending request for url (https://gamma-api.polymarket.com/events?slug=btc-updown-5m-1783248900): client error (Connect): tunnel error: failed to create underlying connection: tcp connect error: Connection refused (os error 111)
[2m2026-07-05T10:56:18.619071Z[0m [33m WARN[0m [2mpm_bot[0m[2m:[0m découverte gamma: requête Gamma: error sending request for url (https://gamma-api.polymarket.com/events?slug=btc-updown-5m-1783248900): client error (Connect): tunnel error: failed to create underlying connection: tcp connect error: Connection refused (os error 111)
[2m2026-07-05T10:56:23.368175Z[0m [33m WARN[0m [2mpm_acquisition::rtds[0m[2m:[0m RTDS erreur: connexion au proxy 127.0.0.1:45417: Connection refused (os error 111)
[2m2026-07-05T10:56:23.619980Z[0m [33m WARN[0m [2mpm_bot[0m[2m:[0m découverte gamma: requête Gamma: error sending request for url (https://gamma-api.polymarket.com/events?slug=btc-updown-5m-1783248900): client error (Connect): tunnel error: failed to create underlying connection: tcp connect error: Connection refused (os error 111)
[2m2026-07-05T10:56:28.621305Z[0m [33m WARN[0m [2mpm_bot[0m[2m:[0m découverte gamma: requête Gamma: error sending request for url (https://gamma-api.polymarket.com/events?slug=btc-updown-5m-1783248900): client error (Connect): tunnel error: failed to create underlying connection: tcp connect error: Connection refused (os error 111)
[2m2026-07-05T10:56:33.621945Z[0m [33m WARN[0m [2mpm_bot[0m[2m:[0m découverte gamma: requête Gamma: error sending request for url (https://gamma-api.polymarket.com/events?slug=btc-updown-5m-1783248900): client error (Connect): tunnel error: failed to create underlying connection: tcp connect error: Connection refused (os error 111)
[2m2026-07-05T10:56:38.369519Z[0m [33m WARN[0m [2mpm_acquisition::rtds[0m[2m:[0m RTDS erreur: connexion au proxy 127.0.0.1:45417: Connection refused (os error 111)
[2m2026-07-05T10:56:38.623231Z[0m [33m WARN[0m [2mpm_bot[0m[2m:[0m découverte gamma: requête Gamma: error sending request for url (https://gamma-api.polymarket.com/events?slug=btc-updown-5m-1783248900): client error (Connect): tunnel error: failed to create underlying connection: tcp connect error: Connection refused (os error 111)
[2m2026-07-05T10:56:43.624557Z[0m [33m WARN[0m [2mpm_bot[0m[2m:[0m découverte gamma: requête Gamma: error sending request for url (https://gamma-api.polymarket.com/events?slug=btc-updown-5m-1783248900): client error (Connect): tunnel error: failed to create underlying connection: tcp connect error: Connection refused (os error 111)
[2m2026-07-05T10:56:48.626006Z[0m [33m WARN[0m [2mpm_bot[0m[2m:[0m découverte gamma: requête Gamma: error sending request for url (https://gamma-api.polymarket.com/events?slug=btc-updown-5m-1783248900): client error (Connect): tunnel error: failed to create underlying connection: tcp connect error: Connection refused (os error 111)
[2m2026-07-05T10:56:53.370679Z[0m [33m WARN[0m [2mpm_acquisition::rtds[0m[2m:[0m RTDS erreur: connexion au proxy 127.0.0.1:45417: Connection refused (os error 111)
[2m2026-07-05T10:56:53.627454Z[0m [33m WARN[0m [2mpm_bot[0m[2m:[0m découverte gamma: requête Gamma: error sending request for url (https://gamma-api.polymarket.com/events?slug=btc-updown-5m-1783248900): client error (Connect): tunnel error: failed to create underlying connection: tcp connect error: Connection refused (os error 111)
[2m2026-07-05T10:56:58.628886Z[0m [33m WARN[0m [2mpm_bot[0m[2m:[0m découverte gamma: requête Gamma: error sending request for url (https://gamma-api.polymarket.com/events?slug=btc-updown-5m-1783248900): client error (Connect): tunnel error: failed to create underlying connection: tcp connect error: Connection refused (os error 111)
[2m2026-07-05T10:57:03.630650Z[0m [33m WARN[0m [2mpm_bot[0m[2m:[0m découverte gamma: requête Gamma: error sending request for url (https://gamma-api.polymarket.com/events?slug=btc-updown-5m-1783248900): client error (Connect): tunnel error: failed to create underlying connection: tcp connect error: Connection refused (os error 111)
[2m2026-07-05T10:57:08.372337Z[0m [33m WARN[0m [2mpm_acquisition::rtds[0m[2m:[0m RTDS erreur: connexion au proxy 127.0.0.1:45417: Connection refused (os error 111)
[2m2026-07-05T10:57:08.632024Z[0m [33m WARN[0m [2mpm_bot[0m[2m:[0m découverte gamma: requête Gamma: error sending request for url (https://gamma-api.polymarket.com/events?slug=btc-updown-5m-1783248900): client error (Connect): tunnel error: failed to create underlying connection: tcp connect error: Connection refused (os error 111)
[2m2026-07-05T10:57:13.633462Z[0m [33m WARN[0m [2mpm_bot[0m[2m:[0m découverte gamma: requête Gamma: error sending request for url (https://gamma-api.polymarket.com/events?slug=btc-updown-5m-1783248900): client error (Connect): tunnel error: failed to create underlying connection: tcp connect error: Connection refused (os error 111)
[2m2026-07-05T10:57:18.634960Z[0m [33m WARN[0m [2mpm_bot[0m[2m:[0m découverte gamma: requête Gamma: error sending request for url (https://gamma-api.polymarket.com/events?slug=btc-updown-5m-1783248900): client error (Connect): tunnel error: failed to create underlying connection: tcp connect error: Connection refused (os error 111)
[2m2026-07-05T10:57:23.373056Z[0m [33m WARN[0m [2mpm_acquisition::rtds[0m[2m:[0m RTDS erreur: connexion au proxy 127.0.0.1:45417: Connection refused (os error 111)
[2m2026-07-05T10:57:23.635726Z[0m [33m WARN[0m [2mpm_bot[0m[2m:[0m découverte gamma: requête Gamma: error sending request for url (https://gamma-api.polymarket.com/events?slug=btc-updown-5m-1783248900): client error (Connect): tunnel error: failed to create underlying connection: tcp connect error: Connection refused (os error 111)
[2m2026-07-05T10:57:28.637316Z[0m [33m WARN[0m [2mpm_bot[0m[2m:[0m découverte gamma: requête Gamma: error sending request for url (https://gamma-api.polymarket.com/events?slug=btc-updown-5m-1783248900): client error (Connect): tunnel error: failed to create underlying connection: tcp connect error: Connection refused (os error 111)
[2m2026-07-05T10:57:33.637948Z[0m [33m WARN[0m [2mpm_bot[0m[2m:[0m découverte gamma: requête Gamma: error sending request for url (https://gamma-api.polymarket.com/events?slug=btc-updown-5m-1783248900): client error (Connect): tunnel error: failed to create underlying connection: tcp connect error: Connection refused (os error 111)
[2m2026-07-05T10:57:38.373915Z[0m [33m WARN[0m [2mpm_acquisition::rtds[0m[2m:[0m RTDS erreur: connexion au proxy 127.0.0.1:45417: Connection refused (os error 111)
[2m2026-07-05T10:57:38.638692Z[0m [33m WARN[0m [2mpm_bot[0m[2m:[0m découverte gamma: requête Gamma: error sending request for url (https://gamma-api.polymarket.com/events?slug=btc-updown-5m-1783248900): client error (Connect): tunnel error: failed to create underlying connection: tcp connect error: Connection refused (os error 111)
[2m2026-07-05T10:57:43.640188Z[0m [33m WARN[0m [2mpm_bot[0m[2m:[0m découverte gamma: requête Gamma: error sending request for url (https://gamma-api.polymarket.com/events?slug=btc-updown-5m-1783248900): client error (Connect): tunnel error: failed to create underlying connection: tcp connect error: Connection refused (os error 111)
[2m2026-07-05T10:57:48.641391Z[0m [33m WARN[0m [2mpm_bot[0m[2m:[0m découverte gamma: requête Gamma: error sending request for url (https://gamma-api.polymarket.com/events?slug=btc-updown-5m-1783248900): client error (Connect): tunnel error: failed to create underlying connection: tcp connect error: Connection refused (os error 111)
[2m2026-07-05T10:57:53.374871Z[0m [33m WARN[0m [2mpm_acquisition::rtds[0m[2m:[0m RTDS erreur: connexion au proxy 127.0.0.1:45417: Connection refused (os error 111)
[2m2026-07-05T10:57:53.643539Z[0m [33m WARN[0m [2mpm_bot[0m[2m:[0m découverte gamma: requête Gamma: error sending request for url (https://gamma-api.polymarket.com/events?slug=btc-updown-5m-1783248900): client error (Connect): tunnel error: failed to create underlying connection: tcp connect error: Connection refused (os error 111)
[2m2026-07-05T10:57:58.644926Z[0m [33m WARN[0m [2mpm_bot[0m[2m:[0m découverte gamma: requête Gamma: error sending request for url (https://gamma-api.polymarket.com/events?slug=btc-updown-5m-1783248900): client error (Connect): tunnel error: failed to create underlying connection: tcp connect error: Connection refused (os error 111)
[2m2026-07-05T10:58:03.646493Z[0m [33m WARN[0m [2mpm_bot[0m[2m:[0m découverte gamma: requête Gamma: error sending request for url (https://gamma-api.polymarket.com/events?slug=btc-updown-5m-1783248900): client error (Connect): tunnel error: failed to create underlying connection: tcp connect error: Connection refused (os error 111)
[2m2026-07-05T10:58:08.376615Z[0m [33m WARN[0m [2mpm_acquisition::rtds[0m[2m:[0m RTDS erreur: connexion au proxy 127.0.0.1:45417: Connection refused (os error 111)
[2m2026-07-05T10:58:08.648411Z[0m [33m WARN[0m [2mpm_bot[0m[2m:[0m découverte gamma: requête Gamma: error sending request for url (https://gamma-api.polymarket.com/events?slug=btc-updown-5m-1783248900): client error (Connect): tunnel error: failed to create underlying connection: tcp connect error: Connection refused (os error 111)
[2m2026-07-05T10:58:13.650230Z[0m [33m WARN[0m [2mpm_bot[0m[2m:[0m découverte gamma: requête Gamma: error sending request for url (https://gamma-api.polymarket.com/events?slug=btc-updown-5m-1783248900): client error (Connect): tunnel error: failed to create underlying connection: tcp connect error: Connection refused (os error 111)
[2m2026-07-05T10:58:18.651060Z[0m [33m WARN[0m [2mpm_bot[0m[2m:[0m découverte gamma: requête Gamma: error sending request for url (https://gamma-api.polymarket.com/events?slug=btc-updown-5m-1783248900): client error (Connect): tunnel error: failed to create underlying connection: tcp connect error: Connection refused (os error 111)
[2m2026-07-05T10:58:23.378077Z[0m [33m WARN[0m [2mpm_acquisition::rtds[0m[2m:[0m RTDS erreur: connexion au proxy 127.0.0.1:45417: Connection refused (os error 111)
[2m2026-07-05T10:58:23.651827Z[0m [33m WARN[0m [2mpm_bot[0m[2m:[0m découverte gamma: requête Gamma: error sending request for url (https://gamma-api.polymarket.com/events?slug=btc-updown-5m-1783248900): client error (Connect): tunnel error: failed to create underlying connection: tcp connect error: Connection refused (os error 111)
[2m2026-07-05T10:58:28.653161Z[0m [33m WARN[0m [2mpm_bot[0m[2m:[0m découverte gamma: requête Gamma: error sending request for url (https://gamma-api.polymarket.com/events?slug=btc-updown-5m-1783248900): client error (Connect): tunnel error: failed to create underlying connection: tcp connect error: Connection refused (os error 111)
[2m2026-07-05T10:58:33.653766Z[0m [33m WARN[0m [2mpm_bot[0m[2m:[0m découverte gamma: requête Gamma: error sending request for url (https://gamma-api.polymarket.com/events?slug=btc-updown-5m-1783248900): client error (Connect): tunnel error: failed to create underlying connection: tcp connect error: Connection refused (os error 111)
[2m2026-07-05T10:58:38.378914Z[0m [33m WARN[0m [2mpm_acquisition::rtds[0m[2m:[0m RTDS erreur: connexion au proxy 127.0.0.1:45417: Connection refused (os error 111)
[2m2026-07-05T10:58:38.654918Z[0m [33m WARN[0m [2mpm_bot[0m[2m:[0m découverte gamma: requête Gamma: error sending request for url (https://gamma-api.polymarket.com/events?slug=btc-updown-5m-1783248900): client error (Connect): tunnel error: failed to create underlying connection: tcp connect error: Connection refused (os error 111)
[2m2026-07-05T10:58:43.656146Z[0m [33m WARN[0m [2mpm_bot[0m[2m:[0m découverte gamma: requête Gamma: error sending request for url (https://gamma-api.polymarket.com/events?slug=btc-updown-5m-1783248900): client error (Connect): tunnel error: failed to create underlying connection: tcp connect error: Connection refused (os error 111)
[2m2026-07-05T10:58:48.657340Z[0m [33m WARN[0m [2mpm_bot[0m[2m:[0m découverte gamma: requête Gamma: error sending request for url (https://gamma-api.polymarket.com/events?slug=btc-updown-5m-1783248900): client error (Connect): tunnel error: failed to create underlying connection: tcp connect error: Connection refused (os error 111)
[2m2026-07-05T10:58:53.379978Z[0m [33m WARN[0m [2mpm_acquisition::rtds[0m[2m:[0m RTDS erreur: connexion au proxy 127.0.0.1:45417: Connection refused (os error 111)
[2m2026-07-05T10:58:53.657902Z[0m [33m WARN[0m [2mpm_bot[0m[2m:[0m découverte gamma: requête Gamma: error sending request for url (https://gamma-api.polymarket.com/events?slug=btc-updown-5m-1783248900): client error (Connect): tunnel error: failed to create underlying connection: tcp connect error: Connection refused (os error 111)
[2m2026-07-05T10:58:58.659195Z[0m [33m WARN[0m [2mpm_bot[0m[2m:[0m découverte gamma: requête Gamma: error sending request for url (https://gamma-api.polymarket.com/events?slug=btc-updown-5m-1783248900): client error (Connect): tunnel error: failed to create underlying connection: tcp connect error: Connection refused (os error 111)
[2m2026-07-05T10:59:03.659826Z[0m [33m WARN[0m [2mpm_bot[0m[2m:[0m découverte gamma: requête Gamma: error sending request for url (https://gamma-api.polymarket.com/events?slug=btc-updown-5m-1783248900): client error (Connect): tunnel error: failed to create underlying connection: tcp connect error: Connection refused (os error 111)
[2m2026-07-05T10:59:08.380874Z[0m [33m WARN[0m [2mpm_acquisition::rtds[0m[2m:[0m RTDS erreur: connexion au proxy 127.0.0.1:45417: Connection refused (os error 111)
[2m2026-07-05T10:59:08.661900Z[0m [33m WARN[0m [2mpm_bot[0m[2m:[0m découverte gamma: requête Gamma: error sending request for url (https://gamma-api.polymarket.com/events?slug=btc-updown-5m-1783248900): client error (Connect): tunnel error: failed to create underlying connection: tcp connect error: Connection refused (os error 111)
[2m2026-07-05T10:59:13.663263Z[0m [33m WARN[0m [2mpm_bot[0m[2m:[0m découverte gamma: requête Gamma: error sending request for url (https://gamma-api.polymarket.com/events?slug=btc-updown-5m-1783248900): client error (Connect): tunnel error: failed to create underlying connection: tcp connect error: Connection refused (os error 111)
[2m2026-07-05T10:59:18.664316Z[0m [33m WARN[0m [2mpm_bot[0m[2m:[0m découverte gamma: requête Gamma: error sending request for url (https://gamma-api.polymarket.com/events?slug=btc-updown-5m-1783248900): client error (Connect): tunnel error: failed to create underlying connection: tcp connect error: Connection refused (os error 111)
[2m2026-07-05T10:59:23.382516Z[0m [33m WARN[0m [2mpm_acquisition::rtds[0m[2m:[0m RTDS erreur: connexion au proxy 127.0.0.1:45417: Connection refused (os error 111)
[2m2026-07-05T10:59:23.665225Z[0m [33m WARN[0m [2mpm_bot[0m[2m:[0m découverte gamma: requête Gamma: error sending request for url (https://gamma-api.polymarket.com/events?slug=btc-updown-5m-1783248900): client error (Connect): tunnel error: failed to create underlying connection: tcp connect error: Connection refused (os error 111)
[2m2026-07-05T10:59:28.665716Z[0m [33m WARN[0m [2mpm_bot[0m[2m:[0m découverte gamma: requête Gamma: error sending request for url (https://gamma-api.polymarket.com/events?slug=btc-updown-5m-1783248900): client error (Connect): tunnel error: failed to create underlying connection: tcp connect error: Connection refused (os error 111)
[2m2026-07-05T10:59:33.666926Z[0m [33m WARN[0m [2mpm_bot[0m[2m:[0m découverte gamma: requête Gamma: error sending request for url (https://gamma-api.polymarket.com/events?slug=btc-updown-5m-1783248900): client error (Connect): tunnel error: failed to create underlying connection: tcp connect error: Connection refused (os error 111)
[2m2026-07-05T10:59:38.383956Z[0m [33m WARN[0m [2mpm_acquisition::rtds[0m[2m:[0m RTDS erreur: connexion au proxy 127.0.0.1:45417: Connection refused (os error 111)
[2m2026-07-05T10:59:38.667806Z[0m [33m WARN[0m [2mpm_bot[0m[2m:[0m découverte gamma: requête Gamma: error sending request for url (https://gamma-api.polymarket.com/events?slug=btc-updown-5m-1783248900): client error (Connect): tunnel error: failed to create underlying connection: tcp connect error: Connection refused (os error 111)
[2m2026-07-05T10:59:43.669728Z[0m [33m WARN[0m [2mpm_bot[0m[2m:[0m découverte gamma: requête Gamma: error sending request for url (https://gamma-api.polymarket.com/events?slug=btc-updown-5m-1783248900): client error (Connect): tunnel error: failed to create underlying connection: tcp connect error: Connection refused (os error 111)
[2m2026-07-05T10:59:48.671514Z[0m [33m WARN[0m [2mpm_bot[0m[2m:[0m découverte gamma: requête Gamma: error sending request for url (https://gamma-api.polymarket.com/events?slug=btc-updown-5m-1783248900): client error (Connect): tunnel error: failed to create underlying connection: tcp connect error: Connection refused (os error 111)
[2m2026-07-05T10:59:53.385444Z[0m [33m WARN[0m [2mpm_acquisition::rtds[0m[2m:[0m RTDS erreur: connexion au proxy 127.0.0.1:45417: Connection refused (os error 111)
[2m2026-07-05T10:59:53.673308Z[0m [33m WARN[0m [2mpm_bot[0m[2m:[0m découverte gamma: requête Gamma: error sending request for url (https://gamma-api.polymarket.com/events?slug=btc-updown-5m-1783248900): client error (Connect): tunnel error: failed to create underlying connection: tcp connect error: Connection refused (os error 111)
[2m2026-07-05T10:59:58.674378Z[0m [33m WARN[0m [2mpm_bot[0m[2m:[0m découverte gamma: requête Gamma: error sending request for url (https://gamma-api.polymarket.com/events?slug=btc-updown-5m-1783248900): client error (Connect): tunnel error: failed to create underlying connection: tcp connect error: Connection refused (os error 111)
[2m2026-07-05T11:00:03.676012Z[0m [33m WARN[0m [2mpm_bot[0m[2m:[0m découverte gamma: requête Gamma: error sending request for url (https://gamma-api.polymarket.com/events?slug=btc-updown-5m-1783249200): client error (Connect): tunnel error: failed to create underlying connection: tcp connect error: Connection refused (os error 111)
[2m2026-07-05T11:00:08.387401Z[0m [33m WARN[0m [2mpm_acquisition::rtds[0m[2m:[0m RTDS erreur: connexion au proxy 127.0.0.1:45417: Connection refused (os error 111)
[2m2026-07-05T11:00:08.677178Z[0m [33m WARN[0m [2mpm_bot[0m[2m:[0m découverte gamma: requête Gamma: error sending request for url (https://gamma-api.polymarket.com/events?slug=btc-updown-5m-1783249200): client error (Connect): tunnel error: failed to create underlying connection: tcp connect error: Connection refused (os error 111)
[2m2026-07-05T11:00:13.678124Z[0m [33m WARN[0m [2mpm_bot[0m[2m:[0m découverte gamma: requête Gamma: error sending request for url (https://gamma-api.polymarket.com/events?slug=btc-updown-5m-1783249200): client error (Connect): tunnel error: failed to create underlying connection: tcp connect error: Connection refused (os error 111)
[2m2026-07-05T11:00:18.678858Z[0m [33m WARN[0m [2mpm_bot[0m[2m:[0m découverte gamma: requête Gamma: error sending request for url (https://gamma-api.polymarket.com/events?slug=btc-updown-5m-1783249200): client error (Connect): tunnel error: failed to create underlying connection: tcp connect error: Connection refused (os error 111)
[2m2026-07-05T11:00:23.388811Z[0m [33m WARN[0m [2mpm_acquisition::rtds[0m[2m:[0m RTDS erreur: connexion au proxy 127.0.0.1:45417: Connection refused (os error 111)
[2m2026-07-05T11:00:23.680663Z[0m [33m WARN[0m [2mpm_bot[0m[2m:[0m découverte gamma: requête Gamma: error sending request for url (https://gamma-api.polymarket.com/events?slug=btc-updown-5m-1783249200): client error (Connect): tunnel error: failed to create underlying connection: tcp connect error: Connection refused (os error 111)
[2m2026-07-05T11:00:28.681987Z[0m [33m WARN[0m [2mpm_bot[0m[2m:[0m découverte gamma: requête Gamma: error sending request for url (https://gamma-api.polymarket.com/events?slug=btc-updown-5m-1783249200): client error (Connect): tunnel error: failed to create underlying connection: tcp connect error: Connection refused (os error 111)
[2m2026-07-05T11:00:33.683000Z[0m [33m WARN[0m [2mpm_bot[0m[2m:[0m découverte gamma: requête Gamma: error sending request for url (https://gamma-api.polymarket.com/events?slug=btc-updown-5m-1783249200): client error (Connect): tunnel error: failed to create underlying connection: tcp connect error: Connection refused (os error 111)
[2m2026-07-05T11:00:38.390156Z[0m [33m WARN[0m [2mpm_acquisition::rtds[0m[2m:[0m RTDS erreur: connexion au proxy 127.0.0.1:45417: Connection refused (os error 111)
[2m2026-07-05T11:00:38.684001Z[0m [33m WARN[0m [2mpm_bot[0m[2m:[0m découverte gamma: requête Gamma: error sending request for url (https://gamma-api.polymarket.com/events?slug=btc-updown-5m-1783249200): client error (Connect): tunnel error: failed to create underlying connection: tcp connect error: Connection refused (os error 111)
[2m2026-07-05T11:00:43.685667Z[0m [33m WARN[0m [2mpm_bot[0m[2m:[0m découverte gamma: requête Gamma: error sending request for url (https://gamma-api.polymarket.com/events?slug=btc-updown-5m-1783249200): client error (Connect): tunnel error: failed to create underlying connection: tcp connect error: Connection refused (os error 111)
[2m2026-07-05T11:00:48.687468Z[0m [33m WARN[0m [2mpm_bot[0m[2m:[0m découverte gamma: requête Gamma: error sending request for url (https://gamma-api.polymarket.com/events?slug=btc-updown-5m-1783249200): client error (Connect): tunnel error: failed to create underlying connection: tcp connect error: Connection refused (os error 111)
[2m2026-07-05T11:00:53.391517Z[0m [33m WARN[0m [2mpm_acquisition::rtds[0m[2m:[0m RTDS erreur: connexion au proxy 127.0.0.1:45417: Connection refused (os error 111)
[2m2026-07-05T11:00:53.689318Z[0m [33m WARN[0m [2mpm_bot[0m[2m:[0m découverte gamma: requête Gamma: error sending request for url (https://gamma-api.polymarket.com/events?slug=btc-updown-5m-1783249200): client error (Connect): tunnel error: failed to create underlying connection: tcp connect error: Connection refused (os error 111)
[2m2026-07-05T11:00:58.690237Z[0m [33m WARN[0m [2mpm_bot[0m[2m:[0m découverte gamma: requête Gamma: error sending request for url (https://gamma-api.polymarket.com/events?slug=btc-updown-5m-1783249200): client error (Connect): tunnel error: failed to create underlying connection: tcp connect error: Connection refused (os error 111)
[2m2026-07-05T11:01:03.691363Z[0m [33m WARN[0m [2mpm_bot[0m[2m:[0m découverte gamma: requête Gamma: error sending request for url (https://gamma-api.polymarket.com/events?slug=btc-updown-5m-1783249200): client error (Connect): tunnel error: failed to create underlying connection: tcp connect error: Connection refused (os error 111)
[2m2026-07-05T11:01:08.393408Z[0m [33m WARN[0m [2mpm_acquisition::rtds[0m[2m:[0m RTDS erreur: connexion au proxy 127.0.0.1:45417: Connection refused (os error 111)
[2m2026-07-05T11:01:08.693196Z[0m [33m WARN[0m [2mpm_bot[0m[2m:[0m découverte gamma: requête Gamma: error sending request for url (https://gamma-api.polymarket.com/events?slug=btc-updown-5m-1783249200): client error (Connect): tunnel error: failed to create underlying connection: tcp connect error: Connection refused (os error 111)
[2m2026-07-05T11:01:13.693940Z[0m [33m WARN[0m [2mpm_bot[0m[2m:[0m découverte gamma: requête Gamma: error sending request for url (https://gamma-api.polymarket.com/events?slug=btc-updown-5m-1783249200): client error (Connect): tunnel error: failed to create underlying connection: tcp connect error: Connection refused (os error 111)
[2m2026-07-05T11:01:18.695110Z[0m [33m WARN[0m [2mpm_bot[0m[2m:[0m découverte gamma: requête Gamma: error sending request for url (https://gamma-api.polymarket.com/events?slug=btc-updown-5m-1783249200): client error (Connect): tunnel error: failed to create underlying connection: tcp connect error: Connection refused (os error 111)
[2m2026-07-05T11:01:23.394840Z[0m [33m WARN[0m [2mpm_acquisition::rtds[0m[2m:[0m RTDS erreur: connexion au proxy 127.0.0.1:45417: Connection refused (os error 111)
[2m2026-07-05T11:01:23.696714Z[0m [33m WARN[0m [2mpm_bot[0m[2m:[0m découverte gamma: requête Gamma: error sending request for url (https://gamma-api.polymarket.com/events?slug=btc-updown-5m-1783249200): client error (Connect): tunnel error: failed to create underlying connection: tcp connect error: Connection refused (os error 111)
[2m2026-07-05T11:01:28.698018Z[0m [33m WARN[0m [2mpm_bot[0m[2m:[0m découverte gamma: requête Gamma: error sending request for url (https://gamma-api.polymarket.com/events?slug=btc-updown-5m-1783249200): client error (Connect): tunnel error: failed to create underlying connection: tcp connect error: Connection refused (os error 111)
[2m2026-07-05T11:01:33.698722Z[0m [33m WARN[0m [2mpm_bot[0m[2m:[0m découverte gamma: requête Gamma: error sending request for url (https://gamma-api.polymarket.com/events?slug=btc-updown-5m-1783249200): client error (Connect): tunnel error: failed to create underlying connection: tcp connect error: Connection refused (os error 111)
[2m2026-07-05T11:01:38.396586Z[0m [33m WARN[0m [2mpm_acquisition::rtds[0m[2m:[0m RTDS erreur: connexion au proxy 127.0.0.1:45417: Connection refused (os error 111)
[2m2026-07-05T11:01:38.700394Z[0m [33m WARN[0m [2mpm_bot[0m[2m:[0m découverte gamma: requête Gamma: error sending request for url (https://gamma-api.polymarket.com/events?slug=btc-updown-5m-1783249200): client error (Connect): tunnel error: failed to create underlying connection: tcp connect error: Connection refused (os error 111)
[2m2026-07-05T11:01:43.702668Z[0m [33m WARN[0m [2mpm_bot[0m[2m:[0m découverte gamma: requête Gamma: error sending request for url (https://gamma-api.polymarket.com/events?slug=btc-updown-5m-1783249200): client error (Connect): tunnel error: failed to create underlying connection: tcp connect error: Connection refused (os error 111)
[2m2026-07-05T11:01:48.704334Z[0m [33m WARN[0m [2mpm_bot[0m[2m:[0m découverte gamma: requête Gamma: error sending request for url (https://gamma-api.polymarket.com/events?slug=btc-updown-5m-1783249200): client error (Connect): tunnel error: failed to create underlying connection: tcp connect error: Connection refused (os error 111)
[2m2026-07-05T11:01:53.398361Z[0m [33m WARN[0m [2mpm_acquisition::rtds[0m[2m:[0m RTDS erreur: connexion au proxy 127.0.0.1:45417: Connection refused (os error 111)
[2m2026-07-05T11:01:53.705247Z[0m [33m WARN[0m [2mpm_bot[0m[2m:[0m découverte gamma: requête Gamma: error sending request for url (https://gamma-api.polymarket.com/events?slug=btc-updown-5m-1783249200): client error (Connect): tunnel error: failed to create underlying connection: tcp connect error: Connection refused (os error 111)
[2m2026-07-05T11:01:58.706515Z[0m [33m WARN[0m [2mpm_bot[0m[2m:[0m découverte gamma: requête Gamma: error sending request for url (https://gamma-api.polymarket.com/events?slug=btc-updown-5m-1783249200): client error (Connect): tunnel error: failed to create underlying connection: tcp connect error: Connection refused (os error 111)
[2m2026-07-05T11:02:03.708471Z[0m [33m WARN[0m [2mpm_bot[0m[2m:[0m découverte gamma: requête Gamma: error sending request for url (https://gamma-api.polymarket.com/events?slug=btc-updown-5m-1783249200): client error (Connect): tunnel error: failed to create underlying connection: tcp connect error: Connection refused (os error 111)
[2m2026-07-05T11:02:08.400617Z[0m [33m WARN[0m [2mpm_acquisition::rtds[0m[2m:[0m RTDS erreur: connexion au proxy 127.0.0.1:45417: Connection refused (os error 111)
[2m2026-07-05T11:02:08.710440Z[0m [33m WARN[0m [2mpm_bot[0m[2m:[0m découverte gamma: requête Gamma: error sending request for url (https://gamma-api.polymarket.com/events?slug=btc-updown-5m-1783249200): client error (Connect): tunnel error: failed to create underlying connection: tcp connect error: Connection refused (os error 111)
[2m2026-07-05T11:02:13.712333Z[0m [33m WARN[0m [2mpm_bot[0m[2m:[0m découverte gamma: requête Gamma: error sending request for url (https://gamma-api.polymarket.com/events?slug=btc-updown-5m-1783249200): client error (Connect): tunnel error: failed to create underlying connection: tcp connect error: Connection refused (os error 111)
[2m2026-07-05T11:02:18.712749Z[0m [33m WARN[0m [2mpm_bot[0m[2m:[0m découverte gamma: requête Gamma: error sending request for url (https://gamma-api.polymarket.com/events?slug=btc-updown-5m-1783249200): client error (Connect): tunnel error: failed to create underlying connection: tcp connect error: Connection refused (os error 111)
[2m2026-07-05T11:02:23.401920Z[0m [33m WARN[0m [2mpm_acquisition::rtds[0m[2m:[0m RTDS erreur: connexion au proxy 127.0.0.1:45417: Connection refused (os error 111)
[2m2026-07-05T11:02:23.713714Z[0m [33m WARN[0m [2mpm_bot[0m[2m:[0m découverte gamma: requête Gamma: error sending request for url (https://gamma-api.polymarket.com/events?slug=btc-updown-5m-1783249200): client error (Connect): tunnel error: failed to create underlying connection: tcp connect error: Connection refused (os error 111)
[2m2026-07-05T11:02:28.714993Z[0m [33m WARN[0m [2mpm_bot[0m[2m:[0m découverte gamma: requête Gamma: error sending request for url (https://gamma-api.polymarket.com/events?slug=btc-updown-5m-1783249200): client error (Connect): tunnel error: failed to create underlying connection: tcp connect error: Connection refused (os error 111)
[2m2026-07-05T11:02:33.716295Z[0m [33m WARN[0m [2mpm_bot[0m[2m:[0m découverte gamma: requête Gamma: error sending request for url (https://gamma-api.polymarket.com/events?slug=btc-updown-5m-1783249200): client error (Connect): tunnel error: failed to create underlying connection: tcp connect error: Connection refused (os error 111)
[2m2026-07-05T11:02:38.402944Z[0m [33m WARN[0m [2mpm_acquisition::rtds[0m[2m:[0m RTDS erreur: connexion au proxy 127.0.0.1:45417: Connection refused (os error 111)
[2m2026-07-05T11:02:38.716722Z[0m [33m WARN[0m [2mpm_bot[0m[2m:[0m découverte gamma: requête Gamma: error sending request for url (https://gamma-api.polymarket.com/events?slug=btc-updown-5m-1783249200): client error (Connect): tunnel error: failed to create underlying connection: tcp connect error: Connection refused (os error 111)
[2m2026-07-05T11:02:43.718528Z[0m [33m WARN[0m [2mpm_bot[0m[2m:[0m découverte gamma: requête Gamma: error sending request for url (https://gamma-api.polymarket.com/events?slug=btc-updown-5m-1783249200): client error (Connect): tunnel error: failed to create underlying connection: tcp connect error: Connection refused (os error 111)
[2m2026-07-05T11:02:48.720360Z[0m [33m WARN[0m [2mpm_bot[0m[2m:[0m découverte gamma: requête Gamma: error sending request for url (https://gamma-api.polymarket.com/events?slug=btc-updown-5m-1783249200): client error (Connect): tunnel error: failed to create underlying connection: tcp connect error: Connection refused (os error 111)
[2m2026-07-05T11:02:53.404280Z[0m [33m WARN[0m [2mpm_acquisition::rtds[0m[2m:[0m RTDS erreur: connexion au proxy 127.0.0.1:45417: Connection refused (os error 111)
[2m2026-07-05T11:02:53.722100Z[0m [33m WARN[0m [2mpm_bot[0m[2m:[0m découverte gamma: requête Gamma: error sending request for url (https://gamma-api.polymarket.com/events?slug=btc-updown-5m-1783249200): client error (Connect): tunnel error: failed to create underlying connection: tcp connect error: Connection refused (os error 111)
[2m2026-07-05T11:02:58.723376Z[0m [33m WARN[0m [2mpm_bot[0m[2m:[0m découverte gamma: requête Gamma: error sending request for url (https://gamma-api.polymarket.com/events?slug=btc-updown-5m-1783249200): client error (Connect): tunnel error: failed to create underlying connection: tcp connect error: Connection refused (os error 111)
[2m2026-07-05T11:03:03.724950Z[0m [33m WARN[0m [2mpm_bot[0m[2m:[0m découverte gamma: requête Gamma: error sending request for url (https://gamma-api.polymarket.com/events?slug=btc-updown-5m-1783249200): client error (Connect): tunnel error: failed to create underlying connection: tcp connect error: Connection refused (os error 111)
[2m2026-07-05T11:03:08.405346Z[0m [33m WARN[0m [2mpm_acquisition::rtds[0m[2m:[0m RTDS erreur: connexion au proxy 127.0.0.1:45417: Connection refused (os error 111)
[2m2026-07-05T11:03:08.726212Z[0m [33m WARN[0m [2mpm_bot[0m[2m:[0m découverte gamma: requête Gamma: error sending request for url (https://gamma-api.polymarket.com/events?slug=btc-updown-5m-1783249200): client error (Connect): tunnel error: failed to create underlying connection: tcp connect error: Connection refused (os error 111)
[2m2026-07-05T11:03:13.726813Z[0m [33m WARN[0m [2mpm_bot[0m[2m:[0m découverte gamma: requête Gamma: error sending request for url (https://gamma-api.polymarket.com/events?slug=btc-updown-5m-1783249200): client error (Connect): tunnel error: failed to create underlying connection: tcp connect error: Connection refused (os error 111)
[2m2026-07-05T11:03:18.728579Z[0m [33m WARN[0m [2mpm_bot[0m[2m:[0m découverte gamma: requête Gamma: error sending request for url (https://gamma-api.polymarket.com/events?slug=btc-updown-5m-1783249200): client error (Connect): tunnel error: failed to create underlying connection: tcp connect error: Connection refused (os error 111)
[2m2026-07-05T11:03:23.405788Z[0m [33m WARN[0m [2mpm_acquisition::rtds[0m[2m:[0m RTDS erreur: connexion au proxy 127.0.0.1:45417: Connection refused (os error 111)
[2m2026-07-05T11:03:23.730619Z[0m [33m WARN[0m [2mpm_bot[0m[2m:[0m découverte gamma: requête Gamma: error sending request for url (https://gamma-api.polymarket.com/events?slug=btc-updown-5m-1783249200): client error (Connect): tunnel error: failed to create underlying connection: tcp connect error: Connection refused (os error 111)
[2m2026-07-05T11:03:28.732539Z[0m [33m WARN[0m [2mpm_bot[0m[2m:[0m découverte gamma: requête Gamma: error sending request for url (https://gamma-api.polymarket.com/events?slug=btc-updown-5m-1783249200): client error (Connect): tunnel error: failed to create underlying connection: tcp connect error: Connection refused (os error 111)
[2m2026-07-05T11:03:33.734380Z[0m [33m WARN[0m [2mpm_bot[0m[2m:[0m découverte gamma: requête Gamma: error sending request for url (https://gamma-api.polymarket.com/events?slug=btc-updown-5m-1783249200): client error (Connect): tunnel error: failed to create underlying connection: tcp connect error: Connection refused (os error 111)
[2m2026-07-05T11:03:38.406693Z[0m [33m WARN[0m [2mpm_acquisition::rtds[0m[2m:[0m RTDS erreur: connexion au proxy 127.0.0.1:45417: Connection refused (os error 111)
[2m2026-07-05T11:03:38.736541Z[0m [33m WARN[0m [2mpm_bot[0m[2m:[0m découverte gamma: requête Gamma: error sending request for url (https://gamma-api.polymarket.com/events?slug=btc-updown-5m-1783249200): client error (Connect): tunnel error: failed to create underlying connection: tcp connect error: Connection refused (os error 111)
[2m2026-07-05T11:03:43.738137Z[0m [33m WARN[0m [2mpm_bot[0m[2m:[0m découverte gamma: requête Gamma: error sending request for url (https://gamma-api.polymarket.com/events?slug=btc-updown-5m-1783249200): client error (Connect): tunnel error: failed to create underlying connection: tcp connect error: Connection refused (os error 111)
[2m2026-07-05T11:03:48.739482Z[0m [33m WARN[0m [2mpm_bot[0m[2m:[0m découverte gamma: requête Gamma: error sending request for url (https://gamma-api.polymarket.com/events?slug=btc-updown-5m-1783249200): client error (Connect): tunnel error: failed to create underlying connection: tcp connect error: Connection refused (os error 111)
[2m2026-07-05T11:03:53.408222Z[0m [33m WARN[0m [2mpm_acquisition::rtds[0m[2m:[0m RTDS erreur: connexion au proxy 127.0.0.1:45417: Connection refused (os error 111)
[2m2026-07-05T11:03:53.741110Z[0m [33m WARN[0m [2mpm_bot[0m[2m:[0m découverte gamma: requête Gamma: error sending request for url (https://gamma-api.polymarket.com/events?slug=btc-updown-5m-1783249200): client error (Connect): tunnel error: failed to create underlying connection: tcp connect error: Connection refused (os error 111)
[2m2026-07-05T11:03:58.742450Z[0m [33m WARN[0m [2mpm_bot[0m[2m:[0m découverte gamma: requête Gamma: error sending request for url (https://gamma-api.polymarket.com/events?slug=btc-updown-5m-1783249200): client error (Connect): tunnel error: failed to create underlying connection: tcp connect error: Connection refused (os error 111)
[2m2026-07-05T11:04:03.744027Z[0m [33m WARN[0m [2mpm_bot[0m[2m:[0m découverte gamma: requête Gamma: error sending request for url (https://gamma-api.polymarket.com/events?slug=btc-updown-5m-1783249200): client error (Connect): tunnel error: failed to create underlying connection: tcp connect error: Connection refused (os error 111)
[2m2026-07-05T11:04:08.408828Z[0m [33m WARN[0m [2mpm_acquisition::rtds[0m[2m:[0m RTDS erreur: connexion au proxy 127.0.0.1:45417: Connection refused (os error 111)
[2m2026-07-05T11:04:08.744669Z[0m [33m WARN[0m [2mpm_bot[0m[2m:[0m découverte gamma: requête Gamma: error sending request for url (https://gamma-api.polymarket.com/events?slug=btc-updown-5m-1783249200): client error (Connect): tunnel error: failed to create underlying connection: tcp connect error: Connection refused (os error 111)
[2m2026-07-05T11:04:13.745800Z[0m [33m WARN[0m [2mpm_bot[0m[2m:[0m découverte gamma: requête Gamma: error sending request for url (https://gamma-api.polymarket.com/events?slug=btc-updown-5m-1783249200): client error (Connect): tunnel error: failed to create underlying connection: tcp connect error: Connection refused (os error 111)
[2m2026-07-05T11:04:18.747608Z[0m [33m WARN[0m [2mpm_bot[0m[2m:[0m découverte gamma: requête Gamma: error sending request for url (https://gamma-api.polymarket.com/events?slug=btc-updown-5m-1783249200): client error (Connect): tunnel error: failed to create underlying connection: tcp connect error: Connection refused (os error 111)
[2m2026-07-05T11:04:23.409647Z[0m [33m WARN[0m [2mpm_acquisition::rtds[0m[2m:[0m RTDS erreur: connexion au proxy 127.0.0.1:45417: Connection refused (os error 111)
[2m2026-07-05T11:04:23.749481Z[0m [33m WARN[0m [2mpm_bot[0m[2m:[0m découverte gamma: requête Gamma: error sending request for url (https://gamma-api.polymarket.com/events?slug=btc-updown-5m-1783249200): client error (Connect): tunnel error: failed to create underlying connection: tcp connect error: Connection refused (os error 111)
[2m2026-07-05T11:04:28.751109Z[0m [33m WARN[0m [2mpm_bot[0m[2m:[0m découverte gamma: requête Gamma: error sending request for url (https://gamma-api.polymarket.com/events?slug=btc-updown-5m-1783249200): client error (Connect): tunnel error: failed to create underlying connection: tcp connect error: Connection refused (os error 111)
[2m2026-07-05T11:04:33.752474Z[0m [33m WARN[0m [2mpm_bot[0m[2m:[0m découverte gamma: requête Gamma: error sending request for url (https://gamma-api.polymarket.com/events?slug=btc-updown-5m-1783249200): client error (Connect): tunnel error: failed to create underlying connection: tcp connect error: Connection refused (os error 111)
[2m2026-07-05T11:04:38.411474Z[0m [33m WARN[0m [2mpm_acquisition::rtds[0m[2m:[0m RTDS erreur: connexion au proxy 127.0.0.1:45417: Connection refused (os error 111)
[2m2026-07-05T11:04:38.754360Z[0m [33m WARN[0m [2mpm_bot[0m[2m:[0m découverte gamma: requête Gamma: error sending request for url (https://gamma-api.polymarket.com/events?slug=btc-updown-5m-1783249200): client error (Connect): tunnel error: failed to create underlying connection: tcp connect error: Connection refused (os error 111)
[2m2026-07-05T11:04:43.755994Z[0m [33m WARN[0m [2mpm_bot[0m[2m:[0m découverte gamma: requête Gamma: error sending request for url (https://gamma-api.polymarket.com/events?slug=btc-updown-5m-1783249200): client error (Connect): tunnel error: failed to create underlying connection: tcp connect error: Connection refused (os error 111)
[2m2026-07-05T11:04:48.757169Z[0m [33m WARN[0m [2mpm_bot[0m[2m:[0m découverte gamma: requête Gamma: error sending request for url (https://gamma-api.polymarket.com/events?slug=btc-updown-5m-1783249200): client error (Connect): tunnel error: failed to create underlying connection: tcp connect error: Connection refused (os error 111)
[2m2026-07-05T11:04:53.413474Z[0m [33m WARN[0m [2mpm_acquisition::rtds[0m[2m:[0m RTDS erreur: connexion au proxy 127.0.0.1:45417: Connection refused (os error 111)
[2m2026-07-05T11:04:53.758432Z[0m [33m WARN[0m [2mpm_bot[0m[2m:[0m découverte gamma: requête Gamma: error sending request for url (https://gamma-api.polymarket.com/events?slug=btc-updown-5m-1783249200): client error (Connect): tunnel error: failed to create underlying connection: tcp connect error: Connection refused (os error 111)
[2m2026-07-05T11:04:58.759797Z[0m [33m WARN[0m [2mpm_bot[0m[2m:[0m découverte gamma: requête Gamma: error sending request for url (https://gamma-api.polymarket.com/events?slug=btc-updown-5m-1783249200): client error (Connect): tunnel error: failed to create underlying connection: tcp connect error: Connection refused (os error 111)
[2m2026-07-05T11:05:03.760948Z[0m [33m WARN[0m [2mpm_bot[0m[2m:[0m découverte gamma: requête Gamma: error sending request for url (https://gamma-api.polymarket.com/events?slug=btc-updown-5m-1783249500): client error (Connect): tunnel error: failed to create underlying connection: tcp connect error: Connection refused (os error 111)
[2m2026-07-05T11:05:08.414633Z[0m [33m WARN[0m [2mpm_acquisition::rtds[0m[2m:[0m RTDS erreur: connexion au proxy 127.0.0.1:45417: Connection refused (os error 111)
[2m2026-07-05T11:05:08.762527Z[0m [33m WARN[0m [2mpm_bot[0m[2m:[0m découverte gamma: requête Gamma: error sending request for url (https://gamma-api.polymarket.com/events?slug=btc-updown-5m-1783249500): client error (Connect): tunnel error: failed to create underlying connection: tcp connect error: Connection refused (os error 111)
[2m2026-07-05T11:05:13.763793Z[0m [33m WARN[0m [2mpm_bot[0m[2m:[0m découverte gamma: requête Gamma: error sending request for url (https://gamma-api.polymarket.com/events?slug=btc-updown-5m-1783249500): client error (Connect): tunnel error: failed to create underlying connection: tcp connect error: Connection refused (os error 111)
[2m2026-07-05T11:05:18.764929Z[0m [33m WARN[0m [2mpm_bot[0m[2m:[0m découverte gamma: requête Gamma: error sending request for url (https://gamma-api.polymarket.com/events?slug=btc-updown-5m-1783249500): client error (Connect): tunnel error: failed to create underlying connection: tcp connect error: Connection refused (os error 111)
[2m2026-07-05T11:05:23.416417Z[0m [33m WARN[0m [2mpm_acquisition::rtds[0m[2m:[0m RTDS erreur: connexion au proxy 127.0.0.1:45417: Connection refused (os error 111)
[2m2026-07-05T11:05:23.766328Z[0m [33m WARN[0m [2mpm_bot[0m[2m:[0m découverte gamma: requête Gamma: error sending request for url (https://gamma-api.polymarket.com/events?slug=btc-updown-5m-1783249500): client error (Connect): tunnel error: failed to create underlying connection: tcp connect error: Connection refused (os error 111)
[2m2026-07-05T11:05:28.767082Z[0m [33m WARN[0m [2mpm_bot[0m[2m:[0m découverte gamma: requête Gamma: error sending request for url (https://gamma-api.polymarket.com/events?slug=btc-updown-5m-1783249500): client error (Connect): tunnel error: failed to create underlying connection: tcp connect error: Connection refused (os error 111)
[2m2026-07-05T11:05:33.768004Z[0m [33m WARN[0m [2mpm_bot[0m[2m:[0m découverte gamma: requête Gamma: error sending request for url (https://gamma-api.polymarket.com/events?slug=btc-updown-5m-1783249500): client error (Connect): tunnel error: failed to create underlying connection: tcp connect error: Connection refused (os error 111)
[2m2026-07-05T11:05:38.418574Z[0m [33m WARN[0m [2mpm_acquisition::rtds[0m[2m:[0m RTDS erreur: connexion au proxy 127.0.0.1:45417: Connection refused (os error 111)
[2m2026-07-05T11:05:38.769495Z[0m [33m WARN[0m [2mpm_bot[0m[2m:[0m découverte gamma: requête Gamma: error sending request for url (https://gamma-api.polymarket.com/events?slug=btc-updown-5m-1783249500): client error (Connect): tunnel error: failed to create underlying connection: tcp connect error: Connection refused (os error 111)
[2m2026-07-05T11:05:43.770863Z[0m [33m WARN[0m [2mpm_bot[0m[2m:[0m découverte gamma: requête Gamma: error sending request for url (https://gamma-api.polymarket.com/events?slug=btc-updown-5m-1783249500): client error (Connect): tunnel error: failed to create underlying connection: tcp connect error: Connection refused (os error 111)
[2m2026-07-05T11:05:48.772429Z[0m [33m WARN[0m [2mpm_bot[0m[2m:[0m découverte gamma: requête Gamma: error sending request for url (https://gamma-api.polymarket.com/events?slug=btc-updown-5m-1783249500): client error (Connect): tunnel error: failed to create underlying connection: tcp connect error: Connection refused (os error 111)
[2m2026-07-05T11:05:53.420344Z[0m [33m WARN[0m [2mpm_acquisition::rtds[0m[2m:[0m RTDS erreur: connexion au proxy 127.0.0.1:45417: Connection refused (os error 111)
[2m2026-07-05T11:05:53.774312Z[0m [33m WARN[0m [2mpm_bot[0m[2m:[0m découverte gamma: requête Gamma: error sending request for url (https://gamma-api.polymarket.com/events?slug=btc-updown-5m-1783249500): client error (Connect): tunnel error: failed to create underlying connection: tcp connect error: Connection refused (os error 111)
[2m2026-07-05T11:05:58.775594Z[0m [33m WARN[0m [2mpm_bot[0m[2m:[0m découverte gamma: requête Gamma: error sending request for url (https://gamma-api.polymarket.com/events?slug=btc-updown-5m-1783249500): client error (Connect): tunnel error: failed to create underlying connection: tcp connect error: Connection refused (os error 111)
[2m2026-07-05T11:06:03.777532Z[0m [33m WARN[0m [2mpm_bot[0m[2m:[0m découverte gamma: requête Gamma: error sending request for url (https://gamma-api.polymarket.com/events?slug=btc-updown-5m-1783249500): client error (Connect): tunnel error: failed to create underlying connection: tcp connect error: Connection refused (os error 111)
[2m2026-07-05T11:06:08.421145Z[0m [33m WARN[0m [2mpm_acquisition::rtds[0m[2m:[0m RTDS erreur: connexion au proxy 127.0.0.1:45417: Connection refused (os error 111)
[2m2026-07-05T11:06:08.779322Z[0m [33m WARN[0m [2mpm_bot[0m[2m:[0m découverte gamma: requête Gamma: error sending request for url (https://gamma-api.polymarket.com/events?slug=btc-updown-5m-1783249500): client error (Connect): tunnel error: failed to create underlying connection: tcp connect error: Connection refused (os error 111)
[2m2026-07-05T11:06:13.780535Z[0m [33m WARN[0m [2mpm_bot[0m[2m:[0m découverte gamma: requête Gamma: error sending request for url (https://gamma-api.polymarket.com/events?slug=btc-updown-5m-1783249500): client error (Connect): tunnel error: failed to create underlying connection: tcp connect error: Connection refused (os error 111)
[2m2026-07-05T11:06:18.781862Z[0m [33m WARN[0m [2mpm_bot[0m[2m:[0m découverte gamma: requête Gamma: error sending request for url (https://gamma-api.polymarket.com/events?slug=btc-updown-5m-1783249500): client error (Connect): tunnel error: failed to create underlying connection: tcp connect error: Connection refused (os error 111)
[2m2026-07-05T11:06:23.421639Z[0m [33m WARN[0m [2mpm_acquisition::rtds[0m[2m:[0m RTDS erreur: connexion au proxy 127.0.0.1:45417: Connection refused (os error 111)
[2m2026-07-05T11:06:23.783621Z[0m [33m WARN[0m [2mpm_bot[0m[2m:[0m découverte gamma: requête Gamma: error sending request for url (https://gamma-api.polymarket.com/events?slug=btc-updown-5m-1783249500): client error (Connect): tunnel error: failed to create underlying connection: tcp connect error: Connection refused (os error 111)
[2m2026-07-05T11:06:28.785044Z[0m [33m WARN[0m [2mpm_bot[0m[2m:[0m découverte gamma: requête Gamma: error sending request for url (https://gamma-api.polymarket.com/events?slug=btc-updown-5m-1783249500): client error (Connect): tunnel error: failed to create underlying connection: tcp connect error: Connection refused (os error 111)
[2m2026-07-05T11:06:33.786308Z[0m [33m WARN[0m [2mpm_bot[0m[2m:[0m découverte gamma: requête Gamma: error sending request for url (https://gamma-api.polymarket.com/events?slug=btc-updown-5m-1783249500): client error (Connect): tunnel error: failed to create underlying connection: tcp connect error: Connection refused (os error 111)
[2m2026-07-05T11:06:38.422923Z[0m [33m WARN[0m [2mpm_acquisition::rtds[0m[2m:[0m RTDS erreur: connexion au proxy 127.0.0.1:45417: Connection refused (os error 111)
[2m2026-07-05T11:06:38.787074Z[0m [33m WARN[0m [2mpm_bot[0m[2m:[0m découverte gamma: requête Gamma: error sending request for url (https://gamma-api.polymarket.com/events?slug=btc-updown-5m-1783249500): client error (Connect): tunnel error: failed to create underlying connection: tcp connect error: Connection refused (os error 111)
[2m2026-07-05T11:06:43.788440Z[0m [33m WARN[0m [2mpm_bot[0m[2m:[0m découverte gamma: requête Gamma: error sending request for url (https://gamma-api.polymarket.com/events?slug=btc-updown-5m-1783249500): client error (Connect): tunnel error: failed to create underlying connection: tcp connect error: Connection refused (os error 111)
[2m2026-07-05T11:06:48.790242Z[0m [33m WARN[0m [2mpm_bot[0m[2m:[0m découverte gamma: requête Gamma: error sending request for url (https://gamma-api.polymarket.com/events?slug=btc-updown-5m-1783249500): client error (Connect): tunnel error: failed to create underlying connection: tcp connect error: Connection refused (os error 111)
[2m2026-07-05T11:06:53.423798Z[0m [33m WARN[0m [2mpm_acquisition::rtds[0m[2m:[0m RTDS erreur: connexion au proxy 127.0.0.1:45417: Connection refused (os error 111)
[2m2026-07-05T11:06:53.790741Z[0m [33m WARN[0m [2mpm_bot[0m[2m:[0m découverte gamma: requête Gamma: error sending request for url (https://gamma-api.polymarket.com/events?slug=btc-updown-5m-1783249500): client error (Connect): tunnel error: failed to create underlying connection: tcp connect error: Connection refused (os error 111)
[2m2026-07-05T11:06:58.792233Z[0m [33m WARN[0m [2mpm_bot[0m[2m:[0m découverte gamma: requête Gamma: error sending request for url (https://gamma-api.polymarket.com/events?slug=btc-updown-5m-1783249500): client error (Connect): tunnel error: failed to create underlying connection: tcp connect error: Connection refused (os error 111)
[2m2026-07-05T11:07:03.792941Z[0m [33m WARN[0m [2mpm_bot[0m[2m:[0m découverte gamma: requête Gamma: error sending request for url (https://gamma-api.polymarket.com/events?slug=btc-updown-5m-1783249500): client error (Connect): tunnel error: failed to create underlying connection: tcp connect error: Connection refused (os error 111)
[2m2026-07-05T11:07:08.425128Z[0m [33m WARN[0m [2mpm_acquisition::rtds[0m[2m:[0m RTDS erreur: connexion au proxy 127.0.0.1:45417: Connection refused (os error 111)
[2m2026-07-05T11:07:08.794072Z[0m [33m WARN[0m [2mpm_bot[0m[2m:[0m découverte gamma: requête Gamma: error sending request for url (https://gamma-api.polymarket.com/events?slug=btc-updown-5m-1783249500): client error (Connect): tunnel error: failed to create underlying connection: tcp connect error: Connection refused (os error 111)
[2m2026-07-05T11:07:13.794715Z[0m [33m WARN[0m [2mpm_bot[0m[2m:[0m découverte gamma: requête Gamma: error sending request for url (https://gamma-api.polymarket.com/events?slug=btc-updown-5m-1783249500): client error (Connect): tunnel error: failed to create underlying connection: tcp connect error: Connection refused (os error 111)
[2m2026-07-05T11:07:18.796671Z[0m [33m WARN[0m [2mpm_bot[0m[2m:[0m découverte gamma: requête Gamma: error sending request for url (https://gamma-api.polymarket.com/events?slug=btc-updown-5m-1783249500): client error (Connect): tunnel error: failed to create underlying connection: tcp connect error: Connection refused (os error 111)
[2m2026-07-05T11:07:23.425836Z[0m [33m WARN[0m [2mpm_acquisition::rtds[0m[2m:[0m RTDS erreur: connexion au proxy 127.0.0.1:45417: Connection refused (os error 111)
[2m2026-07-05T11:07:23.797978Z[0m [33m WARN[0m [2mpm_bot[0m[2m:[0m découverte gamma: requête Gamma: error sending request for url (https://gamma-api.polymarket.com/events?slug=btc-updown-5m-1783249500): client error (Connect): tunnel error: failed to create underlying connection: tcp connect error: Connection refused (os error 111)
[2m2026-07-05T11:07:28.799550Z[0m [33m WARN[0m [2mpm_bot[0m[2m:[0m découverte gamma: requête Gamma: error sending request for url (https://gamma-api.polymarket.com/events?slug=btc-updown-5m-1783249500): client error (Connect): tunnel error: failed to create underlying connection: tcp connect error: Connection refused (os error 111)
[2m2026-07-05T11:07:33.801634Z[0m [33m WARN[0m [2mpm_bot[0m[2m:[0m découverte gamma: requête Gamma: error sending request for url (https://gamma-api.polymarket.com/events?slug=btc-updown-5m-1783249500): client error (Connect): tunnel error: failed to create underlying connection: tcp connect error: Connection refused (os error 111)
[2m2026-07-05T11:07:38.426995Z[0m [33m WARN[0m [2mpm_acquisition::rtds[0m[2m:[0m RTDS erreur: connexion au proxy 127.0.0.1:45417: Connection refused (os error 111)
[2m2026-07-05T11:07:38.802969Z[0m [33m WARN[0m [2mpm_bot[0m[2m:[0m découverte gamma: requête Gamma: error sending request for url (https://gamma-api.polymarket.com/events?slug=btc-updown-5m-1783249500): client error (Connect): tunnel error: failed to create underlying connection: tcp connect error: Connection refused (os error 111)
[2m2026-07-05T11:07:43.803664Z[0m [33m WARN[0m [2mpm_bot[0m[2m:[0m découverte gamma: requête Gamma: error sending request for url (https://gamma-api.polymarket.com/events?slug=btc-updown-5m-1783249500): client error (Connect): tunnel error: failed to create underlying connection: tcp connect error: Connection refused (os error 111)
[2m2026-07-05T11:07:48.804709Z[0m [33m WARN[0m [2mpm_bot[0m[2m:[0m découverte gamma: requête Gamma: error sending request for url (https://gamma-api.polymarket.com/events?slug=btc-updown-5m-1783249500): client error (Connect): tunnel error: failed to create underlying connection: tcp connect error: Connection refused (os error 111)
[2m2026-07-05T11:07:53.427826Z[0m [33m WARN[0m [2mpm_acquisition::rtds[0m[2m:[0m RTDS erreur: connexion au proxy 127.0.0.1:45417: Connection refused (os error 111)
[2m2026-07-05T11:07:53.805882Z[0m [33m WARN[0m [2mpm_bot[0m[2m:[0m découverte gamma: requête Gamma: error sending request for url (https://gamma-api.polymarket.com/events?slug=btc-updown-5m-1783249500): client error (Connect): tunnel error: failed to create underlying connection: tcp connect error: Connection refused (os error 111)
[2m2026-07-05T11:07:58.807337Z[0m [33m WARN[0m [2mpm_bot[0m[2m:[0m découverte gamma: requête Gamma: error sending request for url (https://gamma-api.polymarket.com/events?slug=btc-updown-5m-1783249500): client error (Connect): tunnel error: failed to create underlying connection: tcp connect error: Connection refused (os error 111)
[2m2026-07-05T11:08:03.807796Z[0m [33m WARN[0m [2mpm_bot[0m[2m:[0m découverte gamma: requête Gamma: error sending request for url (https://gamma-api.polymarket.com/events?slug=btc-updown-5m-1783249500): client error (Connect): tunnel error: failed to create underlying connection: tcp connect error: Connection refused (os error 111)
[2m2026-07-05T11:08:08.428742Z[0m [33m WARN[0m [2mpm_acquisition::rtds[0m[2m:[0m RTDS erreur: connexion au proxy 127.0.0.1:45417: Connection refused (os error 111)
[2m2026-07-05T11:08:08.808926Z[0m [33m WARN[0m [2mpm_bot[0m[2m:[0m découverte gamma: requête Gamma: error sending request for url (https://gamma-api.polymarket.com/events?slug=btc-updown-5m-1783249500): client error (Connect): tunnel error: failed to create underlying connection: tcp connect error: Connection refused (os error 111)
[2m2026-07-05T11:08:13.810578Z[0m [33m WARN[0m [2mpm_bot[0m[2m:[0m découverte gamma: requête Gamma: error sending request for url (https://gamma-api.polymarket.com/events?slug=btc-updown-5m-1783249500): client error (Connect): tunnel error: failed to create underlying connection: tcp connect error: Connection refused (os error 111)
[2m2026-07-05T11:08:18.812124Z[0m [33m WARN[0m [2mpm_bot[0m[2m:[0m découverte gamma: requête Gamma: error sending request for url (https://gamma-api.polymarket.com/events?slug=btc-updown-5m-1783249500): client error (Connect): tunnel error: failed to create underlying connection: tcp connect error: Connection refused (os error 111)
[2m2026-07-05T11:08:23.429789Z[0m [33m WARN[0m [2mpm_acquisition::rtds[0m[2m:[0m RTDS erreur: connexion au proxy 127.0.0.1:45417: Connection refused (os error 111)
[2m2026-07-05T11:08:23.812942Z[0m [33m WARN[0m [2mpm_bot[0m[2m:[0m découverte gamma: requête Gamma: error sending request for url (https://gamma-api.polymarket.com/events?slug=btc-updown-5m-1783249500): client error (Connect): tunnel error: failed to create underlying connection: tcp connect error: Connection refused (os error 111)
[2m2026-07-05T11:08:28.814384Z[0m [33m WARN[0m [2mpm_bot[0m[2m:[0m découverte gamma: requête Gamma: error sending request for url (https://gamma-api.polymarket.com/events?slug=btc-updown-5m-1783249500): client error (Connect): tunnel error: failed to create underlying connection: tcp connect error: Connection refused (os error 111)
[2m2026-07-05T11:08:33.815707Z[0m [33m WARN[0m [2mpm_bot[0m[2m:[0m découverte gamma: requête Gamma: error sending request for url (https://gamma-api.polymarket.com/events?slug=btc-updown-5m-1783249500): client error (Connect): tunnel error: failed to create underlying connection: tcp connect error: Connection refused (os error 111)
[2m2026-07-05T11:08:38.431341Z[0m [33m WARN[0m [2mpm_acquisition::rtds[0m[2m:[0m RTDS erreur: connexion au proxy 127.0.0.1:45417: Connection refused (os error 111)
[2m2026-07-05T11:08:38.817462Z[0m [33m WARN[0m [2mpm_bot[0m[2m:[0m découverte gamma: requête Gamma: error sending request for url (https://gamma-api.polymarket.com/events?slug=btc-updown-5m-1783249500): client error (Connect): tunnel error: failed to create underlying connection: tcp connect error: Connection refused (os error 111)
[2m2026-07-05T11:08:43.819205Z[0m [33m WARN[0m [2mpm_bot[0m[2m:[0m découverte gamma: requête Gamma: error sending request for url (https://gamma-api.polymarket.com/events?slug=btc-updown-5m-1783249500): client error (Connect): tunnel error: failed to create underlying connection: tcp connect error: Connection refused (os error 111)
[2m2026-07-05T11:08:48.819963Z[0m [33m WARN[0m [2mpm_bot[0m[2m:[0m découverte gamma: requête Gamma: error sending request for url (https://gamma-api.polymarket.com/events?slug=btc-updown-5m-1783249500): client error (Connect): tunnel error: failed to create underlying connection: tcp connect error: Connection refused (os error 111)
[2m2026-07-05T11:08:53.432387Z[0m [33m WARN[0m [2mpm_acquisition::rtds[0m[2m:[0m RTDS erreur: connexion au proxy 127.0.0.1:45417: Connection refused (os error 111)
[2m2026-07-05T11:08:53.821575Z[0m [33m WARN[0m [2mpm_bot[0m[2m:[0m découverte gamma: requête Gamma: error sending request for url (https://gamma-api.polymarket.com/events?slug=btc-updown-5m-1783249500): client error (Connect): tunnel error: failed to create underlying connection: tcp connect error: Connection refused (os error 111)
[2m2026-07-05T11:08:58.823318Z[0m [33m WARN[0m [2mpm_bot[0m[2m:[0m découverte gamma: requête Gamma: error sending request for url (https://gamma-api.polymarket.com/events?slug=btc-updown-5m-1783249500): client error (Connect): tunnel error: failed to create underlying connection: tcp connect error: Connection refused (os error 111)
[2m2026-07-05T11:09:03.824032Z[0m [33m WARN[0m [2mpm_bot[0m[2m:[0m découverte gamma: requête Gamma: error sending request for url (https://gamma-api.polymarket.com/events?slug=btc-updown-5m-1783249500): client error (Connect): tunnel error: failed to create underlying connection: tcp connect error: Connection refused (os error 111)
[2m2026-07-05T11:09:08.434504Z[0m [33m WARN[0m [2mpm_acquisition::rtds[0m[2m:[0m RTDS erreur: connexion au proxy 127.0.0.1:45417: Connection refused (os error 111)
[2m2026-07-05T11:09:08.825546Z[0m [33m WARN[0m [2mpm_bot[0m[2m:[0m découverte gamma: requête Gamma: error sending request for url (https://gamma-api.polymarket.com/events?slug=btc-updown-5m-1783249500): client error (Connect): tunnel error: failed to create underlying connection: tcp connect error: Connection refused (os error 111)
[2m2026-07-05T11:09:13.827303Z[0m [33m WARN[0m [2mpm_bot[0m[2m:[0m découverte gamma: requête Gamma: error sending request for url (https://gamma-api.polymarket.com/events?slug=btc-updown-5m-1783249500): client error (Connect): tunnel error: failed to create underlying connection: tcp connect error: Connection refused (os error 111)
[2m2026-07-05T11:09:18.828123Z[0m [33m WARN[0m [2mpm_bot[0m[2m:[0m découverte gamma: requête Gamma: error sending request for url (https://gamma-api.polymarket.com/events?slug=btc-updown-5m-1783249500): client error (Connect): tunnel error: failed to create underlying connection: tcp connect error: Connection refused (os error 111)
[2m2026-07-05T11:09:23.435661Z[0m [33m WARN[0m [2mpm_acquisition::rtds[0m[2m:[0m RTDS erreur: connexion au proxy 127.0.0.1:45417: Connection refused (os error 111)
[2m2026-07-05T11:09:23.828827Z[0m [33m WARN[0m [2mpm_bot[0m[2m:[0m découverte gamma: requête Gamma: error sending request for url (https://gamma-api.polymarket.com/events?slug=btc-updown-5m-1783249500): client error (Connect): tunnel error: failed to create underlying connection: tcp connect error: Connection refused (os error 111)
[2m2026-07-05T11:09:28.830002Z[0m [33m WARN[0m [2mpm_bot[0m[2m:[0m découverte gamma: requête Gamma: error sending request for url (https://gamma-api.polymarket.com/events?slug=btc-updown-5m-1783249500): client error (Connect): tunnel error: failed to create underlying connection: tcp connect error: Connection refused (os error 111)
[2m2026-07-05T11:09:33.831062Z[0m [33m WARN[0m [2mpm_bot[0m[2m:[0m découverte gamma: requête Gamma: error sending request for url (https://gamma-api.polymarket.com/events?slug=btc-updown-5m-1783249500): client error (Connect): tunnel error: failed to create underlying connection: tcp connect error: Connection refused (os error 111)
[2m2026-07-05T11:09:38.436722Z[0m [33m WARN[0m [2mpm_acquisition::rtds[0m[2m:[0m RTDS erreur: connexion au proxy 127.0.0.1:45417: Connection refused (os error 111)
[2m2026-07-05T11:09:38.831804Z[0m [33m WARN[0m [2mpm_bot[0m[2m:[0m découverte gamma: requête Gamma: error sending request for url (https://gamma-api.polymarket.com/events?slug=btc-updown-5m-1783249500): client error (Connect): tunnel error: failed to create underlying connection: tcp connect error: Connection refused (os error 111)
[2m2026-07-05T11:09:43.833553Z[0m [33m WARN[0m [2mpm_bot[0m[2m:[0m découverte gamma: requête Gamma: error sending request for url (https://gamma-api.polymarket.com/events?slug=btc-updown-5m-1783249500): client error (Connect): tunnel error: failed to create underlying connection: tcp connect error: Connection refused (os error 111)
[2m2026-07-05T11:09:48.834834Z[0m [33m WARN[0m [2mpm_bot[0m[2m:[0m découverte gamma: requête Gamma: error sending request for url (https://gamma-api.polymarket.com/events?slug=btc-updown-5m-1783249500): client error (Connect): tunnel error: failed to create underlying connection: tcp connect error: Connection refused (os error 111)
[2m2026-07-05T11:09:53.438028Z[0m [33m WARN[0m [2mpm_acquisition::rtds[0m[2m:[0m RTDS erreur: connexion au proxy 127.0.0.1:45417: Connection refused (os error 111)
[2m2026-07-05T11:09:53.836292Z[0m [33m WARN[0m [2mpm_bot[0m[2m:[0m découverte gamma: requête Gamma: error sending request for url (https://gamma-api.polymarket.com/events?slug=btc-updown-5m-1783249500): client error (Connect): tunnel error: failed to create underlying connection: tcp connect error: Connection refused (os error 111)
[2m2026-07-05T11:09:58.837377Z[0m [33m WARN[0m [2mpm_bot[0m[2m:[0m découverte gamma: requête Gamma: error sending request for url (https://gamma-api.polymarket.com/events?slug=btc-updown-5m-1783249500): client error (Connect): tunnel error: failed to create underlying connection: tcp connect error: Connection refused (os error 111)
[2m2026-07-05T11:10:03.838833Z[0m [33m WARN[0m [2mpm_bot[0m[2m:[0m découverte gamma: requête Gamma: error sending request for url (https://gamma-api.polymarket.com/events?slug=btc-updown-5m-1783249800): client error (Connect): tunnel error: failed to create underlying connection: tcp connect error: Connection refused (os error 111)
[2m2026-07-05T11:10:08.439555Z[0m [33m WARN[0m [2mpm_acquisition::rtds[0m[2m:[0m RTDS erreur: connexion au proxy 127.0.0.1:45417: Connection refused (os error 111)
[2m2026-07-05T11:10:08.839819Z[0m [33m WARN[0m [2mpm_bot[0m[2m:[0m découverte gamma: requête Gamma: error sending request for url (https://gamma-api.polymarket.com/events?slug=btc-updown-5m-1783249800): client error (Connect): tunnel error: failed to create underlying connection: tcp connect error: Connection refused (os error 111)
[2m2026-07-05T11:10:13.841525Z[0m [33m WARN[0m [2mpm_bot[0m[2m:[0m découverte gamma: requête Gamma: error sending request for url (https://gamma-api.polymarket.com/events?slug=btc-updown-5m-1783249800): client error (Connect): tunnel error: failed to create underlying connection: tcp connect error: Connection refused (os error 111)
[2m2026-07-05T11:10:18.842972Z[0m [33m WARN[0m [2mpm_bot[0m[2m:[0m découverte gamma: requête Gamma: error sending request for url (https://gamma-api.polymarket.com/events?slug=btc-updown-5m-1783249800): client error (Connect): tunnel error: failed to create underlying connection: tcp connect error: Connection refused (os error 111)
[2m2026-07-05T11:10:23.441114Z[0m [33m WARN[0m [2mpm_acquisition::rtds[0m[2m:[0m RTDS erreur: connexion au proxy 127.0.0.1:45417: Connection refused (os error 111)
[2m2026-07-05T11:10:23.844384Z[0m [33m WARN[0m [2mpm_bot[0m[2m:[0m découverte gamma: requête Gamma: error sending request for url (https://gamma-api.polymarket.com/events?slug=btc-updown-5m-1783249800): client error (Connect): tunnel error: failed to create underlying connection: tcp connect error: Connection refused (os error 111)
[2m2026-07-05T11:10:28.846627Z[0m [33m WARN[0m [2mpm_bot[0m[2m:[0m découverte gamma: requête Gamma: error sending request for url (https://gamma-api.polymarket.com/events?slug=btc-updown-5m-1783249800): client error (Connect): tunnel error: failed to create underlying connection: tcp connect error: Connection refused (os error 111)
[2m2026-07-05T11:10:33.847988Z[0m [33m WARN[0m [2mpm_bot[0m[2m:[0m découverte gamma: requête Gamma: error sending request for url (https://gamma-api.polymarket.com/events?slug=btc-updown-5m-1783249800): client error (Connect): tunnel error: failed to create underlying connection: tcp connect error: Connection refused (os error 111)
[2m2026-07-05T11:10:38.441926Z[0m [33m WARN[0m [2mpm_acquisition::rtds[0m[2m:[0m RTDS erreur: connexion au proxy 127.0.0.1:45417: Connection refused (os error 111)
[2m2026-07-05T11:10:38.849205Z[0m [33m WARN[0m [2mpm_bot[0m[2m:[0m découverte gamma: requête Gamma: error sending request for url (https://gamma-api.polymarket.com/events?slug=btc-updown-5m-1783249800): client error (Connect): tunnel error: failed to create underlying connection: tcp connect error: Connection refused (os error 111)
[2m2026-07-05T11:10:43.850675Z[0m [33m WARN[0m [2mpm_bot[0m[2m:[0m découverte gamma: requête Gamma: error sending request for url (https://gamma-api.polymarket.com/events?slug=btc-updown-5m-1783249800): client error (Connect): tunnel error: failed to create underlying connection: tcp connect error: Connection refused (os error 111)
[2m2026-07-05T11:10:48.852249Z[0m [33m WARN[0m [2mpm_bot[0m[2m:[0m découverte gamma: requête Gamma: error sending request for url (https://gamma-api.polymarket.com/events?slug=btc-updown-5m-1783249800): client error (Connect): tunnel error: failed to create underlying connection: tcp connect error: Connection refused (os error 111)
[2m2026-07-05T11:10:53.443457Z[0m [33m WARN[0m [2mpm_acquisition::rtds[0m[2m:[0m RTDS erreur: connexion au proxy 127.0.0.1:45417: Connection refused (os error 111)
[2m2026-07-05T11:10:53.853623Z[0m [33m WARN[0m [2mpm_bot[0m[2m:[0m découverte gamma: requête Gamma: error sending request for url (https://gamma-api.polymarket.com/events?slug=btc-updown-5m-1783249800): client error (Connect): tunnel error: failed to create underlying connection: tcp connect error: Connection refused (os error 111)
[2m2026-07-05T11:10:58.854987Z[0m [33m WARN[0m [2mpm_bot[0m[2m:[0m découverte gamma: requête Gamma: error sending request for url (https://gamma-api.polymarket.com/events?slug=btc-updown-5m-1783249800): client error (Connect): tunnel error: failed to create underlying connection: tcp connect error: Connection refused (os error 111)
[2m2026-07-05T11:11:03.856467Z[0m [33m WARN[0m [2mpm_bot[0m[2m:[0m découverte gamma: requête Gamma: error sending request for url (https://gamma-api.polymarket.com/events?slug=btc-updown-5m-1783249800): client error (Connect): tunnel error: failed to create underlying connection: tcp connect error: Connection refused (os error 111)
[2m2026-07-05T11:11:08.445202Z[0m [33m WARN[0m [2mpm_acquisition::rtds[0m[2m:[0m RTDS erreur: connexion au proxy 127.0.0.1:45417: Connection refused (os error 111)
[2m2026-07-05T11:11:08.858176Z[0m [33m WARN[0m [2mpm_bot[0m[2m:[0m découverte gamma: requête Gamma: error sending request for url (https://gamma-api.polymarket.com/events?slug=btc-updown-5m-1783249800): client error (Connect): tunnel error: failed to create underlying connection: tcp connect error: Connection refused (os error 111)
[2m2026-07-05T11:11:13.859647Z[0m [33m WARN[0m [2mpm_bot[0m[2m:[0m découverte gamma: requête Gamma: error sending request for url (https://gamma-api.polymarket.com/events?slug=btc-updown-5m-1783249800): client error (Connect): tunnel error: failed to create underlying connection: tcp connect error: Connection refused (os error 111)
[2m2026-07-05T11:11:18.860920Z[0m [33m WARN[0m [2mpm_bot[0m[2m:[0m découverte gamma: requête Gamma: error sending request for url (https://gamma-api.polymarket.com/events?slug=btc-updown-5m-1783249800): client error (Connect): tunnel error: failed to create underlying connection: tcp connect error: Connection refused (os error 111)
[2m2026-07-05T11:11:23.446104Z[0m [33m WARN[0m [2mpm_acquisition::rtds[0m[2m:[0m RTDS erreur: connexion au proxy 127.0.0.1:45417: Connection refused (os error 111)
[2m2026-07-05T11:11:23.862187Z[0m [33m WARN[0m [2mpm_bot[0m[2m:[0m découverte gamma: requête Gamma: error sending request for url (https://gamma-api.polymarket.com/events?slug=btc-updown-5m-1783249800): client error (Connect): tunnel error: failed to create underlying connection: tcp connect error: Connection refused (os error 111)
[2m2026-07-05T11:11:28.862731Z[0m [33m WARN[0m [2mpm_bot[0m[2m:[0m découverte gamma: requête Gamma: error sending request for url (https://gamma-api.polymarket.com/events?slug=btc-updown-5m-1783249800): client error (Connect): tunnel error: failed to create underlying connection: tcp connect error: Connection refused (os error 111)
[2m2026-07-05T11:11:33.864615Z[0m [33m WARN[0m [2mpm_bot[0m[2m:[0m découverte gamma: requête Gamma: error sending request for url (https://gamma-api.polymarket.com/events?slug=btc-updown-5m-1783249800): client error (Connect): tunnel error: failed to create underlying connection: tcp connect error: Connection refused (os error 111)
[2m2026-07-05T11:11:38.447137Z[0m [33m WARN[0m [2mpm_acquisition::rtds[0m[2m:[0m RTDS erreur: connexion au proxy 127.0.0.1:45417: Connection refused (os error 111)
[2m2026-07-05T11:11:38.866174Z[0m [33m WARN[0m [2mpm_bot[0m[2m:[0m découverte gamma: requête Gamma: error sending request for url (https://gamma-api.polymarket.com/events?slug=btc-updown-5m-1783249800): client error (Connect): tunnel error: failed to create underlying connection: tcp connect error: Connection refused (os error 111)
[2m2026-07-05T11:11:43.866968Z[0m [33m WARN[0m [2mpm_bot[0m[2m:[0m découverte gamma: requête Gamma: error sending request for url (https://gamma-api.polymarket.com/events?slug=btc-updown-5m-1783249800): client error (Connect): tunnel error: failed to create underlying connection: tcp connect error: Connection refused (os error 111)
[2m2026-07-05T11:11:48.868085Z[0m [33m WARN[0m [2mpm_bot[0m[2m:[0m découverte gamma: requête Gamma: error sending request for url (https://gamma-api.polymarket.com/events?slug=btc-updown-5m-1783249800): client error (Connect): tunnel error: failed to create underlying connection: tcp connect error: Connection refused (os error 111)
[2m2026-07-05T11:11:53.448619Z[0m [33m WARN[0m [2mpm_acquisition::rtds[0m[2m:[0m RTDS erreur: connexion au proxy 127.0.0.1:45417: Connection refused (os error 111)
[2m2026-07-05T11:11:53.868883Z[0m [33m WARN[0m [2mpm_bot[0m[2m:[0m découverte gamma: requête Gamma: error sending request for url (https://gamma-api.polymarket.com/events?slug=btc-updown-5m-1783249800): client error (Connect): tunnel error: failed to create underlying connection: tcp connect error: Connection refused (os error 111)
[2m2026-07-05T11:11:58.870035Z[0m [33m WARN[0m [2mpm_bot[0m[2m:[0m découverte gamma: requête Gamma: error sending request for url (https://gamma-api.polymarket.com/events?slug=btc-updown-5m-1783249800): client error (Connect): tunnel error: failed to create underlying connection: tcp connect error: Connection refused (os error 111)
[2m2026-07-05T11:12:03.871615Z[0m [33m WARN[0m [2mpm_bot[0m[2m:[0m découverte gamma: requête Gamma: error sending request for url (https://gamma-api.polymarket.com/events?slug=btc-updown-5m-1783249800): client error (Connect): tunnel error: failed to create underlying connection: tcp connect error: Connection refused (os error 111)
[2m2026-07-05T11:12:08.450094Z[0m [33m WARN[0m [2mpm_acquisition::rtds[0m[2m:[0m RTDS erreur: connexion au proxy 127.0.0.1:45417: Connection refused (os error 111)
[2m2026-07-05T11:12:08.873173Z[0m [33m WARN[0m [2mpm_bot[0m[2m:[0m découverte gamma: requête Gamma: error sending request for url (https://gamma-api.polymarket.com/events?slug=btc-updown-5m-1783249800): client error (Connect): tunnel error: failed to create underlying connection: tcp connect error: Connection refused (os error 111)
[2m2026-07-05T11:12:13.874705Z[0m [33m WARN[0m [2mpm_bot[0m[2m:[0m découverte gamma: requête Gamma: error sending request for url (https://gamma-api.polymarket.com/events?slug=btc-updown-5m-1783249800): client error (Connect): tunnel error: failed to create underlying connection: tcp connect error: Connection refused (os error 111)
[2m2026-07-05T11:12:18.875772Z[0m [33m WARN[0m [2mpm_bot[0m[2m:[0m découverte gamma: requête Gamma: error sending request for url (https://gamma-api.polymarket.com/events?slug=btc-updown-5m-1783249800): client error (Connect): tunnel error: failed to create underlying connection: tcp connect error: Connection refused (os error 111)
[2m2026-07-05T11:12:23.450885Z[0m [33m WARN[0m [2mpm_acquisition::rtds[0m[2m:[0m RTDS erreur: connexion au proxy 127.0.0.1:45417: Connection refused (os error 111)
[2m2026-07-05T11:12:23.877185Z[0m [33m WARN[0m [2mpm_bot[0m[2m:[0m découverte gamma: requête Gamma: error sending request for url (https://gamma-api.polymarket.com/events?slug=btc-updown-5m-1783249800): client error (Connect): tunnel error: failed to create underlying connection: tcp connect error: Connection refused (os error 111)
[2m2026-07-05T11:12:28.878242Z[0m [33m WARN[0m [2mpm_bot[0m[2m:[0m découverte gamma: requête Gamma: error sending request for url (https://gamma-api.polymarket.com/events?slug=btc-updown-5m-1783249800): client error (Connect): tunnel error: failed to create underlying connection: tcp connect error: Connection refused (os error 111)
[2m2026-07-05T11:12:33.879433Z[0m [33m WARN[0m [2mpm_bot[0m[2m:[0m découverte gamma: requête Gamma: error sending request for url (https://gamma-api.polymarket.com/events?slug=btc-updown-5m-1783249800): client error (Connect): tunnel error: failed to create underlying connection: tcp connect error: Connection refused (os error 111)
[2m2026-07-05T11:12:38.451911Z[0m [33m WARN[0m [2mpm_acquisition::rtds[0m[2m:[0m RTDS erreur: connexion au proxy 127.0.0.1:45417: Connection refused (os error 111)
[2m2026-07-05T11:12:38.881031Z[0m [33m WARN[0m [2mpm_bot[0m[2m:[0m découverte gamma: requête Gamma: error sending request for url (https://gamma-api.polymarket.com/events?slug=btc-updown-5m-1783249800): client error (Connect): tunnel error: failed to create underlying connection: tcp connect error: Connection refused (os error 111)
[2m2026-07-05T11:12:43.881840Z[0m [33m WARN[0m [2mpm_bot[0m[2m:[0m découverte gamma: requête Gamma: error sending request for url (https://gamma-api.polymarket.com/events?slug=btc-updown-5m-1783249800): client error (Connect): tunnel error: failed to create underlying connection: tcp connect error: Connection refused (os error 111)
[2m2026-07-05T11:12:48.882814Z[0m [33m WARN[0m [2mpm_bot[0m[2m:[0m découverte gamma: requête Gamma: error sending request for url (https://gamma-api.polymarket.com/events?slug=btc-updown-5m-1783249800): client error (Connect): tunnel error: failed to create underlying connection: tcp connect error: Connection refused (os error 111)
[2m2026-07-05T11:12:53.452679Z[0m [33m WARN[0m [2mpm_acquisition::rtds[0m[2m:[0m RTDS erreur: connexion au proxy 127.0.0.1:45417: Connection refused (os error 111)
[2m2026-07-05T11:12:53.883844Z[0m [33m WARN[0m [2mpm_bot[0m[2m:[0m découverte gamma: requête Gamma: error sending request for url (https://gamma-api.polymarket.com/events?slug=btc-updown-5m-1783249800): client error (Connect): tunnel error: failed to create underlying connection: tcp connect error: Connection refused (os error 111)
[2m2026-07-05T11:12:58.885597Z[0m [33m WARN[0m [2mpm_bot[0m[2m:[0m découverte gamma: requête Gamma: error sending request for url (https://gamma-api.polymarket.com/events?slug=btc-updown-5m-1783249800): client error (Connect): tunnel error: failed to create underlying connection: tcp connect error: Connection refused (os error 111)
[2m2026-07-05T11:13:03.887202Z[0m [33m WARN[0m [2mpm_bot[0m[2m:[0m découverte gamma: requête Gamma: error sending request for url (https://gamma-api.polymarket.com/events?slug=btc-updown-5m-1783249800): client error (Connect): tunnel error: failed to create underlying connection: tcp connect error: Connection refused (os error 111)
[2m2026-07-05T11:13:08.454103Z[0m [33m WARN[0m [2mpm_acquisition::rtds[0m[2m:[0m RTDS erreur: connexion au proxy 127.0.0.1:45417: Connection refused (os error 111)
[2m2026-07-05T11:13:08.888288Z[0m [33m WARN[0m [2mpm_bot[0m[2m:[0m découverte gamma: requête Gamma: error sending request for url (https://gamma-api.polymarket.com/events?slug=btc-updown-5m-1783249800): client error (Connect): tunnel error: failed to create underlying connection: tcp connect error: Connection refused (os error 111)
[2m2026-07-05T11:13:13.889115Z[0m [33m WARN[0m [2mpm_bot[0m[2m:[0m découverte gamma: requête Gamma: error sending request for url (https://gamma-api.polymarket.com/events?slug=btc-updown-5m-1783249800): client error (Connect): tunnel error: failed to create underlying connection: tcp connect error: Connection refused (os error 111)
[2m2026-07-05T11:13:18.889902Z[0m [33m WARN[0m [2mpm_bot[0m[2m:[0m découverte gamma: requête Gamma: error sending request for url (https://gamma-api.polymarket.com/events?slug=btc-updown-5m-1783249800): client error (Connect): tunnel error: failed to create underlying connection: tcp connect error: Connection refused (os error 111)
[2m2026-07-05T11:13:23.454859Z[0m [33m WARN[0m [2mpm_acquisition::rtds[0m[2m:[0m RTDS erreur: connexion au proxy 127.0.0.1:45417: Connection refused (os error 111)
[2m2026-07-05T11:13:23.891030Z[0m [33m WARN[0m [2mpm_bot[0m[2m:[0m découverte gamma: requête Gamma: error sending request for url (https://gamma-api.polymarket.com/events?slug=btc-updown-5m-1783249800): client error (Connect): tunnel error: failed to create underlying connection: tcp connect error: Connection refused (os error 111)
[2m2026-07-05T11:13:28.892089Z[0m [33m WARN[0m [2mpm_bot[0m[2m:[0m découverte gamma: requête Gamma: error sending request for url (https://gamma-api.polymarket.com/events?slug=btc-updown-5m-1783249800): client error (Connect): tunnel error: failed to create underlying connection: tcp connect error: Connection refused (os error 111)
[2m2026-07-05T11:13:33.893195Z[0m [33m WARN[0m [2mpm_bot[0m[2m:[0m découverte gamma: requête Gamma: error sending request for url (https://gamma-api.polymarket.com/events?slug=btc-updown-5m-1783249800): client error (Connect): tunnel error: failed to create underlying connection: tcp connect error: Connection refused (os error 111)
[2m2026-07-05T11:13:38.456099Z[0m [33m WARN[0m [2mpm_acquisition::rtds[0m[2m:[0m RTDS erreur: connexion au proxy 127.0.0.1:45417: Connection refused (os error 111)
[2m2026-07-05T11:13:38.894241Z[0m [33m WARN[0m [2mpm_bot[0m[2m:[0m découverte gamma: requête Gamma: error sending request for url (https://gamma-api.polymarket.com/events?slug=btc-updown-5m-1783249800): client error (Connect): tunnel error: failed to create underlying connection: tcp connect error: Connection refused (os error 111)
[2m2026-07-05T11:13:43.895144Z[0m [33m WARN[0m [2mpm_bot[0m[2m:[0m découverte gamma: requête Gamma: error sending request for url (https://gamma-api.polymarket.com/events?slug=btc-updown-5m-1783249800): client error (Connect): tunnel error: failed to create underlying connection: tcp connect error: Connection refused (os error 111)
[2m2026-07-05T11:13:48.895961Z[0m [33m WARN[0m [2mpm_bot[0m[2m:[0m découverte gamma: requête Gamma: error sending request for url (https://gamma-api.polymarket.com/events?slug=btc-updown-5m-1783249800): client error (Connect): tunnel error: failed to create underlying connection: tcp connect error: Connection refused (os error 111)
[2m2026-07-05T11:13:53.457221Z[0m [33m WARN[0m [2mpm_acquisition::rtds[0m[2m:[0m RTDS erreur: connexion au proxy 127.0.0.1:45417: Connection refused (os error 111)
[2m2026-07-05T11:13:53.897510Z[0m [33m WARN[0m [2mpm_bot[0m[2m:[0m découverte gamma: requête Gamma: error sending request for url (https://gamma-api.polymarket.com/events?slug=btc-updown-5m-1783249800): client error (Connect): tunnel error: failed to create underlying connection: tcp connect error: Connection refused (os error 111)
[2m2026-07-05T11:13:58.899103Z[0m [33m WARN[0m [2mpm_bot[0m[2m:[0m découverte gamma: requête Gamma: error sending request for url (https://gamma-api.polymarket.com/events?slug=btc-updown-5m-1783249800): client error (Connect): tunnel error: failed to create underlying connection: tcp connect error: Connection refused (os error 111)
[2m2026-07-05T11:14:03.900698Z[0m [33m WARN[0m [2mpm_bot[0m[2m:[0m découverte gamma: requête Gamma: error sending request for url (https://gamma-api.polymarket.com/events?slug=btc-updown-5m-1783249800): client error (Connect): tunnel error: failed to create underlying connection: tcp connect error: Connection refused (os error 111)
[2m2026-07-05T11:14:08.458608Z[0m [33m WARN[0m [2mpm_acquisition::rtds[0m[2m:[0m RTDS erreur: connexion au proxy 127.0.0.1:45417: Connection refused (os error 111)
[2m2026-07-05T11:14:08.901876Z[0m [33m WARN[0m [2mpm_bot[0m[2m:[0m découverte gamma: requête Gamma: error sending request for url (https://gamma-api.polymarket.com/events?slug=btc-updown-5m-1783249800): client error (Connect): tunnel error: failed to create underlying connection: tcp connect error: Connection refused (os error 111)
[2m2026-07-05T11:14:13.903164Z[0m [33m WARN[0m [2mpm_bot[0m[2m:[0m découverte gamma: requête Gamma: error sending request for url (https://gamma-api.polymarket.com/events?slug=btc-updown-5m-1783249800): client error (Connect): tunnel error: failed to create underlying connection: tcp connect error: Connection refused (os error 111)
[2m2026-07-05T11:14:18.904535Z[0m [33m WARN[0m [2mpm_bot[0m[2m:[0m découverte gamma: requête Gamma: error sending request for url (https://gamma-api.polymarket.com/events?slug=btc-updown-5m-1783249800): client error (Connect): tunnel error: failed to create underlying connection: tcp connect error: Connection refused (os error 111)
[2m2026-07-05T11:14:23.460084Z[0m [33m WARN[0m [2mpm_acquisition::rtds[0m[2m:[0m RTDS erreur: connexion au proxy 127.0.0.1:45417: Connection refused (os error 111)
[2m2026-07-05T11:14:23.906301Z[0m [33m WARN[0m [2mpm_bot[0m[2m:[0m découverte gamma: requête Gamma: error sending request for url (https://gamma-api.polymarket.com/events?slug=btc-updown-5m-1783249800): client error (Connect): tunnel error: failed to create underlying connection: tcp connect error: Connection refused (os error 111)
[2m2026-07-05T11:14:28.906786Z[0m [33m WARN[0m [2mpm_bot[0m[2m:[0m découverte gamma: requête Gamma: error sending request for url (https://gamma-api.polymarket.com/events?slug=btc-updown-5m-1783249800): client error (Connect): tunnel error: failed to create underlying connection: tcp connect error: Connection refused (os error 111)
[2m2026-07-05T11:14:33.908387Z[0m [33m WARN[0m [2mpm_bot[0m[2m:[0m découverte gamma: requête Gamma: error sending request for url (https://gamma-api.polymarket.com/events?slug=btc-updown-5m-1783249800): client error (Connect): tunnel error: failed to create underlying connection: tcp connect error: Connection refused (os error 111)
[2m2026-07-05T11:14:38.460691Z[0m [33m WARN[0m [2mpm_acquisition::rtds[0m[2m:[0m RTDS erreur: connexion au proxy 127.0.0.1:45417: Connection refused (os error 111)
[2m2026-07-05T11:14:38.909844Z[0m [33m WARN[0m [2mpm_bot[0m[2m:[0m découverte gamma: requête Gamma: error sending request for url (https://gamma-api.polymarket.com/events?slug=btc-updown-5m-1783249800): client error (Connect): tunnel error: failed to create underlying connection: tcp connect error: Connection refused (os error 111)
[2m2026-07-05T11:14:43.911306Z[0m [33m WARN[0m [2mpm_bot[0m[2m:[0m découverte gamma: requête Gamma: error sending request for url (https://gamma-api.polymarket.com/events?slug=btc-updown-5m-1783249800): client error (Connect): tunnel error: failed to create underlying connection: tcp connect error: Connection refused (os error 111)
[2m2026-07-05T11:14:48.912402Z[0m [33m WARN[0m [2mpm_bot[0m[2m:[0m découverte gamma: requête Gamma: error sending request for url (https://gamma-api.polymarket.com/events?slug=btc-updown-5m-1783249800): client error (Connect): tunnel error: failed to create underlying connection: tcp connect error: Connection refused (os error 111)
[2m2026-07-05T11:14:53.462348Z[0m [33m WARN[0m [2mpm_acquisition::rtds[0m[2m:[0m RTDS erreur: connexion au proxy 127.0.0.1:45417: Connection refused (os error 111)
[2m2026-07-05T11:14:53.913754Z[0m [33m WARN[0m [2mpm_bot[0m[2m:[0m découverte gamma: requête Gamma: error sending request for url (https://gamma-api.polymarket.com/events?slug=btc-updown-5m-1783249800): client error (Connect): tunnel error: failed to create underlying connection: tcp connect error: Connection refused (os error 111)
[2m2026-07-05T11:14:58.915244Z[0m [33m WARN[0m [2mpm_bot[0m[2m:[0m découverte gamma: requête Gamma: error sending request for url (https://gamma-api.polymarket.com/events?slug=btc-updown-5m-1783249800): client error (Connect): tunnel error: failed to create underlying connection: tcp connect error: Connection refused (os error 111)
[2m2026-07-05T11:15:03.916383Z[0m [33m WARN[0m [2mpm_bot[0m[2m:[0m découverte gamma: requête Gamma: error sending request for url (https://gamma-api.polymarket.com/events?slug=btc-updown-5m-1783250100): client error (Connect): tunnel error: failed to create underlying connection: tcp connect error: Connection refused (os error 111)
[2m2026-07-05T11:15:08.463561Z[0m [33m WARN[0m [2mpm_acquisition::rtds[0m[2m:[0m RTDS erreur: connexion au proxy 127.0.0.1:45417: Connection refused (os error 111)
[2m2026-07-05T11:15:08.918606Z[0m [33m WARN[0m [2mpm_bot[0m[2m:[0m découverte gamma: requête Gamma: error sending request for url (https://gamma-api.polymarket.com/events?slug=btc-updown-5m-1783250100): client error (Connect): tunnel error: failed to create underlying connection: tcp connect error: Connection refused (os error 111)
[2m2026-07-05T11:15:13.919934Z[0m [33m WARN[0m [2mpm_bot[0m[2m:[0m découverte gamma: requête Gamma: error sending request for url (https://gamma-api.polymarket.com/events?slug=btc-updown-5m-1783250100): client error (Connect): tunnel error: failed to create underlying connection: tcp connect error: Connection refused (os error 111)
[2m2026-07-05T11:15:18.921358Z[0m [33m WARN[0m [2mpm_bot[0m[2m:[0m découverte gamma: requête Gamma: error sending request for url (https://gamma-api.polymarket.com/events?slug=btc-updown-5m-1783250100): client error (Connect): tunnel error: failed to create underlying connection: tcp connect error: Connection refused (os error 111)
[2m2026-07-05T11:15:23.465259Z[0m [33m WARN[0m [2mpm_acquisition::rtds[0m[2m:[0m RTDS erreur: connexion au proxy 127.0.0.1:45417: Connection refused (os error 111)
[2m2026-07-05T11:15:23.923259Z[0m [33m WARN[0m [2mpm_bot[0m[2m:[0m découverte gamma: requête Gamma: error sending request for url (https://gamma-api.polymarket.com/events?slug=btc-updown-5m-1783250100): client error (Connect): tunnel error: failed to create underlying connection: tcp connect error: Connection refused (os error 111)
[2m2026-07-05T11:15:28.924642Z[0m [33m WARN[0m [2mpm_bot[0m[2m:[0m découverte gamma: requête Gamma: error sending request for url (https://gamma-api.polymarket.com/events?slug=btc-updown-5m-1783250100): client error (Connect): tunnel error: failed to create underlying connection: tcp connect error: Connection refused (os error 111)
[2m2026-07-05T11:15:33.925799Z[0m [33m WARN[0m [2mpm_bot[0m[2m:[0m découverte gamma: requête Gamma: error sending request for url (https://gamma-api.polymarket.com/events?slug=btc-updown-5m-1783250100): client error (Connect): tunnel error: failed to create underlying connection: tcp connect error: Connection refused (os error 111)
[2m2026-07-05T11:15:38.465830Z[0m [33m WARN[0m [2mpm_acquisition::rtds[0m[2m:[0m RTDS erreur: connexion au proxy 127.0.0.1:45417: Connection refused (os error 111)
[2m2026-07-05T11:15:38.927316Z[0m [33m WARN[0m [2mpm_bot[0m[2m:[0m découverte gamma: requête Gamma: error sending request for url (https://gamma-api.polymarket.com/events?slug=btc-updown-5m-1783250100): client error (Connect): tunnel error: failed to create underlying connection: tcp connect error: Connection refused (os error 111)
[2m2026-07-05T11:15:43.928190Z[0m [33m WARN[0m [2mpm_bot[0m[2m:[0m découverte gamma: requête Gamma: error sending request for url (https://gamma-api.polymarket.com/events?slug=btc-updown-5m-1783250100): client error (Connect): tunnel error: failed to create underlying connection: tcp connect error: Connection refused (os error 111)
[2m2026-07-05T11:15:48.929578Z[0m [33m WARN[0m [2mpm_bot[0m[2m:[0m découverte gamma: requête Gamma: error sending request for url (https://gamma-api.polymarket.com/events?slug=btc-updown-5m-1783250100): client error (Connect): tunnel error: failed to create underlying connection: tcp connect error: Connection refused (os error 111)
[2m2026-07-05T11:15:53.467223Z[0m [33m WARN[0m [2mpm_acquisition::rtds[0m[2m:[0m RTDS erreur: connexion au proxy 127.0.0.1:45417: Connection refused (os error 111)
[2m2026-07-05T11:15:53.931322Z[0m [33m WARN[0m [2mpm_bot[0m[2m:[0m découverte gamma: requête Gamma: error sending request for url (https://gamma-api.polymarket.com/events?slug=btc-updown-5m-1783250100): client error (Connect): tunnel error: failed to create underlying connection: tcp connect error: Connection refused (os error 111)
[2m2026-07-05T11:15:58.932653Z[0m [33m WARN[0m [2mpm_bot[0m[2m:[0m découverte gamma: requête Gamma: error sending request for url (https://gamma-api.polymarket.com/events?slug=btc-updown-5m-1783250100): client error (Connect): tunnel error: failed to create underlying connection: tcp connect error: Connection refused (os error 111)
[2m2026-07-05T11:16:03.934378Z[0m [33m WARN[0m [2mpm_bot[0m[2m:[0m découverte gamma: requête Gamma: error sending request for url (https://gamma-api.polymarket.com/events?slug=btc-updown-5m-1783250100): client error (Connect): tunnel error: failed to create underlying connection: tcp connect error: Connection refused (os error 111)
[2m2026-07-05T11:16:08.468394Z[0m [33m WARN[0m [2mpm_acquisition::rtds[0m[2m:[0m RTDS erreur: connexion au proxy 127.0.0.1:45417: Connection refused (os error 111)
[2m2026-07-05T11:16:08.935811Z[0m [33m WARN[0m [2mpm_bot[0m[2m:[0m découverte gamma: requête Gamma: error sending request for url (https://gamma-api.polymarket.com/events?slug=btc-updown-5m-1783250100): client error (Connect): tunnel error: failed to create underlying connection: tcp connect error: Connection refused (os error 111)
[2m2026-07-05T11:16:13.937704Z[0m [33m WARN[0m [2mpm_bot[0m[2m:[0m découverte gamma: requête Gamma: error sending request for url (https://gamma-api.polymarket.com/events?slug=btc-updown-5m-1783250100): client error (Connect): tunnel error: failed to create underlying connection: tcp connect error: Connection refused (os error 111)
[2m2026-07-05T11:16:18.938636Z[0m [33m WARN[0m [2mpm_bot[0m[2m:[0m découverte gamma: requête Gamma: error sending request for url (https://gamma-api.polymarket.com/events?slug=btc-updown-5m-1783250100): client error (Connect): tunnel error: failed to create underlying connection: tcp connect error: Connection refused (os error 111)
[2m2026-07-05T11:16:23.469676Z[0m [33m WARN[0m [2mpm_acquisition::rtds[0m[2m:[0m RTDS erreur: connexion au proxy 127.0.0.1:45417: Connection refused (os error 111)
[2m2026-07-05T11:16:23.939984Z[0m [33m WARN[0m [2mpm_bot[0m[2m:[0m découverte gamma: requête Gamma: error sending request for url (https://gamma-api.polymarket.com/events?slug=btc-updown-5m-1783250100): client error (Connect): tunnel error: failed to create underlying connection: tcp connect error: Connection refused (os error 111)
[2m2026-07-05T11:16:28.941552Z[0m [33m WARN[0m [2mpm_bot[0m[2m:[0m découverte gamma: requête Gamma: error sending request for url (https://gamma-api.polymarket.com/events?slug=btc-updown-5m-1783250100): client error (Connect): tunnel error: failed to create underlying connection: tcp connect error: Connection refused (os error 111)
[2m2026-07-05T11:16:33.943633Z[0m [33m WARN[0m [2mpm_bot[0m[2m:[0m découverte gamma: requête Gamma: error sending request for url (https://gamma-api.polymarket.com/events?slug=btc-updown-5m-1783250100): client error (Connect): tunnel error: failed to create underlying connection: tcp connect error: Connection refused (os error 111)
[2m2026-07-05T11:16:38.470752Z[0m [33m WARN[0m [2mpm_acquisition::rtds[0m[2m:[0m RTDS erreur: connexion au proxy 127.0.0.1:45417: Connection refused (os error 111)
[2m2026-07-05T11:16:38.944797Z[0m [33m WARN[0m [2mpm_bot[0m[2m:[0m découverte gamma: requête Gamma: error sending request for url (https://gamma-api.polymarket.com/events?slug=btc-updown-5m-1783250100): client error (Connect): tunnel error: failed to create underlying connection: tcp connect error: Connection refused (os error 111)
[2m2026-07-05T11:16:43.946422Z[0m [33m WARN[0m [2mpm_bot[0m[2m:[0m découverte gamma: requête Gamma: error sending request for url (https://gamma-api.polymarket.com/events?slug=btc-updown-5m-1783250100): client error (Connect): tunnel error: failed to create underlying connection: tcp connect error: Connection refused (os error 111)
[2m2026-07-05T11:16:48.948330Z[0m [33m WARN[0m [2mpm_bot[0m[2m:[0m découverte gamma: requête Gamma: error sending request for url (https://gamma-api.polymarket.com/events?slug=btc-updown-5m-1783250100): client error (Connect): tunnel error: failed to create underlying connection: tcp connect error: Connection refused (os error 111)
[2m2026-07-05T11:16:53.472207Z[0m [33m WARN[0m [2mpm_acquisition::rtds[0m[2m:[0m RTDS erreur: connexion au proxy 127.0.0.1:45417: Connection refused (os error 111)
[2m2026-07-05T11:16:53.949509Z[0m [33m WARN[0m [2mpm_bot[0m[2m:[0m découverte gamma: requête Gamma: error sending request for url (https://gamma-api.polymarket.com/events?slug=btc-updown-5m-1783250100): client error (Connect): tunnel error: failed to create underlying connection: tcp connect error: Connection refused (os error 111)
[2m2026-07-05T11:16:58.950869Z[0m [33m WARN[0m [2mpm_bot[0m[2m:[0m découverte gamma: requête Gamma: error sending request for url (https://gamma-api.polymarket.com/events?slug=btc-updown-5m-1783250100): client error (Connect): tunnel error: failed to create underlying connection: tcp connect error: Connection refused (os error 111)
[2m2026-07-05T11:17:03.952589Z[0m [33m WARN[0m [2mpm_bot[0m[2m:[0m découverte gamma: requête Gamma: error sending request for url (https://gamma-api.polymarket.com/events?slug=btc-updown-5m-1783250100): client error (Connect): tunnel error: failed to create underlying connection: tcp connect error: Connection refused (os error 111)
[2m2026-07-05T11:17:08.473337Z[0m [33m WARN[0m [2mpm_acquisition::rtds[0m[2m:[0m RTDS erreur: connexion au proxy 127.0.0.1:45417: Connection refused (os error 111)
[2m2026-07-05T11:17:08.954521Z[0m [33m WARN[0m [2mpm_bot[0m[2m:[0m découverte gamma: requête Gamma: error sending request for url (https://gamma-api.polymarket.com/events?slug=btc-updown-5m-1783250100): client error (Connect): tunnel error: failed to create underlying connection: tcp connect error: Connection refused (os error 111)
[2m2026-07-05T11:17:13.956295Z[0m [33m WARN[0m [2mpm_bot[0m[2m:[0m découverte gamma: requête Gamma: error sending request for url (https://gamma-api.polymarket.com/events?slug=btc-updown-5m-1783250100): client error (Connect): tunnel error: failed to create underlying connection: tcp connect error: Connection refused (os error 111)
[2m2026-07-05T11:17:18.956789Z[0m [33m WARN[0m [2mpm_bot[0m[2m:[0m découverte gamma: requête Gamma: error sending request for url (https://gamma-api.polymarket.com/events?slug=btc-updown-5m-1783250100): client error (Connect): tunnel error: failed to create underlying connection: tcp connect error: Connection refused (os error 111)
[2m2026-07-05T11:17:23.474537Z[0m [33m WARN[0m [2mpm_acquisition::rtds[0m[2m:[0m RTDS erreur: connexion au proxy 127.0.0.1:45417: Connection refused (os error 111)
[2m2026-07-05T11:17:23.957753Z[0m [33m WARN[0m [2mpm_bot[0m[2m:[0m découverte gamma: requête Gamma: error sending request for url (https://gamma-api.polymarket.com/events?slug=btc-updown-5m-1783250100): client error (Connect): tunnel error: failed to create underlying connection: tcp connect error: Connection refused (os error 111)
[2m2026-07-05T11:17:28.959561Z[0m [33m WARN[0m [2mpm_bot[0m[2m:[0m découverte gamma: requête Gamma: error sending request for url (https://gamma-api.polymarket.com/events?slug=btc-updown-5m-1783250100): client error (Connect): tunnel error: failed to create underlying connection: tcp connect error: Connection refused (os error 111)
[2m2026-07-05T11:17:33.961341Z[0m [33m WARN[0m [2mpm_bot[0m[2m:[0m découverte gamma: requête Gamma: error sending request for url (https://gamma-api.polymarket.com/events?slug=btc-updown-5m-1783250100): client error (Connect): tunnel error: failed to create underlying connection: tcp connect error: Connection refused (os error 111)
[2m2026-07-05T11:17:38.476308Z[0m [33m WARN[0m [2mpm_acquisition::rtds[0m[2m:[0m RTDS erreur: connexion au proxy 127.0.0.1:45417: Connection refused (os error 111)
[2m2026-07-05T11:17:38.962553Z[0m [33m WARN[0m [2mpm_bot[0m[2m:[0m découverte gamma: requête Gamma: error sending request for url (https://gamma-api.polymarket.com/events?slug=btc-updown-5m-1783250100): client error (Connect): tunnel error: failed to create underlying connection: tcp connect error: Connection refused (os error 111)
[2m2026-07-05T11:17:43.963908Z[0m [33m WARN[0m [2mpm_bot[0m[2m:[0m découverte gamma: requête Gamma: error sending request for url (https://gamma-api.polymarket.com/events?slug=btc-updown-5m-1783250100): client error (Connect): tunnel error: failed to create underlying connection: tcp connect error: Connection refused (os error 111)
[2m2026-07-05T11:17:48.965622Z[0m [33m WARN[0m [2mpm_bot[0m[2m:[0m découverte gamma: requête Gamma: error sending request for url (https://gamma-api.polymarket.com/events?slug=btc-updown-5m-1783250100): client error (Connect): tunnel error: failed to create underlying connection: tcp connect error: Connection refused (os error 111)
[2m2026-07-05T11:17:53.477288Z[0m [33m WARN[0m [2mpm_acquisition::rtds[0m[2m:[0m RTDS erreur: connexion au proxy 127.0.0.1:45417: Connection refused (os error 111)
[2m2026-07-05T11:17:53.967428Z[0m [33m WARN[0m [2mpm_bot[0m[2m:[0m découverte gamma: requête Gamma: error sending request for url (https://gamma-api.polymarket.com/events?slug=btc-updown-5m-1783250100): client error (Connect): tunnel error: failed to create underlying connection: tcp connect error: Connection refused (os error 111)
[2m2026-07-05T11:17:58.969120Z[0m [33m WARN[0m [2mpm_bot[0m[2m:[0m découverte gamma: requête Gamma: error sending request for url (https://gamma-api.polymarket.com/events?slug=btc-updown-5m-1783250100): client error (Connect): tunnel error: failed to create underlying connection: tcp connect error: Connection refused (os error 111)
[2m2026-07-05T11:18:03.970627Z[0m [33m WARN[0m [2mpm_bot[0m[2m:[0m découverte gamma: requête Gamma: error sending request for url (https://gamma-api.polymarket.com/events?slug=btc-updown-5m-1783250100): client error (Connect): tunnel error: failed to create underlying connection: tcp connect error: Connection refused (os error 111)
[2m2026-07-05T11:18:08.478232Z[0m [33m WARN[0m [2mpm_acquisition::rtds[0m[2m:[0m RTDS erreur: connexion au proxy 127.0.0.1:45417: Connection refused (os error 111)
[2m2026-07-05T11:18:08.972458Z[0m [33m WARN[0m [2mpm_bot[0m[2m:[0m découverte gamma: requête Gamma: error sending request for url (https://gamma-api.polymarket.com/events?slug=btc-updown-5m-1783250100): client error (Connect): tunnel error: failed to create underlying connection: tcp connect error: Connection refused (os error 111)
[2m2026-07-05T11:18:13.974049Z[0m [33m WARN[0m [2mpm_bot[0m[2m:[0m découverte gamma: requête Gamma: error sending request for url (https://gamma-api.polymarket.com/events?slug=btc-updown-5m-1783250100): client error (Connect): tunnel error: failed to create underlying connection: tcp connect error: Connection refused (os error 111)
[2m2026-07-05T11:18:18.975436Z[0m [33m WARN[0m [2mpm_bot[0m[2m:[0m découverte gamma: requête Gamma: error sending request for url (https://gamma-api.polymarket.com/events?slug=btc-updown-5m-1783250100): client error (Connect): tunnel error: failed to create underlying connection: tcp connect error: Connection refused (os error 111)
[2m2026-07-05T11:18:23.478912Z[0m [33m WARN[0m [2mpm_acquisition::rtds[0m[2m:[0m RTDS erreur: connexion au proxy 127.0.0.1:45417: Connection refused (os error 111)
[2m2026-07-05T11:18:23.977152Z[0m [33m WARN[0m [2mpm_bot[0m[2m:[0m découverte gamma: requête Gamma: error sending request for url (https://gamma-api.polymarket.com/events?slug=btc-updown-5m-1783250100): client error (Connect): tunnel error: failed to create underlying connection: tcp connect error: Connection refused (os error 111)
[2m2026-07-05T11:18:28.978569Z[0m [33m WARN[0m [2mpm_bot[0m[2m:[0m découverte gamma: requête Gamma: error sending request for url (https://gamma-api.polymarket.com/events?slug=btc-updown-5m-1783250100): client error (Connect): tunnel error: failed to create underlying connection: tcp connect error: Connection refused (os error 111)
[2m2026-07-05T11:18:33.980740Z[0m [33m WARN[0m [2mpm_bot[0m[2m:[0m découverte gamma: requête Gamma: error sending request for url (https://gamma-api.polymarket.com/events?slug=btc-updown-5m-1783250100): client error (Connect): tunnel error: failed to create underlying connection: tcp connect error: Connection refused (os error 111)
[2m2026-07-05T11:18:38.480177Z[0m [33m WARN[0m [2mpm_acquisition::rtds[0m[2m:[0m RTDS erreur: connexion au proxy 127.0.0.1:45417: Connection refused (os error 111)
[2m2026-07-05T11:18:38.982483Z[0m [33m WARN[0m [2mpm_bot[0m[2m:[0m découverte gamma: requête Gamma: error sending request for url (https://gamma-api.polymarket.com/events?slug=btc-updown-5m-1783250100): client error (Connect): tunnel error: failed to create underlying connection: tcp connect error: Connection refused (os error 111)
[2m2026-07-05T11:18:43.983778Z[0m [33m WARN[0m [2mpm_bot[0m[2m:[0m découverte gamma: requête Gamma: error sending request for url (https://gamma-api.polymarket.com/events?slug=btc-updown-5m-1783250100): client error (Connect): tunnel error: failed to create underlying connection: tcp connect error: Connection refused (os error 111)
[2m2026-07-05T11:18:48.985190Z[0m [33m WARN[0m [2mpm_bot[0m[2m:[0m découverte gamma: requête Gamma: error sending request for url (https://gamma-api.polymarket.com/events?slug=btc-updown-5m-1783250100): client error (Connect): tunnel error: failed to create underlying connection: tcp connect error: Connection refused (os error 111)
[2m2026-07-05T11:18:53.481153Z[0m [33m WARN[0m [2mpm_acquisition::rtds[0m[2m:[0m RTDS erreur: connexion au proxy 127.0.0.1:45417: Connection refused (os error 111)
[2m2026-07-05T11:18:53.986473Z[0m [33m WARN[0m [2mpm_bot[0m[2m:[0m découverte gamma: requête Gamma: error sending request for url (https://gamma-api.polymarket.com/events?slug=btc-updown-5m-1783250100): client error (Connect): tunnel error: failed to create underlying connection: tcp connect error: Connection refused (os error 111)
[2m2026-07-05T11:18:58.987872Z[0m [33m WARN[0m [2mpm_bot[0m[2m:[0m découverte gamma: requête Gamma: error sending request for url (https://gamma-api.polymarket.com/events?slug=btc-updown-5m-1783250100): client error (Connect): tunnel error: failed to create underlying connection: tcp connect error: Connection refused (os error 111)
[2m2026-07-05T11:19:03.989456Z[0m [33m WARN[0m [2mpm_bot[0m[2m:[0m découverte gamma: requête Gamma: error sending request for url (https://gamma-api.polymarket.com/events?slug=btc-updown-5m-1783250100): client error (Connect): tunnel error: failed to create underlying connection: tcp connect error: Connection refused (os error 111)
[2m2026-07-05T11:19:08.481848Z[0m [33m WARN[0m [2mpm_acquisition::rtds[0m[2m:[0m RTDS erreur: connexion au proxy 127.0.0.1:45417: Connection refused (os error 111)
[2m2026-07-05T11:19:08.991029Z[0m [33m WARN[0m [2mpm_bot[0m[2m:[0m découverte gamma: requête Gamma: error sending request for url (https://gamma-api.polymarket.com/events?slug=btc-updown-5m-1783250100): client error (Connect): tunnel error: failed to create underlying connection: tcp connect error: Connection refused (os error 111)
[2m2026-07-05T11:19:13.991839Z[0m [33m WARN[0m [2mpm_bot[0m[2m:[0m découverte gamma: requête Gamma: error sending request for url (https://gamma-api.polymarket.com/events?slug=btc-updown-5m-1783250100): client error (Connect): tunnel error: failed to create underlying connection: tcp connect error: Connection refused (os error 111)
[2m2026-07-05T11:19:18.993048Z[0m [33m WARN[0m [2mpm_bot[0m[2m:[0m découverte gamma: requête Gamma: error sending request for url (https://gamma-api.polymarket.com/events?slug=btc-updown-5m-1783250100): client error (Connect): tunnel error: failed to create underlying connection: tcp connect error: Connection refused (os error 111)
[2m2026-07-05T11:19:23.483381Z[0m [33m WARN[0m [2mpm_acquisition::rtds[0m[2m:[0m RTDS erreur: connexion au proxy 127.0.0.1:45417: Connection refused (os error 111)
[2m2026-07-05T11:19:23.994632Z[0m [33m WARN[0m [2mpm_bot[0m[2m:[0m découverte gamma: requête Gamma: error sending request for url (https://gamma-api.polymarket.com/events?slug=btc-updown-5m-1783250100): client error (Connect): tunnel error: failed to create underlying connection: tcp connect error: Connection refused (os error 111)
[2m2026-07-05T11:19:28.996265Z[0m [33m WARN[0m [2mpm_bot[0m[2m:[0m découverte gamma: requête Gamma: error sending request for url (https://gamma-api.polymarket.com/events?slug=btc-updown-5m-1783250100): client error (Connect): tunnel error: failed to create underlying connection: tcp connect error: Connection refused (os error 111)
[2m2026-07-05T11:19:33.996843Z[0m [33m WARN[0m [2mpm_bot[0m[2m:[0m découverte gamma: requête Gamma: error sending request for url (https://gamma-api.polymarket.com/events?slug=btc-updown-5m-1783250100): client error (Connect): tunnel error: failed to create underlying connection: tcp connect error: Connection refused (os error 111)
[2m2026-07-05T11:19:38.484741Z[0m [33m WARN[0m [2mpm_acquisition::rtds[0m[2m:[0m RTDS erreur: connexion au proxy 127.0.0.1:45417: Connection refused (os error 111)
[2m2026-07-05T11:19:38.998000Z[0m [33m WARN[0m [2mpm_bot[0m[2m:[0m découverte gamma: requête Gamma: error sending request for url (https://gamma-api.polymarket.com/events?slug=btc-updown-5m-1783250100): client error (Connect): tunnel error: failed to create underlying connection: tcp connect error: Connection refused (os error 111)
[2m2026-07-05T11:19:43.998827Z[0m [33m WARN[0m [2mpm_bot[0m[2m:[0m découverte gamma: requête Gamma: error sending request for url (https://gamma-api.polymarket.com/events?slug=btc-updown-5m-1783250100): client error (Connect): tunnel error: failed to create underlying connection: tcp connect error: Connection refused (os error 111)
[2m2026-07-05T11:19:49.000474Z[0m [33m WARN[0m [2mpm_bot[0m[2m:[0m découverte gamma: requête Gamma: error sending request for url (https://gamma-api.polymarket.com/events?slug=btc-updown-5m-1783250100): client error (Connect): tunnel error: failed to create underlying connection: tcp connect error: Connection refused (os error 111)
[2m2026-07-05T11:19:53.486554Z[0m [33m WARN[0m [2mpm_acquisition::rtds[0m[2m:[0m RTDS erreur: connexion au proxy 127.0.0.1:45417: Connection refused (os error 111)
[2m2026-07-05T11:19:54.001784Z[0m [33m WARN[0m [2mpm_bot[0m[2m:[0m découverte gamma: requête Gamma: error sending request for url (https://gamma-api.polymarket.com/events?slug=btc-updown-5m-1783250100): client error (Connect): tunnel error: failed to create underlying connection: tcp connect error: Connection refused (os error 111)
[2m2026-07-05T11:19:59.003352Z[0m [33m WARN[0m [2mpm_bot[0m[2m:[0m découverte gamma: requête Gamma: error sending request for url (https://gamma-api.polymarket.com/events?slug=btc-updown-5m-1783250100): client error (Connect): tunnel error: failed to create underlying connection: tcp connect error: Connection refused (os error 111)
[2m2026-07-05T11:20:04.003978Z[0m [33m WARN[0m [2mpm_bot[0m[2m:[0m découverte gamma: requête Gamma: error sending request for url (https://gamma-api.polymarket.com/events?slug=btc-updown-5m-1783250400): client error (Connect): tunnel error: failed to create underlying connection: tcp connect error: Connection refused (os error 111)
[2m2026-07-05T11:20:08.487944Z[0m [33m WARN[0m [2mpm_acquisition::rtds[0m[2m:[0m RTDS erreur: connexion au proxy 127.0.0.1:45417: Connection refused (os error 111)
[2m2026-07-05T11:20:09.005144Z[0m [33m WARN[0m [2mpm_bot[0m[2m:[0m découverte gamma: requête Gamma: error sending request for url (https://gamma-api.polymarket.com/events?slug=btc-updown-5m-1783250400): client error (Connect): tunnel error: failed to create underlying connection: tcp connect error: Connection refused (os error 111)
[2m2026-07-05T11:20:14.005927Z[0m [33m WARN[0m [2mpm_bot[0m[2m:[0m découverte gamma: requête Gamma: error sending request for url (https://gamma-api.polymarket.com/events?slug=btc-updown-5m-1783250400): client error (Connect): tunnel error: failed to create underlying connection: tcp connect error: Connection refused (os error 111)
[2m2026-07-05T11:20:19.007375Z[0m [33m WARN[0m [2mpm_bot[0m[2m:[0m découverte gamma: requête Gamma: error sending request for url (https://gamma-api.polymarket.com/events?slug=btc-updown-5m-1783250400): client error (Connect): tunnel error: failed to create underlying connection: tcp connect error: Connection refused (os error 111)
[2m2026-07-05T11:20:23.489163Z[0m [33m WARN[0m [2mpm_acquisition::rtds[0m[2m:[0m RTDS erreur: connexion au proxy 127.0.0.1:45417: Connection refused (os error 111)
[2m2026-07-05T11:20:24.009474Z[0m [33m WARN[0m [2mpm_bot[0m[2m:[0m découverte gamma: requête Gamma: error sending request for url (https://gamma-api.polymarket.com/events?slug=btc-updown-5m-1783250400): client error (Connect): tunnel error: failed to create underlying connection: tcp connect error: Connection refused (os error 111)
[2m2026-07-05T11:20:29.011573Z[0m [33m WARN[0m [2mpm_bot[0m[2m:[0m découverte gamma: requête Gamma: error sending request for url (https://gamma-api.polymarket.com/events?slug=btc-updown-5m-1783250400): client error (Connect): tunnel error: failed to create underlying connection: tcp connect error: Connection refused (os error 111)
[2m2026-07-05T11:20:34.012945Z[0m [33m WARN[0m [2mpm_bot[0m[2m:[0m découverte gamma: requête Gamma: error sending request for url (https://gamma-api.polymarket.com/events?slug=btc-updown-5m-1783250400): client error (Connect): tunnel error: failed to create underlying connection: tcp connect error: Connection refused (os error 111)
[2m2026-07-05T11:20:38.490437Z[0m [33m WARN[0m [2mpm_acquisition::rtds[0m[2m:[0m RTDS erreur: connexion au proxy 127.0.0.1:45417: Connection refused (os error 111)
[2m2026-07-05T11:20:39.013798Z[0m [33m WARN[0m [2mpm_bot[0m[2m:[0m découverte gamma: requête Gamma: error sending request for url (https://gamma-api.polymarket.com/events?slug=btc-updown-5m-1783250400): client error (Connect): tunnel error: failed to create underlying connection: tcp connect error: Connection refused (os error 111)
[2m2026-07-05T11:20:44.015207Z[0m [33m WARN[0m [2mpm_bot[0m[2m:[0m découverte gamma: requête Gamma: error sending request for url (https://gamma-api.polymarket.com/events?slug=btc-updown-5m-1783250400): client error (Connect): tunnel error: failed to create underlying connection: tcp connect error: Connection refused (os error 111)
[2m2026-07-05T11:20:49.016359Z[0m [33m WARN[0m [2mpm_bot[0m[2m:[0m découverte gamma: requête Gamma: error sending request for url (https://gamma-api.polymarket.com/events?slug=btc-updown-5m-1783250400): client error (Connect): tunnel error: failed to create underlying connection: tcp connect error: Connection refused (os error 111)
[2m2026-07-05T11:20:53.492361Z[0m [33m WARN[0m [2mpm_acquisition::rtds[0m[2m:[0m RTDS erreur: connexion au proxy 127.0.0.1:45417: Connection refused (os error 111)
[2m2026-07-05T11:20:54.017914Z[0m [33m WARN[0m [2mpm_bot[0m[2m:[0m découverte gamma: requête Gamma: error sending request for url (https://gamma-api.polymarket.com/events?slug=btc-updown-5m-1783250400): client error (Connect): tunnel error: failed to create underlying connection: tcp connect error: Connection refused (os error 111)
[2m2026-07-05T11:20:59.019726Z[0m [33m WARN[0m [2mpm_bot[0m[2m:[0m découverte gamma: requête Gamma: error sending request for url (https://gamma-api.polymarket.com/events?slug=btc-updown-5m-1783250400): client error (Connect): tunnel error: failed to create underlying connection: tcp connect error: Connection refused (os error 111)
[2m2026-07-05T11:21:04.021648Z[0m [33m WARN[0m [2mpm_bot[0m[2m:[0m découverte gamma: requête Gamma: error sending request for url (https://gamma-api.polymarket.com/events?slug=btc-updown-5m-1783250400): client error (Connect): tunnel error: failed to create underlying connection: tcp connect error: Connection refused (os error 111)
[2m2026-07-05T11:21:08.494181Z[0m [33m WARN[0m [2mpm_acquisition::rtds[0m[2m:[0m RTDS erreur: connexion au proxy 127.0.0.1:45417: Connection refused (os error 111)
[2m2026-07-05T11:21:09.023388Z[0m [33m WARN[0m [2mpm_bot[0m[2m:[0m découverte gamma: requête Gamma: error sending request for url (https://gamma-api.polymarket.com/events?slug=btc-updown-5m-1783250400): client error (Connect): tunnel error: failed to create underlying connection: tcp connect error: Connection refused (os error 111)
[2m2026-07-05T11:21:14.025546Z[0m [33m WARN[0m [2mpm_bot[0m[2m:[0m découverte gamma: requête Gamma: error sending request for url (https://gamma-api.polymarket.com/events?slug=btc-updown-5m-1783250400): client error (Connect): tunnel error: failed to create underlying connection: tcp connect error: Connection refused (os error 111)
[2m2026-07-05T11:21:19.027370Z[0m [33m WARN[0m [2mpm_bot[0m[2m:[0m découverte gamma: requête Gamma: error sending request for url (https://gamma-api.polymarket.com/events?slug=btc-updown-5m-1783250400): client error (Connect): tunnel error: failed to create underlying connection: tcp connect error: Connection refused (os error 111)
[2m2026-07-05T11:21:23.495650Z[0m [33m WARN[0m [2mpm_acquisition::rtds[0m[2m:[0m RTDS erreur: connexion au proxy 127.0.0.1:45417: Connection refused (os error 111)
[2m2026-07-05T11:21:24.029076Z[0m [33m WARN[0m [2mpm_bot[0m[2m:[0m découverte gamma: requête Gamma: error sending request for url (https://gamma-api.polymarket.com/events?slug=btc-updown-5m-1783250400): client error (Connect): tunnel error: failed to create underlying connection: tcp connect error: Connection refused (os error 111)
[2m2026-07-05T11:21:29.029934Z[0m [33m WARN[0m [2mpm_bot[0m[2m:[0m découverte gamma: requête Gamma: error sending request for url (https://gamma-api.polymarket.com/events?slug=btc-updown-5m-1783250400): client error (Connect): tunnel error: failed to create underlying connection: tcp connect error: Connection refused (os error 111)
[2m2026-07-05T11:21:34.031085Z[0m [33m WARN[0m [2mpm_bot[0m[2m:[0m découverte gamma: requête Gamma: error sending request for url (https://gamma-api.polymarket.com/events?slug=btc-updown-5m-1783250400): client error (Connect): tunnel error: failed to create underlying connection: tcp connect error: Connection refused (os error 111)
[2m2026-07-05T11:21:38.497035Z[0m [33m WARN[0m [2mpm_acquisition::rtds[0m[2m:[0m RTDS erreur: connexion au proxy 127.0.0.1:45417: Connection refused (os error 111)
[2m2026-07-05T11:21:39.032540Z[0m [33m WARN[0m [2mpm_bot[0m[2m:[0m découverte gamma: requête Gamma: error sending request for url (https://gamma-api.polymarket.com/events?slug=btc-updown-5m-1783250400): client error (Connect): tunnel error: failed to create underlying connection: tcp connect error: Connection refused (os error 111)
[2m2026-07-05T11:21:44.034310Z[0m [33m WARN[0m [2mpm_bot[0m[2m:[0m découverte gamma: requête Gamma: error sending request for url (https://gamma-api.polymarket.com/events?slug=btc-updown-5m-1783250400): client error (Connect): tunnel error: failed to create underlying connection: tcp connect error: Connection refused (os error 111)
[2m2026-07-05T11:21:49.034862Z[0m [33m WARN[0m [2mpm_bot[0m[2m:[0m découverte gamma: requête Gamma: error sending request for url (https://gamma-api.polymarket.com/events?slug=btc-updown-5m-1783250400): client error (Connect): tunnel error: failed to create underlying connection: tcp connect error: Connection refused (os error 111)
[2m2026-07-05T11:21:53.497653Z[0m [33m WARN[0m [2mpm_acquisition::rtds[0m[2m:[0m RTDS erreur: connexion au proxy 127.0.0.1:45417: Connection refused (os error 111)
[2m2026-07-05T11:21:54.035974Z[0m [33m WARN[0m [2mpm_bot[0m[2m:[0m découverte gamma: requête Gamma: error sending request for url (https://gamma-api.polymarket.com/events?slug=btc-updown-5m-1783250400): client error (Connect): tunnel error: failed to create underlying connection: tcp connect error: Connection refused (os error 111)
[2m2026-07-05T11:21:59.036849Z[0m [33m WARN[0m [2mpm_bot[0m[2m:[0m découverte gamma: requête Gamma: error sending request for url (https://gamma-api.polymarket.com/events?slug=btc-updown-5m-1783250400): client error (Connect): tunnel error: failed to create underlying connection: tcp connect error: Connection refused (os error 111)
[2m2026-07-05T11:22:04.037966Z[0m [33m WARN[0m [2mpm_bot[0m[2m:[0m découverte gamma: requête Gamma: error sending request for url (https://gamma-api.polymarket.com/events?slug=btc-updown-5m-1783250400): client error (Connect): tunnel error: failed to create underlying connection: tcp connect error: Connection refused (os error 111)
[2m2026-07-05T11:22:08.499468Z[0m [33m WARN[0m [2mpm_acquisition::rtds[0m[2m:[0m RTDS erreur: connexion au proxy 127.0.0.1:45417: Connection refused (os error 111)
[2m2026-07-05T11:22:09.038915Z[0m [33m WARN[0m [2mpm_bot[0m[2m:[0m découverte gamma: requête Gamma: error sending request for url (https://gamma-api.polymarket.com/events?slug=btc-updown-5m-1783250400): client error (Connect): tunnel error: failed to create underlying connection: tcp connect error: Connection refused (os error 111)
[2m2026-07-05T11:22:14.040080Z[0m [33m WARN[0m [2mpm_bot[0m[2m:[0m découverte gamma: requête Gamma: error sending request for url (https://gamma-api.polymarket.com/events?slug=btc-updown-5m-1783250400): client error (Connect): tunnel error: failed to create underlying connection: tcp connect error: Connection refused (os error 111)
[2m2026-07-05T11:22:19.041463Z[0m [33m WARN[0m [2mpm_bot[0m[2m:[0m découverte gamma: requête Gamma: error sending request for url (https://gamma-api.polymarket.com/events?slug=btc-updown-5m-1783250400): client error (Connect): tunnel error: failed to create underlying connection: tcp connect error: Connection refused (os error 111)
[2m2026-07-05T11:22:23.501091Z[0m [33m WARN[0m [2mpm_acquisition::rtds[0m[2m:[0m RTDS erreur: connexion au proxy 127.0.0.1:45417: Connection refused (os error 111)
[2m2026-07-05T11:22:24.043595Z[0m [33m WARN[0m [2mpm_bot[0m[2m:[0m découverte gamma: requête Gamma: error sending request for url (https://gamma-api.polymarket.com/events?slug=btc-updown-5m-1783250400): client error (Connect): tunnel error: failed to create underlying connection: tcp connect error: Connection refused (os error 111)
[2m2026-07-05T11:22:29.045691Z[0m [33m WARN[0m [2mpm_bot[0m[2m:[0m découverte gamma: requête Gamma: error sending request for url (https://gamma-api.polymarket.com/events?slug=btc-updown-5m-1783250400): client error (Connect): tunnel error: failed to create underlying connection: tcp connect error: Connection refused (os error 111)
[2m2026-07-05T11:22:34.046884Z[0m [33m WARN[0m [2mpm_bot[0m[2m:[0m découverte gamma: requête Gamma: error sending request for url (https://gamma-api.polymarket.com/events?slug=btc-updown-5m-1783250400): client error (Connect): tunnel error: failed to create underlying connection: tcp connect error: Connection refused (os error 111)
[2m2026-07-05T11:22:38.502259Z[0m [33m WARN[0m [2mpm_acquisition::rtds[0m[2m:[0m RTDS erreur: connexion au proxy 127.0.0.1:45417: Connection refused (os error 111)
[2m2026-07-05T11:22:39.048529Z[0m [33m WARN[0m [2mpm_bot[0m[2m:[0m découverte gamma: requête Gamma: error sending request for url (https://gamma-api.polymarket.com/events?slug=btc-updown-5m-1783250400): client error (Connect): tunnel error: failed to create underlying connection: tcp connect error: Connection refused (os error 111)
[2m2026-07-05T11:22:44.050174Z[0m [33m WARN[0m [2mpm_bot[0m[2m:[0m découverte gamma: requête Gamma: error sending request for url (https://gamma-api.polymarket.com/events?slug=btc-updown-5m-1783250400): client error (Connect): tunnel error: failed to create underlying connection: tcp connect error: Connection refused (os error 111)
[2m2026-07-05T11:22:49.051576Z[0m [33m WARN[0m [2mpm_bot[0m[2m:[0m découverte gamma: requête Gamma: error sending request for url (https://gamma-api.polymarket.com/events?slug=btc-updown-5m-1783250400): client error (Connect): tunnel error: failed to create underlying connection: tcp connect error: Connection refused (os error 111)
[2m2026-07-05T11:22:53.503537Z[0m [33m WARN[0m [2mpm_acquisition::rtds[0m[2m:[0m RTDS erreur: connexion au proxy 127.0.0.1:45417: Connection refused (os error 111)
[2m2026-07-05T11:22:54.052831Z[0m [33m WARN[0m [2mpm_bot[0m[2m:[0m découverte gamma: requête Gamma: error sending request for url (https://gamma-api.polymarket.com/events?slug=btc-updown-5m-1783250400): client error (Connect): tunnel error: failed to create underlying connection: tcp connect error: Connection refused (os error 111)
[2m2026-07-05T11:22:59.053917Z[0m [33m WARN[0m [2mpm_bot[0m[2m:[0m découverte gamma: requête Gamma: error sending request for url (https://gamma-api.polymarket.com/events?slug=btc-updown-5m-1783250400): client error (Connect): tunnel error: failed to create underlying connection: tcp connect error: Connection refused (os error 111)
[2m2026-07-05T11:23:04.055046Z[0m [33m WARN[0m [2mpm_bot[0m[2m:[0m découverte gamma: requête Gamma: error sending request for url (https://gamma-api.polymarket.com/events?slug=btc-updown-5m-1783250400): client error (Connect): tunnel error: failed to create underlying connection: tcp connect error: Connection refused (os error 111)
[2m2026-07-05T11:23:08.504828Z[0m [33m WARN[0m [2mpm_acquisition::rtds[0m[2m:[0m RTDS erreur: connexion au proxy 127.0.0.1:45417: Connection refused (os error 111)
[2m2026-07-05T11:23:09.056171Z[0m [33m WARN[0m [2mpm_bot[0m[2m:[0m découverte gamma: requête Gamma: error sending request for url (https://gamma-api.polymarket.com/events?slug=btc-updown-5m-1783250400): client error (Connect): tunnel error: failed to create underlying connection: tcp connect error: Connection refused (os error 111)
[2m2026-07-05T11:23:14.056819Z[0m [33m WARN[0m [2mpm_bot[0m[2m:[0m découverte gamma: requête Gamma: error sending request for url (https://gamma-api.polymarket.com/events?slug=btc-updown-5m-1783250400): client error (Connect): tunnel error: failed to create underlying connection: tcp connect error: Connection refused (os error 111)
[2m2026-07-05T11:23:19.058371Z[0m [33m WARN[0m [2mpm_bot[0m[2m:[0m découverte gamma: requête Gamma: error sending request for url (https://gamma-api.polymarket.com/events?slug=btc-updown-5m-1783250400): client error (Connect): tunnel error: failed to create underlying connection: tcp connect error: Connection refused (os error 111)
[2m2026-07-05T11:23:23.506309Z[0m [33m WARN[0m [2mpm_acquisition::rtds[0m[2m:[0m RTDS erreur: connexion au proxy 127.0.0.1:45417: Connection refused (os error 111)
[2m2026-07-05T11:23:24.059891Z[0m [33m WARN[0m [2mpm_bot[0m[2m:[0m découverte gamma: requête Gamma: error sending request for url (https://gamma-api.polymarket.com/events?slug=btc-updown-5m-1783250400): client error (Connect): tunnel error: failed to create underlying connection: tcp connect error: Connection refused (os error 111)
[2m2026-07-05T11:23:29.061533Z[0m [33m WARN[0m [2mpm_bot[0m[2m:[0m découverte gamma: requête Gamma: error sending request for url (https://gamma-api.polymarket.com/events?slug=btc-updown-5m-1783250400): client error (Connect): tunnel error: failed to create underlying connection: tcp connect error: Connection refused (os error 111)
[2m2026-07-05T11:23:34.062853Z[0m [33m WARN[0m [2mpm_bot[0m[2m:[0m découverte gamma: requête Gamma: error sending request for url (https://gamma-api.polymarket.com/events?slug=btc-updown-5m-1783250400): client error (Connect): tunnel error: failed to create underlying connection: tcp connect error: Connection refused (os error 111)
[2m2026-07-05T11:23:38.506750Z[0m [33m WARN[0m [2mpm_acquisition::rtds[0m[2m:[0m RTDS erreur: connexion au proxy 127.0.0.1:45417: Connection refused (os error 111)
[2m2026-07-05T11:23:39.063919Z[0m [33m WARN[0m [2mpm_bot[0m[2m:[0m découverte gamma: requête Gamma: error sending request for url (https://gamma-api.polymarket.com/events?slug=btc-updown-5m-1783250400): client error (Connect): tunnel error: failed to create underlying connection: tcp connect error: Connection refused (os error 111)
[2m2026-07-05T11:23:44.065072Z[0m [33m WARN[0m [2mpm_bot[0m[2m:[0m découverte gamma: requête Gamma: error sending request for url (https://gamma-api.polymarket.com/events?slug=btc-updown-5m-1783250400): client error (Connect): tunnel error: failed to create underlying connection: tcp connect error: Connection refused (os error 111)
[2m2026-07-05T11:23:49.065751Z[0m [33m WARN[0m [2mpm_bot[0m[2m:[0m découverte gamma: requête Gamma: error sending request for url (https://gamma-api.polymarket.com/events?slug=btc-updown-5m-1783250400): client error (Connect): tunnel error: failed to create underlying connection: tcp connect error: Connection refused (os error 111)
[2m2026-07-05T11:23:53.508048Z[0m [33m WARN[0m [2mpm_acquisition::rtds[0m[2m:[0m RTDS erreur: connexion au proxy 127.0.0.1:45417: Connection refused (os error 111)
[2m2026-07-05T11:23:54.067376Z[0m [33m WARN[0m [2mpm_bot[0m[2m:[0m découverte gamma: requête Gamma: error sending request for url (https://gamma-api.polymarket.com/events?slug=btc-updown-5m-1783250400): client error (Connect): tunnel error: failed to create underlying connection: tcp connect error: Connection refused (os error 111)
[2m2026-07-05T11:23:59.069257Z[0m [33m WARN[0m [2mpm_bot[0m[2m:[0m découverte gamma: requête Gamma: error sending request for url (https://gamma-api.polymarket.com/events?slug=btc-updown-5m-1783250400): client error (Connect): tunnel error: failed to create underlying connection: tcp connect error: Connection refused (os error 111)
[2m2026-07-05T11:24:04.069936Z[0m [33m WARN[0m [2mpm_bot[0m[2m:[0m découverte gamma: requête Gamma: error sending request for url (https://gamma-api.polymarket.com/events?slug=btc-updown-5m-1783250400): client error (Connect): tunnel error: failed to create underlying connection: tcp connect error: Connection refused (os error 111)
