[2m2026-07-05T11:24:10.601575Z[0m [32m INFO[0m [2mpm_bot[0m[2m:[0m pm-bot démarre (PAPER mode) — archives: /home/user/rustfactor/polymarket-btc5m-bot/data_v2/camp_20260705T112410
[2m2026-07-05T11:24:10.606919Z[0m [32m INFO[0m [2mpm_bot[0m[2m:[0m aucun fichier de config (./config.toml) — défauts calibrés
[2m2026-07-05T11:24:10.607055Z[0m [32m INFO[0m [2mpm_bot[0m[2m:[0m [config] [taker]
[2m2026-07-05T11:24:10.607059Z[0m [32m INFO[0m [2mpm_bot[0m[2m:[0m [config] min_edge = 0.06
[2m2026-07-05T11:24:10.607061Z[0m [32m INFO[0m [2mpm_bot[0m[2m:[0m [config] min_abs_z = 2.5
[2m2026-07-05T11:24:10.607062Z[0m [32m INFO[0m [2mpm_bot[0m[2m:[0m [config] min_strike_confidence = 0.8
[2m2026-07-05T11:24:10.607063Z[0m [32m INFO[0m [2mpm_bot[0m[2m:[0m [config] max_spot_age_ms = 3000
[2m2026-07-05T11:24:10.607065Z[0m [32m INFO[0m [2mpm_bot[0m[2m:[0m [config] min_elapsed_s = 10.0
[2m2026-07-05T11:24:10.607066Z[0m [32m INFO[0m [2mpm_bot[0m[2m:[0m [config] min_tau_s = 3.0
[2m2026-07-05T11:24:10.607067Z[0m [32m INFO[0m [2mpm_bot[0m[2m:[0m [config] cost_buffer = 0.01
[2m2026-07-05T11:24:10.607068Z[0m [32m INFO[0m [2mpm_bot[0m[2m:[0m [config] kelly_fraction = 0.25
[2m2026-07-05T11:24:10.607070Z[0m [32m INFO[0m [2mpm_bot[0m[2m:[0m [config] bankroll = 1000.0
[2m2026-07-05T11:24:10.607071Z[0m [32m INFO[0m [2mpm_bot[0m[2m:[0m [config] max_notional = 250.0
[2m2026-07-05T11:24:10.607072Z[0m [32m INFO[0m [2mpm_bot[0m[2m:[0m [config] max_slippage = 0.02
[2m2026-07-05T11:24:10.607073Z[0m [32m INFO[0m [2mpm_bot[0m[2m:[0m [config] max_entry_price = 0.75
[2m2026-07-05T11:24:10.607074Z[0m [32m INFO[0m [2mpm_bot[0m[2m:[0m [config] 
[2m2026-07-05T11:24:10.607076Z[0m [32m INFO[0m [2mpm_bot[0m[2m:[0m [config] [maker]
[2m2026-07-05T11:24:10.607077Z[0m [32m INFO[0m [2mpm_bot[0m[2m:[0m [config] min_quote_price = 0.15
[2m2026-07-05T11:24:10.607078Z[0m [32m INFO[0m [2mpm_bot[0m[2m:[0m [config] max_quote_price = 0.85
[2m2026-07-05T11:24:10.607079Z[0m [32m INFO[0m [2mpm_bot[0m[2m:[0m [config] edge_margin = 0.03
[2m2026-07-05T11:24:10.607080Z[0m [32m INFO[0m [2mpm_bot[0m[2m:[0m [config] take_profit = 0.08
[2m2026-07-05T11:24:10.607081Z[0m [32m INFO[0m [2mpm_bot[0m[2m:[0m [config] stop_loss = 0.1
[2m2026-07-05T11:24:10.607082Z[0m [32m INFO[0m [2mpm_bot[0m[2m:[0m [config] quote_size = 50.0
[2m2026-07-05T11:24:10.607084Z[0m [32m INFO[0m [2mpm_bot[0m[2m:[0m [config] max_inventory = 150.0
[2m2026-07-05T11:24:10.607085Z[0m [32m INFO[0m [2mpm_bot[0m[2m:[0m [config] min_tau_open_s = 60.0
[2m2026-07-05T11:24:10.607086Z[0m [32m INFO[0m [2mpm_bot[0m[2m:[0m [config] min_tau_flat_s = 25.0
[2m2026-07-05T11:24:10.607087Z[0m [32m INFO[0m [2mpm_bot[0m[2m:[0m [config] max_abs_z_quote = 2.5
[2m2026-07-05T11:24:10.607088Z[0m [32m INFO[0m [2mpm_bot[0m[2m:[0m [config] sigma_panic_per_sqrt_s = 0.0005
[2m2026-07-05T11:24:10.607090Z[0m [32m INFO[0m [2mpm_bot[0m[2m:[0m [config] min_strike_confidence = 0.8
[2m2026-07-05T11:24:10.607091Z[0m [32m INFO[0m [2mpm_bot[0m[2m:[0m [config] max_spot_age_ms = 3000
[2m2026-07-05T11:24:10.607092Z[0m [32m INFO[0m [2mpm_bot[0m[2m:[0m [config] 
[2m2026-07-05T11:24:10.607093Z[0m [32m INFO[0m [2mpm_bot[0m[2m:[0m [config] [modele]
[2m2026-07-05T11:24:10.607094Z[0m [32m INFO[0m [2mpm_bot[0m[2m:[0m [config] sigma_floor_per_sqrt_s = 0.00005
[2m2026-07-05T11:24:10.607095Z[0m [32m INFO[0m [2mpm_bot[0m[2m:[0m [config] tau_floor_s = 1.0
[2m2026-07-05T11:24:10.607097Z[0m [32m INFO[0m [2mpm_bot[0m[2m:[0m [config] drift_snr_min = 0.25
[2m2026-07-05T11:24:10.607098Z[0m [32m INFO[0m [2mpm_bot[0m[2m:[0m [config] max_drift_z = 2.0
[2m2026-07-05T11:24:10.607099Z[0m [32m INFO[0m [2mpm_bot[0m[2m:[0m [config] 
[2m2026-07-05T11:24:10.607100Z[0m [32m INFO[0m [2mpm_bot[0m[2m:[0m [config] [volatilite]
[2m2026-07-05T11:24:10.607101Z[0m [32m INFO[0m [2mpm_bot[0m[2m:[0m [config] ewma_half_life_s = 60.0
[2m2026-07-05T11:24:10.607109Z[0m [32m INFO[0m [2mpm_bot[0m[2m:[0m [config] retention_s = 1800
[2m2026-07-05T11:24:10.607110Z[0m [32m INFO[0m [2mpm_bot[0m[2m:[0m [config] min_dt_ms = 10
[2m2026-07-05T11:24:10.607111Z[0m [32m INFO[0m [2mpm_bot[0m[2m:[0m [config] 
[2m2026-07-05T11:24:10.607112Z[0m [32m INFO[0m [2mpm_bot[0m[2m:[0m [config] [moteur]
[2m2026-07-05T11:24:10.607114Z[0m [32m INFO[0m [2mpm_bot[0m[2m:[0m [config] decision_step_ms = 250
[2m2026-07-05T11:24:10.607115Z[0m [32m INFO[0m [2mpm_bot[0m[2m:[0m [config] watchdog_stale_ms = 6000
[2m2026-07-05T11:24:10.607116Z[0m [32m INFO[0m [2mpm_bot[0m[2m:[0m [config] clob_grace_s = 180
[2m2026-07-05T11:24:10.607117Z[0m [32m INFO[0m [2mpm_bot[0m[2m:[0m [config] gamma_lookahead = 5
[2m2026-07-05T11:24:10.607118Z[0m [32m INFO[0m [2mpm_bot[0m[2m:[0m [config] retention_ticks_s = 2400
[2m2026-07-05T11:24:10.607455Z[0m [33m WARN[0m [2mpm_acquisition::rtds[0m[2m:[0m RTDS erreur: connexion au proxy 127.0.0.1:45417: Connection refused (os error 111)
[2m2026-07-05T11:24:10.608497Z[0m [33m WARN[0m [2mpm_bot[0m[2m:[0m découverte gamma: requête Gamma: error sending request for url (https://gamma-api.polymarket.com/events?slug=btc-updown-5m-1783250400): client error (Connect): tunnel error: failed to create underlying connection: tcp connect error: Connection refused (os error 111)
[2m2026-07-05T11:24:11.609334Z[0m [33m WARN[0m [2mpm_acquisition::rtds[0m[2m:[0m RTDS erreur: connexion au proxy 127.0.0.1:45417: Connection refused (os error 111)
[2m2026-07-05T11:24:13.610992Z[0m [33m WARN[0m [2mpm_acquisition::rtds[0m[2m:[0m RTDS erreur: connexion au proxy 127.0.0.1:45417: Connection refused (os error 111)
[2m2026-07-05T11:24:15.609921Z[0m [33m WARN[0m [2mpm_bot[0m[2m:[0m découverte gamma: requête Gamma: error sending request for url (https://gamma-api.polymarket.com/events?slug=btc-updown-5m-1783250400): client error (Connect): tunnel error: failed to create underlying connection: tcp connect error: Connection refused (os error 111)
[2m2026-07-05T11:24:17.612355Z[0m [33m WARN[0m [2mpm_acquisition::rtds[0m[2m:[0m RTDS erreur: connexion au proxy 127.0.0.1:45417: Connection refused (os error 111)
[2m2026-07-05T11:24:20.610818Z[0m [33m WARN[0m [2mpm_bot[0m[2m:[0m découverte gamma: requête Gamma: error sending request for url (https://gamma-api.polymarket.com/events?slug=btc-updown-5m-1783250400): client error (Connect): tunnel error: failed to create underlying connection: tcp connect error: Connection refused (os error 111)
[2m2026-07-05T11:24:25.612475Z[0m [33m WARN[0m [2mpm_bot[0m[2m:[0m découverte gamma: requête Gamma: error sending request for url (https://gamma-api.polymarket.com/events?slug=btc-updown-5m-1783250400): client error (Connect): tunnel error: failed to create underlying connection: tcp connect error: Connection refused (os error 111)
[2m2026-07-05T11:24:25.613640Z[0m [33m WARN[0m [2mpm_acquisition::rtds[0m[2m:[0m RTDS erreur: connexion au proxy 127.0.0.1:45417: Connection refused (os error 111)
[2m2026-07-05T11:24:30.614302Z[0m [33m WARN[0m [2mpm_bot[0m[2m:[0m découverte gamma: requête Gamma: error sending request for url (https://gamma-api.polymarket.com/events?slug=btc-updown-5m-1783250400): client error (Connect): tunnel error: failed to create underlying connection: tcp connect error: Connection refused (os error 111)
[2m2026-07-05T11:24:35.616090Z[0m [33m WARN[0m [2mpm_bot[0m[2m:[0m découverte gamma: requête Gamma: error sending request for url (https://gamma-api.polymarket.com/events?slug=btc-updown-5m-1783250400): client error (Connect): tunnel error: failed to create underlying connection: tcp connect error: Connection refused (os error 111)
[2m2026-07-05T11:24:40.615220Z[0m [33m WARN[0m [2mpm_acquisition::rtds[0m[2m:[0m RTDS erreur: connexion au proxy 127.0.0.1:45417: Connection refused (os error 111)
[2m2026-07-05T11:24:40.617470Z[0m [33m WARN[0m [2mpm_bot[0m[2m:[0m découverte gamma: requête Gamma: error sending request for url (https://gamma-api.polymarket.com/events?slug=btc-updown-5m-1783250400): client error (Connect): tunnel error: failed to create underlying connection: tcp connect error: Connection refused (os error 111)
[2m2026-07-05T11:24:45.618634Z[0m [33m WARN[0m [2mpm_bot[0m[2m:[0m découverte gamma: requête Gamma: error sending request for url (https://gamma-api.polymarket.com/events?slug=btc-updown-5m-1783250400): client error (Connect): tunnel error: failed to create underlying connection: tcp connect error: Connection refused (os error 111)
[2m2026-07-05T11:24:50.620397Z[0m [33m WARN[0m [2mpm_bot[0m[2m:[0m découverte gamma: requête Gamma: error sending request for url (https://gamma-api.polymarket.com/events?slug=btc-updown-5m-1783250400): client error (Connect): tunnel error: failed to create underlying connection: tcp connect error: Connection refused (os error 111)
[2m2026-07-05T11:24:55.615938Z[0m [33m WARN[0m [2mpm_acquisition::rtds[0m[2m:[0m RTDS erreur: connexion au proxy 127.0.0.1:45417: Connection refused (os error 111)
[2m2026-07-05T11:24:55.622241Z[0m [33m WARN[0m [2mpm_bot[0m[2m:[0m découverte gamma: requête Gamma: error sending request for url (https://gamma-api.polymarket.com/events?slug=btc-updown-5m-1783250400): client error (Connect): tunnel error: failed to create underlying connection: tcp connect error: Connection refused (os error 111)
[2m2026-07-05T11:25:00.622706Z[0m [33m WARN[0m [2mpm_bot[0m[2m:[0m découverte gamma: requête Gamma: error sending request for url (https://gamma-api.polymarket.com/events?slug=btc-updown-5m-1783250700): client error (Connect): tunnel error: failed to create underlying connection: tcp connect error: Connection refused (os error 111)
[2m2026-07-05T11:25:05.624477Z[0m [33m WARN[0m [2mpm_bot[0m[2m:[0m découverte gamma: requête Gamma: error sending request for url (https://gamma-api.polymarket.com/events?slug=btc-updown-5m-1783250700): client error (Connect): tunnel error: failed to create underlying connection: tcp connect error: Connection refused (os error 111)
[2m2026-07-05T11:25:10.616968Z[0m [33m WARN[0m [2mpm_acquisition::rtds[0m[2m:[0m RTDS erreur: connexion au proxy 127.0.0.1:45417: Connection refused (os error 111)
[2m2026-07-05T11:25:10.626260Z[0m [33m WARN[0m [2mpm_bot[0m[2m:[0m découverte gamma: requête Gamma: error sending request for url (https://gamma-api.polymarket.com/events?slug=btc-updown-5m-1783250700): client error (Connect): tunnel error: failed to create underlying connection: tcp connect error: Connection refused (os error 111)
[2m2026-07-05T11:25:15.627954Z[0m [33m WARN[0m [2mpm_bot[0m[2m:[0m découverte gamma: requête Gamma: error sending request for url (https://gamma-api.polymarket.com/events?slug=btc-updown-5m-1783250700): client error (Connect): tunnel error: failed to create underlying connection: tcp connect error: Connection refused (os error 111)
[2m2026-07-05T11:25:20.628673Z[0m [33m WARN[0m [2mpm_bot[0m[2m:[0m découverte gamma: requête Gamma: error sending request for url (https://gamma-api.polymarket.com/events?slug=btc-updown-5m-1783250700): client error (Connect): tunnel error: failed to create underlying connection: tcp connect error: Connection refused (os error 111)
[2m2026-07-05T11:25:25.618186Z[0m [33m WARN[0m [2mpm_acquisition::rtds[0m[2m:[0m RTDS erreur: connexion au proxy 127.0.0.1:45417: Connection refused (os error 111)
[2m2026-07-05T11:25:25.630480Z[0m [33m WARN[0m [2mpm_bot[0m[2m:[0m découverte gamma: requête Gamma: error sending request for url (https://gamma-api.polymarket.com/events?slug=btc-updown-5m-1783250700): client error (Connect): tunnel error: failed to create underlying connection: tcp connect error: Connection refused (os error 111)
[2m2026-07-05T11:25:30.632098Z[0m [33m WARN[0m [2mpm_bot[0m[2m:[0m découverte gamma: requête Gamma: error sending request for url (https://gamma-api.polymarket.com/events?slug=btc-updown-5m-1783250700): client error (Connect): tunnel error: failed to create underlying connection: tcp connect error: Connection refused (os error 111)
[2m2026-07-05T11:25:35.632676Z[0m [33m WARN[0m [2mpm_bot[0m[2m:[0m découverte gamma: requête Gamma: error sending request for url (https://gamma-api.polymarket.com/events?slug=btc-updown-5m-1783250700): client error (Connect): tunnel error: failed to create underlying connection: tcp connect error: Connection refused (os error 111)
[2m2026-07-05T11:25:40.619039Z[0m [33m WARN[0m [2mpm_acquisition::rtds[0m[2m:[0m RTDS erreur: connexion au proxy 127.0.0.1:45417: Connection refused (os error 111)
[2m2026-07-05T11:25:40.634298Z[0m [33m WARN[0m [2mpm_bot[0m[2m:[0m découverte gamma: requête Gamma: error sending request for url (https://gamma-api.polymarket.com/events?slug=btc-updown-5m-1783250700): client error (Connect): tunnel error: failed to create underlying connection: tcp connect error: Connection refused (os error 111)
[2m2026-07-05T11:25:45.636455Z[0m [33m WARN[0m [2mpm_bot[0m[2m:[0m découverte gamma: requête Gamma: error sending request for url (https://gamma-api.polymarket.com/events?slug=btc-updown-5m-1783250700): client error (Connect): tunnel error: failed to create underlying connection: tcp connect error: Connection refused (os error 111)
[2m2026-07-05T11:25:50.638209Z[0m [33m WARN[0m [2mpm_bot[0m[2m:[0m découverte gamma: requête Gamma: error sending request for url (https://gamma-api.polymarket.com/events?slug=btc-updown-5m-1783250700): client error (Connect): tunnel error: failed to create underlying connection: tcp connect error: Connection refused (os error 111)
[2m2026-07-05T11:25:55.620435Z[0m [33m WARN[0m [2mpm_acquisition::rtds[0m[2m:[0m RTDS erreur: connexion au proxy 127.0.0.1:45417: Connection refused (os error 111)
[2m2026-07-05T11:25:55.638826Z[0m [33m WARN[0m [2mpm_bot[0m[2m:[0m découverte gamma: requête Gamma: error sending request for url (https://gamma-api.polymarket.com/events?slug=btc-updown-5m-1783250700): client error (Connect): tunnel error: failed to create underlying connection: tcp connect error: Connection refused (os error 111)
[2m2026-07-05T11:26:00.640379Z[0m [33m WARN[0m [2mpm_bot[0m[2m:[0m découverte gamma: requête Gamma: error sending request for url (https://gamma-api.polymarket.com/events?slug=btc-updown-5m-1783250700): client error (Connect): tunnel error: failed to create underlying connection: tcp connect error: Connection refused (os error 111)
[2m2026-07-05T11:26:05.642126Z[0m [33m WARN[0m [2mpm_bot[0m[2m:[0m découverte gamma: requête Gamma: error sending request for url (https://gamma-api.polymarket.com/events?slug=btc-updown-5m-1783250700): client error (Connect): tunnel error: failed to create underlying connection: tcp connect error: Connection refused (os error 111)
[2m2026-07-05T11:26:10.622197Z[0m [33m WARN[0m [2mpm_acquisition::rtds[0m[2m:[0m RTDS erreur: connexion au proxy 127.0.0.1:45417: Connection refused (os error 111)
[2m2026-07-05T11:26:10.643495Z[0m [33m WARN[0m [2mpm_bot[0m[2m:[0m découverte gamma: requête Gamma: error sending request for url (https://gamma-api.polymarket.com/events?slug=btc-updown-5m-1783250700): client error (Connect): tunnel error: failed to create underlying connection: tcp connect error: Connection refused (os error 111)
[2m2026-07-05T11:26:15.644629Z[0m [33m WARN[0m [2mpm_bot[0m[2m:[0m découverte gamma: requête Gamma: error sending request for url (https://gamma-api.polymarket.com/events?slug=btc-updown-5m-1783250700): client error (Connect): tunnel error: failed to create underlying connection: tcp connect error: Connection refused (os error 111)
[2m2026-07-05T11:26:20.646080Z[0m [33m WARN[0m [2mpm_bot[0m[2m:[0m découverte gamma: requête Gamma: error sending request for url (https://gamma-api.polymarket.com/events?slug=btc-updown-5m-1783250700): client error (Connect): tunnel error: failed to create underlying connection: tcp connect error: Connection refused (os error 111)
[2m2026-07-05T11:26:25.622499Z[0m [33m WARN[0m [2mpm_acquisition::rtds[0m[2m:[0m RTDS erreur: connexion au proxy 127.0.0.1:45417: Connection refused (os error 111)
[2m2026-07-05T11:26:25.646914Z[0m [33m WARN[0m [2mpm_bot[0m[2m:[0m découverte gamma: requête Gamma: error sending request for url (https://gamma-api.polymarket.com/events?slug=btc-updown-5m-1783250700): client error (Connect): tunnel error: failed to create underlying connection: tcp connect error: Connection refused (os error 111)
[2m2026-07-05T11:26:30.648500Z[0m [33m WARN[0m [2mpm_bot[0m[2m:[0m découverte gamma: requête Gamma: error sending request for url (https://gamma-api.polymarket.com/events?slug=btc-updown-5m-1783250700): client error (Connect): tunnel error: failed to create underlying connection: tcp connect error: Connection refused (os error 111)
[2m2026-07-05T11:26:35.650025Z[0m [33m WARN[0m [2mpm_bot[0m[2m:[0m découverte gamma: requête Gamma: error sending request for url (https://gamma-api.polymarket.com/events?slug=btc-updown-5m-1783250700): client error (Connect): tunnel error: failed to create underlying connection: tcp connect error: Connection refused (os error 111)
[2m2026-07-05T11:26:40.623833Z[0m [33m WARN[0m [2mpm_acquisition::rtds[0m[2m:[0m RTDS erreur: connexion au proxy 127.0.0.1:45417: Connection refused (os error 111)
[2m2026-07-05T11:26:40.651124Z[0m [33m WARN[0m [2mpm_bot[0m[2m:[0m découverte gamma: requête Gamma: error sending request for url (https://gamma-api.polymarket.com/events?slug=btc-updown-5m-1783250700): client error (Connect): tunnel error: failed to create underlying connection: tcp connect error: Connection refused (os error 111)
[2m2026-07-05T11:26:45.651712Z[0m [33m WARN[0m [2mpm_bot[0m[2m:[0m découverte gamma: requête Gamma: error sending request for url (https://gamma-api.polymarket.com/events?slug=btc-updown-5m-1783250700): client error (Connect): tunnel error: failed to create underlying connection: tcp connect error: Connection refused (os error 111)
[2m2026-07-05T11:26:50.652948Z[0m [33m WARN[0m [2mpm_bot[0m[2m:[0m découverte gamma: requête Gamma: error sending request for url (https://gamma-api.polymarket.com/events?slug=btc-updown-5m-1783250700): client error (Connect): tunnel error: failed to create underlying connection: tcp connect error: Connection refused (os error 111)
[2m2026-07-05T11:26:55.624779Z[0m [33m WARN[0m [2mpm_acquisition::rtds[0m[2m:[0m RTDS erreur: connexion au proxy 127.0.0.1:45417: Connection refused (os error 111)
[2m2026-07-05T11:26:55.654098Z[0m [33m WARN[0m [2mpm_bot[0m[2m:[0m découverte gamma: requête Gamma: error sending request for url (https://gamma-api.polymarket.com/events?slug=btc-updown-5m-1783250700): client error (Connect): tunnel error: failed to create underlying connection: tcp connect error: Connection refused (os error 111)
[2m2026-07-05T11:27:00.655347Z[0m [33m WARN[0m [2mpm_bot[0m[2m:[0m découverte gamma: requête Gamma: error sending request for url (https://gamma-api.polymarket.com/events?slug=btc-updown-5m-1783250700): client error (Connect): tunnel error: failed to create underlying connection: tcp connect error: Connection refused (os error 111)
[2m2026-07-05T11:27:05.657063Z[0m [33m WARN[0m [2mpm_bot[0m[2m:[0m découverte gamma: requête Gamma: error sending request for url (https://gamma-api.polymarket.com/events?slug=btc-updown-5m-1783250700): client error (Connect): tunnel error: failed to create underlying connection: tcp connect error: Connection refused (os error 111)
[2m2026-07-05T11:27:10.625639Z[0m [33m WARN[0m [2mpm_acquisition::rtds[0m[2m:[0m RTDS erreur: connexion au proxy 127.0.0.1:45417: Connection refused (os error 111)
[2m2026-07-05T11:27:10.658060Z[0m [33m WARN[0m [2mpm_bot[0m[2m:[0m découverte gamma: requête Gamma: error sending request for url (https://gamma-api.polymarket.com/events?slug=btc-updown-5m-1783250700): client error (Connect): tunnel error: failed to create underlying connection: tcp connect error: Connection refused (os error 111)
[2m2026-07-05T11:27:15.658854Z[0m [33m WARN[0m [2mpm_bot[0m[2m:[0m découverte gamma: requête Gamma: error sending request for url (https://gamma-api.polymarket.com/events?slug=btc-updown-5m-1783250700): client error (Connect): tunnel error: failed to create underlying connection: tcp connect error: Connection refused (os error 111)
[2m2026-07-05T11:27:20.659849Z[0m [33m WARN[0m [2mpm_bot[0m[2m:[0m découverte gamma: requête Gamma: error sending request for url (https://gamma-api.polymarket.com/events?slug=btc-updown-5m-1783250700): client error (Connect): tunnel error: failed to create underlying connection: tcp connect error: Connection refused (os error 111)
[2m2026-07-05T11:27:25.627050Z[0m [33m WARN[0m [2mpm_acquisition::rtds[0m[2m:[0m RTDS erreur: connexion au proxy 127.0.0.1:45417: Connection refused (os error 111)
[2m2026-07-05T11:27:25.661341Z[0m [33m WARN[0m [2mpm_bot[0m[2m:[0m découverte gamma: requête Gamma: error sending request for url (https://gamma-api.polymarket.com/events?slug=btc-updown-5m-1783250700): client error (Connect): tunnel error: failed to create underlying connection: tcp connect error: Connection refused (os error 111)
[2m2026-07-05T11:27:30.663090Z[0m [33m WARN[0m [2mpm_bot[0m[2m:[0m découverte gamma: requête Gamma: error sending request for url (https://gamma-api.polymarket.com/events?slug=btc-updown-5m-1783250700): client error (Connect): tunnel error: failed to create underlying connection: tcp connect error: Connection refused (os error 111)
[2m2026-07-05T11:27:35.664053Z[0m [33m WARN[0m [2mpm_bot[0m[2m:[0m découverte gamma: requête Gamma: error sending request for url (https://gamma-api.polymarket.com/events?slug=btc-updown-5m-1783250700): client error (Connect): tunnel error: failed to create underlying connection: tcp connect error: Connection refused (os error 111)
[2m2026-07-05T11:27:40.628424Z[0m [33m WARN[0m [2mpm_acquisition::rtds[0m[2m:[0m RTDS erreur: connexion au proxy 127.0.0.1:45417: Connection refused (os error 111)
[2m2026-07-05T11:27:40.664848Z[0m [33m WARN[0m [2mpm_bot[0m[2m:[0m découverte gamma: requête Gamma: error sending request for url (https://gamma-api.polymarket.com/events?slug=btc-updown-5m-1783250700): client error (Connect): tunnel error: failed to create underlying connection: tcp connect error: Connection refused (os error 111)
[2m2026-07-05T11:27:45.666104Z[0m [33m WARN[0m [2mpm_bot[0m[2m:[0m découverte gamma: requête Gamma: error sending request for url (https://gamma-api.polymarket.com/events?slug=btc-updown-5m-1783250700): client error (Connect): tunnel error: failed to create underlying connection: tcp connect error: Connection refused (os error 111)
[2m2026-07-05T11:27:50.667283Z[0m [33m WARN[0m [2mpm_bot[0m[2m:[0m découverte gamma: requête Gamma: error sending request for url (https://gamma-api.polymarket.com/events?slug=btc-updown-5m-1783250700): client error (Connect): tunnel error: failed to create underlying connection: tcp connect error: Connection refused (os error 111)
[2m2026-07-05T11:27:55.630348Z[0m [33m WARN[0m [2mpm_acquisition::rtds[0m[2m:[0m RTDS erreur: connexion au proxy 127.0.0.1:45417: Connection refused (os error 111)
[2m2026-07-05T11:27:55.668639Z[0m [33m WARN[0m [2mpm_bot[0m[2m:[0m découverte gamma: requête Gamma: error sending request for url (https://gamma-api.polymarket.com/events?slug=btc-updown-5m-1783250700): client error (Connect): tunnel error: failed to create underlying connection: tcp connect error: Connection refused (os error 111)
[2m2026-07-05T11:28:00.669932Z[0m [33m WARN[0m [2mpm_bot[0m[2m:[0m découverte gamma: requête Gamma: error sending request for url (https://gamma-api.polymarket.com/events?slug=btc-updown-5m-1783250700): client error (Connect): tunnel error: failed to create underlying connection: tcp connect error: Connection refused (os error 111)
[2m2026-07-05T11:28:05.670704Z[0m [33m WARN[0m [2mpm_bot[0m[2m:[0m découverte gamma: requête Gamma: error sending request for url (https://gamma-api.polymarket.com/events?slug=btc-updown-5m-1783250700): client error (Connect): tunnel error: failed to create underlying connection: tcp connect error: Connection refused (os error 111)
[2m2026-07-05T11:28:10.632022Z[0m [33m WARN[0m [2mpm_acquisition::rtds[0m[2m:[0m RTDS erreur: connexion au proxy 127.0.0.1:45417: Connection refused (os error 111)
[2m2026-07-05T11:28:10.672394Z[0m [33m WARN[0m [2mpm_bot[0m[2m:[0m découverte gamma: requête Gamma: error sending request for url (https://gamma-api.polymarket.com/events?slug=btc-updown-5m-1783250700): client error (Connect): tunnel error: failed to create underlying connection: tcp connect error: Connection refused (os error 111)
[2m2026-07-05T11:28:15.674153Z[0m [33m WARN[0m [2mpm_bot[0m[2m:[0m découverte gamma: requête Gamma: error sending request for url (https://gamma-api.polymarket.com/events?slug=btc-updown-5m-1783250700): client error (Connect): tunnel error: failed to create underlying connection: tcp connect error: Connection refused (os error 111)
[2m2026-07-05T11:28:20.674735Z[0m [33m WARN[0m [2mpm_bot[0m[2m:[0m découverte gamma: requête Gamma: error sending request for url (https://gamma-api.polymarket.com/events?slug=btc-updown-5m-1783250700): client error (Connect): tunnel error: failed to create underlying connection: tcp connect error: Connection refused (os error 111)
[2m2026-07-05T11:28:25.632879Z[0m [33m WARN[0m [2mpm_acquisition::rtds[0m[2m:[0m RTDS erreur: connexion au proxy 127.0.0.1:45417: Connection refused (os error 111)
[2m2026-07-05T11:28:25.676323Z[0m [33m WARN[0m [2mpm_bot[0m[2m:[0m découverte gamma: requête Gamma: error sending request for url (https://gamma-api.polymarket.com/events?slug=btc-updown-5m-1783250700): client error (Connect): tunnel error: failed to create underlying connection: tcp connect error: Connection refused (os error 111)
[2m2026-07-05T11:28:30.677797Z[0m [33m WARN[0m [2mpm_bot[0m[2m:[0m découverte gamma: requête Gamma: error sending request for url (https://gamma-api.polymarket.com/events?slug=btc-updown-5m-1783250700): client error (Connect): tunnel error: failed to create underlying connection: tcp connect error: Connection refused (os error 111)
[2m2026-07-05T11:28:35.679509Z[0m [33m WARN[0m [2mpm_bot[0m[2m:[0m découverte gamma: requête Gamma: error sending request for url (https://gamma-api.polymarket.com/events?slug=btc-updown-5m-1783250700): client error (Connect): tunnel error: failed to create underlying connection: tcp connect error: Connection refused (os error 111)
[2m2026-07-05T11:28:40.634349Z[0m [33m WARN[0m [2mpm_acquisition::rtds[0m[2m:[0m RTDS erreur: connexion au proxy 127.0.0.1:45417: Connection refused (os error 111)
[2m2026-07-05T11:28:40.680660Z[0m [33m WARN[0m [2mpm_bot[0m[2m:[0m découverte gamma: requête Gamma: error sending request for url (https://gamma-api.polymarket.com/events?slug=btc-updown-5m-1783250700): client error (Connect): tunnel error: failed to create underlying connection: tcp connect error: Connection refused (os error 111)
[2m2026-07-05T11:28:45.682005Z[0m [33m WARN[0m [2mpm_bot[0m[2m:[0m découverte gamma: requête Gamma: error sending request for url (https://gamma-api.polymarket.com/events?slug=btc-updown-5m-1783250700): client error (Connect): tunnel error: failed to create underlying connection: tcp connect error: Connection refused (os error 111)
[2m2026-07-05T11:28:50.682644Z[0m [33m WARN[0m [2mpm_bot[0m[2m:[0m découverte gamma: requête Gamma: error sending request for url (https://gamma-api.polymarket.com/events?slug=btc-updown-5m-1783250700): client error (Connect): tunnel error: failed to create underlying connection: tcp connect error: Connection refused (os error 111)
[2m2026-07-05T11:28:55.636057Z[0m [33m WARN[0m [2mpm_acquisition::rtds[0m[2m:[0m RTDS erreur: connexion au proxy 127.0.0.1:45417: Connection refused (os error 111)
[2m2026-07-05T11:28:55.684510Z[0m [33m WARN[0m [2mpm_bot[0m[2m:[0m découverte gamma: requête Gamma: error sending request for url (https://gamma-api.polymarket.com/events?slug=btc-updown-5m-1783250700): client error (Connect): tunnel error: failed to create underlying connection: tcp connect error: Connection refused (os error 111)
[2m2026-07-05T11:29:00.686479Z[0m [33m WARN[0m [2mpm_bot[0m[2m:[0m découverte gamma: requête Gamma: error sending request for url (https://gamma-api.polymarket.com/events?slug=btc-updown-5m-1783250700): client error (Connect): tunnel error: failed to create underlying connection: tcp connect error: Connection refused (os error 111)
[2m2026-07-05T11:29:05.688432Z[0m [33m WARN[0m [2mpm_bot[0m[2m:[0m découverte gamma: requête Gamma: error sending request for url (https://gamma-api.polymarket.com/events?slug=btc-updown-5m-1783250700): client error (Connect): tunnel error: failed to create underlying connection: tcp connect error: Connection refused (os error 111)
[2m2026-07-05T11:29:10.637493Z[0m [33m WARN[0m [2mpm_acquisition::rtds[0m[2m:[0m RTDS erreur: connexion au proxy 127.0.0.1:45417: Connection refused (os error 111)
[2m2026-07-05T11:29:10.689927Z[0m [33m WARN[0m [2mpm_bot[0m[2m:[0m découverte gamma: requête Gamma: error sending request for url (https://gamma-api.polymarket.com/events?slug=btc-updown-5m-1783250700): client error (Connect): tunnel error: failed to create underlying connection: tcp connect error: Connection refused (os error 111)
[2m2026-07-05T11:29:15.690744Z[0m [33m WARN[0m [2mpm_bot[0m[2m:[0m découverte gamma: requête Gamma: error sending request for url (https://gamma-api.polymarket.com/events?slug=btc-updown-5m-1783250700): client error (Connect): tunnel error: failed to create underlying connection: tcp connect error: Connection refused (os error 111)
[2m2026-07-05T11:29:20.692324Z[0m [33m WARN[0m [2mpm_bot[0m[2m:[0m découverte gamma: requête Gamma: error sending request for url (https://gamma-api.polymarket.com/events?slug=btc-updown-5m-1783250700): client error (Connect): tunnel error: failed to create underlying connection: tcp connect error: Connection refused (os error 111)
[2m2026-07-05T11:29:25.638798Z[0m [33m WARN[0m [2mpm_acquisition::rtds[0m[2m:[0m RTDS erreur: connexion au proxy 127.0.0.1:45417: Connection refused (os error 111)
[2m2026-07-05T11:29:25.694299Z[0m [33m WARN[0m [2mpm_bot[0m[2m:[0m découverte gamma: requête Gamma: error sending request for url (https://gamma-api.polymarket.com/events?slug=btc-updown-5m-1783250700): client error (Connect): tunnel error: failed to create underlying connection: tcp connect error: Connection refused (os error 111)
[2m2026-07-05T11:29:30.695564Z[0m [33m WARN[0m [2mpm_bot[0m[2m:[0m découverte gamma: requête Gamma: error sending request for url (https://gamma-api.polymarket.com/events?slug=btc-updown-5m-1783250700): client error (Connect): tunnel error: failed to create underlying connection: tcp connect error: Connection refused (os error 111)
[2m2026-07-05T11:29:35.697159Z[0m [33m WARN[0m [2mpm_bot[0m[2m:[0m découverte gamma: requête Gamma: error sending request for url (https://gamma-api.polymarket.com/events?slug=btc-updown-5m-1783250700): client error (Connect): tunnel error: failed to create underlying connection: tcp connect error: Connection refused (os error 111)
[2m2026-07-05T11:29:40.639940Z[0m [33m WARN[0m [2mpm_acquisition::rtds[0m[2m:[0m RTDS erreur: connexion au proxy 127.0.0.1:45417: Connection refused (os error 111)
[2m2026-07-05T11:29:40.698331Z[0m [33m WARN[0m [2mpm_bot[0m[2m:[0m découverte gamma: requête Gamma: error sending request for url (https://gamma-api.polymarket.com/events?slug=btc-updown-5m-1783250700): client error (Connect): tunnel error: failed to create underlying connection: tcp connect error: Connection refused (os error 111)
[2m2026-07-05T11:29:45.699863Z[0m [33m WARN[0m [2mpm_bot[0m[2m:[0m découverte gamma: requête Gamma: error sending request for url (https://gamma-api.polymarket.com/events?slug=btc-updown-5m-1783250700): client error (Connect): tunnel error: failed to create underlying connection: tcp connect error: Connection refused (os error 111)
[2m2026-07-05T11:29:50.701453Z[0m [33m WARN[0m [2mpm_bot[0m[2m:[0m découverte gamma: requête Gamma: error sending request for url (https://gamma-api.polymarket.com/events?slug=btc-updown-5m-1783250700): client error (Connect): tunnel error: failed to create underlying connection: tcp connect error: Connection refused (os error 111)
[2m2026-07-05T11:29:55.641078Z[0m [33m WARN[0m [2mpm_acquisition::rtds[0m[2m:[0m RTDS erreur: connexion au proxy 127.0.0.1:45417: Connection refused (os error 111)
[2m2026-07-05T11:29:55.703451Z[0m [33m WARN[0m [2mpm_bot[0m[2m:[0m découverte gamma: requête Gamma: error sending request for url (https://gamma-api.polymarket.com/events?slug=btc-updown-5m-1783250700): client error (Connect): tunnel error: failed to create underlying connection: tcp connect error: Connection refused (os error 111)
[2m2026-07-05T11:30:00.705091Z[0m [33m WARN[0m [2mpm_bot[0m[2m:[0m découverte gamma: requête Gamma: error sending request for url (https://gamma-api.polymarket.com/events?slug=btc-updown-5m-1783251000): client error (Connect): tunnel error: failed to create underlying connection: tcp connect error: Connection refused (os error 111)
[2m2026-07-05T11:30:05.706466Z[0m [33m WARN[0m [2mpm_bot[0m[2m:[0m découverte gamma: requête Gamma: error sending request for url (https://gamma-api.polymarket.com/events?slug=btc-updown-5m-1783251000): client error (Connect): tunnel error: failed to create underlying connection: tcp connect error: Connection refused (os error 111)
[2m2026-07-05T11:30:10.641880Z[0m [33m WARN[0m [2mpm_acquisition::rtds[0m[2m:[0m RTDS erreur: connexion au proxy 127.0.0.1:45417: Connection refused (os error 111)
[2m2026-07-05T11:30:10.708295Z[0m [33m WARN[0m [2mpm_bot[0m[2m:[0m découverte gamma: requête Gamma: error sending request for url (https://gamma-api.polymarket.com/events?slug=btc-updown-5m-1783251000): client error (Connect): tunnel error: failed to create underlying connection: tcp connect error: Connection refused (os error 111)
[2m2026-07-05T11:30:15.709917Z[0m [33m WARN[0m [2mpm_bot[0m[2m:[0m découverte gamma: requête Gamma: error sending request for url (https://gamma-api.polymarket.com/events?slug=btc-updown-5m-1783251000): client error (Connect): tunnel error: failed to create underlying connection: tcp connect error: Connection refused (os error 111)
[2m2026-07-05T11:30:20.711468Z[0m [33m WARN[0m [2mpm_bot[0m[2m:[0m découverte gamma: requête Gamma: error sending request for url (https://gamma-api.polymarket.com/events?slug=btc-updown-5m-1783251000): client error (Connect): tunnel error: failed to create underlying connection: tcp connect error: Connection refused (os error 111)
[2m2026-07-05T11:30:25.643256Z[0m [33m WARN[0m [2mpm_acquisition::rtds[0m[2m:[0m RTDS erreur: connexion au proxy 127.0.0.1:45417: Connection refused (os error 111)
[2m2026-07-05T11:30:25.712757Z[0m [33m WARN[0m [2mpm_bot[0m[2m:[0m découverte gamma: requête Gamma: error sending request for url (https://gamma-api.polymarket.com/events?slug=btc-updown-5m-1783251000): client error (Connect): tunnel error: failed to create underlying connection: tcp connect error: Connection refused (os error 111)
[2m2026-07-05T11:30:30.714281Z[0m [33m WARN[0m [2mpm_bot[0m[2m:[0m découverte gamma: requête Gamma: error sending request for url (https://gamma-api.polymarket.com/events?slug=btc-updown-5m-1783251000): client error (Connect): tunnel error: failed to create underlying connection: tcp connect error: Connection refused (os error 111)
[2m2026-07-05T11:30:35.715856Z[0m [33m WARN[0m [2mpm_bot[0m[2m:[0m découverte gamma: requête Gamma: error sending request for url (https://gamma-api.polymarket.com/events?slug=btc-updown-5m-1783251000): client error (Connect): tunnel error: failed to create underlying connection: tcp connect error: Connection refused (os error 111)
[2m2026-07-05T11:30:40.645477Z[0m [33m WARN[0m [2mpm_acquisition::rtds[0m[2m:[0m RTDS erreur: connexion au proxy 127.0.0.1:45417: Connection refused (os error 111)
[2m2026-07-05T11:30:40.716901Z[0m [33m WARN[0m [2mpm_bot[0m[2m:[0m découverte gamma: requête Gamma: error sending request for url (https://gamma-api.polymarket.com/events?slug=btc-updown-5m-1783251000): client error (Connect): tunnel error: failed to create underlying connection: tcp connect error: Connection refused (os error 111)
[2m2026-07-05T11:30:45.718061Z[0m [33m WARN[0m [2mpm_bot[0m[2m:[0m découverte gamma: requête Gamma: error sending request for url (https://gamma-api.polymarket.com/events?slug=btc-updown-5m-1783251000): client error (Connect): tunnel error: failed to create underlying connection: tcp connect error: Connection refused (os error 111)
[2m2026-07-05T11:30:50.719535Z[0m [33m WARN[0m [2mpm_bot[0m[2m:[0m découverte gamma: requête Gamma: error sending request for url (https://gamma-api.polymarket.com/events?slug=btc-updown-5m-1783251000): client error (Connect): tunnel error: failed to create underlying connection: tcp connect error: Connection refused (os error 111)
[2m2026-07-05T11:30:55.647015Z[0m [33m WARN[0m [2mpm_acquisition::rtds[0m[2m:[0m RTDS erreur: connexion au proxy 127.0.0.1:45417: Connection refused (os error 111)
[2m2026-07-05T11:30:55.721533Z[0m [33m WARN[0m [2mpm_bot[0m[2m:[0m découverte gamma: requête Gamma: error sending request for url (https://gamma-api.polymarket.com/events?slug=btc-updown-5m-1783251000): client error (Connect): tunnel error: failed to create underlying connection: tcp connect error: Connection refused (os error 111)
[2m2026-07-05T11:31:00.722582Z[0m [33m WARN[0m [2mpm_bot[0m[2m:[0m découverte gamma: requête Gamma: error sending request for url (https://gamma-api.polymarket.com/events?slug=btc-updown-5m-1783251000): client error (Connect): tunnel error: failed to create underlying connection: tcp connect error: Connection refused (os error 111)
[2m2026-07-05T11:31:05.724381Z[0m [33m WARN[0m [2mpm_bot[0m[2m:[0m découverte gamma: requête Gamma: error sending request for url (https://gamma-api.polymarket.com/events?slug=btc-updown-5m-1783251000): client error (Connect): tunnel error: failed to create underlying connection: tcp connect error: Connection refused (os error 111)
[2m2026-07-05T11:31:10.647763Z[0m [33m WARN[0m [2mpm_acquisition::rtds[0m[2m:[0m RTDS erreur: connexion au proxy 127.0.0.1:45417: Connection refused (os error 111)
[2m2026-07-05T11:31:10.726252Z[0m [33m WARN[0m [2mpm_bot[0m[2m:[0m découverte gamma: requête Gamma: error sending request for url (https://gamma-api.polymarket.com/events?slug=btc-updown-5m-1783251000): client error (Connect): tunnel error: failed to create underlying connection: tcp connect error: Connection refused (os error 111)
[2m2026-07-05T11:31:15.728084Z[0m [33m WARN[0m [2mpm_bot[0m[2m:[0m découverte gamma: requête Gamma: error sending request for url (https://gamma-api.polymarket.com/events?slug=btc-updown-5m-1783251000): client error (Connect): tunnel error: failed to create underlying connection: tcp connect error: Connection refused (os error 111)
[2m2026-07-05T11:31:20.728592Z[0m [33m WARN[0m [2mpm_bot[0m[2m:[0m découverte gamma: requête Gamma: error sending request for url (https://gamma-api.polymarket.com/events?slug=btc-updown-5m-1783251000): client error (Connect): tunnel error: failed to create underlying connection: tcp connect error: Connection refused (os error 111)
[2m2026-07-05T11:31:25.649457Z[0m [33m WARN[0m [2mpm_acquisition::rtds[0m[2m:[0m RTDS erreur: connexion au proxy 127.0.0.1:45417: Connection refused (os error 111)
[2m2026-07-05T11:31:25.730006Z[0m [33m WARN[0m [2mpm_bot[0m[2m:[0m découverte gamma: requête Gamma: error sending request for url (https://gamma-api.polymarket.com/events?slug=btc-updown-5m-1783251000): client error (Connect): tunnel error: failed to create underlying connection: tcp connect error: Connection refused (os error 111)
[2m2026-07-05T11:31:30.731142Z[0m [33m WARN[0m [2mpm_bot[0m[2m:[0m découverte gamma: requête Gamma: error sending request for url (https://gamma-api.polymarket.com/events?slug=btc-updown-5m-1783251000): client error (Connect): tunnel error: failed to create underlying connection: tcp connect error: Connection refused (os error 111)
[2m2026-07-05T11:31:35.731600Z[0m [33m WARN[0m [2mpm_bot[0m[2m:[0m découverte gamma: requête Gamma: error sending request for url (https://gamma-api.polymarket.com/events?slug=btc-updown-5m-1783251000): client error (Connect): tunnel error: failed to create underlying connection: tcp connect error: Connection refused (os error 111)
[2m2026-07-05T11:31:40.650849Z[0m [33m WARN[0m [2mpm_acquisition::rtds[0m[2m:[0m RTDS erreur: connexion au proxy 127.0.0.1:45417: Connection refused (os error 111)
[2m2026-07-05T11:31:40.733321Z[0m [33m WARN[0m [2mpm_bot[0m[2m:[0m découverte gamma: requête Gamma: error sending request for url (https://gamma-api.polymarket.com/events?slug=btc-updown-5m-1783251000): client error (Connect): tunnel error: failed to create underlying connection: tcp connect error: Connection refused (os error 111)
[2m2026-07-05T11:31:45.735409Z[0m [33m WARN[0m [2mpm_bot[0m[2m:[0m découverte gamma: requête Gamma: error sending request for url (https://gamma-api.polymarket.com/events?slug=btc-updown-5m-1783251000): client error (Connect): tunnel error: failed to create underlying connection: tcp connect error: Connection refused (os error 111)
[2m2026-07-05T11:31:50.737415Z[0m [33m WARN[0m [2mpm_bot[0m[2m:[0m découverte gamma: requête Gamma: error sending request for url (https://gamma-api.polymarket.com/events?slug=btc-updown-5m-1783251000): client error (Connect): tunnel error: failed to create underlying connection: tcp connect error: Connection refused (os error 111)
[2m2026-07-05T11:31:55.652271Z[0m [33m WARN[0m [2mpm_acquisition::rtds[0m[2m:[0m RTDS erreur: connexion au proxy 127.0.0.1:45417: Connection refused (os error 111)
[2m2026-07-05T11:31:55.738744Z[0m [33m WARN[0m [2mpm_bot[0m[2m:[0m découverte gamma: requête Gamma: error sending request for url (https://gamma-api.polymarket.com/events?slug=btc-updown-5m-1783251000): client error (Connect): tunnel error: failed to create underlying connection: tcp connect error: Connection refused (os error 111)
[2m2026-07-05T11:32:00.739894Z[0m [33m WARN[0m [2mpm_bot[0m[2m:[0m découverte gamma: requête Gamma: error sending request for url (https://gamma-api.polymarket.com/events?slug=btc-updown-5m-1783251000): client error (Connect): tunnel error: failed to create underlying connection: tcp connect error: Connection refused (os error 111)
[2m2026-07-05T11:32:05.741461Z[0m [33m WARN[0m [2mpm_bot[0m[2m:[0m découverte gamma: requête Gamma: error sending request for url (https://gamma-api.polymarket.com/events?slug=btc-updown-5m-1783251000): client error (Connect): tunnel error: failed to create underlying connection: tcp connect error: Connection refused (os error 111)
[2m2026-07-05T11:32:10.653935Z[0m [33m WARN[0m [2mpm_acquisition::rtds[0m[2m:[0m RTDS erreur: connexion au proxy 127.0.0.1:45417: Connection refused (os error 111)
[2m2026-07-05T11:32:10.743507Z[0m [33m WARN[0m [2mpm_bot[0m[2m:[0m découverte gamma: requête Gamma: error sending request for url (https://gamma-api.polymarket.com/events?slug=btc-updown-5m-1783251000): client error (Connect): tunnel error: failed to create underlying connection: tcp connect error: Connection refused (os error 111)
[2m2026-07-05T11:32:15.744871Z[0m [33m WARN[0m [2mpm_bot[0m[2m:[0m découverte gamma: requête Gamma: error sending request for url (https://gamma-api.polymarket.com/events?slug=btc-updown-5m-1783251000): client error (Connect): tunnel error: failed to create underlying connection: tcp connect error: Connection refused (os error 111)
[2m2026-07-05T11:32:20.746509Z[0m [33m WARN[0m [2mpm_bot[0m[2m:[0m découverte gamma: requête Gamma: error sending request for url (https://gamma-api.polymarket.com/events?slug=btc-updown-5m-1783251000): client error (Connect): tunnel error: failed to create underlying connection: tcp connect error: Connection refused (os error 111)
[2m2026-07-05T11:32:25.655338Z[0m [33m WARN[0m [2mpm_acquisition::rtds[0m[2m:[0m RTDS erreur: connexion au proxy 127.0.0.1:45417: Connection refused (os error 111)
[2m2026-07-05T11:32:25.747806Z[0m [33m WARN[0m [2mpm_bot[0m[2m:[0m découverte gamma: requête Gamma: error sending request for url (https://gamma-api.polymarket.com/events?slug=btc-updown-5m-1783251000): client error (Connect): tunnel error: failed to create underlying connection: tcp connect error: Connection refused (os error 111)
[2m2026-07-05T11:32:30.748893Z[0m [33m WARN[0m [2mpm_bot[0m[2m:[0m découverte gamma: requête Gamma: error sending request for url (https://gamma-api.polymarket.com/events?slug=btc-updown-5m-1783251000): client error (Connect): tunnel error: failed to create underlying connection: tcp connect error: Connection refused (os error 111)
[2m2026-07-05T11:32:35.750343Z[0m [33m WARN[0m [2mpm_bot[0m[2m:[0m découverte gamma: requête Gamma: error sending request for url (https://gamma-api.polymarket.com/events?slug=btc-updown-5m-1783251000): client error (Connect): tunnel error: failed to create underlying connection: tcp connect error: Connection refused (os error 111)
[2m2026-07-05T11:32:40.656964Z[0m [33m WARN[0m [2mpm_acquisition::rtds[0m[2m:[0m RTDS erreur: connexion au proxy 127.0.0.1:45417: Connection refused (os error 111)
[2m2026-07-05T11:32:40.752449Z[0m [33m WARN[0m [2mpm_bot[0m[2m:[0m découverte gamma: requête Gamma: error sending request for url (https://gamma-api.polymarket.com/events?slug=btc-updown-5m-1783251000): client error (Connect): tunnel error: failed to create underlying connection: tcp connect error: Connection refused (os error 111)
[2m2026-07-05T11:32:45.754214Z[0m [33m WARN[0m [2mpm_bot[0m[2m:[0m découverte gamma: requête Gamma: error sending request for url (https://gamma-api.polymarket.com/events?slug=btc-updown-5m-1783251000): client error (Connect): tunnel error: failed to create underlying connection: tcp connect error: Connection refused (os error 111)
[2m2026-07-05T11:32:50.754828Z[0m [33m WARN[0m [2mpm_bot[0m[2m:[0m découverte gamma: requête Gamma: error sending request for url (https://gamma-api.polymarket.com/events?slug=btc-updown-5m-1783251000): client error (Connect): tunnel error: failed to create underlying connection: tcp connect error: Connection refused (os error 111)
[2m2026-07-05T11:32:55.657952Z[0m [33m WARN[0m [2mpm_acquisition::rtds[0m[2m:[0m RTDS erreur: connexion au proxy 127.0.0.1:45417: Connection refused (os error 111)
[2m2026-07-05T11:32:55.756392Z[0m [33m WARN[0m [2mpm_bot[0m[2m:[0m découverte gamma: requête Gamma: error sending request for url (https://gamma-api.polymarket.com/events?slug=btc-updown-5m-1783251000): client error (Connect): tunnel error: failed to create underlying connection: tcp connect error: Connection refused (os error 111)
[2m2026-07-05T11:33:00.757802Z[0m [33m WARN[0m [2mpm_bot[0m[2m:[0m découverte gamma: requête Gamma: error sending request for url (https://gamma-api.polymarket.com/events?slug=btc-updown-5m-1783251000): client error (Connect): tunnel error: failed to create underlying connection: tcp connect error: Connection refused (os error 111)
[2m2026-07-05T11:33:05.758818Z[0m [33m WARN[0m [2mpm_bot[0m[2m:[0m découverte gamma: requête Gamma: error sending request for url (https://gamma-api.polymarket.com/events?slug=btc-updown-5m-1783251000): client error (Connect): tunnel error: failed to create underlying connection: tcp connect error: Connection refused (os error 111)
[2m2026-07-05T11:33:10.659320Z[0m [33m WARN[0m [2mpm_acquisition::rtds[0m[2m:[0m RTDS erreur: connexion au proxy 127.0.0.1:45417: Connection refused (os error 111)
[2m2026-07-05T11:33:10.759763Z[0m [33m WARN[0m [2mpm_bot[0m[2m:[0m découverte gamma: requête Gamma: error sending request for url (https://gamma-api.polymarket.com/events?slug=btc-updown-5m-1783251000): client error (Connect): tunnel error: failed to create underlying connection: tcp connect error: Connection refused (os error 111)
[2m2026-07-05T11:33:15.761524Z[0m [33m WARN[0m [2mpm_bot[0m[2m:[0m découverte gamma: requête Gamma: error sending request for url (https://gamma-api.polymarket.com/events?slug=btc-updown-5m-1783251000): client error (Connect): tunnel error: failed to create underlying connection: tcp connect error: Connection refused (os error 111)
[2m2026-07-05T11:33:20.763002Z[0m [33m WARN[0m [2mpm_bot[0m[2m:[0m découverte gamma: requête Gamma: error sending request for url (https://gamma-api.polymarket.com/events?slug=btc-updown-5m-1783251000): client error (Connect): tunnel error: failed to create underlying connection: tcp connect error: Connection refused (os error 111)
[2m2026-07-05T11:33:25.661444Z[0m [33m WARN[0m [2mpm_acquisition::rtds[0m[2m:[0m RTDS erreur: connexion au proxy 127.0.0.1:45417: Connection refused (os error 111)
[2m2026-07-05T11:33:25.763899Z[0m [33m WARN[0m [2mpm_bot[0m[2m:[0m découverte gamma: requête Gamma: error sending request for url (https://gamma-api.polymarket.com/events?slug=btc-updown-5m-1783251000): client error (Connect): tunnel error: failed to create underlying connection: tcp connect error: Connection refused (os error 111)
[2m2026-07-05T11:33:30.764822Z[0m [33m WARN[0m [2mpm_bot[0m[2m:[0m découverte gamma: requête Gamma: error sending request for url (https://gamma-api.polymarket.com/events?slug=btc-updown-5m-1783251000): client error (Connect): tunnel error: failed to create underlying connection: tcp connect error: Connection refused (os error 111)
[2m2026-07-05T11:33:35.765942Z[0m [33m WARN[0m [2mpm_bot[0m[2m:[0m découverte gamma: requête Gamma: error sending request for url (https://gamma-api.polymarket.com/events?slug=btc-updown-5m-1783251000): client error (Connect): tunnel error: failed to create underlying connection: tcp connect error: Connection refused (os error 111)
[2m2026-07-05T11:33:40.663480Z[0m [33m WARN[0m [2mpm_acquisition::rtds[0m[2m:[0m RTDS erreur: connexion au proxy 127.0.0.1:45417: Connection refused (os error 111)
[2m2026-07-05T11:33:40.766927Z[0m [33m WARN[0m [2mpm_bot[0m[2m:[0m découverte gamma: requête Gamma: error sending request for url (https://gamma-api.polymarket.com/events?slug=btc-updown-5m-1783251000): client error (Connect): tunnel error: failed to create underlying connection: tcp connect error: Connection refused (os error 111)
[2m2026-07-05T11:33:45.768238Z[0m [33m WARN[0m [2mpm_bot[0m[2m:[0m découverte gamma: requête Gamma: error sending request for url (https://gamma-api.polymarket.com/events?slug=btc-updown-5m-1783251000): client error (Connect): tunnel error: failed to create underlying connection: tcp connect error: Connection refused (os error 111)
[2m2026-07-05T11:33:50.769160Z[0m [33m WARN[0m [2mpm_bot[0m[2m:[0m découverte gamma: requête Gamma: error sending request for url (https://gamma-api.polymarket.com/events?slug=btc-updown-5m-1783251000): client error (Connect): tunnel error: failed to create underlying connection: tcp connect error: Connection refused (os error 111)
[2m2026-07-05T11:33:55.664798Z[0m [33m WARN[0m [2mpm_acquisition::rtds[0m[2m:[0m RTDS erreur: connexion au proxy 127.0.0.1:45417: Connection refused (os error 111)
[2m2026-07-05T11:33:55.770355Z[0m [33m WARN[0m [2mpm_bot[0m[2m:[0m découverte gamma: requête Gamma: error sending request for url (https://gamma-api.polymarket.com/events?slug=btc-updown-5m-1783251000): client error (Connect): tunnel error: failed to create underlying connection: tcp connect error: Connection refused (os error 111)
[2m2026-07-05T11:34:00.772555Z[0m [33m WARN[0m [2mpm_bot[0m[2m:[0m découverte gamma: requête Gamma: error sending request for url (https://gamma-api.polymarket.com/events?slug=btc-updown-5m-1783251000): client error (Connect): tunnel error: failed to create underlying connection: tcp connect error: Connection refused (os error 111)
[2m2026-07-05T11:34:05.774364Z[0m [33m WARN[0m [2mpm_bot[0m[2m:[0m découverte gamma: requête Gamma: error sending request for url (https://gamma-api.polymarket.com/events?slug=btc-updown-5m-1783251000): client error (Connect): tunnel error: failed to create underlying connection: tcp connect error: Connection refused (os error 111)
[2m2026-07-05T11:34:10.665791Z[0m [33m WARN[0m [2mpm_acquisition::rtds[0m[2m:[0m RTDS erreur: connexion au proxy 127.0.0.1:45417: Connection refused (os error 111)
[2m2026-07-05T11:34:10.776381Z[0m [33m WARN[0m [2mpm_bot[0m[2m:[0m découverte gamma: requête Gamma: error sending request for url (https://gamma-api.polymarket.com/events?slug=btc-updown-5m-1783251000): client error (Connect): tunnel error: failed to create underlying connection: tcp connect error: Connection refused (os error 111)
[2m2026-07-05T11:34:15.778081Z[0m [33m WARN[0m [2mpm_bot[0m[2m:[0m découverte gamma: requête Gamma: error sending request for url (https://gamma-api.polymarket.com/events?slug=btc-updown-5m-1783251000): client error (Connect): tunnel error: failed to create underlying connection: tcp connect error: Connection refused (os error 111)
[2m2026-07-05T11:34:20.778578Z[0m [33m WARN[0m [2mpm_bot[0m[2m:[0m découverte gamma: requête Gamma: error sending request for url (https://gamma-api.polymarket.com/events?slug=btc-updown-5m-1783251000): client error (Connect): tunnel error: failed to create underlying connection: tcp connect error: Connection refused (os error 111)
[2m2026-07-05T11:34:25.667315Z[0m [33m WARN[0m [2mpm_acquisition::rtds[0m[2m:[0m RTDS erreur: connexion au proxy 127.0.0.1:45417: Connection refused (os error 111)
[2m2026-07-05T11:34:25.779828Z[0m [33m WARN[0m [2mpm_bot[0m[2m:[0m découverte gamma: requête Gamma: error sending request for url (https://gamma-api.polymarket.com/events?slug=btc-updown-5m-1783251000): client error (Connect): tunnel error: failed to create underlying connection: tcp connect error: Connection refused (os error 111)
[2m2026-07-05T11:34:30.781344Z[0m [33m WARN[0m [2mpm_bot[0m[2m:[0m découverte gamma: requête Gamma: error sending request for url (https://gamma-api.polymarket.com/events?slug=btc-updown-5m-1783251000): client error (Connect): tunnel error: failed to create underlying connection: tcp connect error: Connection refused (os error 111)
[2m2026-07-05T11:34:35.783471Z[0m [33m WARN[0m [2mpm_bot[0m[2m:[0m découverte gamma: requête Gamma: error sending request for url (https://gamma-api.polymarket.com/events?slug=btc-updown-5m-1783251000): client error (Connect): tunnel error: failed to create underlying connection: tcp connect error: Connection refused (os error 111)
[2m2026-07-05T11:34:40.669583Z[0m [33m WARN[0m [2mpm_acquisition::rtds[0m[2m:[0m RTDS erreur: connexion au proxy 127.0.0.1:45417: Connection refused (os error 111)
[2m2026-07-05T11:34:40.785174Z[0m [33m WARN[0m [2mpm_bot[0m[2m:[0m découverte gamma: requête Gamma: error sending request for url (https://gamma-api.polymarket.com/events?slug=btc-updown-5m-1783251000): client error (Connect): tunnel error: failed to create underlying connection: tcp connect error: Connection refused (os error 111)
[2m2026-07-05T11:34:45.785895Z[0m [33m WARN[0m [2mpm_bot[0m[2m:[0m découverte gamma: requête Gamma: error sending request for url (https://gamma-api.polymarket.com/events?slug=btc-updown-5m-1783251000): client error (Connect): tunnel error: failed to create underlying connection: tcp connect error: Connection refused (os error 111)
[2m2026-07-05T11:34:50.787328Z[0m [33m WARN[0m [2mpm_bot[0m[2m:[0m découverte gamma: requête Gamma: error sending request for url (https://gamma-api.polymarket.com/events?slug=btc-updown-5m-1783251000): client error (Connect): tunnel error: failed to create underlying connection: tcp connect error: Connection refused (os error 111)
[2m2026-07-05T11:34:55.670696Z[0m [33m WARN[0m [2mpm_acquisition::rtds[0m[2m:[0m RTDS erreur: connexion au proxy 127.0.0.1:45417: Connection refused (os error 111)
[2m2026-07-05T11:34:55.789237Z[0m [33m WARN[0m [2mpm_bot[0m[2m:[0m découverte gamma: requête Gamma: error sending request for url (https://gamma-api.polymarket.com/events?slug=btc-updown-5m-1783251000): client error (Connect): tunnel error: failed to create underlying connection: tcp connect error: Connection refused (os error 111)
[2m2026-07-05T11:35:00.789858Z[0m [33m WARN[0m [2mpm_bot[0m[2m:[0m découverte gamma: requête Gamma: error sending request for url (https://gamma-api.polymarket.com/events?slug=btc-updown-5m-1783251300): client error (Connect): tunnel error: failed to create underlying connection: tcp connect error: Connection refused (os error 111)
[2m2026-07-05T11:35:05.790719Z[0m [33m WARN[0m [2mpm_bot[0m[2m:[0m découverte gamma: requête Gamma: error sending request for url (https://gamma-api.polymarket.com/events?slug=btc-updown-5m-1783251300): client error (Connect): tunnel error: failed to create underlying connection: tcp connect error: Connection refused (os error 111)
[2m2026-07-05T11:35:10.671875Z[0m [33m WARN[0m [2mpm_acquisition::rtds[0m[2m:[0m RTDS erreur: connexion au proxy 127.0.0.1:45417: Connection refused (os error 111)
[2m2026-07-05T11:35:10.792345Z[0m [33m WARN[0m [2mpm_bot[0m[2m:[0m découverte gamma: requête Gamma: error sending request for url (https://gamma-api.polymarket.com/events?slug=btc-updown-5m-1783251300): client error (Connect): tunnel error: failed to create underlying connection: tcp connect error: Connection refused (os error 111)
[2m2026-07-05T11:35:15.793776Z[0m [33m WARN[0m [2mpm_bot[0m[2m:[0m découverte gamma: requête Gamma: error sending request for url (https://gamma-api.polymarket.com/events?slug=btc-updown-5m-1783251300): client error (Connect): tunnel error: failed to create underlying connection: tcp connect error: Connection refused (os error 111)
[2m2026-07-05T11:35:20.795158Z[0m [33m WARN[0m [2mpm_bot[0m[2m:[0m découverte gamma: requête Gamma: error sending request for url (https://gamma-api.polymarket.com/events?slug=btc-updown-5m-1783251300): client error (Connect): tunnel error: failed to create underlying connection: tcp connect error: Connection refused (os error 111)
[2m2026-07-05T11:35:25.673485Z[0m [33m WARN[0m [2mpm_acquisition::rtds[0m[2m:[0m RTDS erreur: connexion au proxy 127.0.0.1:45417: Connection refused (os error 111)
[2m2026-07-05T11:35:25.795963Z[0m [33m WARN[0m [2mpm_bot[0m[2m:[0m découverte gamma: requête Gamma: error sending request for url (https://gamma-api.polymarket.com/events?slug=btc-updown-5m-1783251300): client error (Connect): tunnel error: failed to create underlying connection: tcp connect error: Connection refused (os error 111)
[2m2026-07-05T11:35:30.797131Z[0m [33m WARN[0m [2mpm_bot[0m[2m:[0m découverte gamma: requête Gamma: error sending request for url (https://gamma-api.polymarket.com/events?slug=btc-updown-5m-1783251300): client error (Connect): tunnel error: failed to create underlying connection: tcp connect error: Connection refused (os error 111)
[2m2026-07-05T11:35:35.797589Z[0m [33m WARN[0m [2mpm_bot[0m[2m:[0m découverte gamma: requête Gamma: error sending request for url (https://gamma-api.polymarket.com/events?slug=btc-updown-5m-1783251300): client error (Connect): tunnel error: failed to create underlying connection: tcp connect error: Connection refused (os error 111)
[2m2026-07-05T11:35:40.675276Z[0m [33m WARN[0m [2mpm_acquisition::rtds[0m[2m:[0m RTDS erreur: connexion au proxy 127.0.0.1:45417: Connection refused (os error 111)
[2m2026-07-05T11:35:40.799893Z[0m [33m WARN[0m [2mpm_bot[0m[2m:[0m découverte gamma: requête Gamma: error sending request for url (https://gamma-api.polymarket.com/events?slug=btc-updown-5m-1783251300): client error (Connect): tunnel error: failed to create underlying connection: tcp connect error: Connection refused (os error 111)
[2m2026-07-05T11:35:45.801078Z[0m [33m WARN[0m [2mpm_bot[0m[2m:[0m découverte gamma: requête Gamma: error sending request for url (https://gamma-api.polymarket.com/events?slug=btc-updown-5m-1783251300): client error (Connect): tunnel error: failed to create underlying connection: tcp connect error: Connection refused (os error 111)
[2m2026-07-05T11:35:50.801933Z[0m [33m WARN[0m [2mpm_bot[0m[2m:[0m découverte gamma: requête Gamma: error sending request for url (https://gamma-api.polymarket.com/events?slug=btc-updown-5m-1783251300): client error (Connect): tunnel error: failed to create underlying connection: tcp connect error: Connection refused (os error 111)
[2m2026-07-05T11:35:55.676711Z[0m [33m WARN[0m [2mpm_acquisition::rtds[0m[2m:[0m RTDS erreur: connexion au proxy 127.0.0.1:45417: Connection refused (os error 111)
[2m2026-07-05T11:35:55.803132Z[0m [33m WARN[0m [2mpm_bot[0m[2m:[0m découverte gamma: requête Gamma: error sending request for url (https://gamma-api.polymarket.com/events?slug=btc-updown-5m-1783251300): client error (Connect): tunnel error: failed to create underlying connection: tcp connect error: Connection refused (os error 111)
[2m2026-07-05T11:36:00.804438Z[0m [33m WARN[0m [2mpm_bot[0m[2m:[0m découverte gamma: requête Gamma: error sending request for url (https://gamma-api.polymarket.com/events?slug=btc-updown-5m-1783251300): client error (Connect): tunnel error: failed to create underlying connection: tcp connect error: Connection refused (os error 111)
[2m2026-07-05T11:36:05.806482Z[0m [33m WARN[0m [2mpm_bot[0m[2m:[0m découverte gamma: requête Gamma: error sending request for url (https://gamma-api.polymarket.com/events?slug=btc-updown-5m-1783251300): client error (Connect): tunnel error: failed to create underlying connection: tcp connect error: Connection refused (os error 111)
[2m2026-07-05T11:36:10.678284Z[0m [33m WARN[0m [2mpm_acquisition::rtds[0m[2m:[0m RTDS erreur: connexion au proxy 127.0.0.1:45417: Connection refused (os error 111)
[2m2026-07-05T11:36:10.807789Z[0m [33m WARN[0m [2mpm_bot[0m[2m:[0m découverte gamma: requête Gamma: error sending request for url (https://gamma-api.polymarket.com/events?slug=btc-updown-5m-1783251300): client error (Connect): tunnel error: failed to create underlying connection: tcp connect error: Connection refused (os error 111)
[2m2026-07-05T11:36:15.808748Z[0m [33m WARN[0m [2mpm_bot[0m[2m:[0m découverte gamma: requête Gamma: error sending request for url (https://gamma-api.polymarket.com/events?slug=btc-updown-5m-1783251300): client error (Connect): tunnel error: failed to create underlying connection: tcp connect error: Connection refused (os error 111)
[2m2026-07-05T11:36:20.809750Z[0m [33m WARN[0m [2mpm_bot[0m[2m:[0m découverte gamma: requête Gamma: error sending request for url (https://gamma-api.polymarket.com/events?slug=btc-updown-5m-1783251300): client error (Connect): tunnel error: failed to create underlying connection: tcp connect error: Connection refused (os error 111)
[2m2026-07-05T11:36:25.680283Z[0m [33m WARN[0m [2mpm_acquisition::rtds[0m[2m:[0m RTDS erreur: connexion au proxy 127.0.0.1:45417: Connection refused (os error 111)
[2m2026-07-05T11:36:25.810742Z[0m [33m WARN[0m [2mpm_bot[0m[2m:[0m découverte gamma: requête Gamma: error sending request for url (https://gamma-api.polymarket.com/events?slug=btc-updown-5m-1783251300): client error (Connect): tunnel error: failed to create underlying connection: tcp connect error: Connection refused (os error 111)
[2m2026-07-05T11:36:30.812584Z[0m [33m WARN[0m [2mpm_bot[0m[2m:[0m découverte gamma: requête Gamma: error sending request for url (https://gamma-api.polymarket.com/events?slug=btc-updown-5m-1783251300): client error (Connect): tunnel error: failed to create underlying connection: tcp connect error: Connection refused (os error 111)
[2m2026-07-05T11:36:35.814350Z[0m [33m WARN[0m [2mpm_bot[0m[2m:[0m découverte gamma: requête Gamma: error sending request for url (https://gamma-api.polymarket.com/events?slug=btc-updown-5m-1783251300): client error (Connect): tunnel error: failed to create underlying connection: tcp connect error: Connection refused (os error 111)
[2m2026-07-05T11:36:40.682443Z[0m [33m WARN[0m [2mpm_acquisition::rtds[0m[2m:[0m RTDS erreur: connexion au proxy 127.0.0.1:45417: Connection refused (os error 111)
[2m2026-07-05T11:36:40.815916Z[0m [33m WARN[0m [2mpm_bot[0m[2m:[0m découverte gamma: requête Gamma: error sending request for url (https://gamma-api.polymarket.com/events?slug=btc-updown-5m-1783251300): client error (Connect): tunnel error: failed to create underlying connection: tcp connect error: Connection refused (os error 111)
[2m2026-07-05T11:36:45.816828Z[0m [33m WARN[0m [2mpm_bot[0m[2m:[0m découverte gamma: requête Gamma: error sending request for url (https://gamma-api.polymarket.com/events?slug=btc-updown-5m-1783251300): client error (Connect): tunnel error: failed to create underlying connection: tcp connect error: Connection refused (os error 111)
[2m2026-07-05T11:36:50.818303Z[0m [33m WARN[0m [2mpm_bot[0m[2m:[0m découverte gamma: requête Gamma: error sending request for url (https://gamma-api.polymarket.com/events?slug=btc-updown-5m-1783251300): client error (Connect): tunnel error: failed to create underlying connection: tcp connect error: Connection refused (os error 111)
[2m2026-07-05T11:36:55.684020Z[0m [33m WARN[0m [2mpm_acquisition::rtds[0m[2m:[0m RTDS erreur: connexion au proxy 127.0.0.1:45417: Connection refused (os error 111)
[2m2026-07-05T11:36:55.820517Z[0m [33m WARN[0m [2mpm_bot[0m[2m:[0m découverte gamma: requête Gamma: error sending request for url (https://gamma-api.polymarket.com/events?slug=btc-updown-5m-1783251300): client error (Connect): tunnel error: failed to create underlying connection: tcp connect error: Connection refused (os error 111)
[2m2026-07-05T11:37:00.822397Z[0m [33m WARN[0m [2mpm_bot[0m[2m:[0m découverte gamma: requête Gamma: error sending request for url (https://gamma-api.polymarket.com/events?slug=btc-updown-5m-1783251300): client error (Connect): tunnel error: failed to create underlying connection: tcp connect error: Connection refused (os error 111)
[2m2026-07-05T11:37:05.824231Z[0m [33m WARN[0m [2mpm_bot[0m[2m:[0m découverte gamma: requête Gamma: error sending request for url (https://gamma-api.polymarket.com/events?slug=btc-updown-5m-1783251300): client error (Connect): tunnel error: failed to create underlying connection: tcp connect error: Connection refused (os error 111)
[2m2026-07-05T11:37:10.684908Z[0m [33m WARN[0m [2mpm_acquisition::rtds[0m[2m:[0m RTDS erreur: connexion au proxy 127.0.0.1:45417: Connection refused (os error 111)
[2m2026-07-05T11:37:10.825413Z[0m [33m WARN[0m [2mpm_bot[0m[2m:[0m découverte gamma: requête Gamma: error sending request for url (https://gamma-api.polymarket.com/events?slug=btc-updown-5m-1783251300): client error (Connect): tunnel error: failed to create underlying connection: tcp connect error: Connection refused (os error 111)
[2m2026-07-05T11:37:15.827394Z[0m [33m WARN[0m [2mpm_bot[0m[2m:[0m découverte gamma: requête Gamma: error sending request for url (https://gamma-api.polymarket.com/events?slug=btc-updown-5m-1783251300): client error (Connect): tunnel error: failed to create underlying connection: tcp connect error: Connection refused (os error 111)
[2m2026-07-05T11:37:20.829420Z[0m [33m WARN[0m [2mpm_bot[0m[2m:[0m découverte gamma: requête Gamma: error sending request for url (https://gamma-api.polymarket.com/events?slug=btc-updown-5m-1783251300): client error (Connect): tunnel error: failed to create underlying connection: tcp connect error: Connection refused (os error 111)
[2m2026-07-05T11:37:25.685791Z[0m [33m WARN[0m [2mpm_acquisition::rtds[0m[2m:[0m RTDS erreur: connexion au proxy 127.0.0.1:45417: Connection refused (os error 111)
[2m2026-07-05T11:37:25.831275Z[0m [33m WARN[0m [2mpm_bot[0m[2m:[0m découverte gamma: requête Gamma: error sending request for url (https://gamma-api.polymarket.com/events?slug=btc-updown-5m-1783251300): client error (Connect): tunnel error: failed to create underlying connection: tcp connect error: Connection refused (os error 111)
[2m2026-07-05T11:37:30.833206Z[0m [33m WARN[0m [2mpm_bot[0m[2m:[0m découverte gamma: requête Gamma: error sending request for url (https://gamma-api.polymarket.com/events?slug=btc-updown-5m-1783251300): client error (Connect): tunnel error: failed to create underlying connection: tcp connect error: Connection refused (os error 111)
[2m2026-07-05T11:37:35.833918Z[0m [33m WARN[0m [2mpm_bot[0m[2m:[0m découverte gamma: requête Gamma: error sending request for url (https://gamma-api.polymarket.com/events?slug=btc-updown-5m-1783251300): client error (Connect): tunnel error: failed to create underlying connection: tcp connect error: Connection refused (os error 111)
[2m2026-07-05T11:37:40.687247Z[0m [33m WARN[0m [2mpm_acquisition::rtds[0m[2m:[0m RTDS erreur: connexion au proxy 127.0.0.1:45417: Connection refused (os error 111)
[2m2026-07-05T11:37:40.834701Z[0m [33m WARN[0m [2mpm_bot[0m[2m:[0m découverte gamma: requête Gamma: error sending request for url (https://gamma-api.polymarket.com/events?slug=btc-updown-5m-1783251300): client error (Connect): tunnel error: failed to create underlying connection: tcp connect error: Connection refused (os error 111)
[2m2026-07-05T11:37:45.835562Z[0m [33m WARN[0m [2mpm_bot[0m[2m:[0m découverte gamma: requête Gamma: error sending request for url (https://gamma-api.polymarket.com/events?slug=btc-updown-5m-1783251300): client error (Connect): tunnel error: failed to create underlying connection: tcp connect error: Connection refused (os error 111)
[2m2026-07-05T11:37:50.837028Z[0m [33m WARN[0m [2mpm_bot[0m[2m:[0m découverte gamma: requête Gamma: error sending request for url (https://gamma-api.polymarket.com/events?slug=btc-updown-5m-1783251300): client error (Connect): tunnel error: failed to create underlying connection: tcp connect error: Connection refused (os error 111)
[2m2026-07-05T11:37:55.688909Z[0m [33m WARN[0m [2mpm_acquisition::rtds[0m[2m:[0m RTDS erreur: connexion au proxy 127.0.0.1:45417: Connection refused (os error 111)
[2m2026-07-05T11:37:55.838423Z[0m [33m WARN[0m [2mpm_bot[0m[2m:[0m découverte gamma: requête Gamma: error sending request for url (https://gamma-api.polymarket.com/events?slug=btc-updown-5m-1783251300): client error (Connect): tunnel error: failed to create underlying connection: tcp connect error: Connection refused (os error 111)
[2m2026-07-05T11:38:00.839901Z[0m [33m WARN[0m [2mpm_bot[0m[2m:[0m découverte gamma: requête Gamma: error sending request for url (https://gamma-api.polymarket.com/events?slug=btc-updown-5m-1783251300): client error (Connect): tunnel error: failed to create underlying connection: tcp connect error: Connection refused (os error 111)
[2m2026-07-05T11:38:05.841412Z[0m [33m WARN[0m [2mpm_bot[0m[2m:[0m découverte gamma: requête Gamma: error sending request for url (https://gamma-api.polymarket.com/events?slug=btc-updown-5m-1783251300): client error (Connect): tunnel error: failed to create underlying connection: tcp connect error: Connection refused (os error 111)
[2m2026-07-05T11:38:10.689541Z[0m [33m WARN[0m [2mpm_acquisition::rtds[0m[2m:[0m RTDS erreur: connexion au proxy 127.0.0.1:45417: Connection refused (os error 111)
[2m2026-07-05T11:38:10.843000Z[0m [33m WARN[0m [2mpm_bot[0m[2m:[0m découverte gamma: requête Gamma: error sending request for url (https://gamma-api.polymarket.com/events?slug=btc-updown-5m-1783251300): client error (Connect): tunnel error: failed to create underlying connection: tcp connect error: Connection refused (os error 111)
[2m2026-07-05T11:38:15.843910Z[0m [33m WARN[0m [2mpm_bot[0m[2m:[0m découverte gamma: requête Gamma: error sending request for url (https://gamma-api.polymarket.com/events?slug=btc-updown-5m-1783251300): client error (Connect): tunnel error: failed to create underlying connection: tcp connect error: Connection refused (os error 111)
[2m2026-07-05T11:38:20.845421Z[0m [33m WARN[0m [2mpm_bot[0m[2m:[0m découverte gamma: requête Gamma: error sending request for url (https://gamma-api.polymarket.com/events?slug=btc-updown-5m-1783251300): client error (Connect): tunnel error: failed to create underlying connection: tcp connect error: Connection refused (os error 111)
[2m2026-07-05T11:38:25.691498Z[0m [33m WARN[0m [2mpm_acquisition::rtds[0m[2m:[0m RTDS erreur: connexion au proxy 127.0.0.1:45417: Connection refused (os error 111)
[2m2026-07-05T11:38:25.847002Z[0m [33m WARN[0m [2mpm_bot[0m[2m:[0m découverte gamma: requête Gamma: error sending request for url (https://gamma-api.polymarket.com/events?slug=btc-updown-5m-1783251300): client error (Connect): tunnel error: failed to create underlying connection: tcp connect error: Connection refused (os error 111)
[2m2026-07-05T11:38:30.847718Z[0m [33m WARN[0m [2mpm_bot[0m[2m:[0m découverte gamma: requête Gamma: error sending request for url (https://gamma-api.polymarket.com/events?slug=btc-updown-5m-1783251300): client error (Connect): tunnel error: failed to create underlying connection: tcp connect error: Connection refused (os error 111)
[2m2026-07-05T11:38:35.849445Z[0m [33m WARN[0m [2mpm_bot[0m[2m:[0m découverte gamma: requête Gamma: error sending request for url (https://gamma-api.polymarket.com/events?slug=btc-updown-5m-1783251300): client error (Connect): tunnel error: failed to create underlying connection: tcp connect error: Connection refused (os error 111)
[2m2026-07-05T11:38:40.693054Z[0m [33m WARN[0m [2mpm_acquisition::rtds[0m[2m:[0m RTDS erreur: connexion au proxy 127.0.0.1:45417: Connection refused (os error 111)
[2m2026-07-05T11:38:40.851532Z[0m [33m WARN[0m [2mpm_bot[0m[2m:[0m découverte gamma: requête Gamma: error sending request for url (https://gamma-api.polymarket.com/events?slug=btc-updown-5m-1783251300): client error (Connect): tunnel error: failed to create underlying connection: tcp connect error: Connection refused (os error 111)
[2m2026-07-05T11:38:45.853047Z[0m [33m WARN[0m [2mpm_bot[0m[2m:[0m découverte gamma: requête Gamma: error sending request for url (https://gamma-api.polymarket.com/events?slug=btc-updown-5m-1783251300): client error (Connect): tunnel error: failed to create underlying connection: tcp connect error: Connection refused (os error 111)
[2m2026-07-05T11:38:50.853746Z[0m [33m WARN[0m [2mpm_bot[0m[2m:[0m découverte gamma: requête Gamma: error sending request for url (https://gamma-api.polymarket.com/events?slug=btc-updown-5m-1783251300): client error (Connect): tunnel error: failed to create underlying connection: tcp connect error: Connection refused (os error 111)
[2m2026-07-05T11:38:55.694090Z[0m [33m WARN[0m [2mpm_acquisition::rtds[0m[2m:[0m RTDS erreur: connexion au proxy 127.0.0.1:45417: Connection refused (os error 111)
[2m2026-07-05T11:38:55.854749Z[0m [33m WARN[0m [2mpm_bot[0m[2m:[0m découverte gamma: requête Gamma: error sending request for url (https://gamma-api.polymarket.com/events?slug=btc-updown-5m-1783251300): client error (Connect): tunnel error: failed to create underlying connection: tcp connect error: Connection refused (os error 111)
[2m2026-07-05T11:39:00.856413Z[0m [33m WARN[0m [2mpm_bot[0m[2m:[0m découverte gamma: requête Gamma: error sending request for url (https://gamma-api.polymarket.com/events?slug=btc-updown-5m-1783251300): client error (Connect): tunnel error: failed to create underlying connection: tcp connect error: Connection refused (os error 111)
[2m2026-07-05T11:39:05.858394Z[0m [33m WARN[0m [2mpm_bot[0m[2m:[0m découverte gamma: requête Gamma: error sending request for url (https://gamma-api.polymarket.com/events?slug=btc-updown-5m-1783251300): client error (Connect): tunnel error: failed to create underlying connection: tcp connect error: Connection refused (os error 111)
[2m2026-07-05T11:39:10.694809Z[0m [33m WARN[0m [2mpm_acquisition::rtds[0m[2m:[0m RTDS erreur: connexion au proxy 127.0.0.1:45417: Connection refused (os error 111)
[2m2026-07-05T11:39:10.860619Z[0m [33m WARN[0m [2mpm_bot[0m[2m:[0m découverte gamma: requête Gamma: error sending request for url (https://gamma-api.polymarket.com/events?slug=btc-updown-5m-1783251300): client error (Connect): tunnel error: failed to create underlying connection: tcp connect error: Connection refused (os error 111)
[2m2026-07-05T11:39:15.862534Z[0m [33m WARN[0m [2mpm_bot[0m[2m:[0m découverte gamma: requête Gamma: error sending request for url (https://gamma-api.polymarket.com/events?slug=btc-updown-5m-1783251300): client error (Connect): tunnel error: failed to create underlying connection: tcp connect error: Connection refused (os error 111)
[2m2026-07-05T11:39:20.863900Z[0m [33m WARN[0m [2mpm_bot[0m[2m:[0m découverte gamma: requête Gamma: error sending request for url (https://gamma-api.polymarket.com/events?slug=btc-updown-5m-1783251300): client error (Connect): tunnel error: failed to create underlying connection: tcp connect error: Connection refused (os error 111)
[2m2026-07-05T11:39:25.696000Z[0m [33m WARN[0m [2mpm_acquisition::rtds[0m[2m:[0m RTDS erreur: connexion au proxy 127.0.0.1:45417: Connection refused (os error 111)
[2m2026-07-05T11:39:25.864691Z[0m [33m WARN[0m [2mpm_bot[0m[2m:[0m découverte gamma: requête Gamma: error sending request for url (https://gamma-api.polymarket.com/events?slug=btc-updown-5m-1783251300): client error (Connect): tunnel error: failed to create underlying connection: tcp connect error: Connection refused (os error 111)
[2m2026-07-05T11:39:30.866156Z[0m [33m WARN[0m [2mpm_bot[0m[2m:[0m découverte gamma: requête Gamma: error sending request for url (https://gamma-api.polymarket.com/events?slug=btc-updown-5m-1783251300): client error (Connect): tunnel error: failed to create underlying connection: tcp connect error: Connection refused (os error 111)
[2m2026-07-05T11:39:35.866593Z[0m [33m WARN[0m [2mpm_bot[0m[2m:[0m découverte gamma: requête Gamma: error sending request for url (https://gamma-api.polymarket.com/events?slug=btc-updown-5m-1783251300): client error (Connect): tunnel error: failed to create underlying connection: tcp connect error: Connection refused (os error 111)
[2m2026-07-05T11:39:40.697046Z[0m [33m WARN[0m [2mpm_acquisition::rtds[0m[2m:[0m RTDS erreur: connexion au proxy 127.0.0.1:45417: Connection refused (os error 111)
[2m2026-07-05T11:39:40.867679Z[0m [33m WARN[0m [2mpm_bot[0m[2m:[0m découverte gamma: requête Gamma: error sending request for url (https://gamma-api.polymarket.com/events?slug=btc-updown-5m-1783251300): client error (Connect): tunnel error: failed to create underlying connection: tcp connect error: Connection refused (os error 111)
[2m2026-07-05T11:39:45.868819Z[0m [33m WARN[0m [2mpm_bot[0m[2m:[0m découverte gamma: requête Gamma: error sending request for url (https://gamma-api.polymarket.com/events?slug=btc-updown-5m-1783251300): client error (Connect): tunnel error: failed to create underlying connection: tcp connect error: Connection refused (os error 111)
[2m2026-07-05T11:39:50.870140Z[0m [33m WARN[0m [2mpm_bot[0m[2m:[0m découverte gamma: requête Gamma: error sending request for url (https://gamma-api.polymarket.com/events?slug=btc-updown-5m-1783251300): client error (Connect): tunnel error: failed to create underlying connection: tcp connect error: Connection refused (os error 111)
[2m2026-07-05T11:39:55.697520Z[0m [33m WARN[0m [2mpm_acquisition::rtds[0m[2m:[0m RTDS erreur: connexion au proxy 127.0.0.1:45417: Connection refused (os error 111)
[2m2026-07-05T11:39:55.871107Z[0m [33m WARN[0m [2mpm_bot[0m[2m:[0m découverte gamma: requête Gamma: error sending request for url (https://gamma-api.polymarket.com/events?slug=btc-updown-5m-1783251300): client error (Connect): tunnel error: failed to create underlying connection: tcp connect error: Connection refused (os error 111)
[2m2026-07-05T11:40:00.871897Z[0m [33m WARN[0m [2mpm_bot[0m[2m:[0m découverte gamma: requête Gamma: error sending request for url (https://gamma-api.polymarket.com/events?slug=btc-updown-5m-1783251600): client error (Connect): tunnel error: failed to create underlying connection: tcp connect error: Connection refused (os error 111)
[2m2026-07-05T11:40:05.872694Z[0m [33m WARN[0m [2mpm_bot[0m[2m:[0m découverte gamma: requête Gamma: error sending request for url (https://gamma-api.polymarket.com/events?slug=btc-updown-5m-1783251600): client error (Connect): tunnel error: failed to create underlying connection: tcp connect error: Connection refused (os error 111)
[2m2026-07-05T11:40:10.699039Z[0m [33m WARN[0m [2mpm_acquisition::rtds[0m[2m:[0m RTDS erreur: connexion au proxy 127.0.0.1:45417: Connection refused (os error 111)
[2m2026-07-05T11:40:10.873599Z[0m [33m WARN[0m [2mpm_bot[0m[2m:[0m découverte gamma: requête Gamma: error sending request for url (https://gamma-api.polymarket.com/events?slug=btc-updown-5m-1783251600): client error (Connect): tunnel error: failed to create underlying connection: tcp connect error: Connection refused (os error 111)
[2m2026-07-05T11:40:15.875009Z[0m [33m WARN[0m [2mpm_bot[0m[2m:[0m découverte gamma: requête Gamma: error sending request for url (https://gamma-api.polymarket.com/events?slug=btc-updown-5m-1783251600): client error (Connect): tunnel error: failed to create underlying connection: tcp connect error: Connection refused (os error 111)
[2m2026-07-05T11:40:20.876374Z[0m [33m WARN[0m [2mpm_bot[0m[2m:[0m découverte gamma: requête Gamma: error sending request for url (https://gamma-api.polymarket.com/events?slug=btc-updown-5m-1783251600): client error (Connect): tunnel error: failed to create underlying connection: tcp connect error: Connection refused (os error 111)
[2m2026-07-05T11:40:25.700250Z[0m [33m WARN[0m [2mpm_acquisition::rtds[0m[2m:[0m RTDS erreur: connexion au proxy 127.0.0.1:45417: Connection refused (os error 111)
[2m2026-07-05T11:40:25.877926Z[0m [33m WARN[0m [2mpm_bot[0m[2m:[0m découverte gamma: requête Gamma: error sending request for url (https://gamma-api.polymarket.com/events?slug=btc-updown-5m-1783251600): client error (Connect): tunnel error: failed to create underlying connection: tcp connect error: Connection refused (os error 111)
[2m2026-07-05T11:40:30.878670Z[0m [33m WARN[0m [2mpm_bot[0m[2m:[0m découverte gamma: requête Gamma: error sending request for url (https://gamma-api.polymarket.com/events?slug=btc-updown-5m-1783251600): client error (Connect): tunnel error: failed to create underlying connection: tcp connect error: Connection refused (os error 111)
[2m2026-07-05T11:40:35.879864Z[0m [33m WARN[0m [2mpm_bot[0m[2m:[0m découverte gamma: requête Gamma: error sending request for url (https://gamma-api.polymarket.com/events?slug=btc-updown-5m-1783251600): client error (Connect): tunnel error: failed to create underlying connection: tcp connect error: Connection refused (os error 111)
[2m2026-07-05T11:40:40.701832Z[0m [33m WARN[0m [2mpm_acquisition::rtds[0m[2m:[0m RTDS erreur: connexion au proxy 127.0.0.1:45417: Connection refused (os error 111)
[2m2026-07-05T11:40:40.880617Z[0m [33m WARN[0m [2mpm_bot[0m[2m:[0m découverte gamma: requête Gamma: error sending request for url (https://gamma-api.polymarket.com/events?slug=btc-updown-5m-1783251600): client error (Connect): tunnel error: failed to create underlying connection: tcp connect error: Connection refused (os error 111)
[2m2026-07-05T11:40:45.882416Z[0m [33m WARN[0m [2mpm_bot[0m[2m:[0m découverte gamma: requête Gamma: error sending request for url (https://gamma-api.polymarket.com/events?slug=btc-updown-5m-1783251600): client error (Connect): tunnel error: failed to create underlying connection: tcp connect error: Connection refused (os error 111)
[2m2026-07-05T11:40:50.883935Z[0m [33m WARN[0m [2mpm_bot[0m[2m:[0m découverte gamma: requête Gamma: error sending request for url (https://gamma-api.polymarket.com/events?slug=btc-updown-5m-1783251600): client error (Connect): tunnel error: failed to create underlying connection: tcp connect error: Connection refused (os error 111)
[2m2026-07-05T11:40:55.703346Z[0m [33m WARN[0m [2mpm_acquisition::rtds[0m[2m:[0m RTDS erreur: connexion au proxy 127.0.0.1:45417: Connection refused (os error 111)
[2m2026-07-05T11:40:55.885075Z[0m [33m WARN[0m [2mpm_bot[0m[2m:[0m découverte gamma: requête Gamma: error sending request for url (https://gamma-api.polymarket.com/events?slug=btc-updown-5m-1783251600): client error (Connect): tunnel error: failed to create underlying connection: tcp connect error: Connection refused (os error 111)
[2m2026-07-05T11:41:00.885755Z[0m [33m WARN[0m [2mpm_bot[0m[2m:[0m découverte gamma: requête Gamma: error sending request for url (https://gamma-api.polymarket.com/events?slug=btc-updown-5m-1783251600): client error (Connect): tunnel error: failed to create underlying connection: tcp connect error: Connection refused (os error 111)
[2m2026-07-05T11:41:05.887560Z[0m [33m WARN[0m [2mpm_bot[0m[2m:[0m découverte gamma: requête Gamma: error sending request for url (https://gamma-api.polymarket.com/events?slug=btc-updown-5m-1783251600): client error (Connect): tunnel error: failed to create underlying connection: tcp connect error: Connection refused (os error 111)
[2m2026-07-05T11:41:10.705278Z[0m [33m WARN[0m [2mpm_acquisition::rtds[0m[2m:[0m RTDS erreur: connexion au proxy 127.0.0.1:45417: Connection refused (os error 111)
[2m2026-07-05T11:41:10.888946Z[0m [33m WARN[0m [2mpm_bot[0m[2m:[0m découverte gamma: requête Gamma: error sending request for url (https://gamma-api.polymarket.com/events?slug=btc-updown-5m-1783251600): client error (Connect): tunnel error: failed to create underlying connection: tcp connect error: Connection refused (os error 111)
[2m2026-07-05T11:41:15.889948Z[0m [33m WARN[0m [2mpm_bot[0m[2m:[0m découverte gamma: requête Gamma: error sending request for url (https://gamma-api.polymarket.com/events?slug=btc-updown-5m-1783251600): client error (Connect): tunnel error: failed to create underlying connection: tcp connect error: Connection refused (os error 111)
[2m2026-07-05T11:41:20.890769Z[0m [33m WARN[0m [2mpm_bot[0m[2m:[0m découverte gamma: requête Gamma: error sending request for url (https://gamma-api.polymarket.com/events?slug=btc-updown-5m-1783251600): client error (Connect): tunnel error: failed to create underlying connection: tcp connect error: Connection refused (os error 111)
[2m2026-07-05T11:41:25.706621Z[0m [33m WARN[0m [2mpm_acquisition::rtds[0m[2m:[0m RTDS erreur: connexion au proxy 127.0.0.1:45417: Connection refused (os error 111)
[2m2026-07-05T11:41:25.892299Z[0m [33m WARN[0m [2mpm_bot[0m[2m:[0m découverte gamma: requête Gamma: error sending request for url (https://gamma-api.polymarket.com/events?slug=btc-updown-5m-1783251600): client error (Connect): tunnel error: failed to create underlying connection: tcp connect error: Connection refused (os error 111)
[2m2026-07-05T11:41:30.894483Z[0m [33m WARN[0m [2mpm_bot[0m[2m:[0m découverte gamma: requête Gamma: error sending request for url (https://gamma-api.polymarket.com/events?slug=btc-updown-5m-1783251600): client error (Connect): tunnel error: failed to create underlying connection: tcp connect error: Connection refused (os error 111)
[2m2026-07-05T11:41:35.896137Z[0m [33m WARN[0m [2mpm_bot[0m[2m:[0m découverte gamma: requête Gamma: error sending request for url (https://gamma-api.polymarket.com/events?slug=btc-updown-5m-1783251600): client error (Connect): tunnel error: failed to create underlying connection: tcp connect error: Connection refused (os error 111)
[2m2026-07-05T11:41:40.708400Z[0m [33m WARN[0m [2mpm_acquisition::rtds[0m[2m:[0m RTDS erreur: connexion au proxy 127.0.0.1:45417: Connection refused (os error 111)
[2m2026-07-05T11:41:40.897115Z[0m [33m WARN[0m [2mpm_bot[0m[2m:[0m découverte gamma: requête Gamma: error sending request for url (https://gamma-api.polymarket.com/events?slug=btc-updown-5m-1783251600): client error (Connect): tunnel error: failed to create underlying connection: tcp connect error: Connection refused (os error 111)
[2m2026-07-05T11:41:45.898402Z[0m [33m WARN[0m [2mpm_bot[0m[2m:[0m découverte gamma: requête Gamma: error sending request for url (https://gamma-api.polymarket.com/events?slug=btc-updown-5m-1783251600): client error (Connect): tunnel error: failed to create underlying connection: tcp connect error: Connection refused (os error 111)
[2m2026-07-05T11:41:50.900402Z[0m [33m WARN[0m [2mpm_bot[0m[2m:[0m découverte gamma: requête Gamma: error sending request for url (https://gamma-api.polymarket.com/events?slug=btc-updown-5m-1783251600): client error (Connect): tunnel error: failed to create underlying connection: tcp connect error: Connection refused (os error 111)
[2m2026-07-05T11:41:55.709900Z[0m [33m WARN[0m [2mpm_acquisition::rtds[0m[2m:[0m RTDS erreur: connexion au proxy 127.0.0.1:45417: Connection refused (os error 111)
[2m2026-07-05T11:41:55.901783Z[0m [33m WARN[0m [2mpm_bot[0m[2m:[0m découverte gamma: requête Gamma: error sending request for url (https://gamma-api.polymarket.com/events?slug=btc-updown-5m-1783251600): client error (Connect): tunnel error: failed to create underlying connection: tcp connect error: Connection refused (os error 111)
[2m2026-07-05T11:42:00.903166Z[0m [33m WARN[0m [2mpm_bot[0m[2m:[0m découverte gamma: requête Gamma: error sending request for url (https://gamma-api.polymarket.com/events?slug=btc-updown-5m-1783251600): client error (Connect): tunnel error: failed to create underlying connection: tcp connect error: Connection refused (os error 111)
[2m2026-07-05T11:42:05.903660Z[0m [33m WARN[0m [2mpm_bot[0m[2m:[0m découverte gamma: requête Gamma: error sending request for url (https://gamma-api.polymarket.com/events?slug=btc-updown-5m-1783251600): client error (Connect): tunnel error: failed to create underlying connection: tcp connect error: Connection refused (os error 111)
[2m2026-07-05T11:42:10.711181Z[0m [33m WARN[0m [2mpm_acquisition::rtds[0m[2m:[0m RTDS erreur: connexion au proxy 127.0.0.1:45417: Connection refused (os error 111)
[2m2026-07-05T11:42:10.904863Z[0m [33m WARN[0m [2mpm_bot[0m[2m:[0m découverte gamma: requête Gamma: error sending request for url (https://gamma-api.polymarket.com/events?slug=btc-updown-5m-1783251600): client error (Connect): tunnel error: failed to create underlying connection: tcp connect error: Connection refused (os error 111)
[2m2026-07-05T11:42:15.906218Z[0m [33m WARN[0m [2mpm_bot[0m[2m:[0m découverte gamma: requête Gamma: error sending request for url (https://gamma-api.polymarket.com/events?slug=btc-updown-5m-1783251600): client error (Connect): tunnel error: failed to create underlying connection: tcp connect error: Connection refused (os error 111)
[2m2026-07-05T11:42:20.907541Z[0m [33m WARN[0m [2mpm_bot[0m[2m:[0m découverte gamma: requête Gamma: error sending request for url (https://gamma-api.polymarket.com/events?slug=btc-updown-5m-1783251600): client error (Connect): tunnel error: failed to create underlying connection: tcp connect error: Connection refused (os error 111)
[2m2026-07-05T11:42:25.711806Z[0m [33m WARN[0m [2mpm_acquisition::rtds[0m[2m:[0m RTDS erreur: connexion au proxy 127.0.0.1:45417: Connection refused (os error 111)
[2m2026-07-05T11:42:25.909527Z[0m [33m WARN[0m [2mpm_bot[0m[2m:[0m découverte gamma: requête Gamma: error sending request for url (https://gamma-api.polymarket.com/events?slug=btc-updown-5m-1783251600): client error (Connect): tunnel error: failed to create underlying connection: tcp connect error: Connection refused (os error 111)
[2m2026-07-05T11:42:30.911135Z[0m [33m WARN[0m [2mpm_bot[0m[2m:[0m découverte gamma: requête Gamma: error sending request for url (https://gamma-api.polymarket.com/events?slug=btc-updown-5m-1783251600): client error (Connect): tunnel error: failed to create underlying connection: tcp connect error: Connection refused (os error 111)
[2m2026-07-05T11:42:35.912114Z[0m [33m WARN[0m [2mpm_bot[0m[2m:[0m découverte gamma: requête Gamma: error sending request for url (https://gamma-api.polymarket.com/events?slug=btc-updown-5m-1783251600): client error (Connect): tunnel error: failed to create underlying connection: tcp connect error: Connection refused (os error 111)
[2m2026-07-05T11:42:40.712561Z[0m [33m WARN[0m [2mpm_acquisition::rtds[0m[2m:[0m RTDS erreur: connexion au proxy 127.0.0.1:45417: Connection refused (os error 111)
[2m2026-07-05T11:42:40.913225Z[0m [33m WARN[0m [2mpm_bot[0m[2m:[0m découverte gamma: requête Gamma: error sending request for url (https://gamma-api.polymarket.com/events?slug=btc-updown-5m-1783251600): client error (Connect): tunnel error: failed to create underlying connection: tcp connect error: Connection refused (os error 111)
[2m2026-07-05T11:42:45.913773Z[0m [33m WARN[0m [2mpm_bot[0m[2m:[0m découverte gamma: requête Gamma: error sending request for url (https://gamma-api.polymarket.com/events?slug=btc-updown-5m-1783251600): client error (Connect): tunnel error: failed to create underlying connection: tcp connect error: Connection refused (os error 111)
[2m2026-07-05T11:42:50.915240Z[0m [33m WARN[0m [2mpm_bot[0m[2m:[0m découverte gamma: requête Gamma: error sending request for url (https://gamma-api.polymarket.com/events?slug=btc-updown-5m-1783251600): client error (Connect): tunnel error: failed to create underlying connection: tcp connect error: Connection refused (os error 111)
[2m2026-07-05T11:42:55.714314Z[0m [33m WARN[0m [2mpm_acquisition::rtds[0m[2m:[0m RTDS erreur: connexion au proxy 127.0.0.1:45417: Connection refused (os error 111)
[2m2026-07-05T11:42:55.916038Z[0m [33m WARN[0m [2mpm_bot[0m[2m:[0m découverte gamma: requête Gamma: error sending request for url (https://gamma-api.polymarket.com/events?slug=btc-updown-5m-1783251600): client error (Connect): tunnel error: failed to create underlying connection: tcp connect error: Connection refused (os error 111)
[2m2026-07-05T11:43:00.917435Z[0m [33m WARN[0m [2mpm_bot[0m[2m:[0m découverte gamma: requête Gamma: error sending request for url (https://gamma-api.polymarket.com/events?slug=btc-updown-5m-1783251600): client error (Connect): tunnel error: failed to create underlying connection: tcp connect error: Connection refused (os error 111)
[2m2026-07-05T11:43:05.919339Z[0m [33m WARN[0m [2mpm_bot[0m[2m:[0m découverte gamma: requête Gamma: error sending request for url (https://gamma-api.polymarket.com/events?slug=btc-updown-5m-1783251600): client error (Connect): tunnel error: failed to create underlying connection: tcp connect error: Connection refused (os error 111)
[2m2026-07-05T11:43:10.716258Z[0m [33m WARN[0m [2mpm_acquisition::rtds[0m[2m:[0m RTDS erreur: connexion au proxy 127.0.0.1:45417: Connection refused (os error 111)
[2m2026-07-05T11:43:10.920941Z[0m [33m WARN[0m [2mpm_bot[0m[2m:[0m découverte gamma: requête Gamma: error sending request for url (https://gamma-api.polymarket.com/events?slug=btc-updown-5m-1783251600): client error (Connect): tunnel error: failed to create underlying connection: tcp connect error: Connection refused (os error 111)
[2m2026-07-05T11:43:15.922023Z[0m [33m WARN[0m [2mpm_bot[0m[2m:[0m découverte gamma: requête Gamma: error sending request for url (https://gamma-api.polymarket.com/events?slug=btc-updown-5m-1783251600): client error (Connect): tunnel error: failed to create underlying connection: tcp connect error: Connection refused (os error 111)
[2m2026-07-05T11:43:20.923462Z[0m [33m WARN[0m [2mpm_bot[0m[2m:[0m découverte gamma: requête Gamma: error sending request for url (https://gamma-api.polymarket.com/events?slug=btc-updown-5m-1783251600): client error (Connect): tunnel error: failed to create underlying connection: tcp connect error: Connection refused (os error 111)
[2m2026-07-05T11:43:25.717922Z[0m [33m WARN[0m [2mpm_acquisition::rtds[0m[2m:[0m RTDS erreur: connexion au proxy 127.0.0.1:45417: Connection refused (os error 111)
[2m2026-07-05T11:43:25.924749Z[0m [33m WARN[0m [2mpm_bot[0m[2m:[0m découverte gamma: requête Gamma: error sending request for url (https://gamma-api.polymarket.com/events?slug=btc-updown-5m-1783251600): client error (Connect): tunnel error: failed to create underlying connection: tcp connect error: Connection refused (os error 111)
[2m2026-07-05T11:43:30.925751Z[0m [33m WARN[0m [2mpm_bot[0m[2m:[0m découverte gamma: requête Gamma: error sending request for url (https://gamma-api.polymarket.com/events?slug=btc-updown-5m-1783251600): client error (Connect): tunnel error: failed to create underlying connection: tcp connect error: Connection refused (os error 111)
[2m2026-07-05T11:43:35.927344Z[0m [33m WARN[0m [2mpm_bot[0m[2m:[0m découverte gamma: requête Gamma: error sending request for url (https://gamma-api.polymarket.com/events?slug=btc-updown-5m-1783251600): client error (Connect): tunnel error: failed to create underlying connection: tcp connect error: Connection refused (os error 111)
[2m2026-07-05T11:43:40.719071Z[0m [33m WARN[0m [2mpm_acquisition::rtds[0m[2m:[0m RTDS erreur: connexion au proxy 127.0.0.1:45417: Connection refused (os error 111)
[2m2026-07-05T11:43:40.928848Z[0m [33m WARN[0m [2mpm_bot[0m[2m:[0m découverte gamma: requête Gamma: error sending request for url (https://gamma-api.polymarket.com/events?slug=btc-updown-5m-1783251600): client error (Connect): tunnel error: failed to create underlying connection: tcp connect error: Connection refused (os error 111)
[2m2026-07-05T11:43:45.929575Z[0m [33m WARN[0m [2mpm_bot[0m[2m:[0m découverte gamma: requête Gamma: error sending request for url (https://gamma-api.polymarket.com/events?slug=btc-updown-5m-1783251600): client error (Connect): tunnel error: failed to create underlying connection: tcp connect error: Connection refused (os error 111)
[2m2026-07-05T11:43:50.930821Z[0m [33m WARN[0m [2mpm_bot[0m[2m:[0m découverte gamma: requête Gamma: error sending request for url (https://gamma-api.polymarket.com/events?slug=btc-updown-5m-1783251600): client error (Connect): tunnel error: failed to create underlying connection: tcp connect error: Connection refused (os error 111)
[2m2026-07-05T11:43:55.719691Z[0m [33m WARN[0m [2mpm_acquisition::rtds[0m[2m:[0m RTDS erreur: connexion au proxy 127.0.0.1:45417: Connection refused (os error 111)
[2m2026-07-05T11:43:55.932356Z[0m [33m WARN[0m [2mpm_bot[0m[2m:[0m découverte gamma: requête Gamma: error sending request for url (https://gamma-api.polymarket.com/events?slug=btc-updown-5m-1783251600): client error (Connect): tunnel error: failed to create underlying connection: tcp connect error: Connection refused (os error 111)
[2m2026-07-05T11:44:00.933908Z[0m [33m WARN[0m [2mpm_bot[0m[2m:[0m découverte gamma: requête Gamma: error sending request for url (https://gamma-api.polymarket.com/events?slug=btc-updown-5m-1783251600): client error (Connect): tunnel error: failed to create underlying connection: tcp connect error: Connection refused (os error 111)
[2m2026-07-05T11:44:05.934890Z[0m [33m WARN[0m [2mpm_bot[0m[2m:[0m découverte gamma: requête Gamma: error sending request for url (https://gamma-api.polymarket.com/events?slug=btc-updown-5m-1783251600): client error (Connect): tunnel error: failed to create underlying connection: tcp connect error: Connection refused (os error 111)
[2m2026-07-05T11:44:10.720901Z[0m [33m WARN[0m [2mpm_acquisition::rtds[0m[2m:[0m RTDS erreur: connexion au proxy 127.0.0.1:45417: Connection refused (os error 111)
[2m2026-07-05T11:44:10.935636Z[0m [33m WARN[0m [2mpm_bot[0m[2m:[0m découverte gamma: requête Gamma: error sending request for url (https://gamma-api.polymarket.com/events?slug=btc-updown-5m-1783251600): client error (Connect): tunnel error: failed to create underlying connection: tcp connect error: Connection refused (os error 111)
[2m2026-07-05T11:44:15.936898Z[0m [33m WARN[0m [2mpm_bot[0m[2m:[0m découverte gamma: requête Gamma: error sending request for url (https://gamma-api.polymarket.com/events?slug=btc-updown-5m-1783251600): client error (Connect): tunnel error: failed to create underlying connection: tcp connect error: Connection refused (os error 111)
[2m2026-07-05T11:44:20.937918Z[0m [33m WARN[0m [2mpm_bot[0m[2m:[0m découverte gamma: requête Gamma: error sending request for url (https://gamma-api.polymarket.com/events?slug=btc-updown-5m-1783251600): client error (Connect): tunnel error: failed to create underlying connection: tcp connect error: Connection refused (os error 111)
[2m2026-07-05T11:44:25.721531Z[0m [33m WARN[0m [2mpm_acquisition::rtds[0m[2m:[0m RTDS erreur: connexion au proxy 127.0.0.1:45417: Connection refused (os error 111)
[2m2026-07-05T11:44:25.939249Z[0m [33m WARN[0m [2mpm_bot[0m[2m:[0m découverte gamma: requête Gamma: error sending request for url (https://gamma-api.polymarket.com/events?slug=btc-updown-5m-1783251600): client error (Connect): tunnel error: failed to create underlying connection: tcp connect error: Connection refused (os error 111)
[2m2026-07-05T11:44:30.940844Z[0m [33m WARN[0m [2mpm_bot[0m[2m:[0m découverte gamma: requête Gamma: error sending request for url (https://gamma-api.polymarket.com/events?slug=btc-updown-5m-1783251600): client error (Connect): tunnel error: failed to create underlying connection: tcp connect error: Connection refused (os error 111)
[2m2026-07-05T11:44:35.941912Z[0m [33m WARN[0m [2mpm_bot[0m[2m:[0m découverte gamma: requête Gamma: error sending request for url (https://gamma-api.polymarket.com/events?slug=btc-updown-5m-1783251600): client error (Connect): tunnel error: failed to create underlying connection: tcp connect error: Connection refused (os error 111)
[2m2026-07-05T11:44:40.722795Z[0m [33m WARN[0m [2mpm_acquisition::rtds[0m[2m:[0m RTDS erreur: connexion au proxy 127.0.0.1:45417: Connection refused (os error 111)
[2m2026-07-05T11:44:40.943538Z[0m [33m WARN[0m [2mpm_bot[0m[2m:[0m découverte gamma: requête Gamma: error sending request for url (https://gamma-api.polymarket.com/events?slug=btc-updown-5m-1783251600): client error (Connect): tunnel error: failed to create underlying connection: tcp connect error: Connection refused (os error 111)
[2m2026-07-05T11:44:45.945205Z[0m [33m WARN[0m [2mpm_bot[0m[2m:[0m découverte gamma: requête Gamma: error sending request for url (https://gamma-api.polymarket.com/events?slug=btc-updown-5m-1783251600): client error (Connect): tunnel error: failed to create underlying connection: tcp connect error: Connection refused (os error 111)
[2m2026-07-05T11:44:50.946045Z[0m [33m WARN[0m [2mpm_bot[0m[2m:[0m découverte gamma: requête Gamma: error sending request for url (https://gamma-api.polymarket.com/events?slug=btc-updown-5m-1783251600): client error (Connect): tunnel error: failed to create underlying connection: tcp connect error: Connection refused (os error 111)
[2m2026-07-05T11:44:55.724597Z[0m [33m WARN[0m [2mpm_acquisition::rtds[0m[2m:[0m RTDS erreur: connexion au proxy 127.0.0.1:45417: Connection refused (os error 111)
[2m2026-07-05T11:44:55.947431Z[0m [33m WARN[0m [2mpm_bot[0m[2m:[0m découverte gamma: requête Gamma: error sending request for url (https://gamma-api.polymarket.com/events?slug=btc-updown-5m-1783251600): client error (Connect): tunnel error: failed to create underlying connection: tcp connect error: Connection refused (os error 111)
[2m2026-07-05T11:45:00.949050Z[0m [33m WARN[0m [2mpm_bot[0m[2m:[0m découverte gamma: requête Gamma: error sending request for url (https://gamma-api.polymarket.com/events?slug=btc-updown-5m-1783251900): client error (Connect): tunnel error: failed to create underlying connection: tcp connect error: Connection refused (os error 111)
[2m2026-07-05T11:45:05.949980Z[0m [33m WARN[0m [2mpm_bot[0m[2m:[0m découverte gamma: requête Gamma: error sending request for url (https://gamma-api.polymarket.com/events?slug=btc-updown-5m-1783251900): client error (Connect): tunnel error: failed to create underlying connection: tcp connect error: Connection refused (os error 111)
[2m2026-07-05T11:45:10.726431Z[0m [33m WARN[0m [2mpm_acquisition::rtds[0m[2m:[0m RTDS erreur: connexion au proxy 127.0.0.1:45417: Connection refused (os error 111)
[2m2026-07-05T11:45:10.951278Z[0m [33m WARN[0m [2mpm_bot[0m[2m:[0m découverte gamma: requête Gamma: error sending request for url (https://gamma-api.polymarket.com/events?slug=btc-updown-5m-1783251900): client error (Connect): tunnel error: failed to create underlying connection: tcp connect error: Connection refused (os error 111)
[2m2026-07-05T11:45:15.952749Z[0m [33m WARN[0m [2mpm_bot[0m[2m:[0m découverte gamma: requête Gamma: error sending request for url (https://gamma-api.polymarket.com/events?slug=btc-updown-5m-1783251900): client error (Connect): tunnel error: failed to create underlying connection: tcp connect error: Connection refused (os error 111)
[2m2026-07-05T11:45:20.954448Z[0m [33m WARN[0m [2mpm_bot[0m[2m:[0m découverte gamma: requête Gamma: error sending request for url (https://gamma-api.polymarket.com/events?slug=btc-updown-5m-1783251900): client error (Connect): tunnel error: failed to create underlying connection: tcp connect error: Connection refused (os error 111)
[2m2026-07-05T11:45:25.728384Z[0m [33m WARN[0m [2mpm_acquisition::rtds[0m[2m:[0m RTDS erreur: connexion au proxy 127.0.0.1:45417: Connection refused (os error 111)
[2m2026-07-05T11:45:25.956139Z[0m [33m WARN[0m [2mpm_bot[0m[2m:[0m découverte gamma: requête Gamma: error sending request for url (https://gamma-api.polymarket.com/events?slug=btc-updown-5m-1783251900): client error (Connect): tunnel error: failed to create underlying connection: tcp connect error: Connection refused (os error 111)
[2m2026-07-05T11:45:30.957532Z[0m [33m WARN[0m [2mpm_bot[0m[2m:[0m découverte gamma: requête Gamma: error sending request for url (https://gamma-api.polymarket.com/events?slug=btc-updown-5m-1783251900): client error (Connect): tunnel error: failed to create underlying connection: tcp connect error: Connection refused (os error 111)
[2m2026-07-05T11:45:35.959488Z[0m [33m WARN[0m [2mpm_bot[0m[2m:[0m découverte gamma: requête Gamma: error sending request for url (https://gamma-api.polymarket.com/events?slug=btc-updown-5m-1783251900): client error (Connect): tunnel error: failed to create underlying connection: tcp connect error: Connection refused (os error 111)
[2m2026-07-05T11:45:40.730346Z[0m [33m WARN[0m [2mpm_acquisition::rtds[0m[2m:[0m RTDS erreur: connexion au proxy 127.0.0.1:45417: Connection refused (os error 111)
[2m2026-07-05T11:45:40.961205Z[0m [33m WARN[0m [2mpm_bot[0m[2m:[0m découverte gamma: requête Gamma: error sending request for url (https://gamma-api.polymarket.com/events?slug=btc-updown-5m-1783251900): client error (Connect): tunnel error: failed to create underlying connection: tcp connect error: Connection refused (os error 111)
[2m2026-07-05T11:45:45.961948Z[0m [33m WARN[0m [2mpm_bot[0m[2m:[0m découverte gamma: requête Gamma: error sending request for url (https://gamma-api.polymarket.com/events?slug=btc-updown-5m-1783251900): client error (Connect): tunnel error: failed to create underlying connection: tcp connect error: Connection refused (os error 111)
[2m2026-07-05T11:45:50.963504Z[0m [33m WARN[0m [2mpm_bot[0m[2m:[0m découverte gamma: requête Gamma: error sending request for url (https://gamma-api.polymarket.com/events?slug=btc-updown-5m-1783251900): client error (Connect): tunnel error: failed to create underlying connection: tcp connect error: Connection refused (os error 111)
[2m2026-07-05T11:45:55.731809Z[0m [33m WARN[0m [2mpm_acquisition::rtds[0m[2m:[0m RTDS erreur: connexion au proxy 127.0.0.1:45417: Connection refused (os error 111)
[2m2026-07-05T11:45:55.965551Z[0m [33m WARN[0m [2mpm_bot[0m[2m:[0m découverte gamma: requête Gamma: error sending request for url (https://gamma-api.polymarket.com/events?slug=btc-updown-5m-1783251900): client error (Connect): tunnel error: failed to create underlying connection: tcp connect error: Connection refused (os error 111)
[2m2026-07-05T11:46:00.967746Z[0m [33m WARN[0m [2mpm_bot[0m[2m:[0m découverte gamma: requête Gamma: error sending request for url (https://gamma-api.polymarket.com/events?slug=btc-updown-5m-1783251900): client error (Connect): tunnel error: failed to create underlying connection: tcp connect error: Connection refused (os error 111)
[2m2026-07-05T11:46:05.969460Z[0m [33m WARN[0m [2mpm_bot[0m[2m:[0m découverte gamma: requête Gamma: error sending request for url (https://gamma-api.polymarket.com/events?slug=btc-updown-5m-1783251900): client error (Connect): tunnel error: failed to create underlying connection: tcp connect error: Connection refused (os error 111)
[2m2026-07-05T11:46:10.732949Z[0m [33m WARN[0m [2mpm_acquisition::rtds[0m[2m:[0m RTDS erreur: connexion au proxy 127.0.0.1:45417: Connection refused (os error 111)
[2m2026-07-05T11:46:10.970730Z[0m [33m WARN[0m [2mpm_bot[0m[2m:[0m découverte gamma: requête Gamma: error sending request for url (https://gamma-api.polymarket.com/events?slug=btc-updown-5m-1783251900): client error (Connect): tunnel error: failed to create underlying connection: tcp connect error: Connection refused (os error 111)
[2m2026-07-05T11:46:15.971799Z[0m [33m WARN[0m [2mpm_bot[0m[2m:[0m découverte gamma: requête Gamma: error sending request for url (https://gamma-api.polymarket.com/events?slug=btc-updown-5m-1783251900): client error (Connect): tunnel error: failed to create underlying connection: tcp connect error: Connection refused (os error 111)
[2m2026-07-05T11:46:20.973235Z[0m [33m WARN[0m [2mpm_bot[0m[2m:[0m découverte gamma: requête Gamma: error sending request for url (https://gamma-api.polymarket.com/events?slug=btc-updown-5m-1783251900): client error (Connect): tunnel error: failed to create underlying connection: tcp connect error: Connection refused (os error 111)
[2m2026-07-05T11:46:25.733825Z[0m [33m WARN[0m [2mpm_acquisition::rtds[0m[2m:[0m RTDS erreur: connexion au proxy 127.0.0.1:45417: Connection refused (os error 111)
[2m2026-07-05T11:46:25.973806Z[0m [33m WARN[0m [2mpm_bot[0m[2m:[0m découverte gamma: requête Gamma: error sending request for url (https://gamma-api.polymarket.com/events?slug=btc-updown-5m-1783251900): client error (Connect): tunnel error: failed to create underlying connection: tcp connect error: Connection refused (os error 111)
[2m2026-07-05T11:46:30.975527Z[0m [33m WARN[0m [2mpm_bot[0m[2m:[0m découverte gamma: requête Gamma: error sending request for url (https://gamma-api.polymarket.com/events?slug=btc-updown-5m-1783251900): client error (Connect): tunnel error: failed to create underlying connection: tcp connect error: Connection refused (os error 111)
[2m2026-07-05T11:46:35.977110Z[0m [33m WARN[0m [2mpm_bot[0m[2m:[0m découverte gamma: requête Gamma: error sending request for url (https://gamma-api.polymarket.com/events?slug=btc-updown-5m-1783251900): client error (Connect): tunnel error: failed to create underlying connection: tcp connect error: Connection refused (os error 111)
[2m2026-07-05T11:46:40.735089Z[0m [33m WARN[0m [2mpm_acquisition::rtds[0m[2m:[0m RTDS erreur: connexion au proxy 127.0.0.1:45417: Connection refused (os error 111)
[2m2026-07-05T11:46:40.977785Z[0m [33m WARN[0m [2mpm_bot[0m[2m:[0m découverte gamma: requête Gamma: error sending request for url (https://gamma-api.polymarket.com/events?slug=btc-updown-5m-1783251900): client error (Connect): tunnel error: failed to create underlying connection: tcp connect error: Connection refused (os error 111)
[2m2026-07-05T11:46:45.978962Z[0m [33m WARN[0m [2mpm_bot[0m[2m:[0m découverte gamma: requête Gamma: error sending request for url (https://gamma-api.polymarket.com/events?slug=btc-updown-5m-1783251900): client error (Connect): tunnel error: failed to create underlying connection: tcp connect error: Connection refused (os error 111)
[2m2026-07-05T11:46:50.979629Z[0m [33m WARN[0m [2mpm_bot[0m[2m:[0m découverte gamma: requête Gamma: error sending request for url (https://gamma-api.polymarket.com/events?slug=btc-updown-5m-1783251900): client error (Connect): tunnel error: failed to create underlying connection: tcp connect error: Connection refused (os error 111)
[2m2026-07-05T11:46:55.736127Z[0m [33m WARN[0m [2mpm_acquisition::rtds[0m[2m:[0m RTDS erreur: connexion au proxy 127.0.0.1:45417: Connection refused (os error 111)
[2m2026-07-05T11:46:55.981032Z[0m [33m WARN[0m [2mpm_bot[0m[2m:[0m découverte gamma: requête Gamma: error sending request for url (https://gamma-api.polymarket.com/events?slug=btc-updown-5m-1783251900): client error (Connect): tunnel error: failed to create underlying connection: tcp connect error: Connection refused (os error 111)
[2m2026-07-05T11:47:00.982044Z[0m [33m WARN[0m [2mpm_bot[0m[2m:[0m découverte gamma: requête Gamma: error sending request for url (https://gamma-api.polymarket.com/events?slug=btc-updown-5m-1783251900): client error (Connect): tunnel error: failed to create underlying connection: tcp connect error: Connection refused (os error 111)
[2m2026-07-05T11:47:05.982745Z[0m [33m WARN[0m [2mpm_bot[0m[2m:[0m découverte gamma: requête Gamma: error sending request for url (https://gamma-api.polymarket.com/events?slug=btc-updown-5m-1783251900): client error (Connect): tunnel error: failed to create underlying connection: tcp connect error: Connection refused (os error 111)
[2m2026-07-05T11:47:10.736518Z[0m [33m WARN[0m [2mpm_acquisition::rtds[0m[2m:[0m RTDS erreur: connexion au proxy 127.0.0.1:45417: Connection refused (os error 111)
[2m2026-07-05T11:47:10.984362Z[0m [33m WARN[0m [2mpm_bot[0m[2m:[0m découverte gamma: requête Gamma: error sending request for url (https://gamma-api.polymarket.com/events?slug=btc-updown-5m-1783251900): client error (Connect): tunnel error: failed to create underlying connection: tcp connect error: Connection refused (os error 111)
[2m2026-07-05T11:47:15.986276Z[0m [33m WARN[0m [2mpm_bot[0m[2m:[0m découverte gamma: requête Gamma: error sending request for url (https://gamma-api.polymarket.com/events?slug=btc-updown-5m-1783251900): client error (Connect): tunnel error: failed to create underlying connection: tcp connect error: Connection refused (os error 111)
[2m2026-07-05T11:47:20.988131Z[0m [33m WARN[0m [2mpm_bot[0m[2m:[0m découverte gamma: requête Gamma: error sending request for url (https://gamma-api.polymarket.com/events?slug=btc-updown-5m-1783251900): client error (Connect): tunnel error: failed to create underlying connection: tcp connect error: Connection refused (os error 111)
[2m2026-07-05T11:47:25.738152Z[0m [33m WARN[0m [2mpm_acquisition::rtds[0m[2m:[0m RTDS erreur: connexion au proxy 127.0.0.1:45417: Connection refused (os error 111)
[2m2026-07-05T11:47:25.988852Z[0m [33m WARN[0m [2mpm_bot[0m[2m:[0m découverte gamma: requête Gamma: error sending request for url (https://gamma-api.polymarket.com/events?slug=btc-updown-5m-1783251900): client error (Connect): tunnel error: failed to create underlying connection: tcp connect error: Connection refused (os error 111)
[2m2026-07-05T11:47:30.990492Z[0m [33m WARN[0m [2mpm_bot[0m[2m:[0m découverte gamma: requête Gamma: error sending request for url (https://gamma-api.polymarket.com/events?slug=btc-updown-5m-1783251900): client error (Connect): tunnel error: failed to create underlying connection: tcp connect error: Connection refused (os error 111)
[2m2026-07-05T11:47:35.991711Z[0m [33m WARN[0m [2mpm_bot[0m[2m:[0m découverte gamma: requête Gamma: error sending request for url (https://gamma-api.polymarket.com/events?slug=btc-updown-5m-1783251900): client error (Connect): tunnel error: failed to create underlying connection: tcp connect error: Connection refused (os error 111)
[2m2026-07-05T11:47:40.738592Z[0m [33m WARN[0m [2mpm_acquisition::rtds[0m[2m:[0m RTDS erreur: connexion au proxy 127.0.0.1:45417: Connection refused (os error 111)
[2m2026-07-05T11:47:40.993491Z[0m [33m WARN[0m [2mpm_bot[0m[2m:[0m découverte gamma: requête Gamma: error sending request for url (https://gamma-api.polymarket.com/events?slug=btc-updown-5m-1783251900): client error (Connect): tunnel error: failed to create underlying connection: tcp connect error: Connection refused (os error 111)
[2m2026-07-05T11:47:45.995062Z[0m [33m WARN[0m [2mpm_bot[0m[2m:[0m découverte gamma: requête Gamma: error sending request for url (https://gamma-api.polymarket.com/events?slug=btc-updown-5m-1783251900): client error (Connect): tunnel error: failed to create underlying connection: tcp connect error: Connection refused (os error 111)
[2m2026-07-05T11:47:50.996529Z[0m [33m WARN[0m [2mpm_bot[0m[2m:[0m découverte gamma: requête Gamma: error sending request for url (https://gamma-api.polymarket.com/events?slug=btc-updown-5m-1783251900): client error (Connect): tunnel error: failed to create underlying connection: tcp connect error: Connection refused (os error 111)
[2m2026-07-05T11:47:55.739698Z[0m [33m WARN[0m [2mpm_acquisition::rtds[0m[2m:[0m RTDS erreur: connexion au proxy 127.0.0.1:45417: Connection refused (os error 111)
[2m2026-07-05T11:47:55.998431Z[0m [33m WARN[0m [2mpm_bot[0m[2m:[0m découverte gamma: requête Gamma: error sending request for url (https://gamma-api.polymarket.com/events?slug=btc-updown-5m-1783251900): client error (Connect): tunnel error: failed to create underlying connection: tcp connect error: Connection refused (os error 111)
[2m2026-07-05T11:48:00.999996Z[0m [33m WARN[0m [2mpm_bot[0m[2m:[0m découverte gamma: requête Gamma: error sending request for url (https://gamma-api.polymarket.com/events?slug=btc-updown-5m-1783251900): client error (Connect): tunnel error: failed to create underlying connection: tcp connect error: Connection refused (os error 111)
[2m2026-07-05T11:48:06.000878Z[0m [33m WARN[0m [2mpm_bot[0m[2m:[0m découverte gamma: requête Gamma: error sending request for url (https://gamma-api.polymarket.com/events?slug=btc-updown-5m-1783251900): client error (Connect): tunnel error: failed to create underlying connection: tcp connect error: Connection refused (os error 111)
[2m2026-07-05T11:48:10.741119Z[0m [33m WARN[0m [2mpm_acquisition::rtds[0m[2m:[0m RTDS erreur: connexion au proxy 127.0.0.1:45417: Connection refused (os error 111)
[2m2026-07-05T11:48:11.001848Z[0m [33m WARN[0m [2mpm_bot[0m[2m:[0m découverte gamma: requête Gamma: error sending request for url (https://gamma-api.polymarket.com/events?slug=btc-updown-5m-1783251900): client error (Connect): tunnel error: failed to create underlying connection: tcp connect error: Connection refused (os error 111)
[2m2026-07-05T11:48:16.003545Z[0m [33m WARN[0m [2mpm_bot[0m[2m:[0m découverte gamma: requête Gamma: error sending request for url (https://gamma-api.polymarket.com/events?slug=btc-updown-5m-1783251900): client error (Connect): tunnel error: failed to create underlying connection: tcp connect error: Connection refused (os error 111)
[2m2026-07-05T11:48:21.005063Z[0m [33m WARN[0m [2mpm_bot[0m[2m:[0m découverte gamma: requête Gamma: error sending request for url (https://gamma-api.polymarket.com/events?slug=btc-updown-5m-1783251900): client error (Connect): tunnel error: failed to create underlying connection: tcp connect error: Connection refused (os error 111)
[2m2026-07-05T11:48:25.742377Z[0m [33m WARN[0m [2mpm_acquisition::rtds[0m[2m:[0m RTDS erreur: connexion au proxy 127.0.0.1:45417: Connection refused (os error 111)
[2m2026-07-05T11:48:26.006167Z[0m [33m WARN[0m [2mpm_bot[0m[2m:[0m découverte gamma: requête Gamma: error sending request for url (https://gamma-api.polymarket.com/events?slug=btc-updown-5m-1783251900): client error (Connect): tunnel error: failed to create underlying connection: tcp connect error: Connection refused (os error 111)
[2m2026-07-05T11:48:31.006596Z[0m [33m WARN[0m [2mpm_bot[0m[2m:[0m découverte gamma: requête Gamma: error sending request for url (https://gamma-api.polymarket.com/events?slug=btc-updown-5m-1783251900): client error (Connect): tunnel error: failed to create underlying connection: tcp connect error: Connection refused (os error 111)
[2m2026-07-05T11:48:36.008291Z[0m [33m WARN[0m [2mpm_bot[0m[2m:[0m découverte gamma: requête Gamma: error sending request for url (https://gamma-api.polymarket.com/events?slug=btc-updown-5m-1783251900): client error (Connect): tunnel error: failed to create underlying connection: tcp connect error: Connection refused (os error 111)
[2m2026-07-05T11:48:40.743569Z[0m [33m WARN[0m [2mpm_acquisition::rtds[0m[2m:[0m RTDS erreur: connexion au proxy 127.0.0.1:45417: Connection refused (os error 111)
[2m2026-07-05T11:48:41.010303Z[0m [33m WARN[0m [2mpm_bot[0m[2m:[0m découverte gamma: requête Gamma: error sending request for url (https://gamma-api.polymarket.com/events?slug=btc-updown-5m-1783251900): client error (Connect): tunnel error: failed to create underlying connection: tcp connect error: Connection refused (os error 111)
[2m2026-07-05T11:48:46.011785Z[0m [33m WARN[0m [2mpm_bot[0m[2m:[0m découverte gamma: requête Gamma: error sending request for url (https://gamma-api.polymarket.com/events?slug=btc-updown-5m-1783251900): client error (Connect): tunnel error: failed to create underlying connection: tcp connect error: Connection refused (os error 111)
[2m2026-07-05T11:48:51.012717Z[0m [33m WARN[0m [2mpm_bot[0m[2m:[0m découverte gamma: requête Gamma: error sending request for url (https://gamma-api.polymarket.com/events?slug=btc-updown-5m-1783251900): client error (Connect): tunnel error: failed to create underlying connection: tcp connect error: Connection refused (os error 111)
[2m2026-07-05T11:48:55.744763Z[0m [33m WARN[0m [2mpm_acquisition::rtds[0m[2m:[0m RTDS erreur: connexion au proxy 127.0.0.1:45417: Connection refused (os error 111)
[2m2026-07-05T11:48:56.014546Z[0m [33m WARN[0m [2mpm_bot[0m[2m:[0m découverte gamma: requête Gamma: error sending request for url (https://gamma-api.polymarket.com/events?slug=btc-updown-5m-1783251900): client error (Connect): tunnel error: failed to create underlying connection: tcp connect error: Connection refused (os error 111)
[2m2026-07-05T11:49:01.016339Z[0m [33m WARN[0m [2mpm_bot[0m[2m:[0m découverte gamma: requête Gamma: error sending request for url (https://gamma-api.polymarket.com/events?slug=btc-updown-5m-1783251900): client error (Connect): tunnel error: failed to create underlying connection: tcp connect error: Connection refused (os error 111)
[2m2026-07-05T11:49:06.018117Z[0m [33m WARN[0m [2mpm_bot[0m[2m:[0m découverte gamma: requête Gamma: error sending request for url (https://gamma-api.polymarket.com/events?slug=btc-updown-5m-1783251900): client error (Connect): tunnel error: failed to create underlying connection: tcp connect error: Connection refused (os error 111)
[2m2026-07-05T11:49:10.745871Z[0m [33m WARN[0m [2mpm_acquisition::rtds[0m[2m:[0m RTDS erreur: connexion au proxy 127.0.0.1:45417: Connection refused (os error 111)
[2m2026-07-05T11:49:11.018553Z[0m [33m WARN[0m [2mpm_bot[0m[2m:[0m découverte gamma: requête Gamma: error sending request for url (https://gamma-api.polymarket.com/events?slug=btc-updown-5m-1783251900): client error (Connect): tunnel error: failed to create underlying connection: tcp connect error: Connection refused (os error 111)
[2m2026-07-05T11:49:16.020054Z[0m [33m WARN[0m [2mpm_bot[0m[2m:[0m découverte gamma: requête Gamma: error sending request for url (https://gamma-api.polymarket.com/events?slug=btc-updown-5m-1783251900): client error (Connect): tunnel error: failed to create underlying connection: tcp connect error: Connection refused (os error 111)
[2m2026-07-05T11:49:21.021424Z[0m [33m WARN[0m [2mpm_bot[0m[2m:[0m découverte gamma: requête Gamma: error sending request for url (https://gamma-api.polymarket.com/events?slug=btc-updown-5m-1783251900): client error (Connect): tunnel error: failed to create underlying connection: tcp connect error: Connection refused (os error 111)
[2m2026-07-05T11:49:25.746781Z[0m [33m WARN[0m [2mpm_acquisition::rtds[0m[2m:[0m RTDS erreur: connexion au proxy 127.0.0.1:45417: Connection refused (os error 111)
[2m2026-07-05T11:49:26.023533Z[0m [33m WARN[0m [2mpm_bot[0m[2m:[0m découverte gamma: requête Gamma: error sending request for url (https://gamma-api.polymarket.com/events?slug=btc-updown-5m-1783251900): client error (Connect): tunnel error: failed to create underlying connection: tcp connect error: Connection refused (os error 111)
[2m2026-07-05T11:49:31.025294Z[0m [33m WARN[0m [2mpm_bot[0m[2m:[0m découverte gamma: requête Gamma: error sending request for url (https://gamma-api.polymarket.com/events?slug=btc-updown-5m-1783251900): client error (Connect): tunnel error: failed to create underlying connection: tcp connect error: Connection refused (os error 111)
[2m2026-07-05T11:49:36.027283Z[0m [33m WARN[0m [2mpm_bot[0m[2m:[0m découverte gamma: requête Gamma: error sending request for url (https://gamma-api.polymarket.com/events?slug=btc-updown-5m-1783251900): client error (Connect): tunnel error: failed to create underlying connection: tcp connect error: Connection refused (os error 111)
[2m2026-07-05T11:49:40.747618Z[0m [33m WARN[0m [2mpm_acquisition::rtds[0m[2m:[0m RTDS erreur: connexion au proxy 127.0.0.1:45417: Connection refused (os error 111)
[2m2026-07-05T11:49:41.029541Z[0m [33m WARN[0m [2mpm_bot[0m[2m:[0m découverte gamma: requête Gamma: error sending request for url (https://gamma-api.polymarket.com/events?slug=btc-updown-5m-1783251900): client error (Connect): tunnel error: failed to create underlying connection: tcp connect error: Connection refused (os error 111)
[2m2026-07-05T11:49:46.031386Z[0m [33m WARN[0m [2mpm_bot[0m[2m:[0m découverte gamma: requête Gamma: error sending request for url (https://gamma-api.polymarket.com/events?slug=btc-updown-5m-1783251900): client error (Connect): tunnel error: failed to create underlying connection: tcp connect error: Connection refused (os error 111)
[2m2026-07-05T11:49:51.033264Z[0m [33m WARN[0m [2mpm_bot[0m[2m:[0m découverte gamma: requête Gamma: error sending request for url (https://gamma-api.polymarket.com/events?slug=btc-updown-5m-1783251900): client error (Connect): tunnel error: failed to create underlying connection: tcp connect error: Connection refused (os error 111)
[2m2026-07-05T11:49:55.749265Z[0m [33m WARN[0m [2mpm_acquisition::rtds[0m[2m:[0m RTDS erreur: connexion au proxy 127.0.0.1:45417: Connection refused (os error 111)
[2m2026-07-05T11:49:56.035043Z[0m [33m WARN[0m [2mpm_bot[0m[2m:[0m découverte gamma: requête Gamma: error sending request for url (https://gamma-api.polymarket.com/events?slug=btc-updown-5m-1783251900): client error (Connect): tunnel error: failed to create underlying connection: tcp connect error: Connection refused (os error 111)
[2m2026-07-05T11:50:01.036285Z[0m [33m WARN[0m [2mpm_bot[0m[2m:[0m découverte gamma: requête Gamma: error sending request for url (https://gamma-api.polymarket.com/events?slug=btc-updown-5m-1783252200): client error (Connect): tunnel error: failed to create underlying connection: tcp connect error: Connection refused (os error 111)
[2m2026-07-05T11:50:06.037791Z[0m [33m WARN[0m [2mpm_bot[0m[2m:[0m découverte gamma: requête Gamma: error sending request for url (https://gamma-api.polymarket.com/events?slug=btc-updown-5m-1783252200): client error (Connect): tunnel error: failed to create underlying connection: tcp connect error: Connection refused (os error 111)
[2m2026-07-05T11:50:10.750696Z[0m [33m WARN[0m [2mpm_acquisition::rtds[0m[2m:[0m RTDS erreur: connexion au proxy 127.0.0.1:45417: Connection refused (os error 111)
[2m2026-07-05T11:50:11.039349Z[0m [33m WARN[0m [2mpm_bot[0m[2m:[0m découverte gamma: requête Gamma: error sending request for url (https://gamma-api.polymarket.com/events?slug=btc-updown-5m-1783252200): client error (Connect): tunnel error: failed to create underlying connection: tcp connect error: Connection refused (os error 111)
[2m2026-07-05T11:50:16.040856Z[0m [33m WARN[0m [2mpm_bot[0m[2m:[0m découverte gamma: requête Gamma: error sending request for url (https://gamma-api.polymarket.com/events?slug=btc-updown-5m-1783252200): client error (Connect): tunnel error: failed to create underlying connection: tcp connect error: Connection refused (os error 111)
[2m2026-07-05T11:50:21.041685Z[0m [33m WARN[0m [2mpm_bot[0m[2m:[0m découverte gamma: requête Gamma: error sending request for url (https://gamma-api.polymarket.com/events?slug=btc-updown-5m-1783252200): client error (Connect): tunnel error: failed to create underlying connection: tcp connect error: Connection refused (os error 111)
[2m2026-07-05T11:50:25.751783Z[0m [33m WARN[0m [2mpm_acquisition::rtds[0m[2m:[0m RTDS erreur: connexion au proxy 127.0.0.1:45417: Connection refused (os error 111)
[2m2026-07-05T11:50:26.043559Z[0m [33m WARN[0m [2mpm_bot[0m[2m:[0m découverte gamma: requête Gamma: error sending request for url (https://gamma-api.polymarket.com/events?slug=btc-updown-5m-1783252200): client error (Connect): tunnel error: failed to create underlying connection: tcp connect error: Connection refused (os error 111)
[2m2026-07-05T11:50:31.044940Z[0m [33m WARN[0m [2mpm_bot[0m[2m:[0m découverte gamma: requête Gamma: error sending request for url (https://gamma-api.polymarket.com/events?slug=btc-updown-5m-1783252200): client error (Connect): tunnel error: failed to create underlying connection: tcp connect error: Connection refused (os error 111)
[2m2026-07-05T11:50:36.045703Z[0m [33m WARN[0m [2mpm_bot[0m[2m:[0m découverte gamma: requête Gamma: error sending request for url (https://gamma-api.polymarket.com/events?slug=btc-updown-5m-1783252200): client error (Connect): tunnel error: failed to create underlying connection: tcp connect error: Connection refused (os error 111)
[2m2026-07-05T11:50:40.753119Z[0m [33m WARN[0m [2mpm_acquisition::rtds[0m[2m:[0m RTDS erreur: connexion au proxy 127.0.0.1:45417: Connection refused (os error 111)
[2m2026-07-05T11:50:41.046908Z[0m [33m WARN[0m [2mpm_bot[0m[2m:[0m découverte gamma: requête Gamma: error sending request for url (https://gamma-api.polymarket.com/events?slug=btc-updown-5m-1783252200): client error (Connect): tunnel error: failed to create underlying connection: tcp connect error: Connection refused (os error 111)
[2m2026-07-05T11:50:46.047923Z[0m [33m WARN[0m [2mpm_bot[0m[2m:[0m découverte gamma: requête Gamma: error sending request for url (https://gamma-api.polymarket.com/events?slug=btc-updown-5m-1783252200): client error (Connect): tunnel error: failed to create underlying connection: tcp connect error: Connection refused (os error 111)
[2m2026-07-05T11:50:51.048853Z[0m [33m WARN[0m [2mpm_bot[0m[2m:[0m découverte gamma: requête Gamma: error sending request for url (https://gamma-api.polymarket.com/events?slug=btc-updown-5m-1783252200): client error (Connect): tunnel error: failed to create underlying connection: tcp connect error: Connection refused (os error 111)
[2m2026-07-05T11:50:55.754506Z[0m [33m WARN[0m [2mpm_acquisition::rtds[0m[2m:[0m RTDS erreur: connexion au proxy 127.0.0.1:45417: Connection refused (os error 111)
[2m2026-07-05T11:50:56.050392Z[0m [33m WARN[0m [2mpm_bot[0m[2m:[0m découverte gamma: requête Gamma: error sending request for url (https://gamma-api.polymarket.com/events?slug=btc-updown-5m-1783252200): client error (Connect): tunnel error: failed to create underlying connection: tcp connect error: Connection refused (os error 111)
[2m2026-07-05T11:51:01.052014Z[0m [33m WARN[0m [2mpm_bot[0m[2m:[0m découverte gamma: requête Gamma: error sending request for url (https://gamma-api.polymarket.com/events?slug=btc-updown-5m-1783252200): client error (Connect): tunnel error: failed to create underlying connection: tcp connect error: Connection refused (os error 111)
[2m2026-07-05T11:51:06.052759Z[0m [33m WARN[0m [2mpm_bot[0m[2m:[0m découverte gamma: requête Gamma: error sending request for url (https://gamma-api.polymarket.com/events?slug=btc-updown-5m-1783252200): client error (Connect): tunnel error: failed to create underlying connection: tcp connect error: Connection refused (os error 111)
[2m2026-07-05T11:51:10.755667Z[0m [33m WARN[0m [2mpm_acquisition::rtds[0m[2m:[0m RTDS erreur: connexion au proxy 127.0.0.1:45417: Connection refused (os error 111)
[2m2026-07-05T11:51:11.054512Z[0m [33m WARN[0m [2mpm_bot[0m[2m:[0m découverte gamma: requête Gamma: error sending request for url (https://gamma-api.polymarket.com/events?slug=btc-updown-5m-1783252200): client error (Connect): tunnel error: failed to create underlying connection: tcp connect error: Connection refused (os error 111)
[2m2026-07-05T11:51:16.056566Z[0m [33m WARN[0m [2mpm_bot[0m[2m:[0m découverte gamma: requête Gamma: error sending request for url (https://gamma-api.polymarket.com/events?slug=btc-updown-5m-1783252200): client error (Connect): tunnel error: failed to create underlying connection: tcp connect error: Connection refused (os error 111)
[2m2026-07-05T11:51:21.058263Z[0m [33m WARN[0m [2mpm_bot[0m[2m:[0m découverte gamma: requête Gamma: error sending request for url (https://gamma-api.polymarket.com/events?slug=btc-updown-5m-1783252200): client error (Connect): tunnel error: failed to create underlying connection: tcp connect error: Connection refused (os error 111)
[2m2026-07-05T11:51:25.757477Z[0m [33m WARN[0m [2mpm_acquisition::rtds[0m[2m:[0m RTDS erreur: connexion au proxy 127.0.0.1:45417: Connection refused (os error 111)
[2m2026-07-05T11:51:26.060181Z[0m [33m WARN[0m [2mpm_bot[0m[2m:[0m découverte gamma: requête Gamma: error sending request for url (https://gamma-api.polymarket.com/events?slug=btc-updown-5m-1783252200): client error (Connect): tunnel error: failed to create underlying connection: tcp connect error: Connection refused (os error 111)
[2m2026-07-05T11:51:31.060701Z[0m [33m WARN[0m [2mpm_bot[0m[2m:[0m découverte gamma: requête Gamma: error sending request for url (https://gamma-api.polymarket.com/events?slug=btc-updown-5m-1783252200): client error (Connect): tunnel error: failed to create underlying connection: tcp connect error: Connection refused (os error 111)
[2m2026-07-05T11:51:36.062492Z[0m [33m WARN[0m [2mpm_bot[0m[2m:[0m découverte gamma: requête Gamma: error sending request for url (https://gamma-api.polymarket.com/events?slug=btc-updown-5m-1783252200): client error (Connect): tunnel error: failed to create underlying connection: tcp connect error: Connection refused (os error 111)
[2m2026-07-05T11:51:40.758531Z[0m [33m WARN[0m [2mpm_acquisition::rtds[0m[2m:[0m RTDS erreur: connexion au proxy 127.0.0.1:45417: Connection refused (os error 111)
[2m2026-07-05T11:51:41.064309Z[0m [33m WARN[0m [2mpm_bot[0m[2m:[0m découverte gamma: requête Gamma: error sending request for url (https://gamma-api.polymarket.com/events?slug=btc-updown-5m-1783252200): client error (Connect): tunnel error: failed to create underlying connection: tcp connect error: Connection refused (os error 111)
[2m2026-07-05T11:51:46.065919Z[0m [33m WARN[0m [2mpm_bot[0m[2m:[0m découverte gamma: requête Gamma: error sending request for url (https://gamma-api.polymarket.com/events?slug=btc-updown-5m-1783252200): client error (Connect): tunnel error: failed to create underlying connection: tcp connect error: Connection refused (os error 111)
[2m2026-07-05T11:51:51.066987Z[0m [33m WARN[0m [2mpm_bot[0m[2m:[0m découverte gamma: requête Gamma: error sending request for url (https://gamma-api.polymarket.com/events?slug=btc-updown-5m-1783252200): client error (Connect): tunnel error: failed to create underlying connection: tcp connect error: Connection refused (os error 111)
[2m2026-07-05T11:51:55.760220Z[0m [33m WARN[0m [2mpm_acquisition::rtds[0m[2m:[0m RTDS erreur: connexion au proxy 127.0.0.1:45417: Connection refused (os error 111)
[2m2026-07-05T11:51:56.067980Z[0m [33m WARN[0m [2mpm_bot[0m[2m:[0m découverte gamma: requête Gamma: error sending request for url (https://gamma-api.polymarket.com/events?slug=btc-updown-5m-1783252200): client error (Connect): tunnel error: failed to create underlying connection: tcp connect error: Connection refused (os error 111)
[2m2026-07-05T11:52:01.069332Z[0m [33m WARN[0m [2mpm_bot[0m[2m:[0m découverte gamma: requête Gamma: error sending request for url (https://gamma-api.polymarket.com/events?slug=btc-updown-5m-1783252200): client error (Connect): tunnel error: failed to create underlying connection: tcp connect error: Connection refused (os error 111)
[2m2026-07-05T11:52:06.071146Z[0m [33m WARN[0m [2mpm_bot[0m[2m:[0m découverte gamma: requête Gamma: error sending request for url (https://gamma-api.polymarket.com/events?slug=btc-updown-5m-1783252200): client error (Connect): tunnel error: failed to create underlying connection: tcp connect error: Connection refused (os error 111)
[2m2026-07-05T11:52:10.760887Z[0m [33m WARN[0m [2mpm_acquisition::rtds[0m[2m:[0m RTDS erreur: connexion au proxy 127.0.0.1:45417: Connection refused (os error 111)
[2m2026-07-05T11:52:11.071633Z[0m [33m WARN[0m [2mpm_bot[0m[2m:[0m découverte gamma: requête Gamma: error sending request for url (https://gamma-api.polymarket.com/events?slug=btc-updown-5m-1783252200): client error (Connect): tunnel error: failed to create underlying connection: tcp connect error: Connection refused (os error 111)
[2m2026-07-05T11:52:16.072790Z[0m [33m WARN[0m [2mpm_bot[0m[2m:[0m découverte gamma: requête Gamma: error sending request for url (https://gamma-api.polymarket.com/events?slug=btc-updown-5m-1783252200): client error (Connect): tunnel error: failed to create underlying connection: tcp connect error: Connection refused (os error 111)
[2m2026-07-05T11:52:21.074103Z[0m [33m WARN[0m [2mpm_bot[0m[2m:[0m découverte gamma: requête Gamma: error sending request for url (https://gamma-api.polymarket.com/events?slug=btc-updown-5m-1783252200): client error (Connect): tunnel error: failed to create underlying connection: tcp connect error: Connection refused (os error 111)
[2m2026-07-05T11:52:25.762136Z[0m [33m WARN[0m [2mpm_acquisition::rtds[0m[2m:[0m RTDS erreur: connexion au proxy 127.0.0.1:45417: Connection refused (os error 111)
[2m2026-07-05T11:52:26.074921Z[0m [33m WARN[0m [2mpm_bot[0m[2m:[0m découverte gamma: requête Gamma: error sending request for url (https://gamma-api.polymarket.com/events?slug=btc-updown-5m-1783252200): client error (Connect): tunnel error: failed to create underlying connection: tcp connect error: Connection refused (os error 111)
[2m2026-07-05T11:52:31.076367Z[0m [33m WARN[0m [2mpm_bot[0m[2m:[0m découverte gamma: requête Gamma: error sending request for url (https://gamma-api.polymarket.com/events?slug=btc-updown-5m-1783252200): client error (Connect): tunnel error: failed to create underlying connection: tcp connect error: Connection refused (os error 111)
[2m2026-07-05T11:52:36.078052Z[0m [33m WARN[0m [2mpm_bot[0m[2m:[0m découverte gamma: requête Gamma: error sending request for url (https://gamma-api.polymarket.com/events?slug=btc-updown-5m-1783252200): client error (Connect): tunnel error: failed to create underlying connection: tcp connect error: Connection refused (os error 111)
[2m2026-07-05T11:52:40.762522Z[0m [33m WARN[0m [2mpm_acquisition::rtds[0m[2m:[0m RTDS erreur: connexion au proxy 127.0.0.1:45417: Connection refused (os error 111)
[2m2026-07-05T11:52:41.079384Z[0m [33m WARN[0m [2mpm_bot[0m[2m:[0m découverte gamma: requête Gamma: error sending request for url (https://gamma-api.polymarket.com/events?slug=btc-updown-5m-1783252200): client error (Connect): tunnel error: failed to create underlying connection: tcp connect error: Connection refused (os error 111)
[2m2026-07-05T11:52:46.080940Z[0m [33m WARN[0m [2mpm_bot[0m[2m:[0m découverte gamma: requête Gamma: error sending request for url (https://gamma-api.polymarket.com/events?slug=btc-updown-5m-1783252200): client error (Connect): tunnel error: failed to create underlying connection: tcp connect error: Connection refused (os error 111)
[2m2026-07-05T11:52:51.081850Z[0m [33m WARN[0m [2mpm_bot[0m[2m:[0m découverte gamma: requête Gamma: error sending request for url (https://gamma-api.polymarket.com/events?slug=btc-updown-5m-1783252200): client error (Connect): tunnel error: failed to create underlying connection: tcp connect error: Connection refused (os error 111)
[2m2026-07-05T11:52:55.764199Z[0m [33m WARN[0m [2mpm_acquisition::rtds[0m[2m:[0m RTDS erreur: connexion au proxy 127.0.0.1:45417: Connection refused (os error 111)
[2m2026-07-05T11:52:56.083089Z[0m [33m WARN[0m [2mpm_bot[0m[2m:[0m découverte gamma: requête Gamma: error sending request for url (https://gamma-api.polymarket.com/events?slug=btc-updown-5m-1783252200): client error (Connect): tunnel error: failed to create underlying connection: tcp connect error: Connection refused (os error 111)
[2m2026-07-05T11:53:01.083888Z[0m [33m WARN[0m [2mpm_bot[0m[2m:[0m découverte gamma: requête Gamma: error sending request for url (https://gamma-api.polymarket.com/events?slug=btc-updown-5m-1783252200): client error (Connect): tunnel error: failed to create underlying connection: tcp connect error: Connection refused (os error 111)
[2m2026-07-05T11:53:06.084957Z[0m [33m WARN[0m [2mpm_bot[0m[2m:[0m découverte gamma: requête Gamma: error sending request for url (https://gamma-api.polymarket.com/events?slug=btc-updown-5m-1783252200): client error (Connect): tunnel error: failed to create underlying connection: tcp connect error: Connection refused (os error 111)
[2m2026-07-05T11:53:10.764683Z[0m [33m WARN[0m [2mpm_acquisition::rtds[0m[2m:[0m RTDS erreur: connexion au proxy 127.0.0.1:45417: Connection refused (os error 111)
[2m2026-07-05T11:53:11.086515Z[0m [33m WARN[0m [2mpm_bot[0m[2m:[0m découverte gamma: requête Gamma: error sending request for url (https://gamma-api.polymarket.com/events?slug=btc-updown-5m-1783252200): client error (Connect): tunnel error: failed to create underlying connection: tcp connect error: Connection refused (os error 111)
[2m2026-07-05T11:53:16.088578Z[0m [33m WARN[0m [2mpm_bot[0m[2m:[0m découverte gamma: requête Gamma: error sending request for url (https://gamma-api.polymarket.com/events?slug=btc-updown-5m-1783252200): client error (Connect): tunnel error: failed to create underlying connection: tcp connect error: Connection refused (os error 111)
[2m2026-07-05T11:53:21.090159Z[0m [33m WARN[0m [2mpm_bot[0m[2m:[0m découverte gamma: requête Gamma: error sending request for url (https://gamma-api.polymarket.com/events?slug=btc-updown-5m-1783252200): client error (Connect): tunnel error: failed to create underlying connection: tcp connect error: Connection refused (os error 111)
[2m2026-07-05T11:53:25.765793Z[0m [33m WARN[0m [2mpm_acquisition::rtds[0m[2m:[0m RTDS erreur: connexion au proxy 127.0.0.1:45417: Connection refused (os error 111)
[2m2026-07-05T11:53:26.090629Z[0m [33m WARN[0m [2mpm_bot[0m[2m:[0m découverte gamma: requête Gamma: error sending request for url (https://gamma-api.polymarket.com/events?slug=btc-updown-5m-1783252200): client error (Connect): tunnel error: failed to create underlying connection: tcp connect error: Connection refused (os error 111)
[2m2026-07-05T11:53:31.091680Z[0m [33m WARN[0m [2mpm_bot[0m[2m:[0m découverte gamma: requête Gamma: error sending request for url (https://gamma-api.polymarket.com/events?slug=btc-updown-5m-1783252200): client error (Connect): tunnel error: failed to create underlying connection: tcp connect error: Connection refused (os error 111)
[2m2026-07-05T11:53:36.092832Z[0m [33m WARN[0m [2mpm_bot[0m[2m:[0m découverte gamma: requête Gamma: error sending request for url (https://gamma-api.polymarket.com/events?slug=btc-updown-5m-1783252200): client error (Connect): tunnel error: failed to create underlying connection: tcp connect error: Connection refused (os error 111)
[2m2026-07-05T11:53:40.767073Z[0m [33m WARN[0m [2mpm_acquisition::rtds[0m[2m:[0m RTDS erreur: connexion au proxy 127.0.0.1:45417: Connection refused (os error 111)
[2m2026-07-05T11:53:41.093855Z[0m [33m WARN[0m [2mpm_bot[0m[2m:[0m découverte gamma: requête Gamma: error sending request for url (https://gamma-api.polymarket.com/events?slug=btc-updown-5m-1783252200): client error (Connect): tunnel error: failed to create underlying connection: tcp connect error: Connection refused (os error 111)
[2m2026-07-05T11:53:46.094828Z[0m [33m WARN[0m [2mpm_bot[0m[2m:[0m découverte gamma: requête Gamma: error sending request for url (https://gamma-api.polymarket.com/events?slug=btc-updown-5m-1783252200): client error (Connect): tunnel error: failed to create underlying connection: tcp connect error: Connection refused (os error 111)
[2m2026-07-05T11:53:51.096075Z[0m [33m WARN[0m [2mpm_bot[0m[2m:[0m découverte gamma: requête Gamma: error sending request for url (https://gamma-api.polymarket.com/events?slug=btc-updown-5m-1783252200): client error (Connect): tunnel error: failed to create underlying connection: tcp connect error: Connection refused (os error 111)
[2m2026-07-05T11:53:55.767927Z[0m [33m WARN[0m [2mpm_acquisition::rtds[0m[2m:[0m RTDS erreur: connexion au proxy 127.0.0.1:45417: Connection refused (os error 111)
[2m2026-07-05T11:53:56.096837Z[0m [33m WARN[0m [2mpm_bot[0m[2m:[0m découverte gamma: requête Gamma: error sending request for url (https://gamma-api.polymarket.com/events?slug=btc-updown-5m-1783252200): client error (Connect): tunnel error: failed to create underlying connection: tcp connect error: Connection refused (os error 111)
[2m2026-07-05T11:54:01.098066Z[0m [33m WARN[0m [2mpm_bot[0m[2m:[0m découverte gamma: requête Gamma: error sending request for url (https://gamma-api.polymarket.com/events?slug=btc-updown-5m-1783252200): client error (Connect): tunnel error: failed to create underlying connection: tcp connect error: Connection refused (os error 111)
[2m2026-07-05T11:54:06.099200Z[0m [33m WARN[0m [2mpm_bot[0m[2m:[0m découverte gamma: requête Gamma: error sending request for url (https://gamma-api.polymarket.com/events?slug=btc-updown-5m-1783252200): client error (Connect): tunnel error: failed to create underlying connection: tcp connect error: Connection refused (os error 111)
[2m2026-07-05T11:54:10.769100Z[0m [33m WARN[0m [2mpm_acquisition::rtds[0m[2m:[0m RTDS erreur: connexion au proxy 127.0.0.1:45417: Connection refused (os error 111)
[2m2026-07-05T11:54:11.099834Z[0m [33m WARN[0m [2mpm_bot[0m[2m:[0m découverte gamma: requête Gamma: error sending request for url (https://gamma-api.polymarket.com/events?slug=btc-updown-5m-1783252200): client error (Connect): tunnel error: failed to create underlying connection: tcp connect error: Connection refused (os error 111)
[2m2026-07-05T11:54:16.101094Z[0m [33m WARN[0m [2mpm_bot[0m[2m:[0m découverte gamma: requête Gamma: error sending request for url (https://gamma-api.polymarket.com/events?slug=btc-updown-5m-1783252200): client error (Connect): tunnel error: failed to create underlying connection: tcp connect error: Connection refused (os error 111)
[2m2026-07-05T11:54:21.101645Z[0m [33m WARN[0m [2mpm_bot[0m[2m:[0m découverte gamma: requête Gamma: error sending request for url (https://gamma-api.polymarket.com/events?slug=btc-updown-5m-1783252200): client error (Connect): tunnel error: failed to create underlying connection: tcp connect error: Connection refused (os error 111)
[2m2026-07-05T11:54:25.770452Z[0m [33m WARN[0m [2mpm_acquisition::rtds[0m[2m:[0m RTDS erreur: connexion au proxy 127.0.0.1:45417: Connection refused (os error 111)
[2m2026-07-05T11:54:26.103347Z[0m [33m WARN[0m [2mpm_bot[0m[2m:[0m découverte gamma: requête Gamma: error sending request for url (https://gamma-api.polymarket.com/events?slug=btc-updown-5m-1783252200): client error (Connect): tunnel error: failed to create underlying connection: tcp connect error: Connection refused (os error 111)
[2m2026-07-05T11:54:31.105534Z[0m [33m WARN[0m [2mpm_bot[0m[2m:[0m découverte gamma: requête Gamma: error sending request for url (https://gamma-api.polymarket.com/events?slug=btc-updown-5m-1783252200): client error (Connect): tunnel error: failed to create underlying connection: tcp connect error: Connection refused (os error 111)
[2m2026-07-05T11:54:36.106690Z[0m [33m WARN[0m [2mpm_bot[0m[2m:[0m découverte gamma: requête Gamma: error sending request for url (https://gamma-api.polymarket.com/events?slug=btc-updown-5m-1783252200): client error (Connect): tunnel error: failed to create underlying connection: tcp connect error: Connection refused (os error 111)
[2m2026-07-05T11:54:40.772412Z[0m [33m WARN[0m [2mpm_acquisition::rtds[0m[2m:[0m RTDS erreur: connexion au proxy 127.0.0.1:45417: Connection refused (os error 111)
[2m2026-07-05T11:54:41.108374Z[0m [33m WARN[0m [2mpm_bot[0m[2m:[0m découverte gamma: requête Gamma: error sending request for url (https://gamma-api.polymarket.com/events?slug=btc-updown-5m-1783252200): client error (Connect): tunnel error: failed to create underlying connection: tcp connect error: Connection refused (os error 111)
[2m2026-07-05T11:54:46.109680Z[0m [33m WARN[0m [2mpm_bot[0m[2m:[0m découverte gamma: requête Gamma: error sending request for url (https://gamma-api.polymarket.com/events?slug=btc-updown-5m-1783252200): client error (Connect): tunnel error: failed to create underlying connection: tcp connect error: Connection refused (os error 111)
[2m2026-07-05T11:54:51.111065Z[0m [33m WARN[0m [2mpm_bot[0m[2m:[0m découverte gamma: requête Gamma: error sending request for url (https://gamma-api.polymarket.com/events?slug=btc-updown-5m-1783252200): client error (Connect): tunnel error: failed to create underlying connection: tcp connect error: Connection refused (os error 111)
[2m2026-07-05T11:54:55.773629Z[0m [33m WARN[0m [2mpm_acquisition::rtds[0m[2m:[0m RTDS erreur: connexion au proxy 127.0.0.1:45417: Connection refused (os error 111)
[2m2026-07-05T11:54:56.111629Z[0m [33m WARN[0m [2mpm_bot[0m[2m:[0m découverte gamma: requête Gamma: error sending request for url (https://gamma-api.polymarket.com/events?slug=btc-updown-5m-1783252200): client error (Connect): tunnel error: failed to create underlying connection: tcp connect error: Connection refused (os error 111)
[2m2026-07-05T11:55:01.112926Z[0m [33m WARN[0m [2mpm_bot[0m[2m:[0m découverte gamma: requête Gamma: error sending request for url (https://gamma-api.polymarket.com/events?slug=btc-updown-5m-1783252500): client error (Connect): tunnel error: failed to create underlying connection: tcp connect error: Connection refused (os error 111)
[2m2026-07-05T11:55:06.113636Z[0m [33m WARN[0m [2mpm_bot[0m[2m:[0m découverte gamma: requête Gamma: error sending request for url (https://gamma-api.polymarket.com/events?slug=btc-updown-5m-1783252500): client error (Connect): tunnel error: failed to create underlying connection: tcp connect error: Connection refused (os error 111)
[2m2026-07-05T11:55:10.775436Z[0m [33m WARN[0m [2mpm_acquisition::rtds[0m[2m:[0m RTDS erreur: connexion au proxy 127.0.0.1:45417: Connection refused (os error 111)
[2m2026-07-05T11:55:11.115348Z[0m [33m WARN[0m [2mpm_bot[0m[2m:[0m découverte gamma: requête Gamma: error sending request for url (https://gamma-api.polymarket.com/events?slug=btc-updown-5m-1783252500): client error (Connect): tunnel error: failed to create underlying connection: tcp connect error: Connection refused (os error 111)
[2m2026-07-05T11:55:16.117020Z[0m [33m WARN[0m [2mpm_bot[0m[2m:[0m découverte gamma: requête Gamma: error sending request for url (https://gamma-api.polymarket.com/events?slug=btc-updown-5m-1783252500): client error (Connect): tunnel error: failed to create underlying connection: tcp connect error: Connection refused (os error 111)
[2m2026-07-05T11:55:21.117752Z[0m [33m WARN[0m [2mpm_bot[0m[2m:[0m découverte gamma: requête Gamma: error sending request for url (https://gamma-api.polymarket.com/events?slug=btc-updown-5m-1783252500): client error (Connect): tunnel error: failed to create underlying connection: tcp connect error: Connection refused (os error 111)
[2m2026-07-05T11:55:25.777042Z[0m [33m WARN[0m [2mpm_acquisition::rtds[0m[2m:[0m RTDS erreur: connexion au proxy 127.0.0.1:45417: Connection refused (os error 111)
[2m2026-07-05T11:55:26.119134Z[0m [33m WARN[0m [2mpm_bot[0m[2m:[0m découverte gamma: requête Gamma: error sending request for url (https://gamma-api.polymarket.com/events?slug=btc-updown-5m-1783252500): client error (Connect): tunnel error: failed to create underlying connection: tcp connect error: Connection refused (os error 111)
[2m2026-07-05T11:55:31.120143Z[0m [33m WARN[0m [2mpm_bot[0m[2m:[0m découverte gamma: requête Gamma: error sending request for url (https://gamma-api.polymarket.com/events?slug=btc-updown-5m-1783252500): client error (Connect): tunnel error: failed to create underlying connection: tcp connect error: Connection refused (os error 111)
[2m2026-07-05T11:55:36.120631Z[0m [33m WARN[0m [2mpm_bot[0m[2m:[0m découverte gamma: requête Gamma: error sending request for url (https://gamma-api.polymarket.com/events?slug=btc-updown-5m-1783252500): client error (Connect): tunnel error: failed to create underlying connection: tcp connect error: Connection refused (os error 111)
[2m2026-07-05T11:55:40.778115Z[0m [33m WARN[0m [2mpm_acquisition::rtds[0m[2m:[0m RTDS erreur: connexion au proxy 127.0.0.1:45417: Connection refused (os error 111)
[2m2026-07-05T11:55:41.122065Z[0m [33m WARN[0m [2mpm_bot[0m[2m:[0m découverte gamma: requête Gamma: error sending request for url (https://gamma-api.polymarket.com/events?slug=btc-updown-5m-1783252500): client error (Connect): tunnel error: failed to create underlying connection: tcp connect error: Connection refused (os error 111)
[2m2026-07-05T11:55:46.122992Z[0m [33m WARN[0m [2mpm_bot[0m[2m:[0m découverte gamma: requête Gamma: error sending request for url (https://gamma-api.polymarket.com/events?slug=btc-updown-5m-1783252500): client error (Connect): tunnel error: failed to create underlying connection: tcp connect error: Connection refused (os error 111)
[2m2026-07-05T11:55:51.124111Z[0m [33m WARN[0m [2mpm_bot[0m[2m:[0m découverte gamma: requête Gamma: error sending request for url (https://gamma-api.polymarket.com/events?slug=btc-updown-5m-1783252500): client error (Connect): tunnel error: failed to create underlying connection: tcp connect error: Connection refused (os error 111)
[2m2026-07-05T11:55:55.778822Z[0m [33m WARN[0m [2mpm_acquisition::rtds[0m[2m:[0m RTDS erreur: connexion au proxy 127.0.0.1:45417: Connection refused (os error 111)
[2m2026-07-05T11:55:56.124955Z[0m [33m WARN[0m [2mpm_bot[0m[2m:[0m découverte gamma: requête Gamma: error sending request for url (https://gamma-api.polymarket.com/events?slug=btc-updown-5m-1783252500): client error (Connect): tunnel error: failed to create underlying connection: tcp connect error: Connection refused (os error 111)
[2m2026-07-05T11:56:01.126446Z[0m [33m WARN[0m [2mpm_bot[0m[2m:[0m découverte gamma: requête Gamma: error sending request for url (https://gamma-api.polymarket.com/events?slug=btc-updown-5m-1783252500): client error (Connect): tunnel error: failed to create underlying connection: tcp connect error: Connection refused (os error 111)
[2m2026-07-05T11:56:06.128163Z[0m [33m WARN[0m [2mpm_bot[0m[2m:[0m découverte gamma: requête Gamma: error sending request for url (https://gamma-api.polymarket.com/events?slug=btc-updown-5m-1783252500): client error (Connect): tunnel error: failed to create underlying connection: tcp connect error: Connection refused (os error 111)
[2m2026-07-05T11:56:10.780230Z[0m [33m WARN[0m [2mpm_acquisition::rtds[0m[2m:[0m RTDS erreur: connexion au proxy 127.0.0.1:45417: Connection refused (os error 111)
[2m2026-07-05T11:56:11.129257Z[0m [33m WARN[0m [2mpm_bot[0m[2m:[0m découverte gamma: requête Gamma: error sending request for url (https://gamma-api.polymarket.com/events?slug=btc-updown-5m-1783252500): client error (Connect): tunnel error: failed to create underlying connection: tcp connect error: Connection refused (os error 111)
[2m2026-07-05T11:56:16.130783Z[0m [33m WARN[0m [2mpm_bot[0m[2m:[0m découverte gamma: requête Gamma: error sending request for url (https://gamma-api.polymarket.com/events?slug=btc-updown-5m-1783252500): client error (Connect): tunnel error: failed to create underlying connection: tcp connect error: Connection refused (os error 111)
[2m2026-07-05T11:56:21.131840Z[0m [33m WARN[0m [2mpm_bot[0m[2m:[0m découverte gamma: requête Gamma: error sending request for url (https://gamma-api.polymarket.com/events?slug=btc-updown-5m-1783252500): client error (Connect): tunnel error: failed to create underlying connection: tcp connect error: Connection refused (os error 111)
[2m2026-07-05T11:56:25.780740Z[0m [33m WARN[0m [2mpm_acquisition::rtds[0m[2m:[0m RTDS erreur: connexion au proxy 127.0.0.1:45417: Connection refused (os error 111)
[2m2026-07-05T11:56:26.132727Z[0m [33m WARN[0m [2mpm_bot[0m[2m:[0m découverte gamma: requête Gamma: error sending request for url (https://gamma-api.polymarket.com/events?slug=btc-updown-5m-1783252500): client error (Connect): tunnel error: failed to create underlying connection: tcp connect error: Connection refused (os error 111)
[2m2026-07-05T11:56:31.134307Z[0m [33m WARN[0m [2mpm_bot[0m[2m:[0m découverte gamma: requête Gamma: error sending request for url (https://gamma-api.polymarket.com/events?slug=btc-updown-5m-1783252500): client error (Connect): tunnel error: failed to create underlying connection: tcp connect error: Connection refused (os error 111)
[2m2026-07-05T11:56:36.135703Z[0m [33m WARN[0m [2mpm_bot[0m[2m:[0m découverte gamma: requête Gamma: error sending request for url (https://gamma-api.polymarket.com/events?slug=btc-updown-5m-1783252500): client error (Connect): tunnel error: failed to create underlying connection: tcp connect error: Connection refused (os error 111)
[2m2026-07-05T11:56:40.781664Z[0m [33m WARN[0m [2mpm_acquisition::rtds[0m[2m:[0m RTDS erreur: connexion au proxy 127.0.0.1:45417: Connection refused (os error 111)
[2m2026-07-05T11:56:41.136773Z[0m [33m WARN[0m [2mpm_bot[0m[2m:[0m découverte gamma: requête Gamma: error sending request for url (https://gamma-api.polymarket.com/events?slug=btc-updown-5m-1783252500): client error (Connect): tunnel error: failed to create underlying connection: tcp connect error: Connection refused (os error 111)
[2m2026-07-05T11:56:46.138137Z[0m [33m WARN[0m [2mpm_bot[0m[2m:[0m découverte gamma: requête Gamma: error sending request for url (https://gamma-api.polymarket.com/events?slug=btc-updown-5m-1783252500): client error (Connect): tunnel error: failed to create underlying connection: tcp connect error: Connection refused (os error 111)
[2m2026-07-05T11:56:51.139241Z[0m [33m WARN[0m [2mpm_bot[0m[2m:[0m découverte gamma: requête Gamma: error sending request for url (https://gamma-api.polymarket.com/events?slug=btc-updown-5m-1783252500): client error (Connect): tunnel error: failed to create underlying connection: tcp connect error: Connection refused (os error 111)
[2m2026-07-05T11:56:55.782681Z[0m [33m WARN[0m [2mpm_acquisition::rtds[0m[2m:[0m RTDS erreur: connexion au proxy 127.0.0.1:45417: Connection refused (os error 111)
[2m2026-07-05T11:56:56.139685Z[0m [33m WARN[0m [2mpm_bot[0m[2m:[0m découverte gamma: requête Gamma: error sending request for url (https://gamma-api.polymarket.com/events?slug=btc-updown-5m-1783252500): client error (Connect): tunnel error: failed to create underlying connection: tcp connect error: Connection refused (os error 111)
[2m2026-07-05T11:57:01.141330Z[0m [33m WARN[0m [2mpm_bot[0m[2m:[0m découverte gamma: requête Gamma: error sending request for url (https://gamma-api.polymarket.com/events?slug=btc-updown-5m-1783252500): client error (Connect): tunnel error: failed to create underlying connection: tcp connect error: Connection refused (os error 111)
[2m2026-07-05T11:57:06.143612Z[0m [33m WARN[0m [2mpm_bot[0m[2m:[0m découverte gamma: requête Gamma: error sending request for url (https://gamma-api.polymarket.com/events?slug=btc-updown-5m-1783252500): client error (Connect): tunnel error: failed to create underlying connection: tcp connect error: Connection refused (os error 111)
[2m2026-07-05T11:57:10.783700Z[0m [33m WARN[0m [2mpm_acquisition::rtds[0m[2m:[0m RTDS erreur: connexion au proxy 127.0.0.1:45417: Connection refused (os error 111)
[2m2026-07-05T11:57:11.144829Z[0m [33m WARN[0m [2mpm_bot[0m[2m:[0m découverte gamma: requête Gamma: error sending request for url (https://gamma-api.polymarket.com/events?slug=btc-updown-5m-1783252500): client error (Connect): tunnel error: failed to create underlying connection: tcp connect error: Connection refused (os error 111)
[2m2026-07-05T11:57:16.145900Z[0m [33m WARN[0m [2mpm_bot[0m[2m:[0m découverte gamma: requête Gamma: error sending request for url (https://gamma-api.polymarket.com/events?slug=btc-updown-5m-1783252500): client error (Connect): tunnel error: failed to create underlying connection: tcp connect error: Connection refused (os error 111)
[2m2026-07-05T11:57:21.146836Z[0m [33m WARN[0m [2mpm_bot[0m[2m:[0m découverte gamma: requête Gamma: error sending request for url (https://gamma-api.polymarket.com/events?slug=btc-updown-5m-1783252500): client error (Connect): tunnel error: failed to create underlying connection: tcp connect error: Connection refused (os error 111)
[2m2026-07-05T11:57:25.784959Z[0m [33m WARN[0m [2mpm_acquisition::rtds[0m[2m:[0m RTDS erreur: connexion au proxy 127.0.0.1:45417: Connection refused (os error 111)
[2m2026-07-05T11:57:26.148220Z[0m [33m WARN[0m [2mpm_bot[0m[2m:[0m découverte gamma: requête Gamma: error sending request for url (https://gamma-api.polymarket.com/events?slug=btc-updown-5m-1783252500): client error (Connect): tunnel error: failed to create underlying connection: tcp connect error: Connection refused (os error 111)
[2m2026-07-05T11:57:31.149592Z[0m [33m WARN[0m [2mpm_bot[0m[2m:[0m découverte gamma: requête Gamma: error sending request for url (https://gamma-api.polymarket.com/events?slug=btc-updown-5m-1783252500): client error (Connect): tunnel error: failed to create underlying connection: tcp connect error: Connection refused (os error 111)
[2m2026-07-05T11:57:36.151225Z[0m [33m WARN[0m [2mpm_bot[0m[2m:[0m découverte gamma: requête Gamma: error sending request for url (https://gamma-api.polymarket.com/events?slug=btc-updown-5m-1783252500): client error (Connect): tunnel error: failed to create underlying connection: tcp connect error: Connection refused (os error 111)
[2m2026-07-05T11:57:40.785539Z[0m [33m WARN[0m [2mpm_acquisition::rtds[0m[2m:[0m RTDS erreur: connexion au proxy 127.0.0.1:45417: Connection refused (os error 111)
[2m2026-07-05T11:57:41.152588Z[0m [33m WARN[0m [2mpm_bot[0m[2m:[0m découverte gamma: requête Gamma: error sending request for url (https://gamma-api.polymarket.com/events?slug=btc-updown-5m-1783252500): client error (Connect): tunnel error: failed to create underlying connection: tcp connect error: Connection refused (os error 111)
[2m2026-07-05T11:57:46.154425Z[0m [33m WARN[0m [2mpm_bot[0m[2m:[0m découverte gamma: requête Gamma: error sending request for url (https://gamma-api.polymarket.com/events?slug=btc-updown-5m-1783252500): client error (Connect): tunnel error: failed to create underlying connection: tcp connect error: Connection refused (os error 111)
[2m2026-07-05T11:57:51.155695Z[0m [33m WARN[0m [2mpm_bot[0m[2m:[0m découverte gamma: requête Gamma: error sending request for url (https://gamma-api.polymarket.com/events?slug=btc-updown-5m-1783252500): client error (Connect): tunnel error: failed to create underlying connection: tcp connect error: Connection refused (os error 111)
[2m2026-07-05T11:57:55.786767Z[0m [33m WARN[0m [2mpm_acquisition::rtds[0m[2m:[0m RTDS erreur: connexion au proxy 127.0.0.1:45417: Connection refused (os error 111)
[2m2026-07-05T11:57:56.156797Z[0m [33m WARN[0m [2mpm_bot[0m[2m:[0m découverte gamma: requête Gamma: error sending request for url (https://gamma-api.polymarket.com/events?slug=btc-updown-5m-1783252500): client error (Connect): tunnel error: failed to create underlying connection: tcp connect error: Connection refused (os error 111)
[2m2026-07-05T11:58:01.158178Z[0m [33m WARN[0m [2mpm_bot[0m[2m:[0m découverte gamma: requête Gamma: error sending request for url (https://gamma-api.polymarket.com/events?slug=btc-updown-5m-1783252500): client error (Connect): tunnel error: failed to create underlying connection: tcp connect error: Connection refused (os error 111)
[2m2026-07-05T11:58:06.159194Z[0m [33m WARN[0m [2mpm_bot[0m[2m:[0m découverte gamma: requête Gamma: error sending request for url (https://gamma-api.polymarket.com/events?slug=btc-updown-5m-1783252500): client error (Connect): tunnel error: failed to create underlying connection: tcp connect error: Connection refused (os error 111)
[2m2026-07-05T11:58:10.788131Z[0m [33m WARN[0m [2mpm_acquisition::rtds[0m[2m:[0m RTDS erreur: connexion au proxy 127.0.0.1:45417: Connection refused (os error 111)
[2m2026-07-05T11:58:11.160224Z[0m [33m WARN[0m [2mpm_bot[0m[2m:[0m découverte gamma: requête Gamma: error sending request for url (https://gamma-api.polymarket.com/events?slug=btc-updown-5m-1783252500): client error (Connect): tunnel error: failed to create underlying connection: tcp connect error: Connection refused (os error 111)
[2m2026-07-05T11:58:16.161445Z[0m [33m WARN[0m [2mpm_bot[0m[2m:[0m découverte gamma: requête Gamma: error sending request for url (https://gamma-api.polymarket.com/events?slug=btc-updown-5m-1783252500): client error (Connect): tunnel error: failed to create underlying connection: tcp connect error: Connection refused (os error 111)
[2m2026-07-05T11:58:21.162986Z[0m [33m WARN[0m [2mpm_bot[0m[2m:[0m découverte gamma: requête Gamma: error sending request for url (https://gamma-api.polymarket.com/events?slug=btc-updown-5m-1783252500): client error (Connect): tunnel error: failed to create underlying connection: tcp connect error: Connection refused (os error 111)
[2m2026-07-05T11:58:25.788836Z[0m [33m WARN[0m [2mpm_acquisition::rtds[0m[2m:[0m RTDS erreur: connexion au proxy 127.0.0.1:45417: Connection refused (os error 111)
[2m2026-07-05T11:58:26.163912Z[0m [33m WARN[0m [2mpm_bot[0m[2m:[0m découverte gamma: requête Gamma: error sending request for url (https://gamma-api.polymarket.com/events?slug=btc-updown-5m-1783252500): client error (Connect): tunnel error: failed to create underlying connection: tcp connect error: Connection refused (os error 111)
[2m2026-07-05T11:58:31.164646Z[0m [33m WARN[0m [2mpm_bot[0m[2m:[0m découverte gamma: requête Gamma: error sending request for url (https://gamma-api.polymarket.com/events?slug=btc-updown-5m-1783252500): client error (Connect): tunnel error: failed to create underlying connection: tcp connect error: Connection refused (os error 111)
[2m2026-07-05T11:58:36.165883Z[0m [33m WARN[0m [2mpm_bot[0m[2m:[0m découverte gamma: requête Gamma: error sending request for url (https://gamma-api.polymarket.com/events?slug=btc-updown-5m-1783252500): client error (Connect): tunnel error: failed to create underlying connection: tcp connect error: Connection refused (os error 111)
[2m2026-07-05T11:58:40.789762Z[0m [33m WARN[0m [2mpm_acquisition::rtds[0m[2m:[0m RTDS erreur: connexion au proxy 127.0.0.1:45417: Connection refused (os error 111)
[2m2026-07-05T11:58:41.166978Z[0m [33m WARN[0m [2mpm_bot[0m[2m:[0m découverte gamma: requête Gamma: error sending request for url (https://gamma-api.polymarket.com/events?slug=btc-updown-5m-1783252500): client error (Connect): tunnel error: failed to create underlying connection: tcp connect error: Connection refused (os error 111)
[2m2026-07-05T11:58:46.167736Z[0m [33m WARN[0m [2mpm_bot[0m[2m:[0m découverte gamma: requête Gamma: error sending request for url (https://gamma-api.polymarket.com/events?slug=btc-updown-5m-1783252500): client error (Connect): tunnel error: failed to create underlying connection: tcp connect error: Connection refused (os error 111)
[2m2026-07-05T11:58:51.169459Z[0m [33m WARN[0m [2mpm_bot[0m[2m:[0m découverte gamma: requête Gamma: error sending request for url (https://gamma-api.polymarket.com/events?slug=btc-updown-5m-1783252500): client error (Connect): tunnel error: failed to create underlying connection: tcp connect error: Connection refused (os error 111)
[2m2026-07-05T11:58:55.791420Z[0m [33m WARN[0m [2mpm_acquisition::rtds[0m[2m:[0m RTDS erreur: connexion au proxy 127.0.0.1:45417: Connection refused (os error 111)
[2m2026-07-05T11:58:56.171508Z[0m [33m WARN[0m [2mpm_bot[0m[2m:[0m découverte gamma: requête Gamma: error sending request for url (https://gamma-api.polymarket.com/events?slug=btc-updown-5m-1783252500): client error (Connect): tunnel error: failed to create underlying connection: tcp connect error: Connection refused (os error 111)
[2m2026-07-05T11:59:01.173498Z[0m [33m WARN[0m [2mpm_bot[0m[2m:[0m découverte gamma: requête Gamma: error sending request for url (https://gamma-api.polymarket.com/events?slug=btc-updown-5m-1783252500): client error (Connect): tunnel error: failed to create underlying connection: tcp connect error: Connection refused (os error 111)
[2m2026-07-05T11:59:06.174676Z[0m [33m WARN[0m [2mpm_bot[0m[2m:[0m découverte gamma: requête Gamma: error sending request for url (https://gamma-api.polymarket.com/events?slug=btc-updown-5m-1783252500): client error (Connect): tunnel error: failed to create underlying connection: tcp connect error: Connection refused (os error 111)
[2m2026-07-05T11:59:10.793116Z[0m [33m WARN[0m [2mpm_acquisition::rtds[0m[2m:[0m RTDS erreur: connexion au proxy 127.0.0.1:45417: Connection refused (os error 111)
[2m2026-07-05T11:59:11.176236Z[0m [33m WARN[0m [2mpm_bot[0m[2m:[0m découverte gamma: requête Gamma: error sending request for url (https://gamma-api.polymarket.com/events?slug=btc-updown-5m-1783252500): client error (Connect): tunnel error: failed to create underlying connection: tcp connect error: Connection refused (os error 111)
[2m2026-07-05T11:59:16.176823Z[0m [33m WARN[0m [2mpm_bot[0m[2m:[0m découverte gamma: requête Gamma: error sending request for url (https://gamma-api.polymarket.com/events?slug=btc-updown-5m-1783252500): client error (Connect): tunnel error: failed to create underlying connection: tcp connect error: Connection refused (os error 111)
[2m2026-07-05T11:59:21.177905Z[0m [33m WARN[0m [2mpm_bot[0m[2m:[0m découverte gamma: requête Gamma: error sending request for url (https://gamma-api.polymarket.com/events?slug=btc-updown-5m-1783252500): client error (Connect): tunnel error: failed to create underlying connection: tcp connect error: Connection refused (os error 111)
[2m2026-07-05T11:59:25.793857Z[0m [33m WARN[0m [2mpm_acquisition::rtds[0m[2m:[0m RTDS erreur: connexion au proxy 127.0.0.1:45417: Connection refused (os error 111)
[2m2026-07-05T11:59:26.178984Z[0m [33m WARN[0m [2mpm_bot[0m[2m:[0m découverte gamma: requête Gamma: error sending request for url (https://gamma-api.polymarket.com/events?slug=btc-updown-5m-1783252500): client error (Connect): tunnel error: failed to create underlying connection: tcp connect error: Connection refused (os error 111)
[2m2026-07-05T11:59:31.179998Z[0m [33m WARN[0m [2mpm_bot[0m[2m:[0m découverte gamma: requête Gamma: error sending request for url (https://gamma-api.polymarket.com/events?slug=btc-updown-5m-1783252500): client error (Connect): tunnel error: failed to create underlying connection: tcp connect error: Connection refused (os error 111)
[2m2026-07-05T11:59:36.181506Z[0m [33m WARN[0m [2mpm_bot[0m[2m:[0m découverte gamma: requête Gamma: error sending request for url (https://gamma-api.polymarket.com/events?slug=btc-updown-5m-1783252500): client error (Connect): tunnel error: failed to create underlying connection: tcp connect error: Connection refused (os error 111)
[2m2026-07-05T11:59:40.795285Z[0m [33m WARN[0m [2mpm_acquisition::rtds[0m[2m:[0m RTDS erreur: connexion au proxy 127.0.0.1:45417: Connection refused (os error 111)
[2m2026-07-05T11:59:41.183308Z[0m [33m WARN[0m [2mpm_bot[0m[2m:[0m découverte gamma: requête Gamma: error sending request for url (https://gamma-api.polymarket.com/events?slug=btc-updown-5m-1783252500): client error (Connect): tunnel error: failed to create underlying connection: tcp connect error: Connection refused (os error 111)
[2m2026-07-05T11:59:46.184799Z[0m [33m WARN[0m [2mpm_bot[0m[2m:[0m découverte gamma: requête Gamma: error sending request for url (https://gamma-api.polymarket.com/events?slug=btc-updown-5m-1783252500): client error (Connect): tunnel error: failed to create underlying connection: tcp connect error: Connection refused (os error 111)
[2m2026-07-05T11:59:51.185596Z[0m [33m WARN[0m [2mpm_bot[0m[2m:[0m découverte gamma: requête Gamma: error sending request for url (https://gamma-api.polymarket.com/events?slug=btc-updown-5m-1783252500): client error (Connect): tunnel error: failed to create underlying connection: tcp connect error: Connection refused (os error 111)
[2m2026-07-05T11:59:55.797297Z[0m [33m WARN[0m [2mpm_acquisition::rtds[0m[2m:[0m RTDS erreur: connexion au proxy 127.0.0.1:45417: Connection refused (os error 111)
[2m2026-07-05T11:59:56.187411Z[0m [33m WARN[0m [2mpm_bot[0m[2m:[0m découverte gamma: requête Gamma: error sending request for url (https://gamma-api.polymarket.com/events?slug=btc-updown-5m-1783252500): client error (Connect): tunnel error: failed to create underlying connection: tcp connect error: Connection refused (os error 111)
[2m2026-07-05T12:00:01.189024Z[0m [33m WARN[0m [2mpm_bot[0m[2m:[0m découverte gamma: requête Gamma: error sending request for url (https://gamma-api.polymarket.com/events?slug=btc-updown-5m-1783252800): client error (Connect): tunnel error: failed to create underlying connection: tcp connect error: Connection refused (os error 111)
[2m2026-07-05T12:00:06.190031Z[0m [33m WARN[0m [2mpm_bot[0m[2m:[0m découverte gamma: requête Gamma: error sending request for url (https://gamma-api.polymarket.com/events?slug=btc-updown-5m-1783252800): client error (Connect): tunnel error: failed to create underlying connection: tcp connect error: Connection refused (os error 111)
[2m2026-07-05T12:00:10.798658Z[0m [33m WARN[0m [2mpm_acquisition::rtds[0m[2m:[0m RTDS erreur: connexion au proxy 127.0.0.1:45417: Connection refused (os error 111)
[2m2026-07-05T12:00:11.190725Z[0m [33m WARN[0m [2mpm_bot[0m[2m:[0m découverte gamma: requête Gamma: error sending request for url (https://gamma-api.polymarket.com/events?slug=btc-updown-5m-1783252800): client error (Connect): tunnel error: failed to create underlying connection: tcp connect error: Connection refused (os error 111)
[2m2026-07-05T12:00:16.192481Z[0m [33m WARN[0m [2mpm_bot[0m[2m:[0m découverte gamma: requête Gamma: error sending request for url (https://gamma-api.polymarket.com/events?slug=btc-updown-5m-1783252800): client error (Connect): tunnel error: failed to create underlying connection: tcp connect error: Connection refused (os error 111)
[2m2026-07-05T12:00:21.194443Z[0m [33m WARN[0m [2mpm_bot[0m[2m:[0m découverte gamma: requête Gamma: error sending request for url (https://gamma-api.polymarket.com/events?slug=btc-updown-5m-1783252800): client error (Connect): tunnel error: failed to create underlying connection: tcp connect error: Connection refused (os error 111)
[2m2026-07-05T12:00:25.800482Z[0m [33m WARN[0m [2mpm_acquisition::rtds[0m[2m:[0m RTDS erreur: connexion au proxy 127.0.0.1:45417: Connection refused (os error 111)
[2m2026-07-05T12:00:26.195698Z[0m [33m WARN[0m [2mpm_bot[0m[2m:[0m découverte gamma: requête Gamma: error sending request for url (https://gamma-api.polymarket.com/events?slug=btc-updown-5m-1783252800): client error (Connect): tunnel error: failed to create underlying connection: tcp connect error: Connection refused (os error 111)
[2m2026-07-05T12:00:31.197247Z[0m [33m WARN[0m [2mpm_bot[0m[2m:[0m découverte gamma: requête Gamma: error sending request for url (https://gamma-api.polymarket.com/events?slug=btc-updown-5m-1783252800): client error (Connect): tunnel error: failed to create underlying connection: tcp connect error: Connection refused (os error 111)
[2m2026-07-05T12:00:36.198813Z[0m [33m WARN[0m [2mpm_bot[0m[2m:[0m découverte gamma: requête Gamma: error sending request for url (https://gamma-api.polymarket.com/events?slug=btc-updown-5m-1783252800): client error (Connect): tunnel error: failed to create underlying connection: tcp connect error: Connection refused (os error 111)
[2m2026-07-05T12:00:40.802056Z[0m [33m WARN[0m [2mpm_acquisition::rtds[0m[2m:[0m RTDS erreur: connexion au proxy 127.0.0.1:45417: Connection refused (os error 111)
[2m2026-07-05T12:00:41.200308Z[0m [33m WARN[0m [2mpm_bot[0m[2m:[0m découverte gamma: requête Gamma: error sending request for url (https://gamma-api.polymarket.com/events?slug=btc-updown-5m-1783252800): client error (Connect): tunnel error: failed to create underlying connection: tcp connect error: Connection refused (os error 111)
[2m2026-07-05T12:00:46.201732Z[0m [33m WARN[0m [2mpm_bot[0m[2m:[0m découverte gamma: requête Gamma: error sending request for url (https://gamma-api.polymarket.com/events?slug=btc-updown-5m-1783252800): client error (Connect): tunnel error: failed to create underlying connection: tcp connect error: Connection refused (os error 111)
[2m2026-07-05T12:00:51.203453Z[0m [33m WARN[0m [2mpm_bot[0m[2m:[0m découverte gamma: requête Gamma: error sending request for url (https://gamma-api.polymarket.com/events?slug=btc-updown-5m-1783252800): client error (Connect): tunnel error: failed to create underlying connection: tcp connect error: Connection refused (os error 111)
[2m2026-07-05T12:00:55.803046Z[0m [33m WARN[0m [2mpm_acquisition::rtds[0m[2m:[0m RTDS erreur: connexion au proxy 127.0.0.1:45417: Connection refused (os error 111)
[2m2026-07-05T12:00:56.205155Z[0m [33m WARN[0m [2mpm_bot[0m[2m:[0m découverte gamma: requête Gamma: error sending request for url (https://gamma-api.polymarket.com/events?slug=btc-updown-5m-1783252800): client error (Connect): tunnel error: failed to create underlying connection: tcp connect error: Connection refused (os error 111)
[2m2026-07-05T12:01:01.206098Z[0m [33m WARN[0m [2mpm_bot[0m[2m:[0m découverte gamma: requête Gamma: error sending request for url (https://gamma-api.polymarket.com/events?slug=btc-updown-5m-1783252800): client error (Connect): tunnel error: failed to create underlying connection: tcp connect error: Connection refused (os error 111)
[2m2026-07-05T12:01:06.207354Z[0m [33m WARN[0m [2mpm_bot[0m[2m:[0m découverte gamma: requête Gamma: error sending request for url (https://gamma-api.polymarket.com/events?slug=btc-updown-5m-1783252800): client error (Connect): tunnel error: failed to create underlying connection: tcp connect error: Connection refused (os error 111)
[2m2026-07-05T12:01:10.803764Z[0m [33m WARN[0m [2mpm_acquisition::rtds[0m[2m:[0m RTDS erreur: connexion au proxy 127.0.0.1:45417: Connection refused (os error 111)
[2m2026-07-05T12:01:11.208777Z[0m [33m WARN[0m [2mpm_bot[0m[2m:[0m découverte gamma: requête Gamma: error sending request for url (https://gamma-api.polymarket.com/events?slug=btc-updown-5m-1783252800): client error (Connect): tunnel error: failed to create underlying connection: tcp connect error: Connection refused (os error 111)
[2m2026-07-05T12:01:16.210115Z[0m [33m WARN[0m [2mpm_bot[0m[2m:[0m découverte gamma: requête Gamma: error sending request for url (https://gamma-api.polymarket.com/events?slug=btc-updown-5m-1783252800): client error (Connect): tunnel error: failed to create underlying connection: tcp connect error: Connection refused (os error 111)
[2m2026-07-05T12:01:21.211416Z[0m [33m WARN[0m [2mpm_bot[0m[2m:[0m découverte gamma: requête Gamma: error sending request for url (https://gamma-api.polymarket.com/events?slug=btc-updown-5m-1783252800): client error (Connect): tunnel error: failed to create underlying connection: tcp connect error: Connection refused (os error 111)
[2m2026-07-05T12:01:25.805190Z[0m [33m WARN[0m [2mpm_acquisition::rtds[0m[2m:[0m RTDS erreur: connexion au proxy 127.0.0.1:45417: Connection refused (os error 111)
[2m2026-07-05T12:01:26.213187Z[0m [33m WARN[0m [2mpm_bot[0m[2m:[0m découverte gamma: requête Gamma: error sending request for url (https://gamma-api.polymarket.com/events?slug=btc-updown-5m-1783252800): client error (Connect): tunnel error: failed to create underlying connection: tcp connect error: Connection refused (os error 111)
[2m2026-07-05T12:01:31.213613Z[0m [33m WARN[0m [2mpm_bot[0m[2m:[0m découverte gamma: requête Gamma: error sending request for url (https://gamma-api.polymarket.com/events?slug=btc-updown-5m-1783252800): client error (Connect): tunnel error: failed to create underlying connection: tcp connect error: Connection refused (os error 111)
[2m2026-07-05T12:01:36.215054Z[0m [33m WARN[0m [2mpm_bot[0m[2m:[0m découverte gamma: requête Gamma: error sending request for url (https://gamma-api.polymarket.com/events?slug=btc-updown-5m-1783252800): client error (Connect): tunnel error: failed to create underlying connection: tcp connect error: Connection refused (os error 111)
[2m2026-07-05T12:01:40.805661Z[0m [33m WARN[0m [2mpm_acquisition::rtds[0m[2m:[0m RTDS erreur: connexion au proxy 127.0.0.1:45417: Connection refused (os error 111)
[2m2026-07-05T12:01:41.215838Z[0m [33m WARN[0m [2mpm_bot[0m[2m:[0m découverte gamma: requête Gamma: error sending request for url (https://gamma-api.polymarket.com/events?slug=btc-updown-5m-1783252800): client error (Connect): tunnel error: failed to create underlying connection: tcp connect error: Connection refused (os error 111)
[2m2026-07-05T12:01:46.216835Z[0m [33m WARN[0m [2mpm_bot[0m[2m:[0m découverte gamma: requête Gamma: error sending request for url (https://gamma-api.polymarket.com/events?slug=btc-updown-5m-1783252800): client error (Connect): tunnel error: failed to create underlying connection: tcp connect error: Connection refused (os error 111)
[2m2026-07-05T12:01:51.218127Z[0m [33m WARN[0m [2mpm_bot[0m[2m:[0m découverte gamma: requête Gamma: error sending request for url (https://gamma-api.polymarket.com/events?slug=btc-updown-5m-1783252800): client error (Connect): tunnel error: failed to create underlying connection: tcp connect error: Connection refused (os error 111)
[2m2026-07-05T12:01:55.806818Z[0m [33m WARN[0m [2mpm_acquisition::rtds[0m[2m:[0m RTDS erreur: connexion au proxy 127.0.0.1:45417: Connection refused (os error 111)
[2m2026-07-05T12:01:56.218892Z[0m [33m WARN[0m [2mpm_bot[0m[2m:[0m découverte gamma: requête Gamma: error sending request for url (https://gamma-api.polymarket.com/events?slug=btc-updown-5m-1783252800): client error (Connect): tunnel error: failed to create underlying connection: tcp connect error: Connection refused (os error 111)
[2m2026-07-05T12:02:01.220459Z[0m [33m WARN[0m [2mpm_bot[0m[2m:[0m découverte gamma: requête Gamma: error sending request for url (https://gamma-api.polymarket.com/events?slug=btc-updown-5m-1783252800): client error (Connect): tunnel error: failed to create underlying connection: tcp connect error: Connection refused (os error 111)
[2m2026-07-05T12:02:06.221773Z[0m [33m WARN[0m [2mpm_bot[0m[2m:[0m découverte gamma: requête Gamma: error sending request for url (https://gamma-api.polymarket.com/events?slug=btc-updown-5m-1783252800): client error (Connect): tunnel error: failed to create underlying connection: tcp connect error: Connection refused (os error 111)
[2m2026-07-05T12:02:10.807832Z[0m [33m WARN[0m [2mpm_acquisition::rtds[0m[2m:[0m RTDS erreur: connexion au proxy 127.0.0.1:45417: Connection refused (os error 111)
[2m2026-07-05T12:02:11.222911Z[0m [33m WARN[0m [2mpm_bot[0m[2m:[0m découverte gamma: requête Gamma: error sending request for url (https://gamma-api.polymarket.com/events?slug=btc-updown-5m-1783252800): client error (Connect): tunnel error: failed to create underlying connection: tcp connect error: Connection refused (os error 111)
[2m2026-07-05T12:02:16.224575Z[0m [33m WARN[0m [2mpm_bot[0m[2m:[0m découverte gamma: requête Gamma: error sending request for url (https://gamma-api.polymarket.com/events?slug=btc-updown-5m-1783252800): client error (Connect): tunnel error: failed to create underlying connection: tcp connect error: Connection refused (os error 111)
[2m2026-07-05T12:02:21.226205Z[0m [33m WARN[0m [2mpm_bot[0m[2m:[0m découverte gamma: requête Gamma: error sending request for url (https://gamma-api.polymarket.com/events?slug=btc-updown-5m-1783252800): client error (Connect): tunnel error: failed to create underlying connection: tcp connect error: Connection refused (os error 111)
[2m2026-07-05T12:02:25.809375Z[0m [33m WARN[0m [2mpm_acquisition::rtds[0m[2m:[0m RTDS erreur: connexion au proxy 127.0.0.1:45417: Connection refused (os error 111)
[2m2026-07-05T12:02:26.227582Z[0m [33m WARN[0m [2mpm_bot[0m[2m:[0m découverte gamma: requête Gamma: error sending request for url (https://gamma-api.polymarket.com/events?slug=btc-updown-5m-1783252800): client error (Connect): tunnel error: failed to create underlying connection: tcp connect error: Connection refused (os error 111)
[2m2026-07-05T12:02:31.229403Z[0m [33m WARN[0m [2mpm_bot[0m[2m:[0m découverte gamma: requête Gamma: error sending request for url (https://gamma-api.polymarket.com/events?slug=btc-updown-5m-1783252800): client error (Connect): tunnel error: failed to create underlying connection: tcp connect error: Connection refused (os error 111)
[2m2026-07-05T12:02:36.231025Z[0m [33m WARN[0m [2mpm_bot[0m[2m:[0m découverte gamma: requête Gamma: error sending request for url (https://gamma-api.polymarket.com/events?slug=btc-updown-5m-1783252800): client error (Connect): tunnel error: failed to create underlying connection: tcp connect error: Connection refused (os error 111)
[2m2026-07-05T12:02:40.810905Z[0m [33m WARN[0m [2mpm_acquisition::rtds[0m[2m:[0m RTDS erreur: connexion au proxy 127.0.0.1:45417: Connection refused (os error 111)
[2m2026-07-05T12:02:41.231909Z[0m [33m WARN[0m [2mpm_bot[0m[2m:[0m découverte gamma: requête Gamma: error sending request for url (https://gamma-api.polymarket.com/events?slug=btc-updown-5m-1783252800): client error (Connect): tunnel error: failed to create underlying connection: tcp connect error: Connection refused (os error 111)
[2m2026-07-05T12:02:46.233269Z[0m [33m WARN[0m [2mpm_bot[0m[2m:[0m découverte gamma: requête Gamma: error sending request for url (https://gamma-api.polymarket.com/events?slug=btc-updown-5m-1783252800): client error (Connect): tunnel error: failed to create underlying connection: tcp connect error: Connection refused (os error 111)
[2m2026-07-05T12:02:51.234768Z[0m [33m WARN[0m [2mpm_bot[0m[2m:[0m découverte gamma: requête Gamma: error sending request for url (https://gamma-api.polymarket.com/events?slug=btc-updown-5m-1783252800): client error (Connect): tunnel error: failed to create underlying connection: tcp connect error: Connection refused (os error 111)
[2m2026-07-05T12:02:55.812273Z[0m [33m WARN[0m [2mpm_acquisition::rtds[0m[2m:[0m RTDS erreur: connexion au proxy 127.0.0.1:45417: Connection refused (os error 111)
[2m2026-07-05T12:02:56.236515Z[0m [33m WARN[0m [2mpm_bot[0m[2m:[0m découverte gamma: requête Gamma: error sending request for url (https://gamma-api.polymarket.com/events?slug=btc-updown-5m-1783252800): client error (Connect): tunnel error: failed to create underlying connection: tcp connect error: Connection refused (os error 111)
[2m2026-07-05T12:03:01.238466Z[0m [33m WARN[0m [2mpm_bot[0m[2m:[0m découverte gamma: requête Gamma: error sending request for url (https://gamma-api.polymarket.com/events?slug=btc-updown-5m-1783252800): client error (Connect): tunnel error: failed to create underlying connection: tcp connect error: Connection refused (os error 111)
[2m2026-07-05T12:03:06.239860Z[0m [33m WARN[0m [2mpm_bot[0m[2m:[0m découverte gamma: requête Gamma: error sending request for url (https://gamma-api.polymarket.com/events?slug=btc-updown-5m-1783252800): client error (Connect): tunnel error: failed to create underlying connection: tcp connect error: Connection refused (os error 111)
[2m2026-07-05T12:03:10.813758Z[0m [33m WARN[0m [2mpm_acquisition::rtds[0m[2m:[0m RTDS erreur: connexion au proxy 127.0.0.1:45417: Connection refused (os error 111)
[2m2026-07-05T12:03:11.240817Z[0m [33m WARN[0m [2mpm_bot[0m[2m:[0m découverte gamma: requête Gamma: error sending request for url (https://gamma-api.polymarket.com/events?slug=btc-updown-5m-1783252800): client error (Connect): tunnel error: failed to create underlying connection: tcp connect error: Connection refused (os error 111)
[2m2026-07-05T12:03:16.241667Z[0m [33m WARN[0m [2mpm_bot[0m[2m:[0m découverte gamma: requête Gamma: error sending request for url (https://gamma-api.polymarket.com/events?slug=btc-updown-5m-1783252800): client error (Connect): tunnel error: failed to create underlying connection: tcp connect error: Connection refused (os error 111)
[2m2026-07-05T12:03:21.243218Z[0m [33m WARN[0m [2mpm_bot[0m[2m:[0m découverte gamma: requête Gamma: error sending request for url (https://gamma-api.polymarket.com/events?slug=btc-updown-5m-1783252800): client error (Connect): tunnel error: failed to create underlying connection: tcp connect error: Connection refused (os error 111)
[2m2026-07-05T12:03:25.815119Z[0m [33m WARN[0m [2mpm_acquisition::rtds[0m[2m:[0m RTDS erreur: connexion au proxy 127.0.0.1:45417: Connection refused (os error 111)
[2m2026-07-05T12:03:26.244110Z[0m [33m WARN[0m [2mpm_bot[0m[2m:[0m découverte gamma: requête Gamma: error sending request for url (https://gamma-api.polymarket.com/events?slug=btc-updown-5m-1783252800): client error (Connect): tunnel error: failed to create underlying connection: tcp connect error: Connection refused (os error 111)
[2m2026-07-05T12:03:31.244805Z[0m [33m WARN[0m [2mpm_bot[0m[2m:[0m découverte gamma: requête Gamma: error sending request for url (https://gamma-api.polymarket.com/events?slug=btc-updown-5m-1783252800): client error (Connect): tunnel error: failed to create underlying connection: tcp connect error: Connection refused (os error 111)
[2m2026-07-05T12:03:36.246117Z[0m [33m WARN[0m [2mpm_bot[0m[2m:[0m découverte gamma: requête Gamma: error sending request for url (https://gamma-api.polymarket.com/events?slug=btc-updown-5m-1783252800): client error (Connect): tunnel error: failed to create underlying connection: tcp connect error: Connection refused (os error 111)
[2m2026-07-05T12:03:40.815878Z[0m [33m WARN[0m [2mpm_acquisition::rtds[0m[2m:[0m RTDS erreur: connexion au proxy 127.0.0.1:45417: Connection refused (os error 111)
[2m2026-07-05T12:03:41.247020Z[0m [33m WARN[0m [2mpm_bot[0m[2m:[0m découverte gamma: requête Gamma: error sending request for url (https://gamma-api.polymarket.com/events?slug=btc-updown-5m-1783252800): client error (Connect): tunnel error: failed to create underlying connection: tcp connect error: Connection refused (os error 111)
[2m2026-07-05T12:03:46.248037Z[0m [33m WARN[0m [2mpm_bot[0m[2m:[0m découverte gamma: requête Gamma: error sending request for url (https://gamma-api.polymarket.com/events?slug=btc-updown-5m-1783252800): client error (Connect): tunnel error: failed to create underlying connection: tcp connect error: Connection refused (os error 111)
[2m2026-07-05T12:03:51.248677Z[0m [33m WARN[0m [2mpm_bot[0m[2m:[0m découverte gamma: requête Gamma: error sending request for url (https://gamma-api.polymarket.com/events?slug=btc-updown-5m-1783252800): client error (Connect): tunnel error: failed to create underlying connection: tcp connect error: Connection refused (os error 111)
[2m2026-07-05T12:03:55.816720Z[0m [33m WARN[0m [2mpm_acquisition::rtds[0m[2m:[0m RTDS erreur: connexion au proxy 127.0.0.1:45417: Connection refused (os error 111)
[2m2026-07-05T12:03:56.249823Z[0m [33m WARN[0m [2mpm_bot[0m[2m:[0m découverte gamma: requête Gamma: error sending request for url (https://gamma-api.polymarket.com/events?slug=btc-updown-5m-1783252800): client error (Connect): tunnel error: failed to create underlying connection: tcp connect error: Connection refused (os error 111)
[2m2026-07-05T12:04:01.251018Z[0m [33m WARN[0m [2mpm_bot[0m[2m:[0m découverte gamma: requête Gamma: error sending request for url (https://gamma-api.polymarket.com/events?slug=btc-updown-5m-1783252800): client error (Connect): tunnel error: failed to create underlying connection: tcp connect error: Connection refused (os error 111)
[2m2026-07-05T12:04:06.252166Z[0m [33m WARN[0m [2mpm_bot[0m[2m:[0m découverte gamma: requête Gamma: error sending request for url (https://gamma-api.polymarket.com/events?slug=btc-updown-5m-1783252800): client error (Connect): tunnel error: failed to create underlying connection: tcp connect error: Connection refused (os error 111)
[2m2026-07-05T12:04:10.817905Z[0m [33m WARN[0m [2mpm_acquisition::rtds[0m[2m:[0m RTDS erreur: connexion au proxy 127.0.0.1:45417: Connection refused (os error 111)
[2m2026-07-05T12:04:11.252911Z[0m [33m WARN[0m [2mpm_bot[0m[2m:[0m découverte gamma: requête Gamma: error sending request for url (https://gamma-api.polymarket.com/events?slug=btc-updown-5m-1783252800): client error (Connect): tunnel error: failed to create underlying connection: tcp connect error: Connection refused (os error 111)
[2m2026-07-05T12:04:16.253977Z[0m [33m WARN[0m [2mpm_bot[0m[2m:[0m découverte gamma: requête Gamma: error sending request for url (https://gamma-api.polymarket.com/events?slug=btc-updown-5m-1783252800): client error (Connect): tunnel error: failed to create underlying connection: tcp connect error: Connection refused (os error 111)
[2m2026-07-05T12:04:21.255348Z[0m [33m WARN[0m [2mpm_bot[0m[2m:[0m découverte gamma: requête Gamma: error sending request for url (https://gamma-api.polymarket.com/events?slug=btc-updown-5m-1783252800): client error (Connect): tunnel error: failed to create underlying connection: tcp connect error: Connection refused (os error 111)
[2m2026-07-05T12:04:25.819216Z[0m [33m WARN[0m [2mpm_acquisition::rtds[0m[2m:[0m RTDS erreur: connexion au proxy 127.0.0.1:45417: Connection refused (os error 111)
[2m2026-07-05T12:04:26.257384Z[0m [33m WARN[0m [2mpm_bot[0m[2m:[0m découverte gamma: requête Gamma: error sending request for url (https://gamma-api.polymarket.com/events?slug=btc-updown-5m-1783252800): client error (Connect): tunnel error: failed to create underlying connection: tcp connect error: Connection refused (os error 111)
[2m2026-07-05T12:04:31.258641Z[0m [33m WARN[0m [2mpm_bot[0m[2m:[0m découverte gamma: requête Gamma: error sending request for url (https://gamma-api.polymarket.com/events?slug=btc-updown-5m-1783252800): client error (Connect): tunnel error: failed to create underlying connection: tcp connect error: Connection refused (os error 111)
[2m2026-07-05T12:04:36.259945Z[0m [33m WARN[0m [2mpm_bot[0m[2m:[0m découverte gamma: requête Gamma: error sending request for url (https://gamma-api.polymarket.com/events?slug=btc-updown-5m-1783252800): client error (Connect): tunnel error: failed to create underlying connection: tcp connect error: Connection refused (os error 111)
[2m2026-07-05T12:04:40.820432Z[0m [33m WARN[0m [2mpm_acquisition::rtds[0m[2m:[0m RTDS erreur: connexion au proxy 127.0.0.1:45417: Connection refused (os error 111)
[2m2026-07-05T12:04:41.260691Z[0m [33m WARN[0m [2mpm_bot[0m[2m:[0m découverte gamma: requête Gamma: error sending request for url (https://gamma-api.polymarket.com/events?slug=btc-updown-5m-1783252800): client error (Connect): tunnel error: failed to create underlying connection: tcp connect error: Connection refused (os error 111)
[2m2026-07-05T12:04:46.261728Z[0m [33m WARN[0m [2mpm_bot[0m[2m:[0m découverte gamma: requête Gamma: error sending request for url (https://gamma-api.polymarket.com/events?slug=btc-updown-5m-1783252800): client error (Connect): tunnel error: failed to create underlying connection: tcp connect error: Connection refused (os error 111)
[2m2026-07-05T12:04:51.262664Z[0m [33m WARN[0m [2mpm_bot[0m[2m:[0m découverte gamma: requête Gamma: error sending request for url (https://gamma-api.polymarket.com/events?slug=btc-updown-5m-1783252800): client error (Connect): tunnel error: failed to create underlying connection: tcp connect error: Connection refused (os error 111)
[2m2026-07-05T12:04:55.821735Z[0m [33m WARN[0m [2mpm_acquisition::rtds[0m[2m:[0m RTDS erreur: connexion au proxy 127.0.0.1:45417: Connection refused (os error 111)
[2m2026-07-05T12:04:56.264042Z[0m [33m WARN[0m [2mpm_bot[0m[2m:[0m découverte gamma: requête Gamma: error sending request for url (https://gamma-api.polymarket.com/events?slug=btc-updown-5m-1783252800): client error (Connect): tunnel error: failed to create underlying connection: tcp connect error: Connection refused (os error 111)
[2m2026-07-05T12:05:01.265375Z[0m [33m WARN[0m [2mpm_bot[0m[2m:[0m découverte gamma: requête Gamma: error sending request for url (https://gamma-api.polymarket.com/events?slug=btc-updown-5m-1783253100): client error (Connect): tunnel error: failed to create underlying connection: tcp connect error: Connection refused (os error 111)
[2m2026-07-05T12:05:06.267421Z[0m [33m WARN[0m [2mpm_bot[0m[2m:[0m découverte gamma: requête Gamma: error sending request for url (https://gamma-api.polymarket.com/events?slug=btc-updown-5m-1783253100): client error (Connect): tunnel error: failed to create underlying connection: tcp connect error: Connection refused (os error 111)
[2m2026-07-05T12:05:10.823012Z[0m [33m WARN[0m [2mpm_acquisition::rtds[0m[2m:[0m RTDS erreur: connexion au proxy 127.0.0.1:45417: Connection refused (os error 111)
[2m2026-07-05T12:05:11.269234Z[0m [33m WARN[0m [2mpm_bot[0m[2m:[0m découverte gamma: requête Gamma: error sending request for url (https://gamma-api.polymarket.com/events?slug=btc-updown-5m-1783253100): client error (Connect): tunnel error: failed to create underlying connection: tcp connect error: Connection refused (os error 111)
[2m2026-07-05T12:05:16.271459Z[0m [33m WARN[0m [2mpm_bot[0m[2m:[0m découverte gamma: requête Gamma: error sending request for url (https://gamma-api.polymarket.com/events?slug=btc-updown-5m-1783253100): client error (Connect): tunnel error: failed to create underlying connection: tcp connect error: Connection refused (os error 111)
[2m2026-07-05T12:05:21.273056Z[0m [33m WARN[0m [2mpm_bot[0m[2m:[0m découverte gamma: requête Gamma: error sending request for url (https://gamma-api.polymarket.com/events?slug=btc-updown-5m-1783253100): client error (Connect): tunnel error: failed to create underlying connection: tcp connect error: Connection refused (os error 111)
[2m2026-07-05T12:05:25.823975Z[0m [33m WARN[0m [2mpm_acquisition::rtds[0m[2m:[0m RTDS erreur: connexion au proxy 127.0.0.1:45417: Connection refused (os error 111)
[2m2026-07-05T12:05:26.273935Z[0m [33m WARN[0m [2mpm_bot[0m[2m:[0m découverte gamma: requête Gamma: error sending request for url (https://gamma-api.polymarket.com/events?slug=btc-updown-5m-1783253100): client error (Connect): tunnel error: failed to create underlying connection: tcp connect error: Connection refused (os error 111)
[2m2026-07-05T12:05:31.274996Z[0m [33m WARN[0m [2mpm_bot[0m[2m:[0m découverte gamma: requête Gamma: error sending request for url (https://gamma-api.polymarket.com/events?slug=btc-updown-5m-1783253100): client error (Connect): tunnel error: failed to create underlying connection: tcp connect error: Connection refused (os error 111)
[2m2026-07-05T12:05:36.276392Z[0m [33m WARN[0m [2mpm_bot[0m[2m:[0m découverte gamma: requête Gamma: error sending request for url (https://gamma-api.polymarket.com/events?slug=btc-updown-5m-1783253100): client error (Connect): tunnel error: failed to create underlying connection: tcp connect error: Connection refused (os error 111)
[2m2026-07-05T12:05:40.824795Z[0m [33m WARN[0m [2mpm_acquisition::rtds[0m[2m:[0m RTDS erreur: connexion au proxy 127.0.0.1:45417: Connection refused (os error 111)
[2m2026-07-05T12:05:41.277980Z[0m [33m WARN[0m [2mpm_bot[0m[2m:[0m découverte gamma: requête Gamma: error sending request for url (https://gamma-api.polymarket.com/events?slug=btc-updown-5m-1783253100): client error (Connect): tunnel error: failed to create underlying connection: tcp connect error: Connection refused (os error 111)
[2m2026-07-05T12:05:46.279020Z[0m [33m WARN[0m [2mpm_bot[0m[2m:[0m découverte gamma: requête Gamma: error sending request for url (https://gamma-api.polymarket.com/events?slug=btc-updown-5m-1783253100): client error (Connect): tunnel error: failed to create underlying connection: tcp connect error: Connection refused (os error 111)
[2m2026-07-05T12:05:51.280318Z[0m [33m WARN[0m [2mpm_bot[0m[2m:[0m découverte gamma: requête Gamma: error sending request for url (https://gamma-api.polymarket.com/events?slug=btc-updown-5m-1783253100): client error (Connect): tunnel error: failed to create underlying connection: tcp connect error: Connection refused (os error 111)
[2m2026-07-05T12:05:55.825825Z[0m [33m WARN[0m [2mpm_acquisition::rtds[0m[2m:[0m RTDS erreur: connexion au proxy 127.0.0.1:45417: Connection refused (os error 111)
[2m2026-07-05T12:05:56.281992Z[0m [33m WARN[0m [2mpm_bot[0m[2m:[0m découverte gamma: requête Gamma: error sending request for url (https://gamma-api.polymarket.com/events?slug=btc-updown-5m-1783253100): client error (Connect): tunnel error: failed to create underlying connection: tcp connect error: Connection refused (os error 111)
[2m2026-07-05T12:06:01.282983Z[0m [33m WARN[0m [2mpm_bot[0m[2m:[0m découverte gamma: requête Gamma: error sending request for url (https://gamma-api.polymarket.com/events?slug=btc-updown-5m-1783253100): client error (Connect): tunnel error: failed to create underlying connection: tcp connect error: Connection refused (os error 111)
[2m2026-07-05T12:06:06.283770Z[0m [33m WARN[0m [2mpm_bot[0m[2m:[0m découverte gamma: requête Gamma: error sending request for url (https://gamma-api.polymarket.com/events?slug=btc-updown-5m-1783253100): client error (Connect): tunnel error: failed to create underlying connection: tcp connect error: Connection refused (os error 111)
[2m2026-07-05T12:06:10.826821Z[0m [33m WARN[0m [2mpm_acquisition::rtds[0m[2m:[0m RTDS erreur: connexion au proxy 127.0.0.1:45417: Connection refused (os error 111)
[2m2026-07-05T12:06:11.285020Z[0m [33m WARN[0m [2mpm_bot[0m[2m:[0m découverte gamma: requête Gamma: error sending request for url (https://gamma-api.polymarket.com/events?slug=btc-updown-5m-1783253100): client error (Connect): tunnel error: failed to create underlying connection: tcp connect error: Connection refused (os error 111)
[2m2026-07-05T12:06:16.286184Z[0m [33m WARN[0m [2mpm_bot[0m[2m:[0m découverte gamma: requête Gamma: error sending request for url (https://gamma-api.polymarket.com/events?slug=btc-updown-5m-1783253100): client error (Connect): tunnel error: failed to create underlying connection: tcp connect error: Connection refused (os error 111)
[2m2026-07-05T12:06:21.287430Z[0m [33m WARN[0m [2mpm_bot[0m[2m:[0m découverte gamma: requête Gamma: error sending request for url (https://gamma-api.polymarket.com/events?slug=btc-updown-5m-1783253100): client error (Connect): tunnel error: failed to create underlying connection: tcp connect error: Connection refused (os error 111)
[2m2026-07-05T12:06:25.827830Z[0m [33m WARN[0m [2mpm_acquisition::rtds[0m[2m:[0m RTDS erreur: connexion au proxy 127.0.0.1:45417: Connection refused (os error 111)
[2m2026-07-05T12:06:26.289121Z[0m [33m WARN[0m [2mpm_bot[0m[2m:[0m découverte gamma: requête Gamma: error sending request for url (https://gamma-api.polymarket.com/events?slug=btc-updown-5m-1783253100): client error (Connect): tunnel error: failed to create underlying connection: tcp connect error: Connection refused (os error 111)
[2m2026-07-05T12:06:31.290577Z[0m [33m WARN[0m [2mpm_bot[0m[2m:[0m découverte gamma: requête Gamma: error sending request for url (https://gamma-api.polymarket.com/events?slug=btc-updown-5m-1783253100): client error (Connect): tunnel error: failed to create underlying connection: tcp connect error: Connection refused (os error 111)
[2m2026-07-05T12:06:36.292176Z[0m [33m WARN[0m [2mpm_bot[0m[2m:[0m découverte gamma: requête Gamma: error sending request for url (https://gamma-api.polymarket.com/events?slug=btc-updown-5m-1783253100): client error (Connect): tunnel error: failed to create underlying connection: tcp connect error: Connection refused (os error 111)
[2m2026-07-05T12:06:40.828850Z[0m [33m WARN[0m [2mpm_acquisition::rtds[0m[2m:[0m RTDS erreur: connexion au proxy 127.0.0.1:45417: Connection refused (os error 111)
[2m2026-07-05T12:06:41.292900Z[0m [33m WARN[0m [2mpm_bot[0m[2m:[0m découverte gamma: requête Gamma: error sending request for url (https://gamma-api.polymarket.com/events?slug=btc-updown-5m-1783253100): client error (Connect): tunnel error: failed to create underlying connection: tcp connect error: Connection refused (os error 111)
[2m2026-07-05T12:06:46.293749Z[0m [33m WARN[0m [2mpm_bot[0m[2m:[0m découverte gamma: requête Gamma: error sending request for url (https://gamma-api.polymarket.com/events?slug=btc-updown-5m-1783253100): client error (Connect): tunnel error: failed to create underlying connection: tcp connect error: Connection refused (os error 111)
[2m2026-07-05T12:06:51.295140Z[0m [33m WARN[0m [2mpm_bot[0m[2m:[0m découverte gamma: requête Gamma: error sending request for url (https://gamma-api.polymarket.com/events?slug=btc-updown-5m-1783253100): client error (Connect): tunnel error: failed to create underlying connection: tcp connect error: Connection refused (os error 111)
[2m2026-07-05T12:06:55.830410Z[0m [33m WARN[0m [2mpm_acquisition::rtds[0m[2m:[0m RTDS erreur: connexion au proxy 127.0.0.1:45417: Connection refused (os error 111)
[2m2026-07-05T12:06:56.295640Z[0m [33m WARN[0m [2mpm_bot[0m[2m:[0m découverte gamma: requête Gamma: error sending request for url (https://gamma-api.polymarket.com/events?slug=btc-updown-5m-1783253100): client error (Connect): tunnel error: failed to create underlying connection: tcp connect error: Connection refused (os error 111)
[2m2026-07-05T12:07:01.297235Z[0m [33m WARN[0m [2mpm_bot[0m[2m:[0m découverte gamma: requête Gamma: error sending request for url (https://gamma-api.polymarket.com/events?slug=btc-updown-5m-1783253100): client error (Connect): tunnel error: failed to create underlying connection: tcp connect error: Connection refused (os error 111)
[2m2026-07-05T12:07:06.298036Z[0m [33m WARN[0m [2mpm_bot[0m[2m:[0m découverte gamma: requête Gamma: error sending request for url (https://gamma-api.polymarket.com/events?slug=btc-updown-5m-1783253100): client error (Connect): tunnel error: failed to create underlying connection: tcp connect error: Connection refused (os error 111)
[2m2026-07-05T12:07:10.832007Z[0m [33m WARN[0m [2mpm_acquisition::rtds[0m[2m:[0m RTDS erreur: connexion au proxy 127.0.0.1:45417: Connection refused (os error 111)
[2m2026-07-05T12:07:11.299105Z[0m [33m WARN[0m [2mpm_bot[0m[2m:[0m découverte gamma: requête Gamma: error sending request for url (https://gamma-api.polymarket.com/events?slug=btc-updown-5m-1783253100): client error (Connect): tunnel error: failed to create underlying connection: tcp connect error: Connection refused (os error 111)
[2m2026-07-05T12:07:16.300377Z[0m [33m WARN[0m [2mpm_bot[0m[2m:[0m découverte gamma: requête Gamma: error sending request for url (https://gamma-api.polymarket.com/events?slug=btc-updown-5m-1783253100): client error (Connect): tunnel error: failed to create underlying connection: tcp connect error: Connection refused (os error 111)
[2m2026-07-05T12:07:21.301736Z[0m [33m WARN[0m [2mpm_bot[0m[2m:[0m découverte gamma: requête Gamma: error sending request for url (https://gamma-api.polymarket.com/events?slug=btc-updown-5m-1783253100): client error (Connect): tunnel error: failed to create underlying connection: tcp connect error: Connection refused (os error 111)
[2m2026-07-05T12:07:25.832635Z[0m [33m WARN[0m [2mpm_acquisition::rtds[0m[2m:[0m RTDS erreur: connexion au proxy 127.0.0.1:45417: Connection refused (os error 111)
[2m2026-07-05T12:07:26.302773Z[0m [33m WARN[0m [2mpm_bot[0m[2m:[0m découverte gamma: requête Gamma: error sending request for url (https://gamma-api.polymarket.com/events?slug=btc-updown-5m-1783253100): client error (Connect): tunnel error: failed to create underlying connection: tcp connect error: Connection refused (os error 111)
[2m2026-07-05T12:07:31.303867Z[0m [33m WARN[0m [2mpm_bot[0m[2m:[0m découverte gamma: requête Gamma: error sending request for url (https://gamma-api.polymarket.com/events?slug=btc-updown-5m-1783253100): client error (Connect): tunnel error: failed to create underlying connection: tcp connect error: Connection refused (os error 111)
[2m2026-07-05T12:07:36.305270Z[0m [33m WARN[0m [2mpm_bot[0m[2m:[0m découverte gamma: requête Gamma: error sending request for url (https://gamma-api.polymarket.com/events?slug=btc-updown-5m-1783253100): client error (Connect): tunnel error: failed to create underlying connection: tcp connect error: Connection refused (os error 111)
[2m2026-07-05T12:07:40.833917Z[0m [33m WARN[0m [2mpm_acquisition::rtds[0m[2m:[0m RTDS erreur: connexion au proxy 127.0.0.1:45417: Connection refused (os error 111)
[2m2026-07-05T12:07:41.307084Z[0m [33m WARN[0m [2mpm_bot[0m[2m:[0m découverte gamma: requête Gamma: error sending request for url (https://gamma-api.polymarket.com/events?slug=btc-updown-5m-1783253100): client error (Connect): tunnel error: failed to create underlying connection: tcp connect error: Connection refused (os error 111)
[2m2026-07-05T12:07:46.308223Z[0m [33m WARN[0m [2mpm_bot[0m[2m:[0m découverte gamma: requête Gamma: error sending request for url (https://gamma-api.polymarket.com/events?slug=btc-updown-5m-1783253100): client error (Connect): tunnel error: failed to create underlying connection: tcp connect error: Connection refused (os error 111)
[2m2026-07-05T12:07:51.309551Z[0m [33m WARN[0m [2mpm_bot[0m[2m:[0m découverte gamma: requête Gamma: error sending request for url (https://gamma-api.polymarket.com/events?slug=btc-updown-5m-1783253100): client error (Connect): tunnel error: failed to create underlying connection: tcp connect error: Connection refused (os error 111)
[2m2026-07-05T12:07:55.834940Z[0m [33m WARN[0m [2mpm_acquisition::rtds[0m[2m:[0m RTDS erreur: connexion au proxy 127.0.0.1:45417: Connection refused (os error 111)
[2m2026-07-05T12:07:56.311132Z[0m [33m WARN[0m [2mpm_bot[0m[2m:[0m découverte gamma: requête Gamma: error sending request for url (https://gamma-api.polymarket.com/events?slug=btc-updown-5m-1783253100): client error (Connect): tunnel error: failed to create underlying connection: tcp connect error: Connection refused (os error 111)
[2m2026-07-05T12:08:01.311882Z[0m [33m WARN[0m [2mpm_bot[0m[2m:[0m découverte gamma: requête Gamma: error sending request for url (https://gamma-api.polymarket.com/events?slug=btc-updown-5m-1783253100): client error (Connect): tunnel error: failed to create underlying connection: tcp connect error: Connection refused (os error 111)
[2m2026-07-05T12:08:06.313225Z[0m [33m WARN[0m [2mpm_bot[0m[2m:[0m découverte gamma: requête Gamma: error sending request for url (https://gamma-api.polymarket.com/events?slug=btc-updown-5m-1783253100): client error (Connect): tunnel error: failed to create underlying connection: tcp connect error: Connection refused (os error 111)
[2m2026-07-05T12:08:10.835740Z[0m [33m WARN[0m [2mpm_acquisition::rtds[0m[2m:[0m RTDS erreur: connexion au proxy 127.0.0.1:45417: Connection refused (os error 111)
[2m2026-07-05T12:08:11.313799Z[0m [33m WARN[0m [2mpm_bot[0m[2m:[0m découverte gamma: requête Gamma: error sending request for url (https://gamma-api.polymarket.com/events?slug=btc-updown-5m-1783253100): client error (Connect): tunnel error: failed to create underlying connection: tcp connect error: Connection refused (os error 111)
[2m2026-07-05T12:08:16.315298Z[0m [33m WARN[0m [2mpm_bot[0m[2m:[0m découverte gamma: requête Gamma: error sending request for url (https://gamma-api.polymarket.com/events?slug=btc-updown-5m-1783253100): client error (Connect): tunnel error: failed to create underlying connection: tcp connect error: Connection refused (os error 111)
[2m2026-07-05T12:08:21.317276Z[0m [33m WARN[0m [2mpm_bot[0m[2m:[0m découverte gamma: requête Gamma: error sending request for url (https://gamma-api.polymarket.com/events?slug=btc-updown-5m-1783253100): client error (Connect): tunnel error: failed to create underlying connection: tcp connect error: Connection refused (os error 111)
[2m2026-07-05T12:08:25.836746Z[0m [33m WARN[0m [2mpm_acquisition::rtds[0m[2m:[0m RTDS erreur: connexion au proxy 127.0.0.1:45417: Connection refused (os error 111)
[2m2026-07-05T12:08:26.318770Z[0m [33m WARN[0m [2mpm_bot[0m[2m:[0m découverte gamma: requête Gamma: error sending request for url (https://gamma-api.polymarket.com/events?slug=btc-updown-5m-1783253100): client error (Connect): tunnel error: failed to create underlying connection: tcp connect error: Connection refused (os error 111)
[2m2026-07-05T12:08:31.320014Z[0m [33m WARN[0m [2mpm_bot[0m[2m:[0m découverte gamma: requête Gamma: error sending request for url (https://gamma-api.polymarket.com/events?slug=btc-updown-5m-1783253100): client error (Connect): tunnel error: failed to create underlying connection: tcp connect error: Connection refused (os error 111)
[2m2026-07-05T12:08:36.321270Z[0m [33m WARN[0m [2mpm_bot[0m[2m:[0m découverte gamma: requête Gamma: error sending request for url (https://gamma-api.polymarket.com/events?slug=btc-updown-5m-1783253100): client error (Connect): tunnel error: failed to create underlying connection: tcp connect error: Connection refused (os error 111)
[2m2026-07-05T12:08:40.838076Z[0m [33m WARN[0m [2mpm_acquisition::rtds[0m[2m:[0m RTDS erreur: connexion au proxy 127.0.0.1:45417: Connection refused (os error 111)
[2m2026-07-05T12:08:41.323296Z[0m [33m WARN[0m [2mpm_bot[0m[2m:[0m découverte gamma: requête Gamma: error sending request for url (https://gamma-api.polymarket.com/events?slug=btc-updown-5m-1783253100): client error (Connect): tunnel error: failed to create underlying connection: tcp connect error: Connection refused (os error 111)
[2m2026-07-05T12:08:46.324938Z[0m [33m WARN[0m [2mpm_bot[0m[2m:[0m découverte gamma: requête Gamma: error sending request for url (https://gamma-api.polymarket.com/events?slug=btc-updown-5m-1783253100): client error (Connect): tunnel error: failed to create underlying connection: tcp connect error: Connection refused (os error 111)
[2m2026-07-05T12:08:51.325729Z[0m [33m WARN[0m [2mpm_bot[0m[2m:[0m découverte gamma: requête Gamma: error sending request for url (https://gamma-api.polymarket.com/events?slug=btc-updown-5m-1783253100): client error (Connect): tunnel error: failed to create underlying connection: tcp connect error: Connection refused (os error 111)
[2m2026-07-05T12:08:55.838542Z[0m [33m WARN[0m [2mpm_acquisition::rtds[0m[2m:[0m RTDS erreur: connexion au proxy 127.0.0.1:45417: Connection refused (os error 111)
[2m2026-07-05T12:08:56.326779Z[0m [33m WARN[0m [2mpm_bot[0m[2m:[0m découverte gamma: requête Gamma: error sending request for url (https://gamma-api.polymarket.com/events?slug=btc-updown-5m-1783253100): client error (Connect): tunnel error: failed to create underlying connection: tcp connect error: Connection refused (os error 111)
[2m2026-07-05T12:09:01.328444Z[0m [33m WARN[0m [2mpm_bot[0m[2m:[0m découverte gamma: requête Gamma: error sending request for url (https://gamma-api.polymarket.com/events?slug=btc-updown-5m-1783253100): client error (Connect): tunnel error: failed to create underlying connection: tcp connect error: Connection refused (os error 111)
[2m2026-07-05T12:09:06.330192Z[0m [33m WARN[0m [2mpm_bot[0m[2m:[0m découverte gamma: requête Gamma: error sending request for url (https://gamma-api.polymarket.com/events?slug=btc-updown-5m-1783253100): client error (Connect): tunnel error: failed to create underlying connection: tcp connect error: Connection refused (os error 111)
[2m2026-07-05T12:09:10.839888Z[0m [33m WARN[0m [2mpm_acquisition::rtds[0m[2m:[0m RTDS erreur: connexion au proxy 127.0.0.1:45417: Connection refused (os error 111)
[2m2026-07-05T12:09:11.330984Z[0m [33m WARN[0m [2mpm_bot[0m[2m:[0m découverte gamma: requête Gamma: error sending request for url (https://gamma-api.polymarket.com/events?slug=btc-updown-5m-1783253100): client error (Connect): tunnel error: failed to create underlying connection: tcp connect error: Connection refused (os error 111)
[2m2026-07-05T12:09:16.332605Z[0m [33m WARN[0m [2mpm_bot[0m[2m:[0m découverte gamma: requête Gamma: error sending request for url (https://gamma-api.polymarket.com/events?slug=btc-updown-5m-1783253100): client error (Connect): tunnel error: failed to create underlying connection: tcp connect error: Connection refused (os error 111)
[2m2026-07-05T12:09:21.334232Z[0m [33m WARN[0m [2mpm_bot[0m[2m:[0m découverte gamma: requête Gamma: error sending request for url (https://gamma-api.polymarket.com/events?slug=btc-updown-5m-1783253100): client error (Connect): tunnel error: failed to create underlying connection: tcp connect error: Connection refused (os error 111)
[2m2026-07-05T12:09:25.840677Z[0m [33m WARN[0m [2mpm_acquisition::rtds[0m[2m:[0m RTDS erreur: connexion au proxy 127.0.0.1:45417: Connection refused (os error 111)
[2m2026-07-05T12:09:26.334761Z[0m [33m WARN[0m [2mpm_bot[0m[2m:[0m découverte gamma: requête Gamma: error sending request for url (https://gamma-api.polymarket.com/events?slug=btc-updown-5m-1783253100): client error (Connect): tunnel error: failed to create underlying connection: tcp connect error: Connection refused (os error 111)
[2m2026-07-05T12:09:31.336456Z[0m [33m WARN[0m [2mpm_bot[0m[2m:[0m découverte gamma: requête Gamma: error sending request for url (https://gamma-api.polymarket.com/events?slug=btc-updown-5m-1783253100): client error (Connect): tunnel error: failed to create underlying connection: tcp connect error: Connection refused (os error 111)
[2m2026-07-05T12:09:36.338574Z[0m [33m WARN[0m [2mpm_bot[0m[2m:[0m découverte gamma: requête Gamma: error sending request for url (https://gamma-api.polymarket.com/events?slug=btc-updown-5m-1783253100): client error (Connect): tunnel error: failed to create underlying connection: tcp connect error: Connection refused (os error 111)
[2m2026-07-05T12:09:40.841886Z[0m [33m WARN[0m [2mpm_acquisition::rtds[0m[2m:[0m RTDS erreur: connexion au proxy 127.0.0.1:45417: Connection refused (os error 111)
[2m2026-07-05T12:09:41.339954Z[0m [33m WARN[0m [2mpm_bot[0m[2m:[0m découverte gamma: requête Gamma: error sending request for url (https://gamma-api.polymarket.com/events?slug=btc-updown-5m-1783253100): client error (Connect): tunnel error: failed to create underlying connection: tcp connect error: Connection refused (os error 111)
[2m2026-07-05T12:09:46.341305Z[0m [33m WARN[0m [2mpm_bot[0m[2m:[0m découverte gamma: requête Gamma: error sending request for url (https://gamma-api.polymarket.com/events?slug=btc-updown-5m-1783253100): client error (Connect): tunnel error: failed to create underlying connection: tcp connect error: Connection refused (os error 111)
[2m2026-07-05T12:09:51.343483Z[0m [33m WARN[0m [2mpm_bot[0m[2m:[0m découverte gamma: requête Gamma: error sending request for url (https://gamma-api.polymarket.com/events?slug=btc-updown-5m-1783253100): client error (Connect): tunnel error: failed to create underlying connection: tcp connect error: Connection refused (os error 111)
[2m2026-07-05T12:09:55.843249Z[0m [33m WARN[0m [2mpm_acquisition::rtds[0m[2m:[0m RTDS erreur: connexion au proxy 127.0.0.1:45417: Connection refused (os error 111)
[2m2026-07-05T12:09:56.345471Z[0m [33m WARN[0m [2mpm_bot[0m[2m:[0m découverte gamma: requête Gamma: error sending request for url (https://gamma-api.polymarket.com/events?slug=btc-updown-5m-1783253100): client error (Connect): tunnel error: failed to create underlying connection: tcp connect error: Connection refused (os error 111)
[2m2026-07-05T12:10:01.347205Z[0m [33m WARN[0m [2mpm_bot[0m[2m:[0m découverte gamma: requête Gamma: error sending request for url (https://gamma-api.polymarket.com/events?slug=btc-updown-5m-1783253400): client error (Connect): tunnel error: failed to create underlying connection: tcp connect error: Connection refused (os error 111)
[2m2026-07-05T12:10:06.348449Z[0m [33m WARN[0m [2mpm_bot[0m[2m:[0m découverte gamma: requête Gamma: error sending request for url (https://gamma-api.polymarket.com/events?slug=btc-updown-5m-1783253400): client error (Connect): tunnel error: failed to create underlying connection: tcp connect error: Connection refused (os error 111)
[2m2026-07-05T12:10:10.845181Z[0m [33m WARN[0m [2mpm_acquisition::rtds[0m[2m:[0m RTDS erreur: connexion au proxy 127.0.0.1:45417: Connection refused (os error 111)
[2m2026-07-05T12:10:11.350394Z[0m [33m WARN[0m [2mpm_bot[0m[2m:[0m découverte gamma: requête Gamma: error sending request for url (https://gamma-api.polymarket.com/events?slug=btc-updown-5m-1783253400): client error (Connect): tunnel error: failed to create underlying connection: tcp connect error: Connection refused (os error 111)
[2m2026-07-05T12:10:16.351798Z[0m [33m WARN[0m [2mpm_bot[0m[2m:[0m découverte gamma: requête Gamma: error sending request for url (https://gamma-api.polymarket.com/events?slug=btc-updown-5m-1783253400): client error (Connect): tunnel error: failed to create underlying connection: tcp connect error: Connection refused (os error 111)
[2m2026-07-05T12:10:21.353270Z[0m [33m WARN[0m [2mpm_bot[0m[2m:[0m découverte gamma: requête Gamma: error sending request for url (https://gamma-api.polymarket.com/events?slug=btc-updown-5m-1783253400): client error (Connect): tunnel error: failed to create underlying connection: tcp connect error: Connection refused (os error 111)
[2m2026-07-05T12:10:25.846467Z[0m [33m WARN[0m [2mpm_acquisition::rtds[0m[2m:[0m RTDS erreur: connexion au proxy 127.0.0.1:45417: Connection refused (os error 111)
[2m2026-07-05T12:10:26.354587Z[0m [33m WARN[0m [2mpm_bot[0m[2m:[0m découverte gamma: requête Gamma: error sending request for url (https://gamma-api.polymarket.com/events?slug=btc-updown-5m-1783253400): client error (Connect): tunnel error: failed to create underlying connection: tcp connect error: Connection refused (os error 111)
[2m2026-07-05T12:10:31.355666Z[0m [33m WARN[0m [2mpm_bot[0m[2m:[0m découverte gamma: requête Gamma: error sending request for url (https://gamma-api.polymarket.com/events?slug=btc-updown-5m-1783253400): client error (Connect): tunnel error: failed to create underlying connection: tcp connect error: Connection refused (os error 111)
[2m2026-07-05T12:10:36.356919Z[0m [33m WARN[0m [2mpm_bot[0m[2m:[0m découverte gamma: requête Gamma: error sending request for url (https://gamma-api.polymarket.com/events?slug=btc-updown-5m-1783253400): client error (Connect): tunnel error: failed to create underlying connection: tcp connect error: Connection refused (os error 111)
[2m2026-07-05T12:10:40.847643Z[0m [33m WARN[0m [2mpm_acquisition::rtds[0m[2m:[0m RTDS erreur: connexion au proxy 127.0.0.1:45417: Connection refused (os error 111)
[2m2026-07-05T12:10:41.358013Z[0m [33m WARN[0m [2mpm_bot[0m[2m:[0m découverte gamma: requête Gamma: error sending request for url (https://gamma-api.polymarket.com/events?slug=btc-updown-5m-1783253400): client error (Connect): tunnel error: failed to create underlying connection: tcp connect error: Connection refused (os error 111)
[2m2026-07-05T12:10:46.358478Z[0m [33m WARN[0m [2mpm_bot[0m[2m:[0m découverte gamma: requête Gamma: error sending request for url (https://gamma-api.polymarket.com/events?slug=btc-updown-5m-1783253400): client error (Connect): tunnel error: failed to create underlying connection: tcp connect error: Connection refused (os error 111)
[2m2026-07-05T12:10:51.359759Z[0m [33m WARN[0m [2mpm_bot[0m[2m:[0m découverte gamma: requête Gamma: error sending request for url (https://gamma-api.polymarket.com/events?slug=btc-updown-5m-1783253400): client error (Connect): tunnel error: failed to create underlying connection: tcp connect error: Connection refused (os error 111)
[2m2026-07-05T12:10:55.849550Z[0m [33m WARN[0m [2mpm_acquisition::rtds[0m[2m:[0m RTDS erreur: connexion au proxy 127.0.0.1:45417: Connection refused (os error 111)
[2m2026-07-05T12:10:56.360862Z[0m [33m WARN[0m [2mpm_bot[0m[2m:[0m découverte gamma: requête Gamma: error sending request for url (https://gamma-api.polymarket.com/events?slug=btc-updown-5m-1783253400): client error (Connect): tunnel error: failed to create underlying connection: tcp connect error: Connection refused (os error 111)
[2m2026-07-05T12:11:01.361837Z[0m [33m WARN[0m [2mpm_bot[0m[2m:[0m découverte gamma: requête Gamma: error sending request for url (https://gamma-api.polymarket.com/events?slug=btc-updown-5m-1783253400): client error (Connect): tunnel error: failed to create underlying connection: tcp connect error: Connection refused (os error 111)
[2m2026-07-05T12:11:06.362911Z[0m [33m WARN[0m [2mpm_bot[0m[2m:[0m découverte gamma: requête Gamma: error sending request for url (https://gamma-api.polymarket.com/events?slug=btc-updown-5m-1783253400): client error (Connect): tunnel error: failed to create underlying connection: tcp connect error: Connection refused (os error 111)
[2m2026-07-05T12:11:10.851210Z[0m [33m WARN[0m [2mpm_acquisition::rtds[0m[2m:[0m RTDS erreur: connexion au proxy 127.0.0.1:45417: Connection refused (os error 111)
[2m2026-07-05T12:11:11.364429Z[0m [33m WARN[0m [2mpm_bot[0m[2m:[0m découverte gamma: requête Gamma: error sending request for url (https://gamma-api.polymarket.com/events?slug=btc-updown-5m-1783253400): client error (Connect): tunnel error: failed to create underlying connection: tcp connect error: Connection refused (os error 111)
[2m2026-07-05T12:11:16.366057Z[0m [33m WARN[0m [2mpm_bot[0m[2m:[0m découverte gamma: requête Gamma: error sending request for url (https://gamma-api.polymarket.com/events?slug=btc-updown-5m-1783253400): client error (Connect): tunnel error: failed to create underlying connection: tcp connect error: Connection refused (os error 111)
[2m2026-07-05T12:11:21.366917Z[0m [33m WARN[0m [2mpm_bot[0m[2m:[0m découverte gamma: requête Gamma: error sending request for url (https://gamma-api.polymarket.com/events?slug=btc-updown-5m-1783253400): client error (Connect): tunnel error: failed to create underlying connection: tcp connect error: Connection refused (os error 111)
[2m2026-07-05T12:11:25.851732Z[0m [33m WARN[0m [2mpm_acquisition::rtds[0m[2m:[0m RTDS erreur: connexion au proxy 127.0.0.1:45417: Connection refused (os error 111)
[2m2026-07-05T12:11:26.367843Z[0m [33m WARN[0m [2mpm_bot[0m[2m:[0m découverte gamma: requête Gamma: error sending request for url (https://gamma-api.polymarket.com/events?slug=btc-updown-5m-1783253400): client error (Connect): tunnel error: failed to create underlying connection: tcp connect error: Connection refused (os error 111)
[2m2026-07-05T12:11:31.368947Z[0m [33m WARN[0m [2mpm_bot[0m[2m:[0m découverte gamma: requête Gamma: error sending request for url (https://gamma-api.polymarket.com/events?slug=btc-updown-5m-1783253400): client error (Connect): tunnel error: failed to create underlying connection: tcp connect error: Connection refused (os error 111)
[2m2026-07-05T12:11:36.369800Z[0m [33m WARN[0m [2mpm_bot[0m[2m:[0m découverte gamma: requête Gamma: error sending request for url (https://gamma-api.polymarket.com/events?slug=btc-updown-5m-1783253400): client error (Connect): tunnel error: failed to create underlying connection: tcp connect error: Connection refused (os error 111)
[2m2026-07-05T12:11:40.852507Z[0m [33m WARN[0m [2mpm_acquisition::rtds[0m[2m:[0m RTDS erreur: connexion au proxy 127.0.0.1:45417: Connection refused (os error 111)
[2m2026-07-05T12:11:41.370748Z[0m [33m WARN[0m [2mpm_bot[0m[2m:[0m découverte gamma: requête Gamma: error sending request for url (https://gamma-api.polymarket.com/events?slug=btc-updown-5m-1783253400): client error (Connect): tunnel error: failed to create underlying connection: tcp connect error: Connection refused (os error 111)
[2m2026-07-05T12:11:46.372499Z[0m [33m WARN[0m [2mpm_bot[0m[2m:[0m découverte gamma: requête Gamma: error sending request for url (https://gamma-api.polymarket.com/events?slug=btc-updown-5m-1783253400): client error (Connect): tunnel error: failed to create underlying connection: tcp connect error: Connection refused (os error 111)
[2m2026-07-05T12:11:51.374197Z[0m [33m WARN[0m [2mpm_bot[0m[2m:[0m découverte gamma: requête Gamma: error sending request for url (https://gamma-api.polymarket.com/events?slug=btc-updown-5m-1783253400): client error (Connect): tunnel error: failed to create underlying connection: tcp connect error: Connection refused (os error 111)
[2m2026-07-05T12:11:55.853682Z[0m [33m WARN[0m [2mpm_acquisition::rtds[0m[2m:[0m RTDS erreur: connexion au proxy 127.0.0.1:45417: Connection refused (os error 111)
[2m2026-07-05T12:11:56.374906Z[0m [33m WARN[0m [2mpm_bot[0m[2m:[0m découverte gamma: requête Gamma: error sending request for url (https://gamma-api.polymarket.com/events?slug=btc-updown-5m-1783253400): client error (Connect): tunnel error: failed to create underlying connection: tcp connect error: Connection refused (os error 111)
[2m2026-07-05T12:12:01.376430Z[0m [33m WARN[0m [2mpm_bot[0m[2m:[0m découverte gamma: requête Gamma: error sending request for url (https://gamma-api.polymarket.com/events?slug=btc-updown-5m-1783253400): client error (Connect): tunnel error: failed to create underlying connection: tcp connect error: Connection refused (os error 111)
[2m2026-07-05T12:12:06.377874Z[0m [33m WARN[0m [2mpm_bot[0m[2m:[0m découverte gamma: requête Gamma: error sending request for url (https://gamma-api.polymarket.com/events?slug=btc-updown-5m-1783253400): client error (Connect): tunnel error: failed to create underlying connection: tcp connect error: Connection refused (os error 111)
[2m2026-07-05T12:12:10.855340Z[0m [33m WARN[0m [2mpm_acquisition::rtds[0m[2m:[0m RTDS erreur: connexion au proxy 127.0.0.1:45417: Connection refused (os error 111)
[2m2026-07-05T12:12:11.378673Z[0m [33m WARN[0m [2mpm_bot[0m[2m:[0m découverte gamma: requête Gamma: error sending request for url (https://gamma-api.polymarket.com/events?slug=btc-updown-5m-1783253400): client error (Connect): tunnel error: failed to create underlying connection: tcp connect error: Connection refused (os error 111)
[2m2026-07-05T12:12:16.380214Z[0m [33m WARN[0m [2mpm_bot[0m[2m:[0m découverte gamma: requête Gamma: error sending request for url (https://gamma-api.polymarket.com/events?slug=btc-updown-5m-1783253400): client error (Connect): tunnel error: failed to create underlying connection: tcp connect error: Connection refused (os error 111)
[2m2026-07-05T12:12:21.381182Z[0m [33m WARN[0m [2mpm_bot[0m[2m:[0m découverte gamma: requête Gamma: error sending request for url (https://gamma-api.polymarket.com/events?slug=btc-updown-5m-1783253400): client error (Connect): tunnel error: failed to create underlying connection: tcp connect error: Connection refused (os error 111)
[2m2026-07-05T12:12:25.856624Z[0m [33m WARN[0m [2mpm_acquisition::rtds[0m[2m:[0m RTDS erreur: connexion au proxy 127.0.0.1:45417: Connection refused (os error 111)
[2m2026-07-05T12:12:26.381875Z[0m [33m WARN[0m [2mpm_bot[0m[2m:[0m découverte gamma: requête Gamma: error sending request for url (https://gamma-api.polymarket.com/events?slug=btc-updown-5m-1783253400): client error (Connect): tunnel error: failed to create underlying connection: tcp connect error: Connection refused (os error 111)
[2m2026-07-05T12:12:31.383621Z[0m [33m WARN[0m [2mpm_bot[0m[2m:[0m découverte gamma: requête Gamma: error sending request for url (https://gamma-api.polymarket.com/events?slug=btc-updown-5m-1783253400): client error (Connect): tunnel error: failed to create underlying connection: tcp connect error: Connection refused (os error 111)
[2m2026-07-05T12:12:36.384893Z[0m [33m WARN[0m [2mpm_bot[0m[2m:[0m découverte gamma: requête Gamma: error sending request for url (https://gamma-api.polymarket.com/events?slug=btc-updown-5m-1783253400): client error (Connect): tunnel error: failed to create underlying connection: tcp connect error: Connection refused (os error 111)
[2m2026-07-05T12:12:40.858531Z[0m [33m WARN[0m [2mpm_acquisition::rtds[0m[2m:[0m RTDS erreur: connexion au proxy 127.0.0.1:45417: Connection refused (os error 111)
[2m2026-07-05T12:12:41.385623Z[0m [33m WARN[0m [2mpm_bot[0m[2m:[0m découverte gamma: requête Gamma: error sending request for url (https://gamma-api.polymarket.com/events?slug=btc-updown-5m-1783253400): client error (Connect): tunnel error: failed to create underlying connection: tcp connect error: Connection refused (os error 111)
[2m2026-07-05T12:12:46.387322Z[0m [33m WARN[0m [2mpm_bot[0m[2m:[0m découverte gamma: requête Gamma: error sending request for url (https://gamma-api.polymarket.com/events?slug=btc-updown-5m-1783253400): client error (Connect): tunnel error: failed to create underlying connection: tcp connect error: Connection refused (os error 111)
[2m2026-07-05T12:12:51.388832Z[0m [33m WARN[0m [2mpm_bot[0m[2m:[0m découverte gamma: requête Gamma: error sending request for url (https://gamma-api.polymarket.com/events?slug=btc-updown-5m-1783253400): client error (Connect): tunnel error: failed to create underlying connection: tcp connect error: Connection refused (os error 111)
[2m2026-07-05T12:12:55.859881Z[0m [33m WARN[0m [2mpm_acquisition::rtds[0m[2m:[0m RTDS erreur: connexion au proxy 127.0.0.1:45417: Connection refused (os error 111)
[2m2026-07-05T12:12:56.390164Z[0m [33m WARN[0m [2mpm_bot[0m[2m:[0m découverte gamma: requête Gamma: error sending request for url (https://gamma-api.polymarket.com/events?slug=btc-updown-5m-1783253400): client error (Connect): tunnel error: failed to create underlying connection: tcp connect error: Connection refused (os error 111)
[2m2026-07-05T12:13:01.391229Z[0m [33m WARN[0m [2mpm_bot[0m[2m:[0m découverte gamma: requête Gamma: error sending request for url (https://gamma-api.polymarket.com/events?slug=btc-updown-5m-1783253400): client error (Connect): tunnel error: failed to create underlying connection: tcp connect error: Connection refused (os error 111)
[2m2026-07-05T12:13:06.392564Z[0m [33m WARN[0m [2mpm_bot[0m[2m:[0m découverte gamma: requête Gamma: error sending request for url (https://gamma-api.polymarket.com/events?slug=btc-updown-5m-1783253400): client error (Connect): tunnel error: failed to create underlying connection: tcp connect error: Connection refused (os error 111)
[2m2026-07-05T12:13:10.861038Z[0m [33m WARN[0m [2mpm_acquisition::rtds[0m[2m:[0m RTDS erreur: connexion au proxy 127.0.0.1:45417: Connection refused (os error 111)
[2m2026-07-05T12:13:11.394170Z[0m [33m WARN[0m [2mpm_bot[0m[2m:[0m découverte gamma: requête Gamma: error sending request for url (https://gamma-api.polymarket.com/events?slug=btc-updown-5m-1783253400): client error (Connect): tunnel error: failed to create underlying connection: tcp connect error: Connection refused (os error 111)
[2m2026-07-05T12:13:16.394609Z[0m [33m WARN[0m [2mpm_bot[0m[2m:[0m découverte gamma: requête Gamma: error sending request for url (https://gamma-api.polymarket.com/events?slug=btc-updown-5m-1783253400): client error (Connect): tunnel error: failed to create underlying connection: tcp connect error: Connection refused (os error 111)
[2m2026-07-05T12:13:21.395893Z[0m [33m WARN[0m [2mpm_bot[0m[2m:[0m découverte gamma: requête Gamma: error sending request for url (https://gamma-api.polymarket.com/events?slug=btc-updown-5m-1783253400): client error (Connect): tunnel error: failed to create underlying connection: tcp connect error: Connection refused (os error 111)
[2m2026-07-05T12:13:25.861887Z[0m [33m WARN[0m [2mpm_acquisition::rtds[0m[2m:[0m RTDS erreur: connexion au proxy 127.0.0.1:45417: Connection refused (os error 111)
[2m2026-07-05T12:13:26.397161Z[0m [33m WARN[0m [2mpm_bot[0m[2m:[0m découverte gamma: requête Gamma: error sending request for url (https://gamma-api.polymarket.com/events?slug=btc-updown-5m-1783253400): client error (Connect): tunnel error: failed to create underlying connection: tcp connect error: Connection refused (os error 111)
[2m2026-07-05T12:13:31.398119Z[0m [33m WARN[0m [2mpm_bot[0m[2m:[0m découverte gamma: requête Gamma: error sending request for url (https://gamma-api.polymarket.com/events?slug=btc-updown-5m-1783253400): client error (Connect): tunnel error: failed to create underlying connection: tcp connect error: Connection refused (os error 111)
[2m2026-07-05T12:13:36.399143Z[0m [33m WARN[0m [2mpm_bot[0m[2m:[0m découverte gamma: requête Gamma: error sending request for url (https://gamma-api.polymarket.com/events?slug=btc-updown-5m-1783253400): client error (Connect): tunnel error: failed to create underlying connection: tcp connect error: Connection refused (os error 111)
[2m2026-07-05T12:13:40.863204Z[0m [33m WARN[0m [2mpm_acquisition::rtds[0m[2m:[0m RTDS erreur: connexion au proxy 127.0.0.1:45417: Connection refused (os error 111)
[2m2026-07-05T12:13:41.400577Z[0m [33m WARN[0m [2mpm_bot[0m[2m:[0m découverte gamma: requête Gamma: error sending request for url (https://gamma-api.polymarket.com/events?slug=btc-updown-5m-1783253400): client error (Connect): tunnel error: failed to create underlying connection: tcp connect error: Connection refused (os error 111)
[2m2026-07-05T12:13:46.402496Z[0m [33m WARN[0m [2mpm_bot[0m[2m:[0m découverte gamma: requête Gamma: error sending request for url (https://gamma-api.polymarket.com/events?slug=btc-updown-5m-1783253400): client error (Connect): tunnel error: failed to create underlying connection: tcp connect error: Connection refused (os error 111)
[2m2026-07-05T12:13:51.404065Z[0m [33m WARN[0m [2mpm_bot[0m[2m:[0m découverte gamma: requête Gamma: error sending request for url (https://gamma-api.polymarket.com/events?slug=btc-updown-5m-1783253400): client error (Connect): tunnel error: failed to create underlying connection: tcp connect error: Connection refused (os error 111)
[2m2026-07-05T12:13:55.863791Z[0m [33m WARN[0m [2mpm_acquisition::rtds[0m[2m:[0m RTDS erreur: connexion au proxy 127.0.0.1:45417: Connection refused (os error 111)
[2m2026-07-05T12:13:56.405006Z[0m [33m WARN[0m [2mpm_bot[0m[2m:[0m découverte gamma: requête Gamma: error sending request for url (https://gamma-api.polymarket.com/events?slug=btc-updown-5m-1783253400): client error (Connect): tunnel error: failed to create underlying connection: tcp connect error: Connection refused (os error 111)
[2m2026-07-05T12:14:01.406232Z[0m [33m WARN[0m [2mpm_bot[0m[2m:[0m découverte gamma: requête Gamma: error sending request for url (https://gamma-api.polymarket.com/events?slug=btc-updown-5m-1783253400): client error (Connect): tunnel error: failed to create underlying connection: tcp connect error: Connection refused (os error 111)
[2m2026-07-05T12:14:06.407473Z[0m [33m WARN[0m [2mpm_bot[0m[2m:[0m découverte gamma: requête Gamma: error sending request for url (https://gamma-api.polymarket.com/events?slug=btc-updown-5m-1783253400): client error (Connect): tunnel error: failed to create underlying connection: tcp connect error: Connection refused (os error 111)
