[2m2026-07-05T07:14:03.830649Z[0m [32m INFO[0m [2mpm_bot[0m[2m:[0m pm-bot démarre (PAPER mode) — archives: /home/user/rustfactor/polymarket-btc5m-bot/data_v2/camp_20260705T071403
[2m2026-07-05T07:14:03.836060Z[0m [32m INFO[0m [2mpm_bot[0m[2m:[0m aucun fichier de config (./config.toml) — défauts calibrés
[2m2026-07-05T07:14:03.836165Z[0m [32m INFO[0m [2mpm_bot[0m[2m:[0m [config] [taker]
[2m2026-07-05T07:14:03.836169Z[0m [32m INFO[0m [2mpm_bot[0m[2m:[0m [config] min_edge = 0.06
[2m2026-07-05T07:14:03.836171Z[0m [32m INFO[0m [2mpm_bot[0m[2m:[0m [config] min_abs_z = 2.5
[2m2026-07-05T07:14:03.836172Z[0m [32m INFO[0m [2mpm_bot[0m[2m:[0m [config] min_strike_confidence = 0.8
[2m2026-07-05T07:14:03.836173Z[0m [32m INFO[0m [2mpm_bot[0m[2m:[0m [config] max_spot_age_ms = 3000
[2m2026-07-05T07:14:03.836175Z[0m [32m INFO[0m [2mpm_bot[0m[2m:[0m [config] min_elapsed_s = 10.0
[2m2026-07-05T07:14:03.836176Z[0m [32m INFO[0m [2mpm_bot[0m[2m:[0m [config] min_tau_s = 3.0
[2m2026-07-05T07:14:03.836177Z[0m [32m INFO[0m [2mpm_bot[0m[2m:[0m [config] cost_buffer = 0.01
[2m2026-07-05T07:14:03.836179Z[0m [32m INFO[0m [2mpm_bot[0m[2m:[0m [config] kelly_fraction = 0.25
[2m2026-07-05T07:14:03.836180Z[0m [32m INFO[0m [2mpm_bot[0m[2m:[0m [config] bankroll = 1000.0
[2m2026-07-05T07:14:03.836181Z[0m [32m INFO[0m [2mpm_bot[0m[2m:[0m [config] max_notional = 250.0
[2m2026-07-05T07:14:03.836183Z[0m [32m INFO[0m [2mpm_bot[0m[2m:[0m [config] max_slippage = 0.02
[2m2026-07-05T07:14:03.836184Z[0m [32m INFO[0m [2mpm_bot[0m[2m:[0m [config] max_entry_price = 0.75
[2m2026-07-05T07:14:03.836185Z[0m [32m INFO[0m [2mpm_bot[0m[2m:[0m [config] 
[2m2026-07-05T07:14:03.836187Z[0m [32m INFO[0m [2mpm_bot[0m[2m:[0m [config] [maker]
[2m2026-07-05T07:14:03.836188Z[0m [32m INFO[0m [2mpm_bot[0m[2m:[0m [config] min_quote_price = 0.15
[2m2026-07-05T07:14:03.836189Z[0m [32m INFO[0m [2mpm_bot[0m[2m:[0m [config] max_quote_price = 0.85
[2m2026-07-05T07:14:03.836190Z[0m [32m INFO[0m [2mpm_bot[0m[2m:[0m [config] edge_margin = 0.03
[2m2026-07-05T07:14:03.836192Z[0m [32m INFO[0m [2mpm_bot[0m[2m:[0m [config] take_profit = 0.08
[2m2026-07-05T07:14:03.836193Z[0m [32m INFO[0m [2mpm_bot[0m[2m:[0m [config] stop_loss = 0.1
[2m2026-07-05T07:14:03.836194Z[0m [32m INFO[0m [2mpm_bot[0m[2m:[0m [config] quote_size = 50.0
[2m2026-07-05T07:14:03.836196Z[0m [32m INFO[0m [2mpm_bot[0m[2m:[0m [config] max_inventory = 150.0
[2m2026-07-05T07:14:03.836197Z[0m [32m INFO[0m [2mpm_bot[0m[2m:[0m [config] min_tau_open_s = 60.0
[2m2026-07-05T07:14:03.836198Z[0m [32m INFO[0m [2mpm_bot[0m[2m:[0m [config] min_tau_flat_s = 25.0
[2m2026-07-05T07:14:03.836200Z[0m [32m INFO[0m [2mpm_bot[0m[2m:[0m [config] max_abs_z_quote = 2.5
[2m2026-07-05T07:14:03.836201Z[0m [32m INFO[0m [2mpm_bot[0m[2m:[0m [config] sigma_panic_per_sqrt_s = 0.0005
[2m2026-07-05T07:14:03.836202Z[0m [32m INFO[0m [2mpm_bot[0m[2m:[0m [config] min_strike_confidence = 0.8
[2m2026-07-05T07:14:03.836204Z[0m [32m INFO[0m [2mpm_bot[0m[2m:[0m [config] max_spot_age_ms = 3000
[2m2026-07-05T07:14:03.836205Z[0m [32m INFO[0m [2mpm_bot[0m[2m:[0m [config] 
[2m2026-07-05T07:14:03.836206Z[0m [32m INFO[0m [2mpm_bot[0m[2m:[0m [config] [modele]
[2m2026-07-05T07:14:03.836208Z[0m [32m INFO[0m [2mpm_bot[0m[2m:[0m [config] sigma_floor_per_sqrt_s = 0.00005
[2m2026-07-05T07:14:03.836209Z[0m [32m INFO[0m [2mpm_bot[0m[2m:[0m [config] tau_floor_s = 1.0
[2m2026-07-05T07:14:03.836210Z[0m [32m INFO[0m [2mpm_bot[0m[2m:[0m [config] drift_snr_min = 0.25
[2m2026-07-05T07:14:03.836212Z[0m [32m INFO[0m [2mpm_bot[0m[2m:[0m [config] max_drift_z = 2.0
[2m2026-07-05T07:14:03.836213Z[0m [32m INFO[0m [2mpm_bot[0m[2m:[0m [config] 
[2m2026-07-05T07:14:03.836214Z[0m [32m INFO[0m [2mpm_bot[0m[2m:[0m [config] [volatilite]
[2m2026-07-05T07:14:03.836215Z[0m [32m INFO[0m [2mpm_bot[0m[2m:[0m [config] ewma_half_life_s = 60.0
[2m2026-07-05T07:14:03.836223Z[0m [32m INFO[0m [2mpm_bot[0m[2m:[0m [config] retention_s = 1800
[2m2026-07-05T07:14:03.836225Z[0m [32m INFO[0m [2mpm_bot[0m[2m:[0m [config] min_dt_ms = 10
[2m2026-07-05T07:14:03.836226Z[0m [32m INFO[0m [2mpm_bot[0m[2m:[0m [config] 
[2m2026-07-05T07:14:03.836227Z[0m [32m INFO[0m [2mpm_bot[0m[2m:[0m [config] [moteur]
[2m2026-07-05T07:14:03.836228Z[0m [32m INFO[0m [2mpm_bot[0m[2m:[0m [config] decision_step_ms = 250
[2m2026-07-05T07:14:03.836229Z[0m [32m INFO[0m [2mpm_bot[0m[2m:[0m [config] watchdog_stale_ms = 6000
[2m2026-07-05T07:14:03.836231Z[0m [32m INFO[0m [2mpm_bot[0m[2m:[0m [config] clob_grace_s = 180
[2m2026-07-05T07:14:03.836232Z[0m [32m INFO[0m [2mpm_bot[0m[2m:[0m [config] gamma_lookahead = 5
[2m2026-07-05T07:14:03.836233Z[0m [32m INFO[0m [2mpm_bot[0m[2m:[0m [config] retention_ticks_s = 2400
[2m2026-07-05T07:14:03.836518Z[0m [33m WARN[0m [2mpm_acquisition::rtds[0m[2m:[0m RTDS erreur: connexion au proxy 127.0.0.1:45417: Connection refused (os error 111)
[2m2026-07-05T07:14:03.837667Z[0m [33m WARN[0m [2mpm_bot[0m[2m:[0m découverte gamma: requête Gamma: error sending request for url (https://gamma-api.polymarket.com/events?slug=btc-updown-5m-1783235400): client error (Connect): tunnel error: failed to create underlying connection: tcp connect error: Connection refused (os error 111)
[2m2026-07-05T07:14:04.838382Z[0m [33m WARN[0m [2mpm_acquisition::rtds[0m[2m:[0m RTDS erreur: connexion au proxy 127.0.0.1:45417: Connection refused (os error 111)
[2m2026-07-05T07:14:06.840292Z[0m [33m WARN[0m [2mpm_acquisition::rtds[0m[2m:[0m RTDS erreur: connexion au proxy 127.0.0.1:45417: Connection refused (os error 111)
[2m2026-07-05T07:14:08.839061Z[0m [33m WARN[0m [2mpm_bot[0m[2m:[0m découverte gamma: requête Gamma: error sending request for url (https://gamma-api.polymarket.com/events?slug=btc-updown-5m-1783235400): client error (Connect): tunnel error: failed to create underlying connection: tcp connect error: Connection refused (os error 111)
[2m2026-07-05T07:14:10.841959Z[0m [33m WARN[0m [2mpm_acquisition::rtds[0m[2m:[0m RTDS erreur: connexion au proxy 127.0.0.1:45417: Connection refused (os error 111)
[2m2026-07-05T07:14:13.840402Z[0m [33m WARN[0m [2mpm_bot[0m[2m:[0m découverte gamma: requête Gamma: error sending request for url (https://gamma-api.polymarket.com/events?slug=btc-updown-5m-1783235400): client error (Connect): tunnel error: failed to create underlying connection: tcp connect error: Connection refused (os error 111)
[2m2026-07-05T07:14:18.842296Z[0m [33m WARN[0m [2mpm_bot[0m[2m:[0m découverte gamma: requête Gamma: error sending request for url (https://gamma-api.polymarket.com/events?slug=btc-updown-5m-1783235400): client error (Connect): tunnel error: failed to create underlying connection: tcp connect error: Connection refused (os error 111)
[2m2026-07-05T07:14:18.842359Z[0m [33m WARN[0m [2mpm_acquisition::rtds[0m[2m:[0m RTDS erreur: connexion au proxy 127.0.0.1:45417: Connection refused (os error 111)
[2m2026-07-05T07:14:23.844130Z[0m [33m WARN[0m [2mpm_bot[0m[2m:[0m découverte gamma: requête Gamma: error sending request for url (https://gamma-api.polymarket.com/events?slug=btc-updown-5m-1783235400): client error (Connect): tunnel error: failed to create underlying connection: tcp connect error: Connection refused (os error 111)
[2m2026-07-05T07:14:28.845039Z[0m [33m WARN[0m [2mpm_bot[0m[2m:[0m découverte gamma: requête Gamma: error sending request for url (https://gamma-api.polymarket.com/events?slug=btc-updown-5m-1783235400): client error (Connect): tunnel error: failed to create underlying connection: tcp connect error: Connection refused (os error 111)
[2m2026-07-05T07:14:33.844192Z[0m [33m WARN[0m [2mpm_acquisition::rtds[0m[2m:[0m RTDS erreur: connexion au proxy 127.0.0.1:45417: Connection refused (os error 111)
[2m2026-07-05T07:14:33.846436Z[0m [33m WARN[0m [2mpm_bot[0m[2m:[0m découverte gamma: requête Gamma: error sending request for url (https://gamma-api.polymarket.com/events?slug=btc-updown-5m-1783235400): client error (Connect): tunnel error: failed to create underlying connection: tcp connect error: Connection refused (os error 111)
[2m2026-07-05T07:14:38.848333Z[0m [33m WARN[0m [2mpm_bot[0m[2m:[0m découverte gamma: requête Gamma: error sending request for url (https://gamma-api.polymarket.com/events?slug=btc-updown-5m-1783235400): client error (Connect): tunnel error: failed to create underlying connection: tcp connect error: Connection refused (os error 111)
[2m2026-07-05T07:14:43.850483Z[0m [33m WARN[0m [2mpm_bot[0m[2m:[0m découverte gamma: requête Gamma: error sending request for url (https://gamma-api.polymarket.com/events?slug=btc-updown-5m-1783235400): client error (Connect): tunnel error: failed to create underlying connection: tcp connect error: Connection refused (os error 111)
[2m2026-07-05T07:14:48.845211Z[0m [33m WARN[0m [2mpm_acquisition::rtds[0m[2m:[0m RTDS erreur: connexion au proxy 127.0.0.1:45417: Connection refused (os error 111)
[2m2026-07-05T07:14:48.852440Z[0m [33m WARN[0m [2mpm_bot[0m[2m:[0m découverte gamma: requête Gamma: error sending request for url (https://gamma-api.polymarket.com/events?slug=btc-updown-5m-1783235400): client error (Connect): tunnel error: failed to create underlying connection: tcp connect error: Connection refused (os error 111)
[2m2026-07-05T07:14:53.854340Z[0m [33m WARN[0m [2mpm_bot[0m[2m:[0m découverte gamma: requête Gamma: error sending request for url (https://gamma-api.polymarket.com/events?slug=btc-updown-5m-1783235400): client error (Connect): tunnel error: failed to create underlying connection: tcp connect error: Connection refused (os error 111)
[2m2026-07-05T07:14:58.856415Z[0m [33m WARN[0m [2mpm_bot[0m[2m:[0m découverte gamma: requête Gamma: error sending request for url (https://gamma-api.polymarket.com/events?slug=btc-updown-5m-1783235400): client error (Connect): tunnel error: failed to create underlying connection: tcp connect error: Connection refused (os error 111)
[2m2026-07-05T07:15:03.846484Z[0m [33m WARN[0m [2mpm_acquisition::rtds[0m[2m:[0m RTDS erreur: connexion au proxy 127.0.0.1:45417: Connection refused (os error 111)
[2m2026-07-05T07:15:03.857852Z[0m [33m WARN[0m [2mpm_bot[0m[2m:[0m découverte gamma: requête Gamma: error sending request for url (https://gamma-api.polymarket.com/events?slug=btc-updown-5m-1783235700): client error (Connect): tunnel error: failed to create underlying connection: tcp connect error: Connection refused (os error 111)
[2m2026-07-05T07:15:08.859115Z[0m [33m WARN[0m [2mpm_bot[0m[2m:[0m découverte gamma: requête Gamma: error sending request for url (https://gamma-api.polymarket.com/events?slug=btc-updown-5m-1783235700): client error (Connect): tunnel error: failed to create underlying connection: tcp connect error: Connection refused (os error 111)
[2m2026-07-05T07:15:13.860493Z[0m [33m WARN[0m [2mpm_bot[0m[2m:[0m découverte gamma: requête Gamma: error sending request for url (https://gamma-api.polymarket.com/events?slug=btc-updown-5m-1783235700): client error (Connect): tunnel error: failed to create underlying connection: tcp connect error: Connection refused (os error 111)
[2m2026-07-05T07:15:18.847734Z[0m [33m WARN[0m [2mpm_acquisition::rtds[0m[2m:[0m RTDS erreur: connexion au proxy 127.0.0.1:45417: Connection refused (os error 111)
[2m2026-07-05T07:15:18.862039Z[0m [33m WARN[0m [2mpm_bot[0m[2m:[0m découverte gamma: requête Gamma: error sending request for url (https://gamma-api.polymarket.com/events?slug=btc-updown-5m-1783235700): client error (Connect): tunnel error: failed to create underlying connection: tcp connect error: Connection refused (os error 111)
[2m2026-07-05T07:15:23.862920Z[0m [33m WARN[0m [2mpm_bot[0m[2m:[0m découverte gamma: requête Gamma: error sending request for url (https://gamma-api.polymarket.com/events?slug=btc-updown-5m-1783235700): client error (Connect): tunnel error: failed to create underlying connection: tcp connect error: Connection refused (os error 111)
[2m2026-07-05T07:15:28.863911Z[0m [33m WARN[0m [2mpm_bot[0m[2m:[0m découverte gamma: requête Gamma: error sending request for url (https://gamma-api.polymarket.com/events?slug=btc-updown-5m-1783235700): client error (Connect): tunnel error: failed to create underlying connection: tcp connect error: Connection refused (os error 111)
[2m2026-07-05T07:15:33.849166Z[0m [33m WARN[0m [2mpm_acquisition::rtds[0m[2m:[0m RTDS erreur: connexion au proxy 127.0.0.1:45417: Connection refused (os error 111)
[2m2026-07-05T07:15:33.865447Z[0m [33m WARN[0m [2mpm_bot[0m[2m:[0m découverte gamma: requête Gamma: error sending request for url (https://gamma-api.polymarket.com/events?slug=btc-updown-5m-1783235700): client error (Connect): tunnel error: failed to create underlying connection: tcp connect error: Connection refused (os error 111)
[2m2026-07-05T07:15:38.866664Z[0m [33m WARN[0m [2mpm_bot[0m[2m:[0m découverte gamma: requête Gamma: error sending request for url (https://gamma-api.polymarket.com/events?slug=btc-updown-5m-1783235700): client error (Connect): tunnel error: failed to create underlying connection: tcp connect error: Connection refused (os error 111)
[2m2026-07-05T07:15:43.868124Z[0m [33m WARN[0m [2mpm_bot[0m[2m:[0m découverte gamma: requête Gamma: error sending request for url (https://gamma-api.polymarket.com/events?slug=btc-updown-5m-1783235700): client error (Connect): tunnel error: failed to create underlying connection: tcp connect error: Connection refused (os error 111)
[2m2026-07-05T07:15:48.849612Z[0m [33m WARN[0m [2mpm_acquisition::rtds[0m[2m:[0m RTDS erreur: connexion au proxy 127.0.0.1:45417: Connection refused (os error 111)
[2m2026-07-05T07:15:48.869026Z[0m [33m WARN[0m [2mpm_bot[0m[2m:[0m découverte gamma: requête Gamma: error sending request for url (https://gamma-api.polymarket.com/events?slug=btc-updown-5m-1783235700): client error (Connect): tunnel error: failed to create underlying connection: tcp connect error: Connection refused (os error 111)
[2m2026-07-05T07:15:53.870086Z[0m [33m WARN[0m [2mpm_bot[0m[2m:[0m découverte gamma: requête Gamma: error sending request for url (https://gamma-api.polymarket.com/events?slug=btc-updown-5m-1783235700): client error (Connect): tunnel error: failed to create underlying connection: tcp connect error: Connection refused (os error 111)
[2m2026-07-05T07:15:58.870972Z[0m [33m WARN[0m [2mpm_bot[0m[2m:[0m découverte gamma: requête Gamma: error sending request for url (https://gamma-api.polymarket.com/events?slug=btc-updown-5m-1783235700): client error (Connect): tunnel error: failed to create underlying connection: tcp connect error: Connection refused (os error 111)
[2m2026-07-05T07:16:03.850772Z[0m [33m WARN[0m [2mpm_acquisition::rtds[0m[2m:[0m RTDS erreur: connexion au proxy 127.0.0.1:45417: Connection refused (os error 111)
[2m2026-07-05T07:16:03.872054Z[0m [33m WARN[0m [2mpm_bot[0m[2m:[0m découverte gamma: requête Gamma: error sending request for url (https://gamma-api.polymarket.com/events?slug=btc-updown-5m-1783235700): client error (Connect): tunnel error: failed to create underlying connection: tcp connect error: Connection refused (os error 111)
[2m2026-07-05T07:16:08.872739Z[0m [33m WARN[0m [2mpm_bot[0m[2m:[0m découverte gamma: requête Gamma: error sending request for url (https://gamma-api.polymarket.com/events?slug=btc-updown-5m-1783235700): client error (Connect): tunnel error: failed to create underlying connection: tcp connect error: Connection refused (os error 111)
[2m2026-07-05T07:16:13.874516Z[0m [33m WARN[0m [2mpm_bot[0m[2m:[0m découverte gamma: requête Gamma: error sending request for url (https://gamma-api.polymarket.com/events?slug=btc-updown-5m-1783235700): client error (Connect): tunnel error: failed to create underlying connection: tcp connect error: Connection refused (os error 111)
[2m2026-07-05T07:16:18.852422Z[0m [33m WARN[0m [2mpm_acquisition::rtds[0m[2m:[0m RTDS erreur: connexion au proxy 127.0.0.1:45417: Connection refused (os error 111)
[2m2026-07-05T07:16:18.875888Z[0m [33m WARN[0m [2mpm_bot[0m[2m:[0m découverte gamma: requête Gamma: error sending request for url (https://gamma-api.polymarket.com/events?slug=btc-updown-5m-1783235700): client error (Connect): tunnel error: failed to create underlying connection: tcp connect error: Connection refused (os error 111)
[2m2026-07-05T07:16:23.877359Z[0m [33m WARN[0m [2mpm_bot[0m[2m:[0m découverte gamma: requête Gamma: error sending request for url (https://gamma-api.polymarket.com/events?slug=btc-updown-5m-1783235700): client error (Connect): tunnel error: failed to create underlying connection: tcp connect error: Connection refused (os error 111)
[2m2026-07-05T07:16:28.878780Z[0m [33m WARN[0m [2mpm_bot[0m[2m:[0m découverte gamma: requête Gamma: error sending request for url (https://gamma-api.polymarket.com/events?slug=btc-updown-5m-1783235700): client error (Connect): tunnel error: failed to create underlying connection: tcp connect error: Connection refused (os error 111)
[2m2026-07-05T07:16:33.853655Z[0m [33m WARN[0m [2mpm_acquisition::rtds[0m[2m:[0m RTDS erreur: connexion au proxy 127.0.0.1:45417: Connection refused (os error 111)
[2m2026-07-05T07:16:33.879939Z[0m [33m WARN[0m [2mpm_bot[0m[2m:[0m découverte gamma: requête Gamma: error sending request for url (https://gamma-api.polymarket.com/events?slug=btc-updown-5m-1783235700): client error (Connect): tunnel error: failed to create underlying connection: tcp connect error: Connection refused (os error 111)
[2m2026-07-05T07:16:38.881106Z[0m [33m WARN[0m [2mpm_bot[0m[2m:[0m découverte gamma: requête Gamma: error sending request for url (https://gamma-api.polymarket.com/events?slug=btc-updown-5m-1783235700): client error (Connect): tunnel error: failed to create underlying connection: tcp connect error: Connection refused (os error 111)
[2m2026-07-05T07:16:43.882109Z[0m [33m WARN[0m [2mpm_bot[0m[2m:[0m découverte gamma: requête Gamma: error sending request for url (https://gamma-api.polymarket.com/events?slug=btc-updown-5m-1783235700): client error (Connect): tunnel error: failed to create underlying connection: tcp connect error: Connection refused (os error 111)
[2m2026-07-05T07:16:48.855056Z[0m [33m WARN[0m [2mpm_acquisition::rtds[0m[2m:[0m RTDS erreur: connexion au proxy 127.0.0.1:45417: Connection refused (os error 111)
[2m2026-07-05T07:16:48.883360Z[0m [33m WARN[0m [2mpm_bot[0m[2m:[0m découverte gamma: requête Gamma: error sending request for url (https://gamma-api.polymarket.com/events?slug=btc-updown-5m-1783235700): client error (Connect): tunnel error: failed to create underlying connection: tcp connect error: Connection refused (os error 111)
[2m2026-07-05T07:16:53.885303Z[0m [33m WARN[0m [2mpm_bot[0m[2m:[0m découverte gamma: requête Gamma: error sending request for url (https://gamma-api.polymarket.com/events?slug=btc-updown-5m-1783235700): client error (Connect): tunnel error: failed to create underlying connection: tcp connect error: Connection refused (os error 111)
[2m2026-07-05T07:16:58.886890Z[0m [33m WARN[0m [2mpm_bot[0m[2m:[0m découverte gamma: requête Gamma: error sending request for url (https://gamma-api.polymarket.com/events?slug=btc-updown-5m-1783235700): client error (Connect): tunnel error: failed to create underlying connection: tcp connect error: Connection refused (os error 111)
[2m2026-07-05T07:17:03.856414Z[0m [33m WARN[0m [2mpm_acquisition::rtds[0m[2m:[0m RTDS erreur: connexion au proxy 127.0.0.1:45417: Connection refused (os error 111)
[2m2026-07-05T07:17:03.887823Z[0m [33m WARN[0m [2mpm_bot[0m[2m:[0m découverte gamma: requête Gamma: error sending request for url (https://gamma-api.polymarket.com/events?slug=btc-updown-5m-1783235700): client error (Connect): tunnel error: failed to create underlying connection: tcp connect error: Connection refused (os error 111)
[2m2026-07-05T07:17:08.888784Z[0m [33m WARN[0m [2mpm_bot[0m[2m:[0m découverte gamma: requête Gamma: error sending request for url (https://gamma-api.polymarket.com/events?slug=btc-updown-5m-1783235700): client error (Connect): tunnel error: failed to create underlying connection: tcp connect error: Connection refused (os error 111)
[2m2026-07-05T07:17:13.890446Z[0m [33m WARN[0m [2mpm_bot[0m[2m:[0m découverte gamma: requête Gamma: error sending request for url (https://gamma-api.polymarket.com/events?slug=btc-updown-5m-1783235700): client error (Connect): tunnel error: failed to create underlying connection: tcp connect error: Connection refused (os error 111)
[2m2026-07-05T07:17:18.857652Z[0m [33m WARN[0m [2mpm_acquisition::rtds[0m[2m:[0m RTDS erreur: connexion au proxy 127.0.0.1:45417: Connection refused (os error 111)
[2m2026-07-05T07:17:18.891956Z[0m [33m WARN[0m [2mpm_bot[0m[2m:[0m découverte gamma: requête Gamma: error sending request for url (https://gamma-api.polymarket.com/events?slug=btc-updown-5m-1783235700): client error (Connect): tunnel error: failed to create underlying connection: tcp connect error: Connection refused (os error 111)
[2m2026-07-05T07:17:23.893209Z[0m [33m WARN[0m [2mpm_bot[0m[2m:[0m découverte gamma: requête Gamma: error sending request for url (https://gamma-api.polymarket.com/events?slug=btc-updown-5m-1783235700): client error (Connect): tunnel error: failed to create underlying connection: tcp connect error: Connection refused (os error 111)
[2m2026-07-05T07:17:28.894018Z[0m [33m WARN[0m [2mpm_bot[0m[2m:[0m découverte gamma: requête Gamma: error sending request for url (https://gamma-api.polymarket.com/events?slug=btc-updown-5m-1783235700): client error (Connect): tunnel error: failed to create underlying connection: tcp connect error: Connection refused (os error 111)
[2m2026-07-05T07:17:33.858611Z[0m [33m WARN[0m [2mpm_acquisition::rtds[0m[2m:[0m RTDS erreur: connexion au proxy 127.0.0.1:45417: Connection refused (os error 111)
[2m2026-07-05T07:17:33.894985Z[0m [33m WARN[0m [2mpm_bot[0m[2m:[0m découverte gamma: requête Gamma: error sending request for url (https://gamma-api.polymarket.com/events?slug=btc-updown-5m-1783235700): client error (Connect): tunnel error: failed to create underlying connection: tcp connect error: Connection refused (os error 111)
[2m2026-07-05T07:17:38.896105Z[0m [33m WARN[0m [2mpm_bot[0m[2m:[0m découverte gamma: requête Gamma: error sending request for url (https://gamma-api.polymarket.com/events?slug=btc-updown-5m-1783235700): client error (Connect): tunnel error: failed to create underlying connection: tcp connect error: Connection refused (os error 111)
[2m2026-07-05T07:17:43.896948Z[0m [33m WARN[0m [2mpm_bot[0m[2m:[0m découverte gamma: requête Gamma: error sending request for url (https://gamma-api.polymarket.com/events?slug=btc-updown-5m-1783235700): client error (Connect): tunnel error: failed to create underlying connection: tcp connect error: Connection refused (os error 111)
[2m2026-07-05T07:17:48.860027Z[0m [33m WARN[0m [2mpm_acquisition::rtds[0m[2m:[0m RTDS erreur: connexion au proxy 127.0.0.1:45417: Connection refused (os error 111)
[2m2026-07-05T07:17:48.898325Z[0m [33m WARN[0m [2mpm_bot[0m[2m:[0m découverte gamma: requête Gamma: error sending request for url (https://gamma-api.polymarket.com/events?slug=btc-updown-5m-1783235700): client error (Connect): tunnel error: failed to create underlying connection: tcp connect error: Connection refused (os error 111)
[2m2026-07-05T07:17:53.900215Z[0m [33m WARN[0m [2mpm_bot[0m[2m:[0m découverte gamma: requête Gamma: error sending request for url (https://gamma-api.polymarket.com/events?slug=btc-updown-5m-1783235700): client error (Connect): tunnel error: failed to create underlying connection: tcp connect error: Connection refused (os error 111)
[2m2026-07-05T07:17:58.900806Z[0m [33m WARN[0m [2mpm_bot[0m[2m:[0m découverte gamma: requête Gamma: error sending request for url (https://gamma-api.polymarket.com/events?slug=btc-updown-5m-1783235700): client error (Connect): tunnel error: failed to create underlying connection: tcp connect error: Connection refused (os error 111)
[2m2026-07-05T07:18:03.860795Z[0m [33m WARN[0m [2mpm_acquisition::rtds[0m[2m:[0m RTDS erreur: connexion au proxy 127.0.0.1:45417: Connection refused (os error 111)
[2m2026-07-05T07:18:03.902180Z[0m [33m WARN[0m [2mpm_bot[0m[2m:[0m découverte gamma: requête Gamma: error sending request for url (https://gamma-api.polymarket.com/events?slug=btc-updown-5m-1783235700): client error (Connect): tunnel error: failed to create underlying connection: tcp connect error: Connection refused (os error 111)
[2m2026-07-05T07:18:08.903034Z[0m [33m WARN[0m [2mpm_bot[0m[2m:[0m découverte gamma: requête Gamma: error sending request for url (https://gamma-api.polymarket.com/events?slug=btc-updown-5m-1783235700): client error (Connect): tunnel error: failed to create underlying connection: tcp connect error: Connection refused (os error 111)
[2m2026-07-05T07:18:13.904129Z[0m [33m WARN[0m [2mpm_bot[0m[2m:[0m découverte gamma: requête Gamma: error sending request for url (https://gamma-api.polymarket.com/events?slug=btc-updown-5m-1783235700): client error (Connect): tunnel error: failed to create underlying connection: tcp connect error: Connection refused (os error 111)
[2m2026-07-05T07:18:18.862327Z[0m [33m WARN[0m [2mpm_acquisition::rtds[0m[2m:[0m RTDS erreur: connexion au proxy 127.0.0.1:45417: Connection refused (os error 111)
[2m2026-07-05T07:18:18.904787Z[0m [33m WARN[0m [2mpm_bot[0m[2m:[0m découverte gamma: requête Gamma: error sending request for url (https://gamma-api.polymarket.com/events?slug=btc-updown-5m-1783235700): client error (Connect): tunnel error: failed to create underlying connection: tcp connect error: Connection refused (os error 111)
[2m2026-07-05T07:18:23.905809Z[0m [33m WARN[0m [2mpm_bot[0m[2m:[0m découverte gamma: requête Gamma: error sending request for url (https://gamma-api.polymarket.com/events?slug=btc-updown-5m-1783235700): client error (Connect): tunnel error: failed to create underlying connection: tcp connect error: Connection refused (os error 111)
[2m2026-07-05T07:18:28.906819Z[0m [33m WARN[0m [2mpm_bot[0m[2m:[0m découverte gamma: requête Gamma: error sending request for url (https://gamma-api.polymarket.com/events?slug=btc-updown-5m-1783235700): client error (Connect): tunnel error: failed to create underlying connection: tcp connect error: Connection refused (os error 111)
[2m2026-07-05T07:18:33.864374Z[0m [33m WARN[0m [2mpm_acquisition::rtds[0m[2m:[0m RTDS erreur: connexion au proxy 127.0.0.1:45417: Connection refused (os error 111)
[2m2026-07-05T07:18:33.907686Z[0m [33m WARN[0m [2mpm_bot[0m[2m:[0m découverte gamma: requête Gamma: error sending request for url (https://gamma-api.polymarket.com/events?slug=btc-updown-5m-1783235700): client error (Connect): tunnel error: failed to create underlying connection: tcp connect error: Connection refused (os error 111)
[2m2026-07-05T07:18:38.908965Z[0m [33m WARN[0m [2mpm_bot[0m[2m:[0m découverte gamma: requête Gamma: error sending request for url (https://gamma-api.polymarket.com/events?slug=btc-updown-5m-1783235700): client error (Connect): tunnel error: failed to create underlying connection: tcp connect error: Connection refused (os error 111)
[2m2026-07-05T07:18:43.909790Z[0m [33m WARN[0m [2mpm_bot[0m[2m:[0m découverte gamma: requête Gamma: error sending request for url (https://gamma-api.polymarket.com/events?slug=btc-updown-5m-1783235700): client error (Connect): tunnel error: failed to create underlying connection: tcp connect error: Connection refused (os error 111)
[2m2026-07-05T07:18:48.866167Z[0m [33m WARN[0m [2mpm_acquisition::rtds[0m[2m:[0m RTDS erreur: connexion au proxy 127.0.0.1:45417: Connection refused (os error 111)
[2m2026-07-05T07:18:48.911550Z[0m [33m WARN[0m [2mpm_bot[0m[2m:[0m découverte gamma: requête Gamma: error sending request for url (https://gamma-api.polymarket.com/events?slug=btc-updown-5m-1783235700): client error (Connect): tunnel error: failed to create underlying connection: tcp connect error: Connection refused (os error 111)
[2m2026-07-05T07:18:53.912630Z[0m [33m WARN[0m [2mpm_bot[0m[2m:[0m découverte gamma: requête Gamma: error sending request for url (https://gamma-api.polymarket.com/events?slug=btc-updown-5m-1783235700): client error (Connect): tunnel error: failed to create underlying connection: tcp connect error: Connection refused (os error 111)
[2m2026-07-05T07:18:58.913833Z[0m [33m WARN[0m [2mpm_bot[0m[2m:[0m découverte gamma: requête Gamma: error sending request for url (https://gamma-api.polymarket.com/events?slug=btc-updown-5m-1783235700): client error (Connect): tunnel error: failed to create underlying connection: tcp connect error: Connection refused (os error 111)
[2m2026-07-05T07:19:03.866703Z[0m [33m WARN[0m [2mpm_acquisition::rtds[0m[2m:[0m RTDS erreur: connexion au proxy 127.0.0.1:45417: Connection refused (os error 111)
[2m2026-07-05T07:19:03.914981Z[0m [33m WARN[0m [2mpm_bot[0m[2m:[0m découverte gamma: requête Gamma: error sending request for url (https://gamma-api.polymarket.com/events?slug=btc-updown-5m-1783235700): client error (Connect): tunnel error: failed to create underlying connection: tcp connect error: Connection refused (os error 111)
[2m2026-07-05T07:19:08.915799Z[0m [33m WARN[0m [2mpm_bot[0m[2m:[0m découverte gamma: requête Gamma: error sending request for url (https://gamma-api.polymarket.com/events?slug=btc-updown-5m-1783235700): client error (Connect): tunnel error: failed to create underlying connection: tcp connect error: Connection refused (os error 111)
[2m2026-07-05T07:19:13.917557Z[0m [33m WARN[0m [2mpm_bot[0m[2m:[0m découverte gamma: requête Gamma: error sending request for url (https://gamma-api.polymarket.com/events?slug=btc-updown-5m-1783235700): client error (Connect): tunnel error: failed to create underlying connection: tcp connect error: Connection refused (os error 111)
[2m2026-07-05T07:19:18.868487Z[0m [33m WARN[0m [2mpm_acquisition::rtds[0m[2m:[0m RTDS erreur: connexion au proxy 127.0.0.1:45417: Connection refused (os error 111)
[2m2026-07-05T07:19:18.919013Z[0m [33m WARN[0m [2mpm_bot[0m[2m:[0m découverte gamma: requête Gamma: error sending request for url (https://gamma-api.polymarket.com/events?slug=btc-updown-5m-1783235700): client error (Connect): tunnel error: failed to create underlying connection: tcp connect error: Connection refused (os error 111)
[2m2026-07-05T07:19:23.920684Z[0m [33m WARN[0m [2mpm_bot[0m[2m:[0m découverte gamma: requête Gamma: error sending request for url (https://gamma-api.polymarket.com/events?slug=btc-updown-5m-1783235700): client error (Connect): tunnel error: failed to create underlying connection: tcp connect error: Connection refused (os error 111)
[2m2026-07-05T07:19:28.922021Z[0m [33m WARN[0m [2mpm_bot[0m[2m:[0m découverte gamma: requête Gamma: error sending request for url (https://gamma-api.polymarket.com/events?slug=btc-updown-5m-1783235700): client error (Connect): tunnel error: failed to create underlying connection: tcp connect error: Connection refused (os error 111)
[2m2026-07-05T07:19:33.869969Z[0m [33m WARN[0m [2mpm_acquisition::rtds[0m[2m:[0m RTDS erreur: connexion au proxy 127.0.0.1:45417: Connection refused (os error 111)
[2m2026-07-05T07:19:33.923333Z[0m [33m WARN[0m [2mpm_bot[0m[2m:[0m découverte gamma: requête Gamma: error sending request for url (https://gamma-api.polymarket.com/events?slug=btc-updown-5m-1783235700): client error (Connect): tunnel error: failed to create underlying connection: tcp connect error: Connection refused (os error 111)
[2m2026-07-05T07:19:38.925393Z[0m [33m WARN[0m [2mpm_bot[0m[2m:[0m découverte gamma: requête Gamma: error sending request for url (https://gamma-api.polymarket.com/events?slug=btc-updown-5m-1783235700): client error (Connect): tunnel error: failed to create underlying connection: tcp connect error: Connection refused (os error 111)
[2m2026-07-05T07:19:43.927238Z[0m [33m WARN[0m [2mpm_bot[0m[2m:[0m découverte gamma: requête Gamma: error sending request for url (https://gamma-api.polymarket.com/events?slug=btc-updown-5m-1783235700): client error (Connect): tunnel error: failed to create underlying connection: tcp connect error: Connection refused (os error 111)
[2m2026-07-05T07:19:48.871331Z[0m [33m WARN[0m [2mpm_acquisition::rtds[0m[2m:[0m RTDS erreur: connexion au proxy 127.0.0.1:45417: Connection refused (os error 111)
[2m2026-07-05T07:19:48.927728Z[0m [33m WARN[0m [2mpm_bot[0m[2m:[0m découverte gamma: requête Gamma: error sending request for url (https://gamma-api.polymarket.com/events?slug=btc-updown-5m-1783235700): client error (Connect): tunnel error: failed to create underlying connection: tcp connect error: Connection refused (os error 111)
[2m2026-07-05T07:19:53.929090Z[0m [33m WARN[0m [2mpm_bot[0m[2m:[0m découverte gamma: requête Gamma: error sending request for url (https://gamma-api.polymarket.com/events?slug=btc-updown-5m-1783235700): client error (Connect): tunnel error: failed to create underlying connection: tcp connect error: Connection refused (os error 111)
[2m2026-07-05T07:19:58.930300Z[0m [33m WARN[0m [2mpm_bot[0m[2m:[0m découverte gamma: requête Gamma: error sending request for url (https://gamma-api.polymarket.com/events?slug=btc-updown-5m-1783235700): client error (Connect): tunnel error: failed to create underlying connection: tcp connect error: Connection refused (os error 111)
[2m2026-07-05T07:20:03.873424Z[0m [33m WARN[0m [2mpm_acquisition::rtds[0m[2m:[0m RTDS erreur: connexion au proxy 127.0.0.1:45417: Connection refused (os error 111)
[2m2026-07-05T07:20:03.931819Z[0m [33m WARN[0m [2mpm_bot[0m[2m:[0m découverte gamma: requête Gamma: error sending request for url (https://gamma-api.polymarket.com/events?slug=btc-updown-5m-1783236000): client error (Connect): tunnel error: failed to create underlying connection: tcp connect error: Connection refused (os error 111)
[2m2026-07-05T07:20:08.933096Z[0m [33m WARN[0m [2mpm_bot[0m[2m:[0m découverte gamma: requête Gamma: error sending request for url (https://gamma-api.polymarket.com/events?slug=btc-updown-5m-1783236000): client error (Connect): tunnel error: failed to create underlying connection: tcp connect error: Connection refused (os error 111)
[2m2026-07-05T07:20:13.934408Z[0m [33m WARN[0m [2mpm_bot[0m[2m:[0m découverte gamma: requête Gamma: error sending request for url (https://gamma-api.polymarket.com/events?slug=btc-updown-5m-1783236000): client error (Connect): tunnel error: failed to create underlying connection: tcp connect error: Connection refused (os error 111)
[2m2026-07-05T07:20:18.875286Z[0m [33m WARN[0m [2mpm_acquisition::rtds[0m[2m:[0m RTDS erreur: connexion au proxy 127.0.0.1:45417: Connection refused (os error 111)
[2m2026-07-05T07:20:18.935762Z[0m [33m WARN[0m [2mpm_bot[0m[2m:[0m découverte gamma: requête Gamma: error sending request for url (https://gamma-api.polymarket.com/events?slug=btc-updown-5m-1783236000): client error (Connect): tunnel error: failed to create underlying connection: tcp connect error: Connection refused (os error 111)
[2m2026-07-05T07:20:23.936683Z[0m [33m WARN[0m [2mpm_bot[0m[2m:[0m découverte gamma: requête Gamma: error sending request for url (https://gamma-api.polymarket.com/events?slug=btc-updown-5m-1783236000): client error (Connect): tunnel error: failed to create underlying connection: tcp connect error: Connection refused (os error 111)
[2m2026-07-05T07:20:28.937967Z[0m [33m WARN[0m [2mpm_bot[0m[2m:[0m découverte gamma: requête Gamma: error sending request for url (https://gamma-api.polymarket.com/events?slug=btc-updown-5m-1783236000): client error (Connect): tunnel error: failed to create underlying connection: tcp connect error: Connection refused (os error 111)
[2m2026-07-05T07:20:33.877048Z[0m [33m WARN[0m [2mpm_acquisition::rtds[0m[2m:[0m RTDS erreur: connexion au proxy 127.0.0.1:45417: Connection refused (os error 111)
[2m2026-07-05T07:20:33.939546Z[0m [33m WARN[0m [2mpm_bot[0m[2m:[0m découverte gamma: requête Gamma: error sending request for url (https://gamma-api.polymarket.com/events?slug=btc-updown-5m-1783236000): client error (Connect): tunnel error: failed to create underlying connection: tcp connect error: Connection refused (os error 111)
[2m2026-07-05T07:20:38.940689Z[0m [33m WARN[0m [2mpm_bot[0m[2m:[0m découverte gamma: requête Gamma: error sending request for url (https://gamma-api.polymarket.com/events?slug=btc-updown-5m-1783236000): client error (Connect): tunnel error: failed to create underlying connection: tcp connect error: Connection refused (os error 111)
[2m2026-07-05T07:20:43.941723Z[0m [33m WARN[0m [2mpm_bot[0m[2m:[0m découverte gamma: requête Gamma: error sending request for url (https://gamma-api.polymarket.com/events?slug=btc-updown-5m-1783236000): client error (Connect): tunnel error: failed to create underlying connection: tcp connect error: Connection refused (os error 111)
[2m2026-07-05T07:20:48.878281Z[0m [33m WARN[0m [2mpm_acquisition::rtds[0m[2m:[0m RTDS erreur: connexion au proxy 127.0.0.1:45417: Connection refused (os error 111)
[2m2026-07-05T07:20:48.942658Z[0m [33m WARN[0m [2mpm_bot[0m[2m:[0m découverte gamma: requête Gamma: error sending request for url (https://gamma-api.polymarket.com/events?slug=btc-updown-5m-1783236000): client error (Connect): tunnel error: failed to create underlying connection: tcp connect error: Connection refused (os error 111)
[2m2026-07-05T07:20:53.944593Z[0m [33m WARN[0m [2mpm_bot[0m[2m:[0m découverte gamma: requête Gamma: error sending request for url (https://gamma-api.polymarket.com/events?slug=btc-updown-5m-1783236000): client error (Connect): tunnel error: failed to create underlying connection: tcp connect error: Connection refused (os error 111)
[2m2026-07-05T07:20:58.946312Z[0m [33m WARN[0m [2mpm_bot[0m[2m:[0m découverte gamma: requête Gamma: error sending request for url (https://gamma-api.polymarket.com/events?slug=btc-updown-5m-1783236000): client error (Connect): tunnel error: failed to create underlying connection: tcp connect error: Connection refused (os error 111)
[2m2026-07-05T07:21:03.878671Z[0m [33m WARN[0m [2mpm_acquisition::rtds[0m[2m:[0m RTDS erreur: connexion au proxy 127.0.0.1:45417: Connection refused (os error 111)
[2m2026-07-05T07:21:03.948122Z[0m [33m WARN[0m [2mpm_bot[0m[2m:[0m découverte gamma: requête Gamma: error sending request for url (https://gamma-api.polymarket.com/events?slug=btc-updown-5m-1783236000): client error (Connect): tunnel error: failed to create underlying connection: tcp connect error: Connection refused (os error 111)
[2m2026-07-05T07:21:08.949179Z[0m [33m WARN[0m [2mpm_bot[0m[2m:[0m découverte gamma: requête Gamma: error sending request for url (https://gamma-api.polymarket.com/events?slug=btc-updown-5m-1783236000): client error (Connect): tunnel error: failed to create underlying connection: tcp connect error: Connection refused (os error 111)
[2m2026-07-05T07:21:13.950532Z[0m [33m WARN[0m [2mpm_bot[0m[2m:[0m découverte gamma: requête Gamma: error sending request for url (https://gamma-api.polymarket.com/events?slug=btc-updown-5m-1783236000): client error (Connect): tunnel error: failed to create underlying connection: tcp connect error: Connection refused (os error 111)
[2m2026-07-05T07:21:18.879547Z[0m [33m WARN[0m [2mpm_acquisition::rtds[0m[2m:[0m RTDS erreur: connexion au proxy 127.0.0.1:45417: Connection refused (os error 111)
[2m2026-07-05T07:21:18.951956Z[0m [33m WARN[0m [2mpm_bot[0m[2m:[0m découverte gamma: requête Gamma: error sending request for url (https://gamma-api.polymarket.com/events?slug=btc-updown-5m-1783236000): client error (Connect): tunnel error: failed to create underlying connection: tcp connect error: Connection refused (os error 111)
[2m2026-07-05T07:21:23.953423Z[0m [33m WARN[0m [2mpm_bot[0m[2m:[0m découverte gamma: requête Gamma: error sending request for url (https://gamma-api.polymarket.com/events?slug=btc-updown-5m-1783236000): client error (Connect): tunnel error: failed to create underlying connection: tcp connect error: Connection refused (os error 111)
[2m2026-07-05T07:21:28.954867Z[0m [33m WARN[0m [2mpm_bot[0m[2m:[0m découverte gamma: requête Gamma: error sending request for url (https://gamma-api.polymarket.com/events?slug=btc-updown-5m-1783236000): client error (Connect): tunnel error: failed to create underlying connection: tcp connect error: Connection refused (os error 111)
[2m2026-07-05T07:21:33.881304Z[0m [33m WARN[0m [2mpm_acquisition::rtds[0m[2m:[0m RTDS erreur: connexion au proxy 127.0.0.1:45417: Connection refused (os error 111)
[2m2026-07-05T07:21:33.955848Z[0m [33m WARN[0m [2mpm_bot[0m[2m:[0m découverte gamma: requête Gamma: error sending request for url (https://gamma-api.polymarket.com/events?slug=btc-updown-5m-1783236000): client error (Connect): tunnel error: failed to create underlying connection: tcp connect error: Connection refused (os error 111)
[2m2026-07-05T07:21:38.956796Z[0m [33m WARN[0m [2mpm_bot[0m[2m:[0m découverte gamma: requête Gamma: error sending request for url (https://gamma-api.polymarket.com/events?slug=btc-updown-5m-1783236000): client error (Connect): tunnel error: failed to create underlying connection: tcp connect error: Connection refused (os error 111)
[2m2026-07-05T07:21:43.958012Z[0m [33m WARN[0m [2mpm_bot[0m[2m:[0m découverte gamma: requête Gamma: error sending request for url (https://gamma-api.polymarket.com/events?slug=btc-updown-5m-1783236000): client error (Connect): tunnel error: failed to create underlying connection: tcp connect error: Connection refused (os error 111)
[2m2026-07-05T07:21:48.883054Z[0m [33m WARN[0m [2mpm_acquisition::rtds[0m[2m:[0m RTDS erreur: connexion au proxy 127.0.0.1:45417: Connection refused (os error 111)
[2m2026-07-05T07:21:48.959447Z[0m [33m WARN[0m [2mpm_bot[0m[2m:[0m découverte gamma: requête Gamma: error sending request for url (https://gamma-api.polymarket.com/events?slug=btc-updown-5m-1783236000): client error (Connect): tunnel error: failed to create underlying connection: tcp connect error: Connection refused (os error 111)
[2m2026-07-05T07:21:53.960752Z[0m [33m WARN[0m [2mpm_bot[0m[2m:[0m découverte gamma: requête Gamma: error sending request for url (https://gamma-api.polymarket.com/events?slug=btc-updown-5m-1783236000): client error (Connect): tunnel error: failed to create underlying connection: tcp connect error: Connection refused (os error 111)
[2m2026-07-05T07:21:58.962405Z[0m [33m WARN[0m [2mpm_bot[0m[2m:[0m découverte gamma: requête Gamma: error sending request for url (https://gamma-api.polymarket.com/events?slug=btc-updown-5m-1783236000): client error (Connect): tunnel error: failed to create underlying connection: tcp connect error: Connection refused (os error 111)
[2m2026-07-05T07:22:03.883769Z[0m [33m WARN[0m [2mpm_acquisition::rtds[0m[2m:[0m RTDS erreur: connexion au proxy 127.0.0.1:45417: Connection refused (os error 111)
[2m2026-07-05T07:22:03.964197Z[0m [33m WARN[0m [2mpm_bot[0m[2m:[0m découverte gamma: requête Gamma: error sending request for url (https://gamma-api.polymarket.com/events?slug=btc-updown-5m-1783236000): client error (Connect): tunnel error: failed to create underlying connection: tcp connect error: Connection refused (os error 111)
[2m2026-07-05T07:22:08.965621Z[0m [33m WARN[0m [2mpm_bot[0m[2m:[0m découverte gamma: requête Gamma: error sending request for url (https://gamma-api.polymarket.com/events?slug=btc-updown-5m-1783236000): client error (Connect): tunnel error: failed to create underlying connection: tcp connect error: Connection refused (os error 111)
[2m2026-07-05T07:22:13.967260Z[0m [33m WARN[0m [2mpm_bot[0m[2m:[0m découverte gamma: requête Gamma: error sending request for url (https://gamma-api.polymarket.com/events?slug=btc-updown-5m-1783236000): client error (Connect): tunnel error: failed to create underlying connection: tcp connect error: Connection refused (os error 111)
[2m2026-07-05T07:22:18.885494Z[0m [33m WARN[0m [2mpm_acquisition::rtds[0m[2m:[0m RTDS erreur: connexion au proxy 127.0.0.1:45417: Connection refused (os error 111)
[2m2026-07-05T07:22:18.967889Z[0m [33m WARN[0m [2mpm_bot[0m[2m:[0m découverte gamma: requête Gamma: error sending request for url (https://gamma-api.polymarket.com/events?slug=btc-updown-5m-1783236000): client error (Connect): tunnel error: failed to create underlying connection: tcp connect error: Connection refused (os error 111)
[2m2026-07-05T07:22:23.968954Z[0m [33m WARN[0m [2mpm_bot[0m[2m:[0m découverte gamma: requête Gamma: error sending request for url (https://gamma-api.polymarket.com/events?slug=btc-updown-5m-1783236000): client error (Connect): tunnel error: failed to create underlying connection: tcp connect error: Connection refused (os error 111)
[2m2026-07-05T07:22:28.970155Z[0m [33m WARN[0m [2mpm_bot[0m[2m:[0m découverte gamma: requête Gamma: error sending request for url (https://gamma-api.polymarket.com/events?slug=btc-updown-5m-1783236000): client error (Connect): tunnel error: failed to create underlying connection: tcp connect error: Connection refused (os error 111)
[2m2026-07-05T07:22:33.887232Z[0m [33m WARN[0m [2mpm_acquisition::rtds[0m[2m:[0m RTDS erreur: connexion au proxy 127.0.0.1:45417: Connection refused (os error 111)
[2m2026-07-05T07:22:33.970662Z[0m [33m WARN[0m [2mpm_bot[0m[2m:[0m découverte gamma: requête Gamma: error sending request for url (https://gamma-api.polymarket.com/events?slug=btc-updown-5m-1783236000): client error (Connect): tunnel error: failed to create underlying connection: tcp connect error: Connection refused (os error 111)
[2m2026-07-05T07:22:38.971740Z[0m [33m WARN[0m [2mpm_bot[0m[2m:[0m découverte gamma: requête Gamma: error sending request for url (https://gamma-api.polymarket.com/events?slug=btc-updown-5m-1783236000): client error (Connect): tunnel error: failed to create underlying connection: tcp connect error: Connection refused (os error 111)
[2m2026-07-05T07:22:43.972845Z[0m [33m WARN[0m [2mpm_bot[0m[2m:[0m découverte gamma: requête Gamma: error sending request for url (https://gamma-api.polymarket.com/events?slug=btc-updown-5m-1783236000): client error (Connect): tunnel error: failed to create underlying connection: tcp connect error: Connection refused (os error 111)
[2m2026-07-05T07:22:48.887959Z[0m [33m WARN[0m [2mpm_acquisition::rtds[0m[2m:[0m RTDS erreur: connexion au proxy 127.0.0.1:45417: Connection refused (os error 111)
[2m2026-07-05T07:22:48.974365Z[0m [33m WARN[0m [2mpm_bot[0m[2m:[0m découverte gamma: requête Gamma: error sending request for url (https://gamma-api.polymarket.com/events?slug=btc-updown-5m-1783236000): client error (Connect): tunnel error: failed to create underlying connection: tcp connect error: Connection refused (os error 111)
[2m2026-07-05T07:22:53.976485Z[0m [33m WARN[0m [2mpm_bot[0m[2m:[0m découverte gamma: requête Gamma: error sending request for url (https://gamma-api.polymarket.com/events?slug=btc-updown-5m-1783236000): client error (Connect): tunnel error: failed to create underlying connection: tcp connect error: Connection refused (os error 111)
[2m2026-07-05T07:22:58.977687Z[0m [33m WARN[0m [2mpm_bot[0m[2m:[0m découverte gamma: requête Gamma: error sending request for url (https://gamma-api.polymarket.com/events?slug=btc-updown-5m-1783236000): client error (Connect): tunnel error: failed to create underlying connection: tcp connect error: Connection refused (os error 111)
[2m2026-07-05T07:23:03.889018Z[0m [33m WARN[0m [2mpm_acquisition::rtds[0m[2m:[0m RTDS erreur: connexion au proxy 127.0.0.1:45417: Connection refused (os error 111)
[2m2026-07-05T07:23:03.979450Z[0m [33m WARN[0m [2mpm_bot[0m[2m:[0m découverte gamma: requête Gamma: error sending request for url (https://gamma-api.polymarket.com/events?slug=btc-updown-5m-1783236000): client error (Connect): tunnel error: failed to create underlying connection: tcp connect error: Connection refused (os error 111)
[2m2026-07-05T07:23:08.981424Z[0m [33m WARN[0m [2mpm_bot[0m[2m:[0m découverte gamma: requête Gamma: error sending request for url (https://gamma-api.polymarket.com/events?slug=btc-updown-5m-1783236000): client error (Connect): tunnel error: failed to create underlying connection: tcp connect error: Connection refused (os error 111)
[2m2026-07-05T07:23:13.983453Z[0m [33m WARN[0m [2mpm_bot[0m[2m:[0m découverte gamma: requête Gamma: error sending request for url (https://gamma-api.polymarket.com/events?slug=btc-updown-5m-1783236000): client error (Connect): tunnel error: failed to create underlying connection: tcp connect error: Connection refused (os error 111)
[2m2026-07-05T07:23:18.889640Z[0m [33m WARN[0m [2mpm_acquisition::rtds[0m[2m:[0m RTDS erreur: connexion au proxy 127.0.0.1:45417: Connection refused (os error 111)
[2m2026-07-05T07:23:18.985176Z[0m [33m WARN[0m [2mpm_bot[0m[2m:[0m découverte gamma: requête Gamma: error sending request for url (https://gamma-api.polymarket.com/events?slug=btc-updown-5m-1783236000): client error (Connect): tunnel error: failed to create underlying connection: tcp connect error: Connection refused (os error 111)
[2m2026-07-05T07:23:23.985904Z[0m [33m WARN[0m [2mpm_bot[0m[2m:[0m découverte gamma: requête Gamma: error sending request for url (https://gamma-api.polymarket.com/events?slug=btc-updown-5m-1783236000): client error (Connect): tunnel error: failed to create underlying connection: tcp connect error: Connection refused (os error 111)
[2m2026-07-05T07:23:28.987136Z[0m [33m WARN[0m [2mpm_bot[0m[2m:[0m découverte gamma: requête Gamma: error sending request for url (https://gamma-api.polymarket.com/events?slug=btc-updown-5m-1783236000): client error (Connect): tunnel error: failed to create underlying connection: tcp connect error: Connection refused (os error 111)
[2m2026-07-05T07:23:33.891167Z[0m [33m WARN[0m [2mpm_acquisition::rtds[0m[2m:[0m RTDS erreur: connexion au proxy 127.0.0.1:45417: Connection refused (os error 111)
[2m2026-07-05T07:23:33.988602Z[0m [33m WARN[0m [2mpm_bot[0m[2m:[0m découverte gamma: requête Gamma: error sending request for url (https://gamma-api.polymarket.com/events?slug=btc-updown-5m-1783236000): client error (Connect): tunnel error: failed to create underlying connection: tcp connect error: Connection refused (os error 111)
[2m2026-07-05T07:23:38.990122Z[0m [33m WARN[0m [2mpm_bot[0m[2m:[0m découverte gamma: requête Gamma: error sending request for url (https://gamma-api.polymarket.com/events?slug=btc-updown-5m-1783236000): client error (Connect): tunnel error: failed to create underlying connection: tcp connect error: Connection refused (os error 111)
[2m2026-07-05T07:23:43.991131Z[0m [33m WARN[0m [2mpm_bot[0m[2m:[0m découverte gamma: requête Gamma: error sending request for url (https://gamma-api.polymarket.com/events?slug=btc-updown-5m-1783236000): client error (Connect): tunnel error: failed to create underlying connection: tcp connect error: Connection refused (os error 111)
[2m2026-07-05T07:23:48.892313Z[0m [33m WARN[0m [2mpm_acquisition::rtds[0m[2m:[0m RTDS erreur: connexion au proxy 127.0.0.1:45417: Connection refused (os error 111)
[2m2026-07-05T07:23:48.991771Z[0m [33m WARN[0m [2mpm_bot[0m[2m:[0m découverte gamma: requête Gamma: error sending request for url (https://gamma-api.polymarket.com/events?slug=btc-updown-5m-1783236000): client error (Connect): tunnel error: failed to create underlying connection: tcp connect error: Connection refused (os error 111)
[2m2026-07-05T07:23:53.993179Z[0m [33m WARN[0m [2mpm_bot[0m[2m:[0m découverte gamma: requête Gamma: error sending request for url (https://gamma-api.polymarket.com/events?slug=btc-updown-5m-1783236000): client error (Connect): tunnel error: failed to create underlying connection: tcp connect error: Connection refused (os error 111)
[2m2026-07-05T07:23:58.993891Z[0m [33m WARN[0m [2mpm_bot[0m[2m:[0m découverte gamma: requête Gamma: error sending request for url (https://gamma-api.polymarket.com/events?slug=btc-updown-5m-1783236000): client error (Connect): tunnel error: failed to create underlying connection: tcp connect error: Connection refused (os error 111)
[2m2026-07-05T07:24:03.893698Z[0m [33m WARN[0m [2mpm_acquisition::rtds[0m[2m:[0m RTDS erreur: connexion au proxy 127.0.0.1:45417: Connection refused (os error 111)
[2m2026-07-05T07:24:03.995157Z[0m [33m WARN[0m [2mpm_bot[0m[2m:[0m découverte gamma: requête Gamma: error sending request for url (https://gamma-api.polymarket.com/events?slug=btc-updown-5m-1783236000): client error (Connect): tunnel error: failed to create underlying connection: tcp connect error: Connection refused (os error 111)
[2m2026-07-05T07:24:08.996546Z[0m [33m WARN[0m [2mpm_bot[0m[2m:[0m découverte gamma: requête Gamma: error sending request for url (https://gamma-api.polymarket.com/events?slug=btc-updown-5m-1783236000): client error (Connect): tunnel error: failed to create underlying connection: tcp connect error: Connection refused (os error 111)
[2m2026-07-05T07:24:13.997934Z[0m [33m WARN[0m [2mpm_bot[0m[2m:[0m découverte gamma: requête Gamma: error sending request for url (https://gamma-api.polymarket.com/events?slug=btc-updown-5m-1783236000): client error (Connect): tunnel error: failed to create underlying connection: tcp connect error: Connection refused (os error 111)
[2m2026-07-05T07:24:18.894992Z[0m [33m WARN[0m [2mpm_acquisition::rtds[0m[2m:[0m RTDS erreur: connexion au proxy 127.0.0.1:45417: Connection refused (os error 111)
[2m2026-07-05T07:24:18.999352Z[0m [33m WARN[0m [2mpm_bot[0m[2m:[0m découverte gamma: requête Gamma: error sending request for url (https://gamma-api.polymarket.com/events?slug=btc-updown-5m-1783236000): client error (Connect): tunnel error: failed to create underlying connection: tcp connect error: Connection refused (os error 111)
[2m2026-07-05T07:24:24.001602Z[0m [33m WARN[0m [2mpm_bot[0m[2m:[0m découverte gamma: requête Gamma: error sending request for url (https://gamma-api.polymarket.com/events?slug=btc-updown-5m-1783236000): client error (Connect): tunnel error: failed to create underlying connection: tcp connect error: Connection refused (os error 111)
[2m2026-07-05T07:24:29.003526Z[0m [33m WARN[0m [2mpm_bot[0m[2m:[0m découverte gamma: requête Gamma: error sending request for url (https://gamma-api.polymarket.com/events?slug=btc-updown-5m-1783236000): client error (Connect): tunnel error: failed to create underlying connection: tcp connect error: Connection refused (os error 111)
[2m2026-07-05T07:24:33.895638Z[0m [33m WARN[0m [2mpm_acquisition::rtds[0m[2m:[0m RTDS erreur: connexion au proxy 127.0.0.1:45417: Connection refused (os error 111)
[2m2026-07-05T07:24:34.005106Z[0m [33m WARN[0m [2mpm_bot[0m[2m:[0m découverte gamma: requête Gamma: error sending request for url (https://gamma-api.polymarket.com/events?slug=btc-updown-5m-1783236000): client error (Connect): tunnel error: failed to create underlying connection: tcp connect error: Connection refused (os error 111)
[2m2026-07-05T07:24:39.006366Z[0m [33m WARN[0m [2mpm_bot[0m[2m:[0m découverte gamma: requête Gamma: error sending request for url (https://gamma-api.polymarket.com/events?slug=btc-updown-5m-1783236000): client error (Connect): tunnel error: failed to create underlying connection: tcp connect error: Connection refused (os error 111)
[2m2026-07-05T07:24:44.007803Z[0m [33m WARN[0m [2mpm_bot[0m[2m:[0m découverte gamma: requête Gamma: error sending request for url (https://gamma-api.polymarket.com/events?slug=btc-updown-5m-1783236000): client error (Connect): tunnel error: failed to create underlying connection: tcp connect error: Connection refused (os error 111)
[2m2026-07-05T07:24:48.897296Z[0m [33m WARN[0m [2mpm_acquisition::rtds[0m[2m:[0m RTDS erreur: connexion au proxy 127.0.0.1:45417: Connection refused (os error 111)
[2m2026-07-05T07:24:49.008803Z[0m [33m WARN[0m [2mpm_bot[0m[2m:[0m découverte gamma: requête Gamma: error sending request for url (https://gamma-api.polymarket.com/events?slug=btc-updown-5m-1783236000): client error (Connect): tunnel error: failed to create underlying connection: tcp connect error: Connection refused (os error 111)
[2m2026-07-05T07:24:54.009833Z[0m [33m WARN[0m [2mpm_bot[0m[2m:[0m découverte gamma: requête Gamma: error sending request for url (https://gamma-api.polymarket.com/events?slug=btc-updown-5m-1783236000): client error (Connect): tunnel error: failed to create underlying connection: tcp connect error: Connection refused (os error 111)
[2m2026-07-05T07:24:59.010985Z[0m [33m WARN[0m [2mpm_bot[0m[2m:[0m découverte gamma: requête Gamma: error sending request for url (https://gamma-api.polymarket.com/events?slug=btc-updown-5m-1783236000): client error (Connect): tunnel error: failed to create underlying connection: tcp connect error: Connection refused (os error 111)
[2m2026-07-05T07:25:03.899078Z[0m [33m WARN[0m [2mpm_acquisition::rtds[0m[2m:[0m RTDS erreur: connexion au proxy 127.0.0.1:45417: Connection refused (os error 111)
[2m2026-07-05T07:25:04.012542Z[0m [33m WARN[0m [2mpm_bot[0m[2m:[0m découverte gamma: requête Gamma: error sending request for url (https://gamma-api.polymarket.com/events?slug=btc-updown-5m-1783236300): client error (Connect): tunnel error: failed to create underlying connection: tcp connect error: Connection refused (os error 111)
[2m2026-07-05T07:25:09.013757Z[0m [33m WARN[0m [2mpm_bot[0m[2m:[0m découverte gamma: requête Gamma: error sending request for url (https://gamma-api.polymarket.com/events?slug=btc-updown-5m-1783236300): client error (Connect): tunnel error: failed to create underlying connection: tcp connect error: Connection refused (os error 111)
[2m2026-07-05T07:25:14.015200Z[0m [33m WARN[0m [2mpm_bot[0m[2m:[0m découverte gamma: requête Gamma: error sending request for url (https://gamma-api.polymarket.com/events?slug=btc-updown-5m-1783236300): client error (Connect): tunnel error: failed to create underlying connection: tcp connect error: Connection refused (os error 111)
[2m2026-07-05T07:25:18.899753Z[0m [33m WARN[0m [2mpm_acquisition::rtds[0m[2m:[0m RTDS erreur: connexion au proxy 127.0.0.1:45417: Connection refused (os error 111)
[2m2026-07-05T07:25:19.016193Z[0m [33m WARN[0m [2mpm_bot[0m[2m:[0m découverte gamma: requête Gamma: error sending request for url (https://gamma-api.polymarket.com/events?slug=btc-updown-5m-1783236300): client error (Connect): tunnel error: failed to create underlying connection: tcp connect error: Connection refused (os error 111)
[2m2026-07-05T07:25:24.017263Z[0m [33m WARN[0m [2mpm_bot[0m[2m:[0m découverte gamma: requête Gamma: error sending request for url (https://gamma-api.polymarket.com/events?slug=btc-updown-5m-1783236300): client error (Connect): tunnel error: failed to create underlying connection: tcp connect error: Connection refused (os error 111)
[2m2026-07-05T07:25:29.017800Z[0m [33m WARN[0m [2mpm_bot[0m[2m:[0m découverte gamma: requête Gamma: error sending request for url (https://gamma-api.polymarket.com/events?slug=btc-updown-5m-1783236300): client error (Connect): tunnel error: failed to create underlying connection: tcp connect error: Connection refused (os error 111)
[2m2026-07-05T07:25:33.900904Z[0m [33m WARN[0m [2mpm_acquisition::rtds[0m[2m:[0m RTDS erreur: connexion au proxy 127.0.0.1:45417: Connection refused (os error 111)
[2m2026-07-05T07:25:34.019371Z[0m [33m WARN[0m [2mpm_bot[0m[2m:[0m découverte gamma: requête Gamma: error sending request for url (https://gamma-api.polymarket.com/events?slug=btc-updown-5m-1783236300): client error (Connect): tunnel error: failed to create underlying connection: tcp connect error: Connection refused (os error 111)
[2m2026-07-05T07:25:39.021460Z[0m [33m WARN[0m [2mpm_bot[0m[2m:[0m découverte gamma: requête Gamma: error sending request for url (https://gamma-api.polymarket.com/events?slug=btc-updown-5m-1783236300): client error (Connect): tunnel error: failed to create underlying connection: tcp connect error: Connection refused (os error 111)
[2m2026-07-05T07:25:44.022727Z[0m [33m WARN[0m [2mpm_bot[0m[2m:[0m découverte gamma: requête Gamma: error sending request for url (https://gamma-api.polymarket.com/events?slug=btc-updown-5m-1783236300): client error (Connect): tunnel error: failed to create underlying connection: tcp connect error: Connection refused (os error 111)
[2m2026-07-05T07:25:48.902513Z[0m [33m WARN[0m [2mpm_acquisition::rtds[0m[2m:[0m RTDS erreur: connexion au proxy 127.0.0.1:45417: Connection refused (os error 111)
[2m2026-07-05T07:25:49.023983Z[0m [33m WARN[0m [2mpm_bot[0m[2m:[0m découverte gamma: requête Gamma: error sending request for url (https://gamma-api.polymarket.com/events?slug=btc-updown-5m-1783236300): client error (Connect): tunnel error: failed to create underlying connection: tcp connect error: Connection refused (os error 111)
[2m2026-07-05T07:25:54.025197Z[0m [33m WARN[0m [2mpm_bot[0m[2m:[0m découverte gamma: requête Gamma: error sending request for url (https://gamma-api.polymarket.com/events?slug=btc-updown-5m-1783236300): client error (Connect): tunnel error: failed to create underlying connection: tcp connect error: Connection refused (os error 111)
[2m2026-07-05T07:25:59.025840Z[0m [33m WARN[0m [2mpm_bot[0m[2m:[0m découverte gamma: requête Gamma: error sending request for url (https://gamma-api.polymarket.com/events?slug=btc-updown-5m-1783236300): client error (Connect): tunnel error: failed to create underlying connection: tcp connect error: Connection refused (os error 111)
[2m2026-07-05T07:26:03.904013Z[0m [33m WARN[0m [2mpm_acquisition::rtds[0m[2m:[0m RTDS erreur: connexion au proxy 127.0.0.1:45417: Connection refused (os error 111)
[2m2026-07-05T07:26:04.027521Z[0m [33m WARN[0m [2mpm_bot[0m[2m:[0m découverte gamma: requête Gamma: error sending request for url (https://gamma-api.polymarket.com/events?slug=btc-updown-5m-1783236300): client error (Connect): tunnel error: failed to create underlying connection: tcp connect error: Connection refused (os error 111)
[2m2026-07-05T07:26:09.029220Z[0m [33m WARN[0m [2mpm_bot[0m[2m:[0m découverte gamma: requête Gamma: error sending request for url (https://gamma-api.polymarket.com/events?slug=btc-updown-5m-1783236300): client error (Connect): tunnel error: failed to create underlying connection: tcp connect error: Connection refused (os error 111)
[2m2026-07-05T07:26:14.030390Z[0m [33m WARN[0m [2mpm_bot[0m[2m:[0m découverte gamma: requête Gamma: error sending request for url (https://gamma-api.polymarket.com/events?slug=btc-updown-5m-1783236300): client error (Connect): tunnel error: failed to create underlying connection: tcp connect error: Connection refused (os error 111)
[2m2026-07-05T07:26:18.905443Z[0m [33m WARN[0m [2mpm_acquisition::rtds[0m[2m:[0m RTDS erreur: connexion au proxy 127.0.0.1:45417: Connection refused (os error 111)
[2m2026-07-05T07:26:19.031952Z[0m [33m WARN[0m [2mpm_bot[0m[2m:[0m découverte gamma: requête Gamma: error sending request for url (https://gamma-api.polymarket.com/events?slug=btc-updown-5m-1783236300): client error (Connect): tunnel error: failed to create underlying connection: tcp connect error: Connection refused (os error 111)
[2m2026-07-05T07:26:24.033205Z[0m [33m WARN[0m [2mpm_bot[0m[2m:[0m découverte gamma: requête Gamma: error sending request for url (https://gamma-api.polymarket.com/events?slug=btc-updown-5m-1783236300): client error (Connect): tunnel error: failed to create underlying connection: tcp connect error: Connection refused (os error 111)
[2m2026-07-05T07:26:29.033781Z[0m [33m WARN[0m [2mpm_bot[0m[2m:[0m découverte gamma: requête Gamma: error sending request for url (https://gamma-api.polymarket.com/events?slug=btc-updown-5m-1783236300): client error (Connect): tunnel error: failed to create underlying connection: tcp connect error: Connection refused (os error 111)
[2m2026-07-05T07:26:33.907339Z[0m [33m WARN[0m [2mpm_acquisition::rtds[0m[2m:[0m RTDS erreur: connexion au proxy 127.0.0.1:45417: Connection refused (os error 111)
[2m2026-07-05T07:26:34.034814Z[0m [33m WARN[0m [2mpm_bot[0m[2m:[0m découverte gamma: requête Gamma: error sending request for url (https://gamma-api.polymarket.com/events?slug=btc-updown-5m-1783236300): client error (Connect): tunnel error: failed to create underlying connection: tcp connect error: Connection refused (os error 111)
[2m2026-07-05T07:26:39.035842Z[0m [33m WARN[0m [2mpm_bot[0m[2m:[0m découverte gamma: requête Gamma: error sending request for url (https://gamma-api.polymarket.com/events?slug=btc-updown-5m-1783236300): client error (Connect): tunnel error: failed to create underlying connection: tcp connect error: Connection refused (os error 111)
[2m2026-07-05T07:26:44.037209Z[0m [33m WARN[0m [2mpm_bot[0m[2m:[0m découverte gamma: requête Gamma: error sending request for url (https://gamma-api.polymarket.com/events?slug=btc-updown-5m-1783236300): client error (Connect): tunnel error: failed to create underlying connection: tcp connect error: Connection refused (os error 111)
[2m2026-07-05T07:26:48.908876Z[0m [33m WARN[0m [2mpm_acquisition::rtds[0m[2m:[0m RTDS erreur: connexion au proxy 127.0.0.1:45417: Connection refused (os error 111)
[2m2026-07-05T07:26:49.038327Z[0m [33m WARN[0m [2mpm_bot[0m[2m:[0m découverte gamma: requête Gamma: error sending request for url (https://gamma-api.polymarket.com/events?slug=btc-updown-5m-1783236300): client error (Connect): tunnel error: failed to create underlying connection: tcp connect error: Connection refused (os error 111)
[2m2026-07-05T07:26:54.040432Z[0m [33m WARN[0m [2mpm_bot[0m[2m:[0m découverte gamma: requête Gamma: error sending request for url (https://gamma-api.polymarket.com/events?slug=btc-updown-5m-1783236300): client error (Connect): tunnel error: failed to create underlying connection: tcp connect error: Connection refused (os error 111)
[2m2026-07-05T07:26:59.041928Z[0m [33m WARN[0m [2mpm_bot[0m[2m:[0m découverte gamma: requête Gamma: error sending request for url (https://gamma-api.polymarket.com/events?slug=btc-updown-5m-1783236300): client error (Connect): tunnel error: failed to create underlying connection: tcp connect error: Connection refused (os error 111)
[2m2026-07-05T07:27:03.909635Z[0m [33m WARN[0m [2mpm_acquisition::rtds[0m[2m:[0m RTDS erreur: connexion au proxy 127.0.0.1:45417: Connection refused (os error 111)
[2m2026-07-05T07:27:04.043070Z[0m [33m WARN[0m [2mpm_bot[0m[2m:[0m découverte gamma: requête Gamma: error sending request for url (https://gamma-api.polymarket.com/events?slug=btc-updown-5m-1783236300): client error (Connect): tunnel error: failed to create underlying connection: tcp connect error: Connection refused (os error 111)
[2m2026-07-05T07:27:09.044114Z[0m [33m WARN[0m [2mpm_bot[0m[2m:[0m découverte gamma: requête Gamma: error sending request for url (https://gamma-api.polymarket.com/events?slug=btc-updown-5m-1783236300): client error (Connect): tunnel error: failed to create underlying connection: tcp connect error: Connection refused (os error 111)
[2m2026-07-05T07:27:14.045437Z[0m [33m WARN[0m [2mpm_bot[0m[2m:[0m découverte gamma: requête Gamma: error sending request for url (https://gamma-api.polymarket.com/events?slug=btc-updown-5m-1783236300): client error (Connect): tunnel error: failed to create underlying connection: tcp connect error: Connection refused (os error 111)
[2m2026-07-05T07:27:18.911328Z[0m [33m WARN[0m [2mpm_acquisition::rtds[0m[2m:[0m RTDS erreur: connexion au proxy 127.0.0.1:45417: Connection refused (os error 111)
[2m2026-07-05T07:27:19.046897Z[0m [33m WARN[0m [2mpm_bot[0m[2m:[0m découverte gamma: requête Gamma: error sending request for url (https://gamma-api.polymarket.com/events?slug=btc-updown-5m-1783236300): client error (Connect): tunnel error: failed to create underlying connection: tcp connect error: Connection refused (os error 111)
[2m2026-07-05T07:27:24.048445Z[0m [33m WARN[0m [2mpm_bot[0m[2m:[0m découverte gamma: requête Gamma: error sending request for url (https://gamma-api.polymarket.com/events?slug=btc-updown-5m-1783236300): client error (Connect): tunnel error: failed to create underlying connection: tcp connect error: Connection refused (os error 111)
[2m2026-07-05T07:27:29.050439Z[0m [33m WARN[0m [2mpm_bot[0m[2m:[0m découverte gamma: requête Gamma: error sending request for url (https://gamma-api.polymarket.com/events?slug=btc-updown-5m-1783236300): client error (Connect): tunnel error: failed to create underlying connection: tcp connect error: Connection refused (os error 111)
[2m2026-07-05T07:27:33.913508Z[0m [33m WARN[0m [2mpm_acquisition::rtds[0m[2m:[0m RTDS erreur: connexion au proxy 127.0.0.1:45417: Connection refused (os error 111)
[2m2026-07-05T07:27:34.052079Z[0m [33m WARN[0m [2mpm_bot[0m[2m:[0m découverte gamma: requête Gamma: error sending request for url (https://gamma-api.polymarket.com/events?slug=btc-updown-5m-1783236300): client error (Connect): tunnel error: failed to create underlying connection: tcp connect error: Connection refused (os error 111)
[2m2026-07-05T07:27:39.053480Z[0m [33m WARN[0m [2mpm_bot[0m[2m:[0m découverte gamma: requête Gamma: error sending request for url (https://gamma-api.polymarket.com/events?slug=btc-updown-5m-1783236300): client error (Connect): tunnel error: failed to create underlying connection: tcp connect error: Connection refused (os error 111)
[2m2026-07-05T07:27:44.055637Z[0m [33m WARN[0m [2mpm_bot[0m[2m:[0m découverte gamma: requête Gamma: error sending request for url (https://gamma-api.polymarket.com/events?slug=btc-updown-5m-1783236300): client error (Connect): tunnel error: failed to create underlying connection: tcp connect error: Connection refused (os error 111)
[2m2026-07-05T07:27:48.914698Z[0m [33m WARN[0m [2mpm_acquisition::rtds[0m[2m:[0m RTDS erreur: connexion au proxy 127.0.0.1:45417: Connection refused (os error 111)
[2m2026-07-05T07:27:49.057235Z[0m [33m WARN[0m [2mpm_bot[0m[2m:[0m découverte gamma: requête Gamma: error sending request for url (https://gamma-api.polymarket.com/events?slug=btc-updown-5m-1783236300): client error (Connect): tunnel error: failed to create underlying connection: tcp connect error: Connection refused (os error 111)
[2m2026-07-05T07:27:54.058636Z[0m [33m WARN[0m [2mpm_bot[0m[2m:[0m découverte gamma: requête Gamma: error sending request for url (https://gamma-api.polymarket.com/events?slug=btc-updown-5m-1783236300): client error (Connect): tunnel error: failed to create underlying connection: tcp connect error: Connection refused (os error 111)
[2m2026-07-05T07:27:59.059721Z[0m [33m WARN[0m [2mpm_bot[0m[2m:[0m découverte gamma: requête Gamma: error sending request for url (https://gamma-api.polymarket.com/events?slug=btc-updown-5m-1783236300): client error (Connect): tunnel error: failed to create underlying connection: tcp connect error: Connection refused (os error 111)
[2m2026-07-05T07:28:03.915951Z[0m [33m WARN[0m [2mpm_acquisition::rtds[0m[2m:[0m RTDS erreur: connexion au proxy 127.0.0.1:45417: Connection refused (os error 111)
[2m2026-07-05T07:28:04.061410Z[0m [33m WARN[0m [2mpm_bot[0m[2m:[0m découverte gamma: requête Gamma: error sending request for url (https://gamma-api.polymarket.com/events?slug=btc-updown-5m-1783236300): client error (Connect): tunnel error: failed to create underlying connection: tcp connect error: Connection refused (os error 111)
[2m2026-07-05T07:28:09.063369Z[0m [33m WARN[0m [2mpm_bot[0m[2m:[0m découverte gamma: requête Gamma: error sending request for url (https://gamma-api.polymarket.com/events?slug=btc-updown-5m-1783236300): client error (Connect): tunnel error: failed to create underlying connection: tcp connect error: Connection refused (os error 111)
[2m2026-07-05T07:28:14.065178Z[0m [33m WARN[0m [2mpm_bot[0m[2m:[0m découverte gamma: requête Gamma: error sending request for url (https://gamma-api.polymarket.com/events?slug=btc-updown-5m-1783236300): client error (Connect): tunnel error: failed to create underlying connection: tcp connect error: Connection refused (os error 111)
[2m2026-07-05T07:28:18.917476Z[0m [33m WARN[0m [2mpm_acquisition::rtds[0m[2m:[0m RTDS erreur: connexion au proxy 127.0.0.1:45417: Connection refused (os error 111)
[2m2026-07-05T07:28:19.066003Z[0m [33m WARN[0m [2mpm_bot[0m[2m:[0m découverte gamma: requête Gamma: error sending request for url (https://gamma-api.polymarket.com/events?slug=btc-updown-5m-1783236300): client error (Connect): tunnel error: failed to create underlying connection: tcp connect error: Connection refused (os error 111)
[2m2026-07-05T07:28:24.066755Z[0m [33m WARN[0m [2mpm_bot[0m[2m:[0m découverte gamma: requête Gamma: error sending request for url (https://gamma-api.polymarket.com/events?slug=btc-updown-5m-1783236300): client error (Connect): tunnel error: failed to create underlying connection: tcp connect error: Connection refused (os error 111)
[2m2026-07-05T07:28:29.067734Z[0m [33m WARN[0m [2mpm_bot[0m[2m:[0m découverte gamma: requête Gamma: error sending request for url (https://gamma-api.polymarket.com/events?slug=btc-updown-5m-1783236300): client error (Connect): tunnel error: failed to create underlying connection: tcp connect error: Connection refused (os error 111)
[2m2026-07-05T07:28:33.918703Z[0m [33m WARN[0m [2mpm_acquisition::rtds[0m[2m:[0m RTDS erreur: connexion au proxy 127.0.0.1:45417: Connection refused (os error 111)
[2m2026-07-05T07:28:34.069246Z[0m [33m WARN[0m [2mpm_bot[0m[2m:[0m découverte gamma: requête Gamma: error sending request for url (https://gamma-api.polymarket.com/events?slug=btc-updown-5m-1783236300): client error (Connect): tunnel error: failed to create underlying connection: tcp connect error: Connection refused (os error 111)
[2m2026-07-05T07:28:39.069910Z[0m [33m WARN[0m [2mpm_bot[0m[2m:[0m découverte gamma: requête Gamma: error sending request for url (https://gamma-api.polymarket.com/events?slug=btc-updown-5m-1783236300): client error (Connect): tunnel error: failed to create underlying connection: tcp connect error: Connection refused (os error 111)
[2m2026-07-05T07:28:44.070828Z[0m [33m WARN[0m [2mpm_bot[0m[2m:[0m découverte gamma: requête Gamma: error sending request for url (https://gamma-api.polymarket.com/events?slug=btc-updown-5m-1783236300): client error (Connect): tunnel error: failed to create underlying connection: tcp connect error: Connection refused (os error 111)
[2m2026-07-05T07:28:48.920623Z[0m [33m WARN[0m [2mpm_acquisition::rtds[0m[2m:[0m RTDS erreur: connexion au proxy 127.0.0.1:45417: Connection refused (os error 111)
[2m2026-07-05T07:28:49.072173Z[0m [33m WARN[0m [2mpm_bot[0m[2m:[0m découverte gamma: requête Gamma: error sending request for url (https://gamma-api.polymarket.com/events?slug=btc-updown-5m-1783236300): client error (Connect): tunnel error: failed to create underlying connection: tcp connect error: Connection refused (os error 111)
[2m2026-07-05T07:28:54.073445Z[0m [33m WARN[0m [2mpm_bot[0m[2m:[0m découverte gamma: requête Gamma: error sending request for url (https://gamma-api.polymarket.com/events?slug=btc-updown-5m-1783236300): client error (Connect): tunnel error: failed to create underlying connection: tcp connect error: Connection refused (os error 111)
[2m2026-07-05T07:28:59.075662Z[0m [33m WARN[0m [2mpm_bot[0m[2m:[0m découverte gamma: requête Gamma: error sending request for url (https://gamma-api.polymarket.com/events?slug=btc-updown-5m-1783236300): client error (Connect): tunnel error: failed to create underlying connection: tcp connect error: Connection refused (os error 111)
[2m2026-07-05T07:29:03.922149Z[0m [33m WARN[0m [2mpm_acquisition::rtds[0m[2m:[0m RTDS erreur: connexion au proxy 127.0.0.1:45417: Connection refused (os error 111)
[2m2026-07-05T07:29:04.076711Z[0m [33m WARN[0m [2mpm_bot[0m[2m:[0m découverte gamma: requête Gamma: error sending request for url (https://gamma-api.polymarket.com/events?slug=btc-updown-5m-1783236300): client error (Connect): tunnel error: failed to create underlying connection: tcp connect error: Connection refused (os error 111)
[2m2026-07-05T07:29:09.078441Z[0m [33m WARN[0m [2mpm_bot[0m[2m:[0m découverte gamma: requête Gamma: error sending request for url (https://gamma-api.polymarket.com/events?slug=btc-updown-5m-1783236300): client error (Connect): tunnel error: failed to create underlying connection: tcp connect error: Connection refused (os error 111)
[2m2026-07-05T07:29:14.080523Z[0m [33m WARN[0m [2mpm_bot[0m[2m:[0m découverte gamma: requête Gamma: error sending request for url (https://gamma-api.polymarket.com/events?slug=btc-updown-5m-1783236300): client error (Connect): tunnel error: failed to create underlying connection: tcp connect error: Connection refused (os error 111)
[2m2026-07-05T07:29:18.923413Z[0m [33m WARN[0m [2mpm_acquisition::rtds[0m[2m:[0m RTDS erreur: connexion au proxy 127.0.0.1:45417: Connection refused (os error 111)
[2m2026-07-05T07:29:19.081880Z[0m [33m WARN[0m [2mpm_bot[0m[2m:[0m découverte gamma: requête Gamma: error sending request for url (https://gamma-api.polymarket.com/events?slug=btc-updown-5m-1783236300): client error (Connect): tunnel error: failed to create underlying connection: tcp connect error: Connection refused (os error 111)
[2m2026-07-05T07:29:24.083189Z[0m [33m WARN[0m [2mpm_bot[0m[2m:[0m découverte gamma: requête Gamma: error sending request for url (https://gamma-api.polymarket.com/events?slug=btc-updown-5m-1783236300): client error (Connect): tunnel error: failed to create underlying connection: tcp connect error: Connection refused (os error 111)
[2m2026-07-05T07:29:29.084574Z[0m [33m WARN[0m [2mpm_bot[0m[2m:[0m découverte gamma: requête Gamma: error sending request for url (https://gamma-api.polymarket.com/events?slug=btc-updown-5m-1783236300): client error (Connect): tunnel error: failed to create underlying connection: tcp connect error: Connection refused (os error 111)
[2m2026-07-05T07:29:33.925409Z[0m [33m WARN[0m [2mpm_acquisition::rtds[0m[2m:[0m RTDS erreur: connexion au proxy 127.0.0.1:45417: Connection refused (os error 111)
[2m2026-07-05T07:29:34.085923Z[0m [33m WARN[0m [2mpm_bot[0m[2m:[0m découverte gamma: requête Gamma: error sending request for url (https://gamma-api.polymarket.com/events?slug=btc-updown-5m-1783236300): client error (Connect): tunnel error: failed to create underlying connection: tcp connect error: Connection refused (os error 111)
[2m2026-07-05T07:29:39.086776Z[0m [33m WARN[0m [2mpm_bot[0m[2m:[0m découverte gamma: requête Gamma: error sending request for url (https://gamma-api.polymarket.com/events?slug=btc-updown-5m-1783236300): client error (Connect): tunnel error: failed to create underlying connection: tcp connect error: Connection refused (os error 111)
[2m2026-07-05T07:29:44.088573Z[0m [33m WARN[0m [2mpm_bot[0m[2m:[0m découverte gamma: requête Gamma: error sending request for url (https://gamma-api.polymarket.com/events?slug=btc-updown-5m-1783236300): client error (Connect): tunnel error: failed to create underlying connection: tcp connect error: Connection refused (os error 111)
[2m2026-07-05T07:29:48.927336Z[0m [33m WARN[0m [2mpm_acquisition::rtds[0m[2m:[0m RTDS erreur: connexion au proxy 127.0.0.1:45417: Connection refused (os error 111)
[2m2026-07-05T07:29:49.089930Z[0m [33m WARN[0m [2mpm_bot[0m[2m:[0m découverte gamma: requête Gamma: error sending request for url (https://gamma-api.polymarket.com/events?slug=btc-updown-5m-1783236300): client error (Connect): tunnel error: failed to create underlying connection: tcp connect error: Connection refused (os error 111)
[2m2026-07-05T07:29:54.091495Z[0m [33m WARN[0m [2mpm_bot[0m[2m:[0m découverte gamma: requête Gamma: error sending request for url (https://gamma-api.polymarket.com/events?slug=btc-updown-5m-1783236300): client error (Connect): tunnel error: failed to create underlying connection: tcp connect error: Connection refused (os error 111)
[2m2026-07-05T07:29:59.092709Z[0m [33m WARN[0m [2mpm_bot[0m[2m:[0m découverte gamma: requête Gamma: error sending request for url (https://gamma-api.polymarket.com/events?slug=btc-updown-5m-1783236300): client error (Connect): tunnel error: failed to create underlying connection: tcp connect error: Connection refused (os error 111)
[2m2026-07-05T07:30:03.929293Z[0m [33m WARN[0m [2mpm_acquisition::rtds[0m[2m:[0m RTDS erreur: connexion au proxy 127.0.0.1:45417: Connection refused (os error 111)
[2m2026-07-05T07:30:04.093822Z[0m [33m WARN[0m [2mpm_bot[0m[2m:[0m découverte gamma: requête Gamma: error sending request for url (https://gamma-api.polymarket.com/events?slug=btc-updown-5m-1783236600): client error (Connect): tunnel error: failed to create underlying connection: tcp connect error: Connection refused (os error 111)
[2m2026-07-05T07:30:09.094664Z[0m [33m WARN[0m [2mpm_bot[0m[2m:[0m découverte gamma: requête Gamma: error sending request for url (https://gamma-api.polymarket.com/events?slug=btc-updown-5m-1783236600): client error (Connect): tunnel error: failed to create underlying connection: tcp connect error: Connection refused (os error 111)
[2m2026-07-05T07:30:14.096624Z[0m [33m WARN[0m [2mpm_bot[0m[2m:[0m découverte gamma: requête Gamma: error sending request for url (https://gamma-api.polymarket.com/events?slug=btc-updown-5m-1783236600): client error (Connect): tunnel error: failed to create underlying connection: tcp connect error: Connection refused (os error 111)
[2m2026-07-05T07:30:18.931038Z[0m [33m WARN[0m [2mpm_acquisition::rtds[0m[2m:[0m RTDS erreur: connexion au proxy 127.0.0.1:45417: Connection refused (os error 111)
[2m2026-07-05T07:30:19.097727Z[0m [33m WARN[0m [2mpm_bot[0m[2m:[0m découverte gamma: requête Gamma: error sending request for url (https://gamma-api.polymarket.com/events?slug=btc-updown-5m-1783236600): client error (Connect): tunnel error: failed to create underlying connection: tcp connect error: Connection refused (os error 111)
[2m2026-07-05T07:30:24.098751Z[0m [33m WARN[0m [2mpm_bot[0m[2m:[0m découverte gamma: requête Gamma: error sending request for url (https://gamma-api.polymarket.com/events?slug=btc-updown-5m-1783236600): client error (Connect): tunnel error: failed to create underlying connection: tcp connect error: Connection refused (os error 111)
[2m2026-07-05T07:30:29.099630Z[0m [33m WARN[0m [2mpm_bot[0m[2m:[0m découverte gamma: requête Gamma: error sending request for url (https://gamma-api.polymarket.com/events?slug=btc-updown-5m-1783236600): client error (Connect): tunnel error: failed to create underlying connection: tcp connect error: Connection refused (os error 111)
[2m2026-07-05T07:30:33.932319Z[0m [33m WARN[0m [2mpm_acquisition::rtds[0m[2m:[0m RTDS erreur: connexion au proxy 127.0.0.1:45417: Connection refused (os error 111)
[2m2026-07-05T07:30:34.100867Z[0m [33m WARN[0m [2mpm_bot[0m[2m:[0m découverte gamma: requête Gamma: error sending request for url (https://gamma-api.polymarket.com/events?slug=btc-updown-5m-1783236600): client error (Connect): tunnel error: failed to create underlying connection: tcp connect error: Connection refused (os error 111)
[2m2026-07-05T07:30:39.102141Z[0m [33m WARN[0m [2mpm_bot[0m[2m:[0m découverte gamma: requête Gamma: error sending request for url (https://gamma-api.polymarket.com/events?slug=btc-updown-5m-1783236600): client error (Connect): tunnel error: failed to create underlying connection: tcp connect error: Connection refused (os error 111)
[2m2026-07-05T07:30:44.103498Z[0m [33m WARN[0m [2mpm_bot[0m[2m:[0m découverte gamma: requête Gamma: error sending request for url (https://gamma-api.polymarket.com/events?slug=btc-updown-5m-1783236600): client error (Connect): tunnel error: failed to create underlying connection: tcp connect error: Connection refused (os error 111)
[2m2026-07-05T07:30:48.934394Z[0m [33m WARN[0m [2mpm_acquisition::rtds[0m[2m:[0m RTDS erreur: connexion au proxy 127.0.0.1:45417: Connection refused (os error 111)
[2m2026-07-05T07:30:49.105156Z[0m [33m WARN[0m [2mpm_bot[0m[2m:[0m découverte gamma: requête Gamma: error sending request for url (https://gamma-api.polymarket.com/events?slug=btc-updown-5m-1783236600): client error (Connect): tunnel error: failed to create underlying connection: tcp connect error: Connection refused (os error 111)
[2m2026-07-05T07:30:54.106364Z[0m [33m WARN[0m [2mpm_bot[0m[2m:[0m découverte gamma: requête Gamma: error sending request for url (https://gamma-api.polymarket.com/events?slug=btc-updown-5m-1783236600): client error (Connect): tunnel error: failed to create underlying connection: tcp connect error: Connection refused (os error 111)
[2m2026-07-05T07:30:59.108323Z[0m [33m WARN[0m [2mpm_bot[0m[2m:[0m découverte gamma: requête Gamma: error sending request for url (https://gamma-api.polymarket.com/events?slug=btc-updown-5m-1783236600): client error (Connect): tunnel error: failed to create underlying connection: tcp connect error: Connection refused (os error 111)
[2m2026-07-05T07:31:03.936294Z[0m [33m WARN[0m [2mpm_acquisition::rtds[0m[2m:[0m RTDS erreur: connexion au proxy 127.0.0.1:45417: Connection refused (os error 111)
[2m2026-07-05T07:31:04.109907Z[0m [33m WARN[0m [2mpm_bot[0m[2m:[0m découverte gamma: requête Gamma: error sending request for url (https://gamma-api.polymarket.com/events?slug=btc-updown-5m-1783236600): client error (Connect): tunnel error: failed to create underlying connection: tcp connect error: Connection refused (os error 111)
[2m2026-07-05T07:31:09.110933Z[0m [33m WARN[0m [2mpm_bot[0m[2m:[0m découverte gamma: requête Gamma: error sending request for url (https://gamma-api.polymarket.com/events?slug=btc-updown-5m-1783236600): client error (Connect): tunnel error: failed to create underlying connection: tcp connect error: Connection refused (os error 111)
[2m2026-07-05T07:31:14.111916Z[0m [33m WARN[0m [2mpm_bot[0m[2m:[0m découverte gamma: requête Gamma: error sending request for url (https://gamma-api.polymarket.com/events?slug=btc-updown-5m-1783236600): client error (Connect): tunnel error: failed to create underlying connection: tcp connect error: Connection refused (os error 111)
[2m2026-07-05T07:31:18.937737Z[0m [33m WARN[0m [2mpm_acquisition::rtds[0m[2m:[0m RTDS erreur: connexion au proxy 127.0.0.1:45417: Connection refused (os error 111)
[2m2026-07-05T07:31:19.113389Z[0m [33m WARN[0m [2mpm_bot[0m[2m:[0m découverte gamma: requête Gamma: error sending request for url (https://gamma-api.polymarket.com/events?slug=btc-updown-5m-1783236600): client error (Connect): tunnel error: failed to create underlying connection: tcp connect error: Connection refused (os error 111)
[2m2026-07-05T07:31:24.115363Z[0m [33m WARN[0m [2mpm_bot[0m[2m:[0m découverte gamma: requête Gamma: error sending request for url (https://gamma-api.polymarket.com/events?slug=btc-updown-5m-1783236600): client error (Connect): tunnel error: failed to create underlying connection: tcp connect error: Connection refused (os error 111)
[2m2026-07-05T07:31:29.117075Z[0m [33m WARN[0m [2mpm_bot[0m[2m:[0m découverte gamma: requête Gamma: error sending request for url (https://gamma-api.polymarket.com/events?slug=btc-updown-5m-1783236600): client error (Connect): tunnel error: failed to create underlying connection: tcp connect error: Connection refused (os error 111)
[2m2026-07-05T07:31:33.939176Z[0m [33m WARN[0m [2mpm_acquisition::rtds[0m[2m:[0m RTDS erreur: connexion au proxy 127.0.0.1:45417: Connection refused (os error 111)
[2m2026-07-05T07:31:34.117852Z[0m [33m WARN[0m [2mpm_bot[0m[2m:[0m découverte gamma: requête Gamma: error sending request for url (https://gamma-api.polymarket.com/events?slug=btc-updown-5m-1783236600): client error (Connect): tunnel error: failed to create underlying connection: tcp connect error: Connection refused (os error 111)
[2m2026-07-05T07:31:39.118778Z[0m [33m WARN[0m [2mpm_bot[0m[2m:[0m découverte gamma: requête Gamma: error sending request for url (https://gamma-api.polymarket.com/events?slug=btc-updown-5m-1783236600): client error (Connect): tunnel error: failed to create underlying connection: tcp connect error: Connection refused (os error 111)
[2m2026-07-05T07:31:44.120513Z[0m [33m WARN[0m [2mpm_bot[0m[2m:[0m découverte gamma: requête Gamma: error sending request for url (https://gamma-api.polymarket.com/events?slug=btc-updown-5m-1783236600): client error (Connect): tunnel error: failed to create underlying connection: tcp connect error: Connection refused (os error 111)
[2m2026-07-05T07:31:48.940339Z[0m [33m WARN[0m [2mpm_acquisition::rtds[0m[2m:[0m RTDS erreur: connexion au proxy 127.0.0.1:45417: Connection refused (os error 111)
[2m2026-07-05T07:31:49.122167Z[0m [33m WARN[0m [2mpm_bot[0m[2m:[0m découverte gamma: requête Gamma: error sending request for url (https://gamma-api.polymarket.com/events?slug=btc-updown-5m-1783236600): client error (Connect): tunnel error: failed to create underlying connection: tcp connect error: Connection refused (os error 111)
[2m2026-07-05T07:31:54.122899Z[0m [33m WARN[0m [2mpm_bot[0m[2m:[0m découverte gamma: requête Gamma: error sending request for url (https://gamma-api.polymarket.com/events?slug=btc-updown-5m-1783236600): client error (Connect): tunnel error: failed to create underlying connection: tcp connect error: Connection refused (os error 111)
[2m2026-07-05T07:31:59.123909Z[0m [33m WARN[0m [2mpm_bot[0m[2m:[0m découverte gamma: requête Gamma: error sending request for url (https://gamma-api.polymarket.com/events?slug=btc-updown-5m-1783236600): client error (Connect): tunnel error: failed to create underlying connection: tcp connect error: Connection refused (os error 111)
[2m2026-07-05T07:32:03.942360Z[0m [33m WARN[0m [2mpm_acquisition::rtds[0m[2m:[0m RTDS erreur: connexion au proxy 127.0.0.1:45417: Connection refused (os error 111)
[2m2026-07-05T07:32:04.124877Z[0m [33m WARN[0m [2mpm_bot[0m[2m:[0m découverte gamma: requête Gamma: error sending request for url (https://gamma-api.polymarket.com/events?slug=btc-updown-5m-1783236600): client error (Connect): tunnel error: failed to create underlying connection: tcp connect error: Connection refused (os error 111)
[2m2026-07-05T07:32:09.126089Z[0m [33m WARN[0m [2mpm_bot[0m[2m:[0m découverte gamma: requête Gamma: error sending request for url (https://gamma-api.polymarket.com/events?slug=btc-updown-5m-1783236600): client error (Connect): tunnel error: failed to create underlying connection: tcp connect error: Connection refused (os error 111)
[2m2026-07-05T07:32:14.127485Z[0m [33m WARN[0m [2mpm_bot[0m[2m:[0m découverte gamma: requête Gamma: error sending request for url (https://gamma-api.polymarket.com/events?slug=btc-updown-5m-1783236600): client error (Connect): tunnel error: failed to create underlying connection: tcp connect error: Connection refused (os error 111)
[2m2026-07-05T07:32:18.944238Z[0m [33m WARN[0m [2mpm_acquisition::rtds[0m[2m:[0m RTDS erreur: connexion au proxy 127.0.0.1:45417: Connection refused (os error 111)
[2m2026-07-05T07:32:19.129089Z[0m [33m WARN[0m [2mpm_bot[0m[2m:[0m découverte gamma: requête Gamma: error sending request for url (https://gamma-api.polymarket.com/events?slug=btc-updown-5m-1783236600): client error (Connect): tunnel error: failed to create underlying connection: tcp connect error: Connection refused (os error 111)
[2m2026-07-05T07:32:24.129948Z[0m [33m WARN[0m [2mpm_bot[0m[2m:[0m découverte gamma: requête Gamma: error sending request for url (https://gamma-api.polymarket.com/events?slug=btc-updown-5m-1783236600): client error (Connect): tunnel error: failed to create underlying connection: tcp connect error: Connection refused (os error 111)
[2m2026-07-05T07:32:29.130646Z[0m [33m WARN[0m [2mpm_bot[0m[2m:[0m découverte gamma: requête Gamma: error sending request for url (https://gamma-api.polymarket.com/events?slug=btc-updown-5m-1783236600): client error (Connect): tunnel error: failed to create underlying connection: tcp connect error: Connection refused (os error 111)
[2m2026-07-05T07:32:33.944643Z[0m [33m WARN[0m [2mpm_acquisition::rtds[0m[2m:[0m RTDS erreur: connexion au proxy 127.0.0.1:45417: Connection refused (os error 111)
[2m2026-07-05T07:32:34.132279Z[0m [33m WARN[0m [2mpm_bot[0m[2m:[0m découverte gamma: requête Gamma: error sending request for url (https://gamma-api.polymarket.com/events?slug=btc-updown-5m-1783236600): client error (Connect): tunnel error: failed to create underlying connection: tcp connect error: Connection refused (os error 111)
[2m2026-07-05T07:32:39.133049Z[0m [33m WARN[0m [2mpm_bot[0m[2m:[0m découverte gamma: requête Gamma: error sending request for url (https://gamma-api.polymarket.com/events?slug=btc-updown-5m-1783236600): client error (Connect): tunnel error: failed to create underlying connection: tcp connect error: Connection refused (os error 111)
[2m2026-07-05T07:32:44.133873Z[0m [33m WARN[0m [2mpm_bot[0m[2m:[0m découverte gamma: requête Gamma: error sending request for url (https://gamma-api.polymarket.com/events?slug=btc-updown-5m-1783236600): client error (Connect): tunnel error: failed to create underlying connection: tcp connect error: Connection refused (os error 111)
[2m2026-07-05T07:32:48.945632Z[0m [33m WARN[0m [2mpm_acquisition::rtds[0m[2m:[0m RTDS erreur: connexion au proxy 127.0.0.1:45417: Connection refused (os error 111)
[2m2026-07-05T07:32:49.135281Z[0m [33m WARN[0m [2mpm_bot[0m[2m:[0m découverte gamma: requête Gamma: error sending request for url (https://gamma-api.polymarket.com/events?slug=btc-updown-5m-1783236600): client error (Connect): tunnel error: failed to create underlying connection: tcp connect error: Connection refused (os error 111)
[2m2026-07-05T07:32:54.135624Z[0m [33m WARN[0m [2mpm_bot[0m[2m:[0m découverte gamma: requête Gamma: error sending request for url (https://gamma-api.polymarket.com/events?slug=btc-updown-5m-1783236600): client error (Connect): tunnel error: failed to create underlying connection: tcp connect error: Connection refused (os error 111)
[2m2026-07-05T07:32:59.137601Z[0m [33m WARN[0m [2mpm_bot[0m[2m:[0m découverte gamma: requête Gamma: error sending request for url (https://gamma-api.polymarket.com/events?slug=btc-updown-5m-1783236600): client error (Connect): tunnel error: failed to create underlying connection: tcp connect error: Connection refused (os error 111)
[2m2026-07-05T07:33:03.947075Z[0m [33m WARN[0m [2mpm_acquisition::rtds[0m[2m:[0m RTDS erreur: connexion au proxy 127.0.0.1:45417: Connection refused (os error 111)
[2m2026-07-05T07:33:04.138760Z[0m [33m WARN[0m [2mpm_bot[0m[2m:[0m découverte gamma: requête Gamma: error sending request for url (https://gamma-api.polymarket.com/events?slug=btc-updown-5m-1783236600): client error (Connect): tunnel error: failed to create underlying connection: tcp connect error: Connection refused (os error 111)
[2m2026-07-05T07:33:09.140614Z[0m [33m WARN[0m [2mpm_bot[0m[2m:[0m découverte gamma: requête Gamma: error sending request for url (https://gamma-api.polymarket.com/events?slug=btc-updown-5m-1783236600): client error (Connect): tunnel error: failed to create underlying connection: tcp connect error: Connection refused (os error 111)
[2m2026-07-05T07:33:14.142103Z[0m [33m WARN[0m [2mpm_bot[0m[2m:[0m découverte gamma: requête Gamma: error sending request for url (https://gamma-api.polymarket.com/events?slug=btc-updown-5m-1783236600): client error (Connect): tunnel error: failed to create underlying connection: tcp connect error: Connection refused (os error 111)
[2m2026-07-05T07:33:18.947714Z[0m [33m WARN[0m [2mpm_acquisition::rtds[0m[2m:[0m RTDS erreur: connexion au proxy 127.0.0.1:45417: Connection refused (os error 111)
[2m2026-07-05T07:33:19.143379Z[0m [33m WARN[0m [2mpm_bot[0m[2m:[0m découverte gamma: requête Gamma: error sending request for url (https://gamma-api.polymarket.com/events?slug=btc-updown-5m-1783236600): client error (Connect): tunnel error: failed to create underlying connection: tcp connect error: Connection refused (os error 111)
[2m2026-07-05T07:33:24.145062Z[0m [33m WARN[0m [2mpm_bot[0m[2m:[0m découverte gamma: requête Gamma: error sending request for url (https://gamma-api.polymarket.com/events?slug=btc-updown-5m-1783236600): client error (Connect): tunnel error: failed to create underlying connection: tcp connect error: Connection refused (os error 111)
[2m2026-07-05T07:33:29.146036Z[0m [33m WARN[0m [2mpm_bot[0m[2m:[0m découverte gamma: requête Gamma: error sending request for url (https://gamma-api.polymarket.com/events?slug=btc-updown-5m-1783236600): client error (Connect): tunnel error: failed to create underlying connection: tcp connect error: Connection refused (os error 111)
[2m2026-07-05T07:33:33.949225Z[0m [33m WARN[0m [2mpm_acquisition::rtds[0m[2m:[0m RTDS erreur: connexion au proxy 127.0.0.1:45417: Connection refused (os error 111)
[2m2026-07-05T07:33:34.146915Z[0m [33m WARN[0m [2mpm_bot[0m[2m:[0m découverte gamma: requête Gamma: error sending request for url (https://gamma-api.polymarket.com/events?slug=btc-updown-5m-1783236600): client error (Connect): tunnel error: failed to create underlying connection: tcp connect error: Connection refused (os error 111)
[2m2026-07-05T07:33:39.148303Z[0m [33m WARN[0m [2mpm_bot[0m[2m:[0m découverte gamma: requête Gamma: error sending request for url (https://gamma-api.polymarket.com/events?slug=btc-updown-5m-1783236600): client error (Connect): tunnel error: failed to create underlying connection: tcp connect error: Connection refused (os error 111)
[2m2026-07-05T07:33:44.150248Z[0m [33m WARN[0m [2mpm_bot[0m[2m:[0m découverte gamma: requête Gamma: error sending request for url (https://gamma-api.polymarket.com/events?slug=btc-updown-5m-1783236600): client error (Connect): tunnel error: failed to create underlying connection: tcp connect error: Connection refused (os error 111)
[2m2026-07-05T07:33:48.950033Z[0m [33m WARN[0m [2mpm_acquisition::rtds[0m[2m:[0m RTDS erreur: connexion au proxy 127.0.0.1:45417: Connection refused (os error 111)
[2m2026-07-05T07:33:49.150871Z[0m [33m WARN[0m [2mpm_bot[0m[2m:[0m découverte gamma: requête Gamma: error sending request for url (https://gamma-api.polymarket.com/events?slug=btc-updown-5m-1783236600): client error (Connect): tunnel error: failed to create underlying connection: tcp connect error: Connection refused (os error 111)
[2m2026-07-05T07:33:54.152593Z[0m [33m WARN[0m [2mpm_bot[0m[2m:[0m découverte gamma: requête Gamma: error sending request for url (https://gamma-api.polymarket.com/events?slug=btc-updown-5m-1783236600): client error (Connect): tunnel error: failed to create underlying connection: tcp connect error: Connection refused (os error 111)
[2m2026-07-05T07:33:59.154075Z[0m [33m WARN[0m [2mpm_bot[0m[2m:[0m découverte gamma: requête Gamma: error sending request for url (https://gamma-api.polymarket.com/events?slug=btc-updown-5m-1783236600): client error (Connect): tunnel error: failed to create underlying connection: tcp connect error: Connection refused (os error 111)
[2m2026-07-05T07:34:03.951229Z[0m [33m WARN[0m [2mpm_acquisition::rtds[0m[2m:[0m RTDS erreur: connexion au proxy 127.0.0.1:45417: Connection refused (os error 111)
[2m2026-07-05T07:34:04.154945Z[0m [33m WARN[0m [2mpm_bot[0m[2m:[0m découverte gamma: requête Gamma: error sending request for url (https://gamma-api.polymarket.com/events?slug=btc-updown-5m-1783236600): client error (Connect): tunnel error: failed to create underlying connection: tcp connect error: Connection refused (os error 111)
[2m2026-07-05T07:34:09.156362Z[0m [33m WARN[0m [2mpm_bot[0m[2m:[0m découverte gamma: requête Gamma: error sending request for url (https://gamma-api.polymarket.com/events?slug=btc-updown-5m-1783236600): client error (Connect): tunnel error: failed to create underlying connection: tcp connect error: Connection refused (os error 111)
[2m2026-07-05T07:34:14.158001Z[0m [33m WARN[0m [2mpm_bot[0m[2m:[0m découverte gamma: requête Gamma: error sending request for url (https://gamma-api.polymarket.com/events?slug=btc-updown-5m-1783236600): client error (Connect): tunnel error: failed to create underlying connection: tcp connect error: Connection refused (os error 111)
[2m2026-07-05T07:34:18.951782Z[0m [33m WARN[0m [2mpm_acquisition::rtds[0m[2m:[0m RTDS erreur: connexion au proxy 127.0.0.1:45417: Connection refused (os error 111)
[2m2026-07-05T07:34:19.159498Z[0m [33m WARN[0m [2mpm_bot[0m[2m:[0m découverte gamma: requête Gamma: error sending request for url (https://gamma-api.polymarket.com/events?slug=btc-updown-5m-1783236600): client error (Connect): tunnel error: failed to create underlying connection: tcp connect error: Connection refused (os error 111)
[2m2026-07-05T07:34:24.160822Z[0m [33m WARN[0m [2mpm_bot[0m[2m:[0m découverte gamma: requête Gamma: error sending request for url (https://gamma-api.polymarket.com/events?slug=btc-updown-5m-1783236600): client error (Connect): tunnel error: failed to create underlying connection: tcp connect error: Connection refused (os error 111)
[2m2026-07-05T07:34:29.162711Z[0m [33m WARN[0m [2mpm_bot[0m[2m:[0m découverte gamma: requête Gamma: error sending request for url (https://gamma-api.polymarket.com/events?slug=btc-updown-5m-1783236600): client error (Connect): tunnel error: failed to create underlying connection: tcp connect error: Connection refused (os error 111)
[2m2026-07-05T07:34:33.953190Z[0m [33m WARN[0m [2mpm_acquisition::rtds[0m[2m:[0m RTDS erreur: connexion au proxy 127.0.0.1:45417: Connection refused (os error 111)
[2m2026-07-05T07:34:34.163968Z[0m [33m WARN[0m [2mpm_bot[0m[2m:[0m découverte gamma: requête Gamma: error sending request for url (https://gamma-api.polymarket.com/events?slug=btc-updown-5m-1783236600): client error (Connect): tunnel error: failed to create underlying connection: tcp connect error: Connection refused (os error 111)
[2m2026-07-05T07:34:39.165512Z[0m [33m WARN[0m [2mpm_bot[0m[2m:[0m découverte gamma: requête Gamma: error sending request for url (https://gamma-api.polymarket.com/events?slug=btc-updown-5m-1783236600): client error (Connect): tunnel error: failed to create underlying connection: tcp connect error: Connection refused (os error 111)
[2m2026-07-05T07:34:44.166978Z[0m [33m WARN[0m [2mpm_bot[0m[2m:[0m découverte gamma: requête Gamma: error sending request for url (https://gamma-api.polymarket.com/events?slug=btc-updown-5m-1783236600): client error (Connect): tunnel error: failed to create underlying connection: tcp connect error: Connection refused (os error 111)
[2m2026-07-05T07:34:48.954205Z[0m [33m WARN[0m [2mpm_acquisition::rtds[0m[2m:[0m RTDS erreur: connexion au proxy 127.0.0.1:45417: Connection refused (os error 111)
[2m2026-07-05T07:34:49.168035Z[0m [33m WARN[0m [2mpm_bot[0m[2m:[0m découverte gamma: requête Gamma: error sending request for url (https://gamma-api.polymarket.com/events?slug=btc-updown-5m-1783236600): client error (Connect): tunnel error: failed to create underlying connection: tcp connect error: Connection refused (os error 111)
[2m2026-07-05T07:34:54.169619Z[0m [33m WARN[0m [2mpm_bot[0m[2m:[0m découverte gamma: requête Gamma: error sending request for url (https://gamma-api.polymarket.com/events?slug=btc-updown-5m-1783236600): client error (Connect): tunnel error: failed to create underlying connection: tcp connect error: Connection refused (os error 111)
[2m2026-07-05T07:34:59.170767Z[0m [33m WARN[0m [2mpm_bot[0m[2m:[0m découverte gamma: requête Gamma: error sending request for url (https://gamma-api.polymarket.com/events?slug=btc-updown-5m-1783236600): client error (Connect): tunnel error: failed to create underlying connection: tcp connect error: Connection refused (os error 111)
[2m2026-07-05T07:35:03.954577Z[0m [33m WARN[0m [2mpm_acquisition::rtds[0m[2m:[0m RTDS erreur: connexion au proxy 127.0.0.1:45417: Connection refused (os error 111)
[2m2026-07-05T07:35:04.172243Z[0m [33m WARN[0m [2mpm_bot[0m[2m:[0m découverte gamma: requête Gamma: error sending request for url (https://gamma-api.polymarket.com/events?slug=btc-updown-5m-1783236900): client error (Connect): tunnel error: failed to create underlying connection: tcp connect error: Connection refused (os error 111)
[2m2026-07-05T07:35:09.173247Z[0m [33m WARN[0m [2mpm_bot[0m[2m:[0m découverte gamma: requête Gamma: error sending request for url (https://gamma-api.polymarket.com/events?slug=btc-updown-5m-1783236900): client error (Connect): tunnel error: failed to create underlying connection: tcp connect error: Connection refused (os error 111)
[2m2026-07-05T07:35:14.174688Z[0m [33m WARN[0m [2mpm_bot[0m[2m:[0m découverte gamma: requête Gamma: error sending request for url (https://gamma-api.polymarket.com/events?slug=btc-updown-5m-1783236900): client error (Connect): tunnel error: failed to create underlying connection: tcp connect error: Connection refused (os error 111)
[2m2026-07-05T07:35:18.956342Z[0m [33m WARN[0m [2mpm_acquisition::rtds[0m[2m:[0m RTDS erreur: connexion au proxy 127.0.0.1:45417: Connection refused (os error 111)
[2m2026-07-05T07:35:19.176064Z[0m [33m WARN[0m [2mpm_bot[0m[2m:[0m découverte gamma: requête Gamma: error sending request for url (https://gamma-api.polymarket.com/events?slug=btc-updown-5m-1783236900): client error (Connect): tunnel error: failed to create underlying connection: tcp connect error: Connection refused (os error 111)
[2m2026-07-05T07:35:24.177062Z[0m [33m WARN[0m [2mpm_bot[0m[2m:[0m découverte gamma: requête Gamma: error sending request for url (https://gamma-api.polymarket.com/events?slug=btc-updown-5m-1783236900): client error (Connect): tunnel error: failed to create underlying connection: tcp connect error: Connection refused (os error 111)
[2m2026-07-05T07:35:29.178541Z[0m [33m WARN[0m [2mpm_bot[0m[2m:[0m découverte gamma: requête Gamma: error sending request for url (https://gamma-api.polymarket.com/events?slug=btc-updown-5m-1783236900): client error (Connect): tunnel error: failed to create underlying connection: tcp connect error: Connection refused (os error 111)
[2m2026-07-05T07:35:33.958486Z[0m [33m WARN[0m [2mpm_acquisition::rtds[0m[2m:[0m RTDS erreur: connexion au proxy 127.0.0.1:45417: Connection refused (os error 111)
[2m2026-07-05T07:35:34.180305Z[0m [33m WARN[0m [2mpm_bot[0m[2m:[0m découverte gamma: requête Gamma: error sending request for url (https://gamma-api.polymarket.com/events?slug=btc-updown-5m-1783236900): client error (Connect): tunnel error: failed to create underlying connection: tcp connect error: Connection refused (os error 111)
[2m2026-07-05T07:35:39.182150Z[0m [33m WARN[0m [2mpm_bot[0m[2m:[0m découverte gamma: requête Gamma: error sending request for url (https://gamma-api.polymarket.com/events?slug=btc-updown-5m-1783236900): client error (Connect): tunnel error: failed to create underlying connection: tcp connect error: Connection refused (os error 111)
[2m2026-07-05T07:35:44.183459Z[0m [33m WARN[0m [2mpm_bot[0m[2m:[0m découverte gamma: requête Gamma: error sending request for url (https://gamma-api.polymarket.com/events?slug=btc-updown-5m-1783236900): client error (Connect): tunnel error: failed to create underlying connection: tcp connect error: Connection refused (os error 111)
[2m2026-07-05T07:35:48.960231Z[0m [33m WARN[0m [2mpm_acquisition::rtds[0m[2m:[0m RTDS erreur: connexion au proxy 127.0.0.1:45417: Connection refused (os error 111)
[2m2026-07-05T07:35:49.184927Z[0m [33m WARN[0m [2mpm_bot[0m[2m:[0m découverte gamma: requête Gamma: error sending request for url (https://gamma-api.polymarket.com/events?slug=btc-updown-5m-1783236900): client error (Connect): tunnel error: failed to create underlying connection: tcp connect error: Connection refused (os error 111)
[2m2026-07-05T07:35:54.186291Z[0m [33m WARN[0m [2mpm_bot[0m[2m:[0m découverte gamma: requête Gamma: error sending request for url (https://gamma-api.polymarket.com/events?slug=btc-updown-5m-1783236900): client error (Connect): tunnel error: failed to create underlying connection: tcp connect error: Connection refused (os error 111)
[2m2026-07-05T07:35:59.188372Z[0m [33m WARN[0m [2mpm_bot[0m[2m:[0m découverte gamma: requête Gamma: error sending request for url (https://gamma-api.polymarket.com/events?slug=btc-updown-5m-1783236900): client error (Connect): tunnel error: failed to create underlying connection: tcp connect error: Connection refused (os error 111)
[2m2026-07-05T07:36:03.961314Z[0m [33m WARN[0m [2mpm_acquisition::rtds[0m[2m:[0m RTDS erreur: connexion au proxy 127.0.0.1:45417: Connection refused (os error 111)
[2m2026-07-05T07:36:04.189948Z[0m [33m WARN[0m [2mpm_bot[0m[2m:[0m découverte gamma: requête Gamma: error sending request for url (https://gamma-api.polymarket.com/events?slug=btc-updown-5m-1783236900): client error (Connect): tunnel error: failed to create underlying connection: tcp connect error: Connection refused (os error 111)
[2m2026-07-05T07:36:09.191135Z[0m [33m WARN[0m [2mpm_bot[0m[2m:[0m découverte gamma: requête Gamma: error sending request for url (https://gamma-api.polymarket.com/events?slug=btc-updown-5m-1783236900): client error (Connect): tunnel error: failed to create underlying connection: tcp connect error: Connection refused (os error 111)
[2m2026-07-05T07:36:14.191790Z[0m [33m WARN[0m [2mpm_bot[0m[2m:[0m découverte gamma: requête Gamma: error sending request for url (https://gamma-api.polymarket.com/events?slug=btc-updown-5m-1783236900): client error (Connect): tunnel error: failed to create underlying connection: tcp connect error: Connection refused (os error 111)
[2m2026-07-05T07:36:18.962758Z[0m [33m WARN[0m [2mpm_acquisition::rtds[0m[2m:[0m RTDS erreur: connexion au proxy 127.0.0.1:45417: Connection refused (os error 111)
[2m2026-07-05T07:36:19.193634Z[0m [33m WARN[0m [2mpm_bot[0m[2m:[0m découverte gamma: requête Gamma: error sending request for url (https://gamma-api.polymarket.com/events?slug=btc-updown-5m-1783236900): client error (Connect): tunnel error: failed to create underlying connection: tcp connect error: Connection refused (os error 111)
[2m2026-07-05T07:36:24.195176Z[0m [33m WARN[0m [2mpm_bot[0m[2m:[0m découverte gamma: requête Gamma: error sending request for url (https://gamma-api.polymarket.com/events?slug=btc-updown-5m-1783236900): client error (Connect): tunnel error: failed to create underlying connection: tcp connect error: Connection refused (os error 111)
[2m2026-07-05T07:36:29.196175Z[0m [33m WARN[0m [2mpm_bot[0m[2m:[0m découverte gamma: requête Gamma: error sending request for url (https://gamma-api.polymarket.com/events?slug=btc-updown-5m-1783236900): client error (Connect): tunnel error: failed to create underlying connection: tcp connect error: Connection refused (os error 111)
[2m2026-07-05T07:36:33.964106Z[0m [33m WARN[0m [2mpm_acquisition::rtds[0m[2m:[0m RTDS erreur: connexion au proxy 127.0.0.1:45417: Connection refused (os error 111)
[2m2026-07-05T07:36:34.196838Z[0m [33m WARN[0m [2mpm_bot[0m[2m:[0m découverte gamma: requête Gamma: error sending request for url (https://gamma-api.polymarket.com/events?slug=btc-updown-5m-1783236900): client error (Connect): tunnel error: failed to create underlying connection: tcp connect error: Connection refused (os error 111)
[2m2026-07-05T07:36:39.197761Z[0m [33m WARN[0m [2mpm_bot[0m[2m:[0m découverte gamma: requête Gamma: error sending request for url (https://gamma-api.polymarket.com/events?slug=btc-updown-5m-1783236900): client error (Connect): tunnel error: failed to create underlying connection: tcp connect error: Connection refused (os error 111)
[2m2026-07-05T07:36:44.199422Z[0m [33m WARN[0m [2mpm_bot[0m[2m:[0m découverte gamma: requête Gamma: error sending request for url (https://gamma-api.polymarket.com/events?slug=btc-updown-5m-1783236900): client error (Connect): tunnel error: failed to create underlying connection: tcp connect error: Connection refused (os error 111)
[2m2026-07-05T07:36:48.964771Z[0m [33m WARN[0m [2mpm_acquisition::rtds[0m[2m:[0m RTDS erreur: connexion au proxy 127.0.0.1:45417: Connection refused (os error 111)
[2m2026-07-05T07:36:49.201452Z[0m [33m WARN[0m [2mpm_bot[0m[2m:[0m découverte gamma: requête Gamma: error sending request for url (https://gamma-api.polymarket.com/events?slug=btc-updown-5m-1783236900): client error (Connect): tunnel error: failed to create underlying connection: tcp connect error: Connection refused (os error 111)
[2m2026-07-05T07:36:54.202731Z[0m [33m WARN[0m [2mpm_bot[0m[2m:[0m découverte gamma: requête Gamma: error sending request for url (https://gamma-api.polymarket.com/events?slug=btc-updown-5m-1783236900): client error (Connect): tunnel error: failed to create underlying connection: tcp connect error: Connection refused (os error 111)
[2m2026-07-05T07:36:59.203677Z[0m [33m WARN[0m [2mpm_bot[0m[2m:[0m découverte gamma: requête Gamma: error sending request for url (https://gamma-api.polymarket.com/events?slug=btc-updown-5m-1783236900): client error (Connect): tunnel error: failed to create underlying connection: tcp connect error: Connection refused (os error 111)
[2m2026-07-05T07:37:03.966141Z[0m [33m WARN[0m [2mpm_acquisition::rtds[0m[2m:[0m RTDS erreur: connexion au proxy 127.0.0.1:45417: Connection refused (os error 111)
[2m2026-07-05T07:37:04.204831Z[0m [33m WARN[0m [2mpm_bot[0m[2m:[0m découverte gamma: requête Gamma: error sending request for url (https://gamma-api.polymarket.com/events?slug=btc-updown-5m-1783236900): client error (Connect): tunnel error: failed to create underlying connection: tcp connect error: Connection refused (os error 111)
[2m2026-07-05T07:37:09.205760Z[0m [33m WARN[0m [2mpm_bot[0m[2m:[0m découverte gamma: requête Gamma: error sending request for url (https://gamma-api.polymarket.com/events?slug=btc-updown-5m-1783236900): client error (Connect): tunnel error: failed to create underlying connection: tcp connect error: Connection refused (os error 111)
[2m2026-07-05T07:37:14.207370Z[0m [33m WARN[0m [2mpm_bot[0m[2m:[0m découverte gamma: requête Gamma: error sending request for url (https://gamma-api.polymarket.com/events?slug=btc-updown-5m-1783236900): client error (Connect): tunnel error: failed to create underlying connection: tcp connect error: Connection refused (os error 111)
[2m2026-07-05T07:37:18.967345Z[0m [33m WARN[0m [2mpm_acquisition::rtds[0m[2m:[0m RTDS erreur: connexion au proxy 127.0.0.1:45417: Connection refused (os error 111)
[2m2026-07-05T07:37:19.209155Z[0m [33m WARN[0m [2mpm_bot[0m[2m:[0m découverte gamma: requête Gamma: error sending request for url (https://gamma-api.polymarket.com/events?slug=btc-updown-5m-1783236900): client error (Connect): tunnel error: failed to create underlying connection: tcp connect error: Connection refused (os error 111)
[2m2026-07-05T07:37:24.210623Z[0m [33m WARN[0m [2mpm_bot[0m[2m:[0m découverte gamma: requête Gamma: error sending request for url (https://gamma-api.polymarket.com/events?slug=btc-updown-5m-1783236900): client error (Connect): tunnel error: failed to create underlying connection: tcp connect error: Connection refused (os error 111)
[2m2026-07-05T07:37:29.212264Z[0m [33m WARN[0m [2mpm_bot[0m[2m:[0m découverte gamma: requête Gamma: error sending request for url (https://gamma-api.polymarket.com/events?slug=btc-updown-5m-1783236900): client error (Connect): tunnel error: failed to create underlying connection: tcp connect error: Connection refused (os error 111)
[2m2026-07-05T07:37:33.968750Z[0m [33m WARN[0m [2mpm_acquisition::rtds[0m[2m:[0m RTDS erreur: connexion au proxy 127.0.0.1:45417: Connection refused (os error 111)
[2m2026-07-05T07:37:34.213561Z[0m [33m WARN[0m [2mpm_bot[0m[2m:[0m découverte gamma: requête Gamma: error sending request for url (https://gamma-api.polymarket.com/events?slug=btc-updown-5m-1783236900): client error (Connect): tunnel error: failed to create underlying connection: tcp connect error: Connection refused (os error 111)
[2m2026-07-05T07:37:39.214882Z[0m [33m WARN[0m [2mpm_bot[0m[2m:[0m découverte gamma: requête Gamma: error sending request for url (https://gamma-api.polymarket.com/events?slug=btc-updown-5m-1783236900): client error (Connect): tunnel error: failed to create underlying connection: tcp connect error: Connection refused (os error 111)
[2m2026-07-05T07:37:44.216693Z[0m [33m WARN[0m [2mpm_bot[0m[2m:[0m découverte gamma: requête Gamma: error sending request for url (https://gamma-api.polymarket.com/events?slug=btc-updown-5m-1783236900): client error (Connect): tunnel error: failed to create underlying connection: tcp connect error: Connection refused (os error 111)
[2m2026-07-05T07:37:48.970463Z[0m [33m WARN[0m [2mpm_acquisition::rtds[0m[2m:[0m RTDS erreur: connexion au proxy 127.0.0.1:45417: Connection refused (os error 111)
[2m2026-07-05T07:37:49.218235Z[0m [33m WARN[0m [2mpm_bot[0m[2m:[0m découverte gamma: requête Gamma: error sending request for url (https://gamma-api.polymarket.com/events?slug=btc-updown-5m-1783236900): client error (Connect): tunnel error: failed to create underlying connection: tcp connect error: Connection refused (os error 111)
[2m2026-07-05T07:37:54.218667Z[0m [33m WARN[0m [2mpm_bot[0m[2m:[0m découverte gamma: requête Gamma: error sending request for url (https://gamma-api.polymarket.com/events?slug=btc-updown-5m-1783236900): client error (Connect): tunnel error: failed to create underlying connection: tcp connect error: Connection refused (os error 111)
[2m2026-07-05T07:37:59.219751Z[0m [33m WARN[0m [2mpm_bot[0m[2m:[0m découverte gamma: requête Gamma: error sending request for url (https://gamma-api.polymarket.com/events?slug=btc-updown-5m-1783236900): client error (Connect): tunnel error: failed to create underlying connection: tcp connect error: Connection refused (os error 111)
[2m2026-07-05T07:38:03.971621Z[0m [33m WARN[0m [2mpm_acquisition::rtds[0m[2m:[0m RTDS erreur: connexion au proxy 127.0.0.1:45417: Connection refused (os error 111)
[2m2026-07-05T07:38:04.221261Z[0m [33m WARN[0m [2mpm_bot[0m[2m:[0m découverte gamma: requête Gamma: error sending request for url (https://gamma-api.polymarket.com/events?slug=btc-updown-5m-1783236900): client error (Connect): tunnel error: failed to create underlying connection: tcp connect error: Connection refused (os error 111)
[2m2026-07-05T07:38:09.221785Z[0m [33m WARN[0m [2mpm_bot[0m[2m:[0m découverte gamma: requête Gamma: error sending request for url (https://gamma-api.polymarket.com/events?slug=btc-updown-5m-1783236900): client error (Connect): tunnel error: failed to create underlying connection: tcp connect error: Connection refused (os error 111)
[2m2026-07-05T07:38:14.223076Z[0m [33m WARN[0m [2mpm_bot[0m[2m:[0m découverte gamma: requête Gamma: error sending request for url (https://gamma-api.polymarket.com/events?slug=btc-updown-5m-1783236900): client error (Connect): tunnel error: failed to create underlying connection: tcp connect error: Connection refused (os error 111)
[2m2026-07-05T07:38:18.972573Z[0m [33m WARN[0m [2mpm_acquisition::rtds[0m[2m:[0m RTDS erreur: connexion au proxy 127.0.0.1:45417: Connection refused (os error 111)
[2m2026-07-05T07:38:19.224310Z[0m [33m WARN[0m [2mpm_bot[0m[2m:[0m découverte gamma: requête Gamma: error sending request for url (https://gamma-api.polymarket.com/events?slug=btc-updown-5m-1783236900): client error (Connect): tunnel error: failed to create underlying connection: tcp connect error: Connection refused (os error 111)
[2m2026-07-05T07:38:24.226579Z[0m [33m WARN[0m [2mpm_bot[0m[2m:[0m découverte gamma: requête Gamma: error sending request for url (https://gamma-api.polymarket.com/events?slug=btc-updown-5m-1783236900): client error (Connect): tunnel error: failed to create underlying connection: tcp connect error: Connection refused (os error 111)
[2m2026-07-05T07:38:29.227844Z[0m [33m WARN[0m [2mpm_bot[0m[2m:[0m découverte gamma: requête Gamma: error sending request for url (https://gamma-api.polymarket.com/events?slug=btc-updown-5m-1783236900): client error (Connect): tunnel error: failed to create underlying connection: tcp connect error: Connection refused (os error 111)
[2m2026-07-05T07:38:33.973754Z[0m [33m WARN[0m [2mpm_acquisition::rtds[0m[2m:[0m RTDS erreur: connexion au proxy 127.0.0.1:45417: Connection refused (os error 111)
[2m2026-07-05T07:38:34.229422Z[0m [33m WARN[0m [2mpm_bot[0m[2m:[0m découverte gamma: requête Gamma: error sending request for url (https://gamma-api.polymarket.com/events?slug=btc-updown-5m-1783236900): client error (Connect): tunnel error: failed to create underlying connection: tcp connect error: Connection refused (os error 111)
[2m2026-07-05T07:38:39.230917Z[0m [33m WARN[0m [2mpm_bot[0m[2m:[0m découverte gamma: requête Gamma: error sending request for url (https://gamma-api.polymarket.com/events?slug=btc-updown-5m-1783236900): client error (Connect): tunnel error: failed to create underlying connection: tcp connect error: Connection refused (os error 111)
[2m2026-07-05T07:38:44.232323Z[0m [33m WARN[0m [2mpm_bot[0m[2m:[0m découverte gamma: requête Gamma: error sending request for url (https://gamma-api.polymarket.com/events?slug=btc-updown-5m-1783236900): client error (Connect): tunnel error: failed to create underlying connection: tcp connect error: Connection refused (os error 111)
[2m2026-07-05T07:38:48.975417Z[0m [33m WARN[0m [2mpm_acquisition::rtds[0m[2m:[0m RTDS erreur: connexion au proxy 127.0.0.1:45417: Connection refused (os error 111)
[2m2026-07-05T07:38:49.234165Z[0m [33m WARN[0m [2mpm_bot[0m[2m:[0m découverte gamma: requête Gamma: error sending request for url (https://gamma-api.polymarket.com/events?slug=btc-updown-5m-1783236900): client error (Connect): tunnel error: failed to create underlying connection: tcp connect error: Connection refused (os error 111)
[2m2026-07-05T07:38:54.234967Z[0m [33m WARN[0m [2mpm_bot[0m[2m:[0m découverte gamma: requête Gamma: error sending request for url (https://gamma-api.polymarket.com/events?slug=btc-updown-5m-1783236900): client error (Connect): tunnel error: failed to create underlying connection: tcp connect error: Connection refused (os error 111)
[2m2026-07-05T07:38:59.236179Z[0m [33m WARN[0m [2mpm_bot[0m[2m:[0m découverte gamma: requête Gamma: error sending request for url (https://gamma-api.polymarket.com/events?slug=btc-updown-5m-1783236900): client error (Connect): tunnel error: failed to create underlying connection: tcp connect error: Connection refused (os error 111)
[2m2026-07-05T07:39:03.977158Z[0m [33m WARN[0m [2mpm_acquisition::rtds[0m[2m:[0m RTDS erreur: connexion au proxy 127.0.0.1:45417: Connection refused (os error 111)
[2m2026-07-05T07:39:04.236839Z[0m [33m WARN[0m [2mpm_bot[0m[2m:[0m découverte gamma: requête Gamma: error sending request for url (https://gamma-api.polymarket.com/events?slug=btc-updown-5m-1783236900): client error (Connect): tunnel error: failed to create underlying connection: tcp connect error: Connection refused (os error 111)
[2m2026-07-05T07:39:09.238208Z[0m [33m WARN[0m [2mpm_bot[0m[2m:[0m découverte gamma: requête Gamma: error sending request for url (https://gamma-api.polymarket.com/events?slug=btc-updown-5m-1783236900): client error (Connect): tunnel error: failed to create underlying connection: tcp connect error: Connection refused (os error 111)
[2m2026-07-05T07:39:14.239128Z[0m [33m WARN[0m [2mpm_bot[0m[2m:[0m découverte gamma: requête Gamma: error sending request for url (https://gamma-api.polymarket.com/events?slug=btc-updown-5m-1783236900): client error (Connect): tunnel error: failed to create underlying connection: tcp connect error: Connection refused (os error 111)
[2m2026-07-05T07:39:18.977822Z[0m [33m WARN[0m [2mpm_acquisition::rtds[0m[2m:[0m RTDS erreur: connexion au proxy 127.0.0.1:45417: Connection refused (os error 111)
[2m2026-07-05T07:39:19.239718Z[0m [33m WARN[0m [2mpm_bot[0m[2m:[0m découverte gamma: requête Gamma: error sending request for url (https://gamma-api.polymarket.com/events?slug=btc-updown-5m-1783236900): client error (Connect): tunnel error: failed to create underlying connection: tcp connect error: Connection refused (os error 111)
[2m2026-07-05T07:39:24.240748Z[0m [33m WARN[0m [2mpm_bot[0m[2m:[0m découverte gamma: requête Gamma: error sending request for url (https://gamma-api.polymarket.com/events?slug=btc-updown-5m-1783236900): client error (Connect): tunnel error: failed to create underlying connection: tcp connect error: Connection refused (os error 111)
[2m2026-07-05T07:39:29.241842Z[0m [33m WARN[0m [2mpm_bot[0m[2m:[0m découverte gamma: requête Gamma: error sending request for url (https://gamma-api.polymarket.com/events?slug=btc-updown-5m-1783236900): client error (Connect): tunnel error: failed to create underlying connection: tcp connect error: Connection refused (os error 111)
[2m2026-07-05T07:39:33.978776Z[0m [33m WARN[0m [2mpm_acquisition::rtds[0m[2m:[0m RTDS erreur: connexion au proxy 127.0.0.1:45417: Connection refused (os error 111)
[2m2026-07-05T07:39:34.243643Z[0m [33m WARN[0m [2mpm_bot[0m[2m:[0m découverte gamma: requête Gamma: error sending request for url (https://gamma-api.polymarket.com/events?slug=btc-updown-5m-1783236900): client error (Connect): tunnel error: failed to create underlying connection: tcp connect error: Connection refused (os error 111)
[2m2026-07-05T07:39:39.244738Z[0m [33m WARN[0m [2mpm_bot[0m[2m:[0m découverte gamma: requête Gamma: error sending request for url (https://gamma-api.polymarket.com/events?slug=btc-updown-5m-1783236900): client error (Connect): tunnel error: failed to create underlying connection: tcp connect error: Connection refused (os error 111)
[2m2026-07-05T07:39:44.245693Z[0m [33m WARN[0m [2mpm_bot[0m[2m:[0m découverte gamma: requête Gamma: error sending request for url (https://gamma-api.polymarket.com/events?slug=btc-updown-5m-1783236900): client error (Connect): tunnel error: failed to create underlying connection: tcp connect error: Connection refused (os error 111)
[2m2026-07-05T07:39:48.980571Z[0m [33m WARN[0m [2mpm_acquisition::rtds[0m[2m:[0m RTDS erreur: connexion au proxy 127.0.0.1:45417: Connection refused (os error 111)
[2m2026-07-05T07:39:49.247398Z[0m [33m WARN[0m [2mpm_bot[0m[2m:[0m découverte gamma: requête Gamma: error sending request for url (https://gamma-api.polymarket.com/events?slug=btc-updown-5m-1783236900): client error (Connect): tunnel error: failed to create underlying connection: tcp connect error: Connection refused (os error 111)
[2m2026-07-05T07:39:54.248877Z[0m [33m WARN[0m [2mpm_bot[0m[2m:[0m découverte gamma: requête Gamma: error sending request for url (https://gamma-api.polymarket.com/events?slug=btc-updown-5m-1783236900): client error (Connect): tunnel error: failed to create underlying connection: tcp connect error: Connection refused (os error 111)
[2m2026-07-05T07:39:59.250086Z[0m [33m WARN[0m [2mpm_bot[0m[2m:[0m découverte gamma: requête Gamma: error sending request for url (https://gamma-api.polymarket.com/events?slug=btc-updown-5m-1783236900): client error (Connect): tunnel error: failed to create underlying connection: tcp connect error: Connection refused (os error 111)
[2m2026-07-05T07:40:03.981991Z[0m [33m WARN[0m [2mpm_acquisition::rtds[0m[2m:[0m RTDS erreur: connexion au proxy 127.0.0.1:45417: Connection refused (os error 111)
[2m2026-07-05T07:40:04.250820Z[0m [33m WARN[0m [2mpm_bot[0m[2m:[0m découverte gamma: requête Gamma: error sending request for url (https://gamma-api.polymarket.com/events?slug=btc-updown-5m-1783237200): client error (Connect): tunnel error: failed to create underlying connection: tcp connect error: Connection refused (os error 111)
[2m2026-07-05T07:40:09.252303Z[0m [33m WARN[0m [2mpm_bot[0m[2m:[0m découverte gamma: requête Gamma: error sending request for url (https://gamma-api.polymarket.com/events?slug=btc-updown-5m-1783237200): client error (Connect): tunnel error: failed to create underlying connection: tcp connect error: Connection refused (os error 111)
[2m2026-07-05T07:40:14.253973Z[0m [33m WARN[0m [2mpm_bot[0m[2m:[0m découverte gamma: requête Gamma: error sending request for url (https://gamma-api.polymarket.com/events?slug=btc-updown-5m-1783237200): client error (Connect): tunnel error: failed to create underlying connection: tcp connect error: Connection refused (os error 111)
[2m2026-07-05T07:40:18.983548Z[0m [33m WARN[0m [2mpm_acquisition::rtds[0m[2m:[0m RTDS erreur: connexion au proxy 127.0.0.1:45417: Connection refused (os error 111)
[2m2026-07-05T07:40:19.255247Z[0m [33m WARN[0m [2mpm_bot[0m[2m:[0m découverte gamma: requête Gamma: error sending request for url (https://gamma-api.polymarket.com/events?slug=btc-updown-5m-1783237200): client error (Connect): tunnel error: failed to create underlying connection: tcp connect error: Connection refused (os error 111)
[2m2026-07-05T07:40:24.256008Z[0m [33m WARN[0m [2mpm_bot[0m[2m:[0m découverte gamma: requête Gamma: error sending request for url (https://gamma-api.polymarket.com/events?slug=btc-updown-5m-1783237200): client error (Connect): tunnel error: failed to create underlying connection: tcp connect error: Connection refused (os error 111)
[2m2026-07-05T07:40:29.257213Z[0m [33m WARN[0m [2mpm_bot[0m[2m:[0m découverte gamma: requête Gamma: error sending request for url (https://gamma-api.polymarket.com/events?slug=btc-updown-5m-1783237200): client error (Connect): tunnel error: failed to create underlying connection: tcp connect error: Connection refused (os error 111)
[2m2026-07-05T07:40:33.985152Z[0m [33m WARN[0m [2mpm_acquisition::rtds[0m[2m:[0m RTDS erreur: connexion au proxy 127.0.0.1:45417: Connection refused (os error 111)
[2m2026-07-05T07:40:34.257900Z[0m [33m WARN[0m [2mpm_bot[0m[2m:[0m découverte gamma: requête Gamma: error sending request for url (https://gamma-api.polymarket.com/events?slug=btc-updown-5m-1783237200): client error (Connect): tunnel error: failed to create underlying connection: tcp connect error: Connection refused (os error 111)
[2m2026-07-05T07:40:39.259697Z[0m [33m WARN[0m [2mpm_bot[0m[2m:[0m découverte gamma: requête Gamma: error sending request for url (https://gamma-api.polymarket.com/events?slug=btc-updown-5m-1783237200): client error (Connect): tunnel error: failed to create underlying connection: tcp connect error: Connection refused (os error 111)
[2m2026-07-05T07:40:44.261050Z[0m [33m WARN[0m [2mpm_bot[0m[2m:[0m découverte gamma: requête Gamma: error sending request for url (https://gamma-api.polymarket.com/events?slug=btc-updown-5m-1783237200): client error (Connect): tunnel error: failed to create underlying connection: tcp connect error: Connection refused (os error 111)
[2m2026-07-05T07:40:48.986294Z[0m [33m WARN[0m [2mpm_acquisition::rtds[0m[2m:[0m RTDS erreur: connexion au proxy 127.0.0.1:45417: Connection refused (os error 111)
[2m2026-07-05T07:40:49.262035Z[0m [33m WARN[0m [2mpm_bot[0m[2m:[0m découverte gamma: requête Gamma: error sending request for url (https://gamma-api.polymarket.com/events?slug=btc-updown-5m-1783237200): client error (Connect): tunnel error: failed to create underlying connection: tcp connect error: Connection refused (os error 111)
[2m2026-07-05T07:40:54.262977Z[0m [33m WARN[0m [2mpm_bot[0m[2m:[0m découverte gamma: requête Gamma: error sending request for url (https://gamma-api.polymarket.com/events?slug=btc-updown-5m-1783237200): client error (Connect): tunnel error: failed to create underlying connection: tcp connect error: Connection refused (os error 111)
[2m2026-07-05T07:40:59.264336Z[0m [33m WARN[0m [2mpm_bot[0m[2m:[0m découverte gamma: requête Gamma: error sending request for url (https://gamma-api.polymarket.com/events?slug=btc-updown-5m-1783237200): client error (Connect): tunnel error: failed to create underlying connection: tcp connect error: Connection refused (os error 111)
[2m2026-07-05T07:41:03.988098Z[0m [33m WARN[0m [2mpm_acquisition::rtds[0m[2m:[0m RTDS erreur: connexion au proxy 127.0.0.1:45417: Connection refused (os error 111)
[2m2026-07-05T07:41:04.265848Z[0m [33m WARN[0m [2mpm_bot[0m[2m:[0m découverte gamma: requête Gamma: error sending request for url (https://gamma-api.polymarket.com/events?slug=btc-updown-5m-1783237200): client error (Connect): tunnel error: failed to create underlying connection: tcp connect error: Connection refused (os error 111)
[2m2026-07-05T07:41:09.267077Z[0m [33m WARN[0m [2mpm_bot[0m[2m:[0m découverte gamma: requête Gamma: error sending request for url (https://gamma-api.polymarket.com/events?slug=btc-updown-5m-1783237200): client error (Connect): tunnel error: failed to create underlying connection: tcp connect error: Connection refused (os error 111)
[2m2026-07-05T07:41:14.267888Z[0m [33m WARN[0m [2mpm_bot[0m[2m:[0m découverte gamma: requête Gamma: error sending request for url (https://gamma-api.polymarket.com/events?slug=btc-updown-5m-1783237200): client error (Connect): tunnel error: failed to create underlying connection: tcp connect error: Connection refused (os error 111)
[2m2026-07-05T07:41:18.989323Z[0m [33m WARN[0m [2mpm_acquisition::rtds[0m[2m:[0m RTDS erreur: connexion au proxy 127.0.0.1:45417: Connection refused (os error 111)
[2m2026-07-05T07:41:19.269200Z[0m [33m WARN[0m [2mpm_bot[0m[2m:[0m découverte gamma: requête Gamma: error sending request for url (https://gamma-api.polymarket.com/events?slug=btc-updown-5m-1783237200): client error (Connect): tunnel error: failed to create underlying connection: tcp connect error: Connection refused (os error 111)
[2m2026-07-05T07:41:24.270152Z[0m [33m WARN[0m [2mpm_bot[0m[2m:[0m découverte gamma: requête Gamma: error sending request for url (https://gamma-api.polymarket.com/events?slug=btc-updown-5m-1783237200): client error (Connect): tunnel error: failed to create underlying connection: tcp connect error: Connection refused (os error 111)
[2m2026-07-05T07:41:29.270952Z[0m [33m WARN[0m [2mpm_bot[0m[2m:[0m découverte gamma: requête Gamma: error sending request for url (https://gamma-api.polymarket.com/events?slug=btc-updown-5m-1783237200): client error (Connect): tunnel error: failed to create underlying connection: tcp connect error: Connection refused (os error 111)
[2m2026-07-05T07:41:33.990647Z[0m [33m WARN[0m [2mpm_acquisition::rtds[0m[2m:[0m RTDS erreur: connexion au proxy 127.0.0.1:45417: Connection refused (os error 111)
[2m2026-07-05T07:41:34.272468Z[0m [33m WARN[0m [2mpm_bot[0m[2m:[0m découverte gamma: requête Gamma: error sending request for url (https://gamma-api.polymarket.com/events?slug=btc-updown-5m-1783237200): client error (Connect): tunnel error: failed to create underlying connection: tcp connect error: Connection refused (os error 111)
[2m2026-07-05T07:41:39.274221Z[0m [33m WARN[0m [2mpm_bot[0m[2m:[0m découverte gamma: requête Gamma: error sending request for url (https://gamma-api.polymarket.com/events?slug=btc-updown-5m-1783237200): client error (Connect): tunnel error: failed to create underlying connection: tcp connect error: Connection refused (os error 111)
[2m2026-07-05T07:41:44.274923Z[0m [33m WARN[0m [2mpm_bot[0m[2m:[0m découverte gamma: requête Gamma: error sending request for url (https://gamma-api.polymarket.com/events?slug=btc-updown-5m-1783237200): client error (Connect): tunnel error: failed to create underlying connection: tcp connect error: Connection refused (os error 111)
[2m2026-07-05T07:41:48.991748Z[0m [33m WARN[0m [2mpm_acquisition::rtds[0m[2m:[0m RTDS erreur: connexion au proxy 127.0.0.1:45417: Connection refused (os error 111)
[2m2026-07-05T07:41:49.276477Z[0m [33m WARN[0m [2mpm_bot[0m[2m:[0m découverte gamma: requête Gamma: error sending request for url (https://gamma-api.polymarket.com/events?slug=btc-updown-5m-1783237200): client error (Connect): tunnel error: failed to create underlying connection: tcp connect error: Connection refused (os error 111)
[2m2026-07-05T07:41:54.277869Z[0m [33m WARN[0m [2mpm_bot[0m[2m:[0m découverte gamma: requête Gamma: error sending request for url (https://gamma-api.polymarket.com/events?slug=btc-updown-5m-1783237200): client error (Connect): tunnel error: failed to create underlying connection: tcp connect error: Connection refused (os error 111)
[2m2026-07-05T07:41:59.279091Z[0m [33m WARN[0m [2mpm_bot[0m[2m:[0m découverte gamma: requête Gamma: error sending request for url (https://gamma-api.polymarket.com/events?slug=btc-updown-5m-1783237200): client error (Connect): tunnel error: failed to create underlying connection: tcp connect error: Connection refused (os error 111)
[2m2026-07-05T07:42:03.993472Z[0m [33m WARN[0m [2mpm_acquisition::rtds[0m[2m:[0m RTDS erreur: connexion au proxy 127.0.0.1:45417: Connection refused (os error 111)
[2m2026-07-05T07:42:04.280193Z[0m [33m WARN[0m [2mpm_bot[0m[2m:[0m découverte gamma: requête Gamma: error sending request for url (https://gamma-api.polymarket.com/events?slug=btc-updown-5m-1783237200): client error (Connect): tunnel error: failed to create underlying connection: tcp connect error: Connection refused (os error 111)
[2m2026-07-05T07:42:09.281289Z[0m [33m WARN[0m [2mpm_bot[0m[2m:[0m découverte gamma: requête Gamma: error sending request for url (https://gamma-api.polymarket.com/events?slug=btc-updown-5m-1783237200): client error (Connect): tunnel error: failed to create underlying connection: tcp connect error: Connection refused (os error 111)
[2m2026-07-05T07:42:14.283349Z[0m [33m WARN[0m [2mpm_bot[0m[2m:[0m découverte gamma: requête Gamma: error sending request for url (https://gamma-api.polymarket.com/events?slug=btc-updown-5m-1783237200): client error (Connect): tunnel error: failed to create underlying connection: tcp connect error: Connection refused (os error 111)
[2m2026-07-05T07:42:18.994616Z[0m [33m WARN[0m [2mpm_acquisition::rtds[0m[2m:[0m RTDS erreur: connexion au proxy 127.0.0.1:45417: Connection refused (os error 111)
[2m2026-07-05T07:42:19.285358Z[0m [33m WARN[0m [2mpm_bot[0m[2m:[0m découverte gamma: requête Gamma: error sending request for url (https://gamma-api.polymarket.com/events?slug=btc-updown-5m-1783237200): client error (Connect): tunnel error: failed to create underlying connection: tcp connect error: Connection refused (os error 111)
[2m2026-07-05T07:42:24.287190Z[0m [33m WARN[0m [2mpm_bot[0m[2m:[0m découverte gamma: requête Gamma: error sending request for url (https://gamma-api.polymarket.com/events?slug=btc-updown-5m-1783237200): client error (Connect): tunnel error: failed to create underlying connection: tcp connect error: Connection refused (os error 111)
[2m2026-07-05T07:42:29.287768Z[0m [33m WARN[0m [2mpm_bot[0m[2m:[0m découverte gamma: requête Gamma: error sending request for url (https://gamma-api.polymarket.com/events?slug=btc-updown-5m-1783237200): client error (Connect): tunnel error: failed to create underlying connection: tcp connect error: Connection refused (os error 111)
[2m2026-07-05T07:42:33.996074Z[0m [33m WARN[0m [2mpm_acquisition::rtds[0m[2m:[0m RTDS erreur: connexion au proxy 127.0.0.1:45417: Connection refused (os error 111)
[2m2026-07-05T07:42:34.289043Z[0m [33m WARN[0m [2mpm_bot[0m[2m:[0m découverte gamma: requête Gamma: error sending request for url (https://gamma-api.polymarket.com/events?slug=btc-updown-5m-1783237200): client error (Connect): tunnel error: failed to create underlying connection: tcp connect error: Connection refused (os error 111)
[2m2026-07-05T07:42:39.290114Z[0m [33m WARN[0m [2mpm_bot[0m[2m:[0m découverte gamma: requête Gamma: error sending request for url (https://gamma-api.polymarket.com/events?slug=btc-updown-5m-1783237200): client error (Connect): tunnel error: failed to create underlying connection: tcp connect error: Connection refused (os error 111)
[2m2026-07-05T07:42:44.290964Z[0m [33m WARN[0m [2mpm_bot[0m[2m:[0m découverte gamma: requête Gamma: error sending request for url (https://gamma-api.polymarket.com/events?slug=btc-updown-5m-1783237200): client error (Connect): tunnel error: failed to create underlying connection: tcp connect error: Connection refused (os error 111)
[2m2026-07-05T07:42:48.996636Z[0m [33m WARN[0m [2mpm_acquisition::rtds[0m[2m:[0m RTDS erreur: connexion au proxy 127.0.0.1:45417: Connection refused (os error 111)
[2m2026-07-05T07:42:49.292531Z[0m [33m WARN[0m [2mpm_bot[0m[2m:[0m découverte gamma: requête Gamma: error sending request for url (https://gamma-api.polymarket.com/events?slug=btc-updown-5m-1783237200): client error (Connect): tunnel error: failed to create underlying connection: tcp connect error: Connection refused (os error 111)
[2m2026-07-05T07:42:54.293706Z[0m [33m WARN[0m [2mpm_bot[0m[2m:[0m découverte gamma: requête Gamma: error sending request for url (https://gamma-api.polymarket.com/events?slug=btc-updown-5m-1783237200): client error (Connect): tunnel error: failed to create underlying connection: tcp connect error: Connection refused (os error 111)
[2m2026-07-05T07:42:59.295347Z[0m [33m WARN[0m [2mpm_bot[0m[2m:[0m découverte gamma: requête Gamma: error sending request for url (https://gamma-api.polymarket.com/events?slug=btc-updown-5m-1783237200): client error (Connect): tunnel error: failed to create underlying connection: tcp connect error: Connection refused (os error 111)
[2m2026-07-05T07:43:03.998366Z[0m [33m WARN[0m [2mpm_acquisition::rtds[0m[2m:[0m RTDS erreur: connexion au proxy 127.0.0.1:45417: Connection refused (os error 111)
[2m2026-07-05T07:43:04.297363Z[0m [33m WARN[0m [2mpm_bot[0m[2m:[0m découverte gamma: requête Gamma: error sending request for url (https://gamma-api.polymarket.com/events?slug=btc-updown-5m-1783237200): client error (Connect): tunnel error: failed to create underlying connection: tcp connect error: Connection refused (os error 111)
[2m2026-07-05T07:43:09.299561Z[0m [33m WARN[0m [2mpm_bot[0m[2m:[0m découverte gamma: requête Gamma: error sending request for url (https://gamma-api.polymarket.com/events?slug=btc-updown-5m-1783237200): client error (Connect): tunnel error: failed to create underlying connection: tcp connect error: Connection refused (os error 111)
[2m2026-07-05T07:43:14.300782Z[0m [33m WARN[0m [2mpm_bot[0m[2m:[0m découverte gamma: requête Gamma: error sending request for url (https://gamma-api.polymarket.com/events?slug=btc-updown-5m-1783237200): client error (Connect): tunnel error: failed to create underlying connection: tcp connect error: Connection refused (os error 111)
[2m2026-07-05T07:43:19.000383Z[0m [33m WARN[0m [2mpm_acquisition::rtds[0m[2m:[0m RTDS erreur: connexion au proxy 127.0.0.1:45417: Connection refused (os error 111)
[2m2026-07-05T07:43:19.302228Z[0m [33m WARN[0m [2mpm_bot[0m[2m:[0m découverte gamma: requête Gamma: error sending request for url (https://gamma-api.polymarket.com/events?slug=btc-updown-5m-1783237200): client error (Connect): tunnel error: failed to create underlying connection: tcp connect error: Connection refused (os error 111)
[2m2026-07-05T07:43:24.303441Z[0m [33m WARN[0m [2mpm_bot[0m[2m:[0m découverte gamma: requête Gamma: error sending request for url (https://gamma-api.polymarket.com/events?slug=btc-updown-5m-1783237200): client error (Connect): tunnel error: failed to create underlying connection: tcp connect error: Connection refused (os error 111)
[2m2026-07-05T07:43:29.305217Z[0m [33m WARN[0m [2mpm_bot[0m[2m:[0m découverte gamma: requête Gamma: error sending request for url (https://gamma-api.polymarket.com/events?slug=btc-updown-5m-1783237200): client error (Connect): tunnel error: failed to create underlying connection: tcp connect error: Connection refused (os error 111)
[2m2026-07-05T07:43:34.001666Z[0m [33m WARN[0m [2mpm_acquisition::rtds[0m[2m:[0m RTDS erreur: connexion au proxy 127.0.0.1:45417: Connection refused (os error 111)
[2m2026-07-05T07:43:34.306505Z[0m [33m WARN[0m [2mpm_bot[0m[2m:[0m découverte gamma: requête Gamma: error sending request for url (https://gamma-api.polymarket.com/events?slug=btc-updown-5m-1783237200): client error (Connect): tunnel error: failed to create underlying connection: tcp connect error: Connection refused (os error 111)
[2m2026-07-05T07:43:39.307679Z[0m [33m WARN[0m [2mpm_bot[0m[2m:[0m découverte gamma: requête Gamma: error sending request for url (https://gamma-api.polymarket.com/events?slug=btc-updown-5m-1783237200): client error (Connect): tunnel error: failed to create underlying connection: tcp connect error: Connection refused (os error 111)
[2m2026-07-05T07:43:44.308941Z[0m [33m WARN[0m [2mpm_bot[0m[2m:[0m découverte gamma: requête Gamma: error sending request for url (https://gamma-api.polymarket.com/events?slug=btc-updown-5m-1783237200): client error (Connect): tunnel error: failed to create underlying connection: tcp connect error: Connection refused (os error 111)
[2m2026-07-05T07:43:49.003011Z[0m [33m WARN[0m [2mpm_acquisition::rtds[0m[2m:[0m RTDS erreur: connexion au proxy 127.0.0.1:45417: Connection refused (os error 111)
[2m2026-07-05T07:43:49.309849Z[0m [33m WARN[0m [2mpm_bot[0m[2m:[0m découverte gamma: requête Gamma: error sending request for url (https://gamma-api.polymarket.com/events?slug=btc-updown-5m-1783237200): client error (Connect): tunnel error: failed to create underlying connection: tcp connect error: Connection refused (os error 111)
[2m2026-07-05T07:43:54.311029Z[0m [33m WARN[0m [2mpm_bot[0m[2m:[0m découverte gamma: requête Gamma: error sending request for url (https://gamma-api.polymarket.com/events?slug=btc-updown-5m-1783237200): client error (Connect): tunnel error: failed to create underlying connection: tcp connect error: Connection refused (os error 111)
[2m2026-07-05T07:43:59.311800Z[0m [33m WARN[0m [2mpm_bot[0m[2m:[0m découverte gamma: requête Gamma: error sending request for url (https://gamma-api.polymarket.com/events?slug=btc-updown-5m-1783237200): client error (Connect): tunnel error: failed to create underlying connection: tcp connect error: Connection refused (os error 111)
[2m2026-07-05T07:44:04.003758Z[0m [33m WARN[0m [2mpm_acquisition::rtds[0m[2m:[0m RTDS erreur: connexion au proxy 127.0.0.1:45417: Connection refused (os error 111)
[2m2026-07-05T07:44:04.313453Z[0m [33m WARN[0m [2mpm_bot[0m[2m:[0m découverte gamma: requête Gamma: error sending request for url (https://gamma-api.polymarket.com/events?slug=btc-updown-5m-1783237200): client error (Connect): tunnel error: failed to create underlying connection: tcp connect error: Connection refused (os error 111)
[2m2026-07-05T07:44:09.314967Z[0m [33m WARN[0m [2mpm_bot[0m[2m:[0m découverte gamma: requête Gamma: error sending request for url (https://gamma-api.polymarket.com/events?slug=btc-updown-5m-1783237200): client error (Connect): tunnel error: failed to create underlying connection: tcp connect error: Connection refused (os error 111)
[2m2026-07-05T07:44:14.316189Z[0m [33m WARN[0m [2mpm_bot[0m[2m:[0m découverte gamma: requête Gamma: error sending request for url (https://gamma-api.polymarket.com/events?slug=btc-updown-5m-1783237200): client error (Connect): tunnel error: failed to create underlying connection: tcp connect error: Connection refused (os error 111)
[2m2026-07-05T07:44:19.005231Z[0m [33m WARN[0m [2mpm_acquisition::rtds[0m[2m:[0m RTDS erreur: connexion au proxy 127.0.0.1:45417: Connection refused (os error 111)
[2m2026-07-05T07:44:19.317068Z[0m [33m WARN[0m [2mpm_bot[0m[2m:[0m découverte gamma: requête Gamma: error sending request for url (https://gamma-api.polymarket.com/events?slug=btc-updown-5m-1783237200): client error (Connect): tunnel error: failed to create underlying connection: tcp connect error: Connection refused (os error 111)
[2m2026-07-05T07:44:24.317768Z[0m [33m WARN[0m [2mpm_bot[0m[2m:[0m découverte gamma: requête Gamma: error sending request for url (https://gamma-api.polymarket.com/events?slug=btc-updown-5m-1783237200): client error (Connect): tunnel error: failed to create underlying connection: tcp connect error: Connection refused (os error 111)
[2m2026-07-05T07:44:29.318905Z[0m [33m WARN[0m [2mpm_bot[0m[2m:[0m découverte gamma: requête Gamma: error sending request for url (https://gamma-api.polymarket.com/events?slug=btc-updown-5m-1783237200): client error (Connect): tunnel error: failed to create underlying connection: tcp connect error: Connection refused (os error 111)
[2m2026-07-05T07:44:34.005822Z[0m [33m WARN[0m [2mpm_acquisition::rtds[0m[2m:[0m RTDS erreur: connexion au proxy 127.0.0.1:45417: Connection refused (os error 111)
[2m2026-07-05T07:44:34.319664Z[0m [33m WARN[0m [2mpm_bot[0m[2m:[0m découverte gamma: requête Gamma: error sending request for url (https://gamma-api.polymarket.com/events?slug=btc-updown-5m-1783237200): client error (Connect): tunnel error: failed to create underlying connection: tcp connect error: Connection refused (os error 111)
[2m2026-07-05T07:44:39.320729Z[0m [33m WARN[0m [2mpm_bot[0m[2m:[0m découverte gamma: requête Gamma: error sending request for url (https://gamma-api.polymarket.com/events?slug=btc-updown-5m-1783237200): client error (Connect): tunnel error: failed to create underlying connection: tcp connect error: Connection refused (os error 111)
[2m2026-07-05T07:44:44.321663Z[0m [33m WARN[0m [2mpm_bot[0m[2m:[0m découverte gamma: requête Gamma: error sending request for url (https://gamma-api.polymarket.com/events?slug=btc-updown-5m-1783237200): client error (Connect): tunnel error: failed to create underlying connection: tcp connect error: Connection refused (os error 111)
[2m2026-07-05T07:44:49.007563Z[0m [33m WARN[0m [2mpm_acquisition::rtds[0m[2m:[0m RTDS erreur: connexion au proxy 127.0.0.1:45417: Connection refused (os error 111)
[2m2026-07-05T07:44:49.323521Z[0m [33m WARN[0m [2mpm_bot[0m[2m:[0m découverte gamma: requête Gamma: error sending request for url (https://gamma-api.polymarket.com/events?slug=btc-updown-5m-1783237200): client error (Connect): tunnel error: failed to create underlying connection: tcp connect error: Connection refused (os error 111)
[2m2026-07-05T07:44:54.325253Z[0m [33m WARN[0m [2mpm_bot[0m[2m:[0m découverte gamma: requête Gamma: error sending request for url (https://gamma-api.polymarket.com/events?slug=btc-updown-5m-1783237200): client error (Connect): tunnel error: failed to create underlying connection: tcp connect error: Connection refused (os error 111)
[2m2026-07-05T07:44:59.325832Z[0m [33m WARN[0m [2mpm_bot[0m[2m:[0m découverte gamma: requête Gamma: error sending request for url (https://gamma-api.polymarket.com/events?slug=btc-updown-5m-1783237200): client error (Connect): tunnel error: failed to create underlying connection: tcp connect error: Connection refused (os error 111)
[2m2026-07-05T07:45:04.009135Z[0m [33m WARN[0m [2mpm_acquisition::rtds[0m[2m:[0m RTDS erreur: connexion au proxy 127.0.0.1:45417: Connection refused (os error 111)
[2m2026-07-05T07:45:04.326915Z[0m [33m WARN[0m [2mpm_bot[0m[2m:[0m découverte gamma: requête Gamma: error sending request for url (https://gamma-api.polymarket.com/events?slug=btc-updown-5m-1783237500): client error (Connect): tunnel error: failed to create underlying connection: tcp connect error: Connection refused (os error 111)
[2m2026-07-05T07:45:09.328475Z[0m [33m WARN[0m [2mpm_bot[0m[2m:[0m découverte gamma: requête Gamma: error sending request for url (https://gamma-api.polymarket.com/events?slug=btc-updown-5m-1783237500): client error (Connect): tunnel error: failed to create underlying connection: tcp connect error: Connection refused (os error 111)
[2m2026-07-05T07:45:14.330053Z[0m [33m WARN[0m [2mpm_bot[0m[2m:[0m découverte gamma: requête Gamma: error sending request for url (https://gamma-api.polymarket.com/events?slug=btc-updown-5m-1783237500): client error (Connect): tunnel error: failed to create underlying connection: tcp connect error: Connection refused (os error 111)
[2m2026-07-05T07:45:19.010064Z[0m [33m WARN[0m [2mpm_acquisition::rtds[0m[2m:[0m RTDS erreur: connexion au proxy 127.0.0.1:45417: Connection refused (os error 111)
[2m2026-07-05T07:45:19.330860Z[0m [33m WARN[0m [2mpm_bot[0m[2m:[0m découverte gamma: requête Gamma: error sending request for url (https://gamma-api.polymarket.com/events?slug=btc-updown-5m-1783237500): client error (Connect): tunnel error: failed to create underlying connection: tcp connect error: Connection refused (os error 111)
[2m2026-07-05T07:45:24.332114Z[0m [33m WARN[0m [2mpm_bot[0m[2m:[0m découverte gamma: requête Gamma: error sending request for url (https://gamma-api.polymarket.com/events?slug=btc-updown-5m-1783237500): client error (Connect): tunnel error: failed to create underlying connection: tcp connect error: Connection refused (os error 111)
[2m2026-07-05T07:45:29.333283Z[0m [33m WARN[0m [2mpm_bot[0m[2m:[0m découverte gamma: requête Gamma: error sending request for url (https://gamma-api.polymarket.com/events?slug=btc-updown-5m-1783237500): client error (Connect): tunnel error: failed to create underlying connection: tcp connect error: Connection refused (os error 111)
[2m2026-07-05T07:45:34.011114Z[0m [33m WARN[0m [2mpm_acquisition::rtds[0m[2m:[0m RTDS erreur: connexion au proxy 127.0.0.1:45417: Connection refused (os error 111)
[2m2026-07-05T07:45:34.334926Z[0m [33m WARN[0m [2mpm_bot[0m[2m:[0m découverte gamma: requête Gamma: error sending request for url (https://gamma-api.polymarket.com/events?slug=btc-updown-5m-1783237500): client error (Connect): tunnel error: failed to create underlying connection: tcp connect error: Connection refused (os error 111)
[2m2026-07-05T07:45:39.335864Z[0m [33m WARN[0m [2mpm_bot[0m[2m:[0m découverte gamma: requête Gamma: error sending request for url (https://gamma-api.polymarket.com/events?slug=btc-updown-5m-1783237500): client error (Connect): tunnel error: failed to create underlying connection: tcp connect error: Connection refused (os error 111)
[2m2026-07-05T07:45:44.337150Z[0m [33m WARN[0m [2mpm_bot[0m[2m:[0m découverte gamma: requête Gamma: error sending request for url (https://gamma-api.polymarket.com/events?slug=btc-updown-5m-1783237500): client error (Connect): tunnel error: failed to create underlying connection: tcp connect error: Connection refused (os error 111)
[2m2026-07-05T07:45:49.011589Z[0m [33m WARN[0m [2mpm_acquisition::rtds[0m[2m:[0m RTDS erreur: connexion au proxy 127.0.0.1:45417: Connection refused (os error 111)
[2m2026-07-05T07:45:49.338581Z[0m [33m WARN[0m [2mpm_bot[0m[2m:[0m découverte gamma: requête Gamma: error sending request for url (https://gamma-api.polymarket.com/events?slug=btc-updown-5m-1783237500): client error (Connect): tunnel error: failed to create underlying connection: tcp connect error: Connection refused (os error 111)
[2m2026-07-05T07:45:54.339931Z[0m [33m WARN[0m [2mpm_bot[0m[2m:[0m découverte gamma: requête Gamma: error sending request for url (https://gamma-api.polymarket.com/events?slug=btc-updown-5m-1783237500): client error (Connect): tunnel error: failed to create underlying connection: tcp connect error: Connection refused (os error 111)
[2m2026-07-05T07:45:59.341292Z[0m [33m WARN[0m [2mpm_bot[0m[2m:[0m découverte gamma: requête Gamma: error sending request for url (https://gamma-api.polymarket.com/events?slug=btc-updown-5m-1783237500): client error (Connect): tunnel error: failed to create underlying connection: tcp connect error: Connection refused (os error 111)
[2m2026-07-05T07:46:04.013172Z[0m [33m WARN[0m [2mpm_acquisition::rtds[0m[2m:[0m RTDS erreur: connexion au proxy 127.0.0.1:45417: Connection refused (os error 111)
[2m2026-07-05T07:46:04.343178Z[0m [33m WARN[0m [2mpm_bot[0m[2m:[0m découverte gamma: requête Gamma: error sending request for url (https://gamma-api.polymarket.com/events?slug=btc-updown-5m-1783237500): client error (Connect): tunnel error: failed to create underlying connection: tcp connect error: Connection refused (os error 111)
[2m2026-07-05T07:46:09.343680Z[0m [33m WARN[0m [2mpm_bot[0m[2m:[0m découverte gamma: requête Gamma: error sending request for url (https://gamma-api.polymarket.com/events?slug=btc-updown-5m-1783237500): client error (Connect): tunnel error: failed to create underlying connection: tcp connect error: Connection refused (os error 111)
[2m2026-07-05T07:46:14.344946Z[0m [33m WARN[0m [2mpm_bot[0m[2m:[0m découverte gamma: requête Gamma: error sending request for url (https://gamma-api.polymarket.com/events?slug=btc-updown-5m-1783237500): client error (Connect): tunnel error: failed to create underlying connection: tcp connect error: Connection refused (os error 111)
[2m2026-07-05T07:46:19.014385Z[0m [33m WARN[0m [2mpm_acquisition::rtds[0m[2m:[0m RTDS erreur: connexion au proxy 127.0.0.1:45417: Connection refused (os error 111)
[2m2026-07-05T07:46:19.346403Z[0m [33m WARN[0m [2mpm_bot[0m[2m:[0m découverte gamma: requête Gamma: error sending request for url (https://gamma-api.polymarket.com/events?slug=btc-updown-5m-1783237500): client error (Connect): tunnel error: failed to create underlying connection: tcp connect error: Connection refused (os error 111)
[2m2026-07-05T07:46:24.347670Z[0m [33m WARN[0m [2mpm_bot[0m[2m:[0m découverte gamma: requête Gamma: error sending request for url (https://gamma-api.polymarket.com/events?slug=btc-updown-5m-1783237500): client error (Connect): tunnel error: failed to create underlying connection: tcp connect error: Connection refused (os error 111)
[2m2026-07-05T07:46:29.349275Z[0m [33m WARN[0m [2mpm_bot[0m[2m:[0m découverte gamma: requête Gamma: error sending request for url (https://gamma-api.polymarket.com/events?slug=btc-updown-5m-1783237500): client error (Connect): tunnel error: failed to create underlying connection: tcp connect error: Connection refused (os error 111)
[2m2026-07-05T07:46:34.016086Z[0m [33m WARN[0m [2mpm_acquisition::rtds[0m[2m:[0m RTDS erreur: connexion au proxy 127.0.0.1:45417: Connection refused (os error 111)
[2m2026-07-05T07:46:34.350051Z[0m [33m WARN[0m [2mpm_bot[0m[2m:[0m découverte gamma: requête Gamma: error sending request for url (https://gamma-api.polymarket.com/events?slug=btc-updown-5m-1783237500): client error (Connect): tunnel error: failed to create underlying connection: tcp connect error: Connection refused (os error 111)
[2m2026-07-05T07:46:39.351234Z[0m [33m WARN[0m [2mpm_bot[0m[2m:[0m découverte gamma: requête Gamma: error sending request for url (https://gamma-api.polymarket.com/events?slug=btc-updown-5m-1783237500): client error (Connect): tunnel error: failed to create underlying connection: tcp connect error: Connection refused (os error 111)
[2m2026-07-05T07:46:44.352343Z[0m [33m WARN[0m [2mpm_bot[0m[2m:[0m découverte gamma: requête Gamma: error sending request for url (https://gamma-api.polymarket.com/events?slug=btc-updown-5m-1783237500): client error (Connect): tunnel error: failed to create underlying connection: tcp connect error: Connection refused (os error 111)
[2m2026-07-05T07:46:49.017253Z[0m [33m WARN[0m [2mpm_acquisition::rtds[0m[2m:[0m RTDS erreur: connexion au proxy 127.0.0.1:45417: Connection refused (os error 111)
[2m2026-07-05T07:46:49.354266Z[0m [33m WARN[0m [2mpm_bot[0m[2m:[0m découverte gamma: requête Gamma: error sending request for url (https://gamma-api.polymarket.com/events?slug=btc-updown-5m-1783237500): client error (Connect): tunnel error: failed to create underlying connection: tcp connect error: Connection refused (os error 111)
[2m2026-07-05T07:46:54.355070Z[0m [33m WARN[0m [2mpm_bot[0m[2m:[0m découverte gamma: requête Gamma: error sending request for url (https://gamma-api.polymarket.com/events?slug=btc-updown-5m-1783237500): client error (Connect): tunnel error: failed to create underlying connection: tcp connect error: Connection refused (os error 111)
[2m2026-07-05T07:46:59.356039Z[0m [33m WARN[0m [2mpm_bot[0m[2m:[0m découverte gamma: requête Gamma: error sending request for url (https://gamma-api.polymarket.com/events?slug=btc-updown-5m-1783237500): client error (Connect): tunnel error: failed to create underlying connection: tcp connect error: Connection refused (os error 111)
[2m2026-07-05T07:47:04.017692Z[0m [33m WARN[0m [2mpm_acquisition::rtds[0m[2m:[0m RTDS erreur: connexion au proxy 127.0.0.1:45417: Connection refused (os error 111)
[2m2026-07-05T07:47:04.356760Z[0m [33m WARN[0m [2mpm_bot[0m[2m:[0m découverte gamma: requête Gamma: error sending request for url (https://gamma-api.polymarket.com/events?slug=btc-updown-5m-1783237500): client error (Connect): tunnel error: failed to create underlying connection: tcp connect error: Connection refused (os error 111)
[2m2026-07-05T07:47:09.357964Z[0m [33m WARN[0m [2mpm_bot[0m[2m:[0m découverte gamma: requête Gamma: error sending request for url (https://gamma-api.polymarket.com/events?slug=btc-updown-5m-1783237500): client error (Connect): tunnel error: failed to create underlying connection: tcp connect error: Connection refused (os error 111)
[2m2026-07-05T07:47:14.359296Z[0m [33m WARN[0m [2mpm_bot[0m[2m:[0m découverte gamma: requête Gamma: error sending request for url (https://gamma-api.polymarket.com/events?slug=btc-updown-5m-1783237500): client error (Connect): tunnel error: failed to create underlying connection: tcp connect error: Connection refused (os error 111)
[2m2026-07-05T07:47:19.018691Z[0m [33m WARN[0m [2mpm_acquisition::rtds[0m[2m:[0m RTDS erreur: connexion au proxy 127.0.0.1:45417: Connection refused (os error 111)
[2m2026-07-05T07:47:19.360785Z[0m [33m WARN[0m [2mpm_bot[0m[2m:[0m découverte gamma: requête Gamma: error sending request for url (https://gamma-api.polymarket.com/events?slug=btc-updown-5m-1783237500): client error (Connect): tunnel error: failed to create underlying connection: tcp connect error: Connection refused (os error 111)
[2m2026-07-05T07:47:24.361959Z[0m [33m WARN[0m [2mpm_bot[0m[2m:[0m découverte gamma: requête Gamma: error sending request for url (https://gamma-api.polymarket.com/events?slug=btc-updown-5m-1783237500): client error (Connect): tunnel error: failed to create underlying connection: tcp connect error: Connection refused (os error 111)
[2m2026-07-05T07:47:29.363182Z[0m [33m WARN[0m [2mpm_bot[0m[2m:[0m découverte gamma: requête Gamma: error sending request for url (https://gamma-api.polymarket.com/events?slug=btc-updown-5m-1783237500): client error (Connect): tunnel error: failed to create underlying connection: tcp connect error: Connection refused (os error 111)
[2m2026-07-05T07:47:34.019622Z[0m [33m WARN[0m [2mpm_acquisition::rtds[0m[2m:[0m RTDS erreur: connexion au proxy 127.0.0.1:45417: Connection refused (os error 111)
[2m2026-07-05T07:47:34.363703Z[0m [33m WARN[0m [2mpm_bot[0m[2m:[0m découverte gamma: requête Gamma: error sending request for url (https://gamma-api.polymarket.com/events?slug=btc-updown-5m-1783237500): client error (Connect): tunnel error: failed to create underlying connection: tcp connect error: Connection refused (os error 111)
[2m2026-07-05T07:47:39.364688Z[0m [33m WARN[0m [2mpm_bot[0m[2m:[0m découverte gamma: requête Gamma: error sending request for url (https://gamma-api.polymarket.com/events?slug=btc-updown-5m-1783237500): client error (Connect): tunnel error: failed to create underlying connection: tcp connect error: Connection refused (os error 111)
[2m2026-07-05T07:47:44.366012Z[0m [33m WARN[0m [2mpm_bot[0m[2m:[0m découverte gamma: requête Gamma: error sending request for url (https://gamma-api.polymarket.com/events?slug=btc-updown-5m-1783237500): client error (Connect): tunnel error: failed to create underlying connection: tcp connect error: Connection refused (os error 111)
[2m2026-07-05T07:47:49.021387Z[0m [33m WARN[0m [2mpm_acquisition::rtds[0m[2m:[0m RTDS erreur: connexion au proxy 127.0.0.1:45417: Connection refused (os error 111)
[2m2026-07-05T07:47:49.367406Z[0m [33m WARN[0m [2mpm_bot[0m[2m:[0m découverte gamma: requête Gamma: error sending request for url (https://gamma-api.polymarket.com/events?slug=btc-updown-5m-1783237500): client error (Connect): tunnel error: failed to create underlying connection: tcp connect error: Connection refused (os error 111)
[2m2026-07-05T07:47:54.369183Z[0m [33m WARN[0m [2mpm_bot[0m[2m:[0m découverte gamma: requête Gamma: error sending request for url (https://gamma-api.polymarket.com/events?slug=btc-updown-5m-1783237500): client error (Connect): tunnel error: failed to create underlying connection: tcp connect error: Connection refused (os error 111)
[2m2026-07-05T07:47:59.369937Z[0m [33m WARN[0m [2mpm_bot[0m[2m:[0m découverte gamma: requête Gamma: error sending request for url (https://gamma-api.polymarket.com/events?slug=btc-updown-5m-1783237500): client error (Connect): tunnel error: failed to create underlying connection: tcp connect error: Connection refused (os error 111)
[2m2026-07-05T07:48:04.023220Z[0m [33m WARN[0m [2mpm_acquisition::rtds[0m[2m:[0m RTDS erreur: connexion au proxy 127.0.0.1:45417: Connection refused (os error 111)
[2m2026-07-05T07:48:04.371243Z[0m [33m WARN[0m [2mpm_bot[0m[2m:[0m découverte gamma: requête Gamma: error sending request for url (https://gamma-api.polymarket.com/events?slug=btc-updown-5m-1783237500): client error (Connect): tunnel error: failed to create underlying connection: tcp connect error: Connection refused (os error 111)
[2m2026-07-05T07:48:09.372107Z[0m [33m WARN[0m [2mpm_bot[0m[2m:[0m découverte gamma: requête Gamma: error sending request for url (https://gamma-api.polymarket.com/events?slug=btc-updown-5m-1783237500): client error (Connect): tunnel error: failed to create underlying connection: tcp connect error: Connection refused (os error 111)
[2m2026-07-05T07:48:14.373571Z[0m [33m WARN[0m [2mpm_bot[0m[2m:[0m découverte gamma: requête Gamma: error sending request for url (https://gamma-api.polymarket.com/events?slug=btc-updown-5m-1783237500): client error (Connect): tunnel error: failed to create underlying connection: tcp connect error: Connection refused (os error 111)
[2m2026-07-05T07:48:19.023718Z[0m [33m WARN[0m [2mpm_acquisition::rtds[0m[2m:[0m RTDS erreur: connexion au proxy 127.0.0.1:45417: Connection refused (os error 111)
[2m2026-07-05T07:48:19.374757Z[0m [33m WARN[0m [2mpm_bot[0m[2m:[0m découverte gamma: requête Gamma: error sending request for url (https://gamma-api.polymarket.com/events?slug=btc-updown-5m-1783237500): client error (Connect): tunnel error: failed to create underlying connection: tcp connect error: Connection refused (os error 111)
[2m2026-07-05T07:48:24.375796Z[0m [33m WARN[0m [2mpm_bot[0m[2m:[0m découverte gamma: requête Gamma: error sending request for url (https://gamma-api.polymarket.com/events?slug=btc-updown-5m-1783237500): client error (Connect): tunnel error: failed to create underlying connection: tcp connect error: Connection refused (os error 111)
[2m2026-07-05T07:48:29.377295Z[0m [33m WARN[0m [2mpm_bot[0m[2m:[0m découverte gamma: requête Gamma: error sending request for url (https://gamma-api.polymarket.com/events?slug=btc-updown-5m-1783237500): client error (Connect): tunnel error: failed to create underlying connection: tcp connect error: Connection refused (os error 111)
[2m2026-07-05T07:48:34.025078Z[0m [33m WARN[0m [2mpm_acquisition::rtds[0m[2m:[0m RTDS erreur: connexion au proxy 127.0.0.1:45417: Connection refused (os error 111)
[2m2026-07-05T07:48:34.379136Z[0m [33m WARN[0m [2mpm_bot[0m[2m:[0m découverte gamma: requête Gamma: error sending request for url (https://gamma-api.polymarket.com/events?slug=btc-updown-5m-1783237500): client error (Connect): tunnel error: failed to create underlying connection: tcp connect error: Connection refused (os error 111)
[2m2026-07-05T07:48:39.380549Z[0m [33m WARN[0m [2mpm_bot[0m[2m:[0m découverte gamma: requête Gamma: error sending request for url (https://gamma-api.polymarket.com/events?slug=btc-updown-5m-1783237500): client error (Connect): tunnel error: failed to create underlying connection: tcp connect error: Connection refused (os error 111)
[2m2026-07-05T07:48:44.381804Z[0m [33m WARN[0m [2mpm_bot[0m[2m:[0m découverte gamma: requête Gamma: error sending request for url (https://gamma-api.polymarket.com/events?slug=btc-updown-5m-1783237500): client error (Connect): tunnel error: failed to create underlying connection: tcp connect error: Connection refused (os error 111)
[2m2026-07-05T07:48:49.026343Z[0m [33m WARN[0m [2mpm_acquisition::rtds[0m[2m:[0m RTDS erreur: connexion au proxy 127.0.0.1:45417: Connection refused (os error 111)
[2m2026-07-05T07:48:49.383414Z[0m [33m WARN[0m [2mpm_bot[0m[2m:[0m découverte gamma: requête Gamma: error sending request for url (https://gamma-api.polymarket.com/events?slug=btc-updown-5m-1783237500): client error (Connect): tunnel error: failed to create underlying connection: tcp connect error: Connection refused (os error 111)
[2m2026-07-05T07:48:54.384720Z[0m [33m WARN[0m [2mpm_bot[0m[2m:[0m découverte gamma: requête Gamma: error sending request for url (https://gamma-api.polymarket.com/events?slug=btc-updown-5m-1783237500): client error (Connect): tunnel error: failed to create underlying connection: tcp connect error: Connection refused (os error 111)
[2m2026-07-05T07:48:59.385954Z[0m [33m WARN[0m [2mpm_bot[0m[2m:[0m découverte gamma: requête Gamma: error sending request for url (https://gamma-api.polymarket.com/events?slug=btc-updown-5m-1783237500): client error (Connect): tunnel error: failed to create underlying connection: tcp connect error: Connection refused (os error 111)
[2m2026-07-05T07:49:04.027609Z[0m [33m WARN[0m [2mpm_acquisition::rtds[0m[2m:[0m RTDS erreur: connexion au proxy 127.0.0.1:45417: Connection refused (os error 111)
[2m2026-07-05T07:49:04.386688Z[0m [33m WARN[0m [2mpm_bot[0m[2m:[0m découverte gamma: requête Gamma: error sending request for url (https://gamma-api.polymarket.com/events?slug=btc-updown-5m-1783237500): client error (Connect): tunnel error: failed to create underlying connection: tcp connect error: Connection refused (os error 111)
[2m2026-07-05T07:49:09.387717Z[0m [33m WARN[0m [2mpm_bot[0m[2m:[0m découverte gamma: requête Gamma: error sending request for url (https://gamma-api.polymarket.com/events?slug=btc-updown-5m-1783237500): client error (Connect): tunnel error: failed to create underlying connection: tcp connect error: Connection refused (os error 111)
[2m2026-07-05T07:49:14.388636Z[0m [33m WARN[0m [2mpm_bot[0m[2m:[0m découverte gamma: requête Gamma: error sending request for url (https://gamma-api.polymarket.com/events?slug=btc-updown-5m-1783237500): client error (Connect): tunnel error: failed to create underlying connection: tcp connect error: Connection refused (os error 111)
[2m2026-07-05T07:49:19.028759Z[0m [33m WARN[0m [2mpm_acquisition::rtds[0m[2m:[0m RTDS erreur: connexion au proxy 127.0.0.1:45417: Connection refused (os error 111)
[2m2026-07-05T07:49:19.389779Z[0m [33m WARN[0m [2mpm_bot[0m[2m:[0m découverte gamma: requête Gamma: error sending request for url (https://gamma-api.polymarket.com/events?slug=btc-updown-5m-1783237500): client error (Connect): tunnel error: failed to create underlying connection: tcp connect error: Connection refused (os error 111)
[2m2026-07-05T07:49:24.391047Z[0m [33m WARN[0m [2mpm_bot[0m[2m:[0m découverte gamma: requête Gamma: error sending request for url (https://gamma-api.polymarket.com/events?slug=btc-updown-5m-1783237500): client error (Connect): tunnel error: failed to create underlying connection: tcp connect error: Connection refused (os error 111)
[2m2026-07-05T07:49:29.391941Z[0m [33m WARN[0m [2mpm_bot[0m[2m:[0m découverte gamma: requête Gamma: error sending request for url (https://gamma-api.polymarket.com/events?slug=btc-updown-5m-1783237500): client error (Connect): tunnel error: failed to create underlying connection: tcp connect error: Connection refused (os error 111)
[2m2026-07-05T07:49:34.030270Z[0m [33m WARN[0m [2mpm_acquisition::rtds[0m[2m:[0m RTDS erreur: connexion au proxy 127.0.0.1:45417: Connection refused (os error 111)
[2m2026-07-05T07:49:34.393647Z[0m [33m WARN[0m [2mpm_bot[0m[2m:[0m découverte gamma: requête Gamma: error sending request for url (https://gamma-api.polymarket.com/events?slug=btc-updown-5m-1783237500): client error (Connect): tunnel error: failed to create underlying connection: tcp connect error: Connection refused (os error 111)
[2m2026-07-05T07:49:39.394938Z[0m [33m WARN[0m [2mpm_bot[0m[2m:[0m découverte gamma: requête Gamma: error sending request for url (https://gamma-api.polymarket.com/events?slug=btc-updown-5m-1783237500): client error (Connect): tunnel error: failed to create underlying connection: tcp connect error: Connection refused (os error 111)
[2m2026-07-05T07:49:44.396133Z[0m [33m WARN[0m [2mpm_bot[0m[2m:[0m découverte gamma: requête Gamma: error sending request for url (https://gamma-api.polymarket.com/events?slug=btc-updown-5m-1783237500): client error (Connect): tunnel error: failed to create underlying connection: tcp connect error: Connection refused (os error 111)
[2m2026-07-05T07:49:49.031261Z[0m [33m WARN[0m [2mpm_acquisition::rtds[0m[2m:[0m RTDS erreur: connexion au proxy 127.0.0.1:45417: Connection refused (os error 111)
[2m2026-07-05T07:49:49.397404Z[0m [33m WARN[0m [2mpm_bot[0m[2m:[0m découverte gamma: requête Gamma: error sending request for url (https://gamma-api.polymarket.com/events?slug=btc-updown-5m-1783237500): client error (Connect): tunnel error: failed to create underlying connection: tcp connect error: Connection refused (os error 111)
[2m2026-07-05T07:49:54.399700Z[0m [33m WARN[0m [2mpm_bot[0m[2m:[0m découverte gamma: requête Gamma: error sending request for url (https://gamma-api.polymarket.com/events?slug=btc-updown-5m-1783237500): client error (Connect): tunnel error: failed to create underlying connection: tcp connect error: Connection refused (os error 111)
[2m2026-07-05T07:49:59.400961Z[0m [33m WARN[0m [2mpm_bot[0m[2m:[0m découverte gamma: requête Gamma: error sending request for url (https://gamma-api.polymarket.com/events?slug=btc-updown-5m-1783237500): client error (Connect): tunnel error: failed to create underlying connection: tcp connect error: Connection refused (os error 111)
[2m2026-07-05T07:50:04.031619Z[0m [33m WARN[0m [2mpm_acquisition::rtds[0m[2m:[0m RTDS erreur: connexion au proxy 127.0.0.1:45417: Connection refused (os error 111)
[2m2026-07-05T07:50:04.401737Z[0m [33m WARN[0m [2mpm_bot[0m[2m:[0m découverte gamma: requête Gamma: error sending request for url (https://gamma-api.polymarket.com/events?slug=btc-updown-5m-1783237800): client error (Connect): tunnel error: failed to create underlying connection: tcp connect error: Connection refused (os error 111)
[2m2026-07-05T07:50:09.402995Z[0m [33m WARN[0m [2mpm_bot[0m[2m:[0m découverte gamma: requête Gamma: error sending request for url (https://gamma-api.polymarket.com/events?slug=btc-updown-5m-1783237800): client error (Connect): tunnel error: failed to create underlying connection: tcp connect error: Connection refused (os error 111)
[2m2026-07-05T07:50:14.404042Z[0m [33m WARN[0m [2mpm_bot[0m[2m:[0m découverte gamma: requête Gamma: error sending request for url (https://gamma-api.polymarket.com/events?slug=btc-updown-5m-1783237800): client error (Connect): tunnel error: failed to create underlying connection: tcp connect error: Connection refused (os error 111)
[2m2026-07-05T07:50:19.032808Z[0m [33m WARN[0m [2mpm_acquisition::rtds[0m[2m:[0m RTDS erreur: connexion au proxy 127.0.0.1:45417: Connection refused (os error 111)
[2m2026-07-05T07:50:19.404920Z[0m [33m WARN[0m [2mpm_bot[0m[2m:[0m découverte gamma: requête Gamma: error sending request for url (https://gamma-api.polymarket.com/events?slug=btc-updown-5m-1783237800): client error (Connect): tunnel error: failed to create underlying connection: tcp connect error: Connection refused (os error 111)
[2m2026-07-05T07:50:24.406186Z[0m [33m WARN[0m [2mpm_bot[0m[2m:[0m découverte gamma: requête Gamma: error sending request for url (https://gamma-api.polymarket.com/events?slug=btc-updown-5m-1783237800): client error (Connect): tunnel error: failed to create underlying connection: tcp connect error: Connection refused (os error 111)
[2m2026-07-05T07:50:29.407247Z[0m [33m WARN[0m [2mpm_bot[0m[2m:[0m découverte gamma: requête Gamma: error sending request for url (https://gamma-api.polymarket.com/events?slug=btc-updown-5m-1783237800): client error (Connect): tunnel error: failed to create underlying connection: tcp connect error: Connection refused (os error 111)
[2m2026-07-05T07:50:34.034257Z[0m [33m WARN[0m [2mpm_acquisition::rtds[0m[2m:[0m RTDS erreur: connexion au proxy 127.0.0.1:45417: Connection refused (os error 111)
[2m2026-07-05T07:50:34.408354Z[0m [33m WARN[0m [2mpm_bot[0m[2m:[0m découverte gamma: requête Gamma: error sending request for url (https://gamma-api.polymarket.com/events?slug=btc-updown-5m-1783237800): client error (Connect): tunnel error: failed to create underlying connection: tcp connect error: Connection refused (os error 111)
[2m2026-07-05T07:50:39.410003Z[0m [33m WARN[0m [2mpm_bot[0m[2m:[0m découverte gamma: requête Gamma: error sending request for url (https://gamma-api.polymarket.com/events?slug=btc-updown-5m-1783237800): client error (Connect): tunnel error: failed to create underlying connection: tcp connect error: Connection refused (os error 111)
[2m2026-07-05T07:50:44.411190Z[0m [33m WARN[0m [2mpm_bot[0m[2m:[0m découverte gamma: requête Gamma: error sending request for url (https://gamma-api.polymarket.com/events?slug=btc-updown-5m-1783237800): client error (Connect): tunnel error: failed to create underlying connection: tcp connect error: Connection refused (os error 111)
[2m2026-07-05T07:50:49.034762Z[0m [33m WARN[0m [2mpm_acquisition::rtds[0m[2m:[0m RTDS erreur: connexion au proxy 127.0.0.1:45417: Connection refused (os error 111)
[2m2026-07-05T07:50:49.411946Z[0m [33m WARN[0m [2mpm_bot[0m[2m:[0m découverte gamma: requête Gamma: error sending request for url (https://gamma-api.polymarket.com/events?slug=btc-updown-5m-1783237800): client error (Connect): tunnel error: failed to create underlying connection: tcp connect error: Connection refused (os error 111)
[2m2026-07-05T07:50:54.413227Z[0m [33m WARN[0m [2mpm_bot[0m[2m:[0m découverte gamma: requête Gamma: error sending request for url (https://gamma-api.polymarket.com/events?slug=btc-updown-5m-1783237800): client error (Connect): tunnel error: failed to create underlying connection: tcp connect error: Connection refused (os error 111)
[2m2026-07-05T07:50:59.414607Z[0m [33m WARN[0m [2mpm_bot[0m[2m:[0m découverte gamma: requête Gamma: error sending request for url (https://gamma-api.polymarket.com/events?slug=btc-updown-5m-1783237800): client error (Connect): tunnel error: failed to create underlying connection: tcp connect error: Connection refused (os error 111)
[2m2026-07-05T07:51:04.035718Z[0m [33m WARN[0m [2mpm_acquisition::rtds[0m[2m:[0m RTDS erreur: connexion au proxy 127.0.0.1:45417: Connection refused (os error 111)
[2m2026-07-05T07:51:04.415905Z[0m [33m WARN[0m [2mpm_bot[0m[2m:[0m découverte gamma: requête Gamma: error sending request for url (https://gamma-api.polymarket.com/events?slug=btc-updown-5m-1783237800): client error (Connect): tunnel error: failed to create underlying connection: tcp connect error: Connection refused (os error 111)
[2m2026-07-05T07:51:09.417347Z[0m [33m WARN[0m [2mpm_bot[0m[2m:[0m découverte gamma: requête Gamma: error sending request for url (https://gamma-api.polymarket.com/events?slug=btc-updown-5m-1783237800): client error (Connect): tunnel error: failed to create underlying connection: tcp connect error: Connection refused (os error 111)
[2m2026-07-05T07:51:14.418798Z[0m [33m WARN[0m [2mpm_bot[0m[2m:[0m découverte gamma: requête Gamma: error sending request for url (https://gamma-api.polymarket.com/events?slug=btc-updown-5m-1783237800): client error (Connect): tunnel error: failed to create underlying connection: tcp connect error: Connection refused (os error 111)
[2m2026-07-05T07:51:19.037424Z[0m [33m WARN[0m [2mpm_acquisition::rtds[0m[2m:[0m RTDS erreur: connexion au proxy 127.0.0.1:45417: Connection refused (os error 111)
[2m2026-07-05T07:51:19.420344Z[0m [33m WARN[0m [2mpm_bot[0m[2m:[0m découverte gamma: requête Gamma: error sending request for url (https://gamma-api.polymarket.com/events?slug=btc-updown-5m-1783237800): client error (Connect): tunnel error: failed to create underlying connection: tcp connect error: Connection refused (os error 111)
[2m2026-07-05T07:51:24.421882Z[0m [33m WARN[0m [2mpm_bot[0m[2m:[0m découverte gamma: requête Gamma: error sending request for url (https://gamma-api.polymarket.com/events?slug=btc-updown-5m-1783237800): client error (Connect): tunnel error: failed to create underlying connection: tcp connect error: Connection refused (os error 111)
[2m2026-07-05T07:51:29.423630Z[0m [33m WARN[0m [2mpm_bot[0m[2m:[0m découverte gamma: requête Gamma: error sending request for url (https://gamma-api.polymarket.com/events?slug=btc-updown-5m-1783237800): client error (Connect): tunnel error: failed to create underlying connection: tcp connect error: Connection refused (os error 111)
[2m2026-07-05T07:51:34.038738Z[0m [33m WARN[0m [2mpm_acquisition::rtds[0m[2m:[0m RTDS erreur: connexion au proxy 127.0.0.1:45417: Connection refused (os error 111)
[2m2026-07-05T07:51:34.424774Z[0m [33m WARN[0m [2mpm_bot[0m[2m:[0m découverte gamma: requête Gamma: error sending request for url (https://gamma-api.polymarket.com/events?slug=btc-updown-5m-1783237800): client error (Connect): tunnel error: failed to create underlying connection: tcp connect error: Connection refused (os error 111)
[2m2026-07-05T07:51:39.426102Z[0m [33m WARN[0m [2mpm_bot[0m[2m:[0m découverte gamma: requête Gamma: error sending request for url (https://gamma-api.polymarket.com/events?slug=btc-updown-5m-1783237800): client error (Connect): tunnel error: failed to create underlying connection: tcp connect error: Connection refused (os error 111)
[2m2026-07-05T07:51:44.426725Z[0m [33m WARN[0m [2mpm_bot[0m[2m:[0m découverte gamma: requête Gamma: error sending request for url (https://gamma-api.polymarket.com/events?slug=btc-updown-5m-1783237800): client error (Connect): tunnel error: failed to create underlying connection: tcp connect error: Connection refused (os error 111)
[2m2026-07-05T07:51:49.040252Z[0m [33m WARN[0m [2mpm_acquisition::rtds[0m[2m:[0m RTDS erreur: connexion au proxy 127.0.0.1:45417: Connection refused (os error 111)
[2m2026-07-05T07:51:49.428508Z[0m [33m WARN[0m [2mpm_bot[0m[2m:[0m découverte gamma: requête Gamma: error sending request for url (https://gamma-api.polymarket.com/events?slug=btc-updown-5m-1783237800): client error (Connect): tunnel error: failed to create underlying connection: tcp connect error: Connection refused (os error 111)
[2m2026-07-05T07:51:54.430178Z[0m [33m WARN[0m [2mpm_bot[0m[2m:[0m découverte gamma: requête Gamma: error sending request for url (https://gamma-api.polymarket.com/events?slug=btc-updown-5m-1783237800): client error (Connect): tunnel error: failed to create underlying connection: tcp connect error: Connection refused (os error 111)
[2m2026-07-05T07:51:59.431103Z[0m [33m WARN[0m [2mpm_bot[0m[2m:[0m découverte gamma: requête Gamma: error sending request for url (https://gamma-api.polymarket.com/events?slug=btc-updown-5m-1783237800): client error (Connect): tunnel error: failed to create underlying connection: tcp connect error: Connection refused (os error 111)
[2m2026-07-05T07:52:04.041125Z[0m [33m WARN[0m [2mpm_acquisition::rtds[0m[2m:[0m RTDS erreur: connexion au proxy 127.0.0.1:45417: Connection refused (os error 111)
[2m2026-07-05T07:52:04.432119Z[0m [33m WARN[0m [2mpm_bot[0m[2m:[0m découverte gamma: requête Gamma: error sending request for url (https://gamma-api.polymarket.com/events?slug=btc-updown-5m-1783237800): client error (Connect): tunnel error: failed to create underlying connection: tcp connect error: Connection refused (os error 111)
[2m2026-07-05T07:52:09.433417Z[0m [33m WARN[0m [2mpm_bot[0m[2m:[0m découverte gamma: requête Gamma: error sending request for url (https://gamma-api.polymarket.com/events?slug=btc-updown-5m-1783237800): client error (Connect): tunnel error: failed to create underlying connection: tcp connect error: Connection refused (os error 111)
[2m2026-07-05T07:52:14.435598Z[0m [33m WARN[0m [2mpm_bot[0m[2m:[0m découverte gamma: requête Gamma: error sending request for url (https://gamma-api.polymarket.com/events?slug=btc-updown-5m-1783237800): client error (Connect): tunnel error: failed to create underlying connection: tcp connect error: Connection refused (os error 111)
[2m2026-07-05T07:52:19.041805Z[0m [33m WARN[0m [2mpm_acquisition::rtds[0m[2m:[0m RTDS erreur: connexion au proxy 127.0.0.1:45417: Connection refused (os error 111)
[2m2026-07-05T07:52:19.436936Z[0m [33m WARN[0m [2mpm_bot[0m[2m:[0m découverte gamma: requête Gamma: error sending request for url (https://gamma-api.polymarket.com/events?slug=btc-updown-5m-1783237800): client error (Connect): tunnel error: failed to create underlying connection: tcp connect error: Connection refused (os error 111)
[2m2026-07-05T07:52:24.438028Z[0m [33m WARN[0m [2mpm_bot[0m[2m:[0m découverte gamma: requête Gamma: error sending request for url (https://gamma-api.polymarket.com/events?slug=btc-updown-5m-1783237800): client error (Connect): tunnel error: failed to create underlying connection: tcp connect error: Connection refused (os error 111)
[2m2026-07-05T07:52:29.439197Z[0m [33m WARN[0m [2mpm_bot[0m[2m:[0m découverte gamma: requête Gamma: error sending request for url (https://gamma-api.polymarket.com/events?slug=btc-updown-5m-1783237800): client error (Connect): tunnel error: failed to create underlying connection: tcp connect error: Connection refused (os error 111)
[2m2026-07-05T07:52:34.042979Z[0m [33m WARN[0m [2mpm_acquisition::rtds[0m[2m:[0m RTDS erreur: connexion au proxy 127.0.0.1:45417: Connection refused (os error 111)
[2m2026-07-05T07:52:34.440017Z[0m [33m WARN[0m [2mpm_bot[0m[2m:[0m découverte gamma: requête Gamma: error sending request for url (https://gamma-api.polymarket.com/events?slug=btc-updown-5m-1783237800): client error (Connect): tunnel error: failed to create underlying connection: tcp connect error: Connection refused (os error 111)
[2m2026-07-05T07:52:39.440756Z[0m [33m WARN[0m [2mpm_bot[0m[2m:[0m découverte gamma: requête Gamma: error sending request for url (https://gamma-api.polymarket.com/events?slug=btc-updown-5m-1783237800): client error (Connect): tunnel error: failed to create underlying connection: tcp connect error: Connection refused (os error 111)
[2m2026-07-05T07:52:44.441804Z[0m [33m WARN[0m [2mpm_bot[0m[2m:[0m découverte gamma: requête Gamma: error sending request for url (https://gamma-api.polymarket.com/events?slug=btc-updown-5m-1783237800): client error (Connect): tunnel error: failed to create underlying connection: tcp connect error: Connection refused (os error 111)
[2m2026-07-05T07:52:49.044047Z[0m [33m WARN[0m [2mpm_acquisition::rtds[0m[2m:[0m RTDS erreur: connexion au proxy 127.0.0.1:45417: Connection refused (os error 111)
[2m2026-07-05T07:52:49.443164Z[0m [33m WARN[0m [2mpm_bot[0m[2m:[0m découverte gamma: requête Gamma: error sending request for url (https://gamma-api.polymarket.com/events?slug=btc-updown-5m-1783237800): client error (Connect): tunnel error: failed to create underlying connection: tcp connect error: Connection refused (os error 111)
[2m2026-07-05T07:52:54.444329Z[0m [33m WARN[0m [2mpm_bot[0m[2m:[0m découverte gamma: requête Gamma: error sending request for url (https://gamma-api.polymarket.com/events?slug=btc-updown-5m-1783237800): client error (Connect): tunnel error: failed to create underlying connection: tcp connect error: Connection refused (os error 111)
[2m2026-07-05T07:52:59.446414Z[0m [33m WARN[0m [2mpm_bot[0m[2m:[0m découverte gamma: requête Gamma: error sending request for url (https://gamma-api.polymarket.com/events?slug=btc-updown-5m-1783237800): client error (Connect): tunnel error: failed to create underlying connection: tcp connect error: Connection refused (os error 111)
[2m2026-07-05T07:53:04.044681Z[0m [33m WARN[0m [2mpm_acquisition::rtds[0m[2m:[0m RTDS erreur: connexion au proxy 127.0.0.1:45417: Connection refused (os error 111)
[2m2026-07-05T07:53:04.447817Z[0m [33m WARN[0m [2mpm_bot[0m[2m:[0m découverte gamma: requête Gamma: error sending request for url (https://gamma-api.polymarket.com/events?slug=btc-updown-5m-1783237800): client error (Connect): tunnel error: failed to create underlying connection: tcp connect error: Connection refused (os error 111)
[2m2026-07-05T07:53:09.448726Z[0m [33m WARN[0m [2mpm_bot[0m[2m:[0m découverte gamma: requête Gamma: error sending request for url (https://gamma-api.polymarket.com/events?slug=btc-updown-5m-1783237800): client error (Connect): tunnel error: failed to create underlying connection: tcp connect error: Connection refused (os error 111)
[2m2026-07-05T07:53:14.450214Z[0m [33m WARN[0m [2mpm_bot[0m[2m:[0m découverte gamma: requête Gamma: error sending request for url (https://gamma-api.polymarket.com/events?slug=btc-updown-5m-1783237800): client error (Connect): tunnel error: failed to create underlying connection: tcp connect error: Connection refused (os error 111)
[2m2026-07-05T07:53:19.045829Z[0m [33m WARN[0m [2mpm_acquisition::rtds[0m[2m:[0m RTDS erreur: connexion au proxy 127.0.0.1:45417: Connection refused (os error 111)
[2m2026-07-05T07:53:19.450772Z[0m [33m WARN[0m [2mpm_bot[0m[2m:[0m découverte gamma: requête Gamma: error sending request for url (https://gamma-api.polymarket.com/events?slug=btc-updown-5m-1783237800): client error (Connect): tunnel error: failed to create underlying connection: tcp connect error: Connection refused (os error 111)
[2m2026-07-05T07:53:24.452055Z[0m [33m WARN[0m [2mpm_bot[0m[2m:[0m découverte gamma: requête Gamma: error sending request for url (https://gamma-api.polymarket.com/events?slug=btc-updown-5m-1783237800): client error (Connect): tunnel error: failed to create underlying connection: tcp connect error: Connection refused (os error 111)
[2m2026-07-05T07:53:29.452678Z[0m [33m WARN[0m [2mpm_bot[0m[2m:[0m découverte gamma: requête Gamma: error sending request for url (https://gamma-api.polymarket.com/events?slug=btc-updown-5m-1783237800): client error (Connect): tunnel error: failed to create underlying connection: tcp connect error: Connection refused (os error 111)
[2m2026-07-05T07:53:34.046827Z[0m [33m WARN[0m [2mpm_acquisition::rtds[0m[2m:[0m RTDS erreur: connexion au proxy 127.0.0.1:45417: Connection refused (os error 111)
[2m2026-07-05T07:53:34.453941Z[0m [33m WARN[0m [2mpm_bot[0m[2m:[0m découverte gamma: requête Gamma: error sending request for url (https://gamma-api.polymarket.com/events?slug=btc-updown-5m-1783237800): client error (Connect): tunnel error: failed to create underlying connection: tcp connect error: Connection refused (os error 111)
[2m2026-07-05T07:53:39.455045Z[0m [33m WARN[0m [2mpm_bot[0m[2m:[0m découverte gamma: requête Gamma: error sending request for url (https://gamma-api.polymarket.com/events?slug=btc-updown-5m-1783237800): client error (Connect): tunnel error: failed to create underlying connection: tcp connect error: Connection refused (os error 111)
[2m2026-07-05T07:53:44.456523Z[0m [33m WARN[0m [2mpm_bot[0m[2m:[0m découverte gamma: requête Gamma: error sending request for url (https://gamma-api.polymarket.com/events?slug=btc-updown-5m-1783237800): client error (Connect): tunnel error: failed to create underlying connection: tcp connect error: Connection refused (os error 111)
[2m2026-07-05T07:53:49.048218Z[0m [33m WARN[0m [2mpm_acquisition::rtds[0m[2m:[0m RTDS erreur: connexion au proxy 127.0.0.1:45417: Connection refused (os error 111)
[2m2026-07-05T07:53:49.458426Z[0m [33m WARN[0m [2mpm_bot[0m[2m:[0m découverte gamma: requête Gamma: error sending request for url (https://gamma-api.polymarket.com/events?slug=btc-updown-5m-1783237800): client error (Connect): tunnel error: failed to create underlying connection: tcp connect error: Connection refused (os error 111)
[2m2026-07-05T07:53:54.459663Z[0m [33m WARN[0m [2mpm_bot[0m[2m:[0m découverte gamma: requête Gamma: error sending request for url (https://gamma-api.polymarket.com/events?slug=btc-updown-5m-1783237800): client error (Connect): tunnel error: failed to create underlying connection: tcp connect error: Connection refused (os error 111)
[2m2026-07-05T07:53:59.460747Z[0m [33m WARN[0m [2mpm_bot[0m[2m:[0m découverte gamma: requête Gamma: error sending request for url (https://gamma-api.polymarket.com/events?slug=btc-updown-5m-1783237800): client error (Connect): tunnel error: failed to create underlying connection: tcp connect error: Connection refused (os error 111)
[2m2026-07-05T07:54:04.049514Z[0m [33m WARN[0m [2mpm_acquisition::rtds[0m[2m:[0m RTDS erreur: connexion au proxy 127.0.0.1:45417: Connection refused (os error 111)
[2m2026-07-05T07:54:04.461685Z[0m [33m WARN[0m [2mpm_bot[0m[2m:[0m découverte gamma: requête Gamma: error sending request for url (https://gamma-api.polymarket.com/events?slug=btc-updown-5m-1783237800): client error (Connect): tunnel error: failed to create underlying connection: tcp connect error: Connection refused (os error 111)
[2m2026-07-05T07:54:09.463160Z[0m [33m WARN[0m [2mpm_bot[0m[2m:[0m découverte gamma: requête Gamma: error sending request for url (https://gamma-api.polymarket.com/events?slug=btc-updown-5m-1783237800): client error (Connect): tunnel error: failed to create underlying connection: tcp connect error: Connection refused (os error 111)
[2m2026-07-05T07:54:14.464027Z[0m [33m WARN[0m [2mpm_bot[0m[2m:[0m découverte gamma: requête Gamma: error sending request for url (https://gamma-api.polymarket.com/events?slug=btc-updown-5m-1783237800): client error (Connect): tunnel error: failed to create underlying connection: tcp connect error: Connection refused (os error 111)
[2m2026-07-05T07:54:19.051034Z[0m [33m WARN[0m [2mpm_acquisition::rtds[0m[2m:[0m RTDS erreur: connexion au proxy 127.0.0.1:45417: Connection refused (os error 111)
[2m2026-07-05T07:54:19.465214Z[0m [33m WARN[0m [2mpm_bot[0m[2m:[0m découverte gamma: requête Gamma: error sending request for url (https://gamma-api.polymarket.com/events?slug=btc-updown-5m-1783237800): client error (Connect): tunnel error: failed to create underlying connection: tcp connect error: Connection refused (os error 111)
[2m2026-07-05T07:54:24.466201Z[0m [33m WARN[0m [2mpm_bot[0m[2m:[0m découverte gamma: requête Gamma: error sending request for url (https://gamma-api.polymarket.com/events?slug=btc-updown-5m-1783237800): client error (Connect): tunnel error: failed to create underlying connection: tcp connect error: Connection refused (os error 111)
[2m2026-07-05T07:54:29.467328Z[0m [33m WARN[0m [2mpm_bot[0m[2m:[0m découverte gamma: requête Gamma: error sending request for url (https://gamma-api.polymarket.com/events?slug=btc-updown-5m-1783237800): client error (Connect): tunnel error: failed to create underlying connection: tcp connect error: Connection refused (os error 111)
[2m2026-07-05T07:54:34.052170Z[0m [33m WARN[0m [2mpm_acquisition::rtds[0m[2m:[0m RTDS erreur: connexion au proxy 127.0.0.1:45417: Connection refused (os error 111)
[2m2026-07-05T07:54:34.469259Z[0m [33m WARN[0m [2mpm_bot[0m[2m:[0m découverte gamma: requête Gamma: error sending request for url (https://gamma-api.polymarket.com/events?slug=btc-updown-5m-1783237800): client error (Connect): tunnel error: failed to create underlying connection: tcp connect error: Connection refused (os error 111)
[2m2026-07-05T07:54:39.470406Z[0m [33m WARN[0m [2mpm_bot[0m[2m:[0m découverte gamma: requête Gamma: error sending request for url (https://gamma-api.polymarket.com/events?slug=btc-updown-5m-1783237800): client error (Connect): tunnel error: failed to create underlying connection: tcp connect error: Connection refused (os error 111)
[2m2026-07-05T07:54:44.472518Z[0m [33m WARN[0m [2mpm_bot[0m[2m:[0m découverte gamma: requête Gamma: error sending request for url (https://gamma-api.polymarket.com/events?slug=btc-updown-5m-1783237800): client error (Connect): tunnel error: failed to create underlying connection: tcp connect error: Connection refused (os error 111)
[2m2026-07-05T07:54:49.053148Z[0m [33m WARN[0m [2mpm_acquisition::rtds[0m[2m:[0m RTDS erreur: connexion au proxy 127.0.0.1:45417: Connection refused (os error 111)
[2m2026-07-05T07:54:49.474436Z[0m [33m WARN[0m [2mpm_bot[0m[2m:[0m découverte gamma: requête Gamma: error sending request for url (https://gamma-api.polymarket.com/events?slug=btc-updown-5m-1783237800): client error (Connect): tunnel error: failed to create underlying connection: tcp connect error: Connection refused (os error 111)
[2m2026-07-05T07:54:54.476307Z[0m [33m WARN[0m [2mpm_bot[0m[2m:[0m découverte gamma: requête Gamma: error sending request for url (https://gamma-api.polymarket.com/events?slug=btc-updown-5m-1783237800): client error (Connect): tunnel error: failed to create underlying connection: tcp connect error: Connection refused (os error 111)
[2m2026-07-05T07:54:59.478489Z[0m [33m WARN[0m [2mpm_bot[0m[2m:[0m découverte gamma: requête Gamma: error sending request for url (https://gamma-api.polymarket.com/events?slug=btc-updown-5m-1783237800): client error (Connect): tunnel error: failed to create underlying connection: tcp connect error: Connection refused (os error 111)
[2m2026-07-05T07:55:04.053907Z[0m [33m WARN[0m [2mpm_acquisition::rtds[0m[2m:[0m RTDS erreur: connexion au proxy 127.0.0.1:45417: Connection refused (os error 111)
[2m2026-07-05T07:55:04.480051Z[0m [33m WARN[0m [2mpm_bot[0m[2m:[0m découverte gamma: requête Gamma: error sending request for url (https://gamma-api.polymarket.com/events?slug=btc-updown-5m-1783238100): client error (Connect): tunnel error: failed to create underlying connection: tcp connect error: Connection refused (os error 111)
[2m2026-07-05T07:55:09.481267Z[0m [33m WARN[0m [2mpm_bot[0m[2m:[0m découverte gamma: requête Gamma: error sending request for url (https://gamma-api.polymarket.com/events?slug=btc-updown-5m-1783238100): client error (Connect): tunnel error: failed to create underlying connection: tcp connect error: Connection refused (os error 111)
[2m2026-07-05T07:55:14.482036Z[0m [33m WARN[0m [2mpm_bot[0m[2m:[0m découverte gamma: requête Gamma: error sending request for url (https://gamma-api.polymarket.com/events?slug=btc-updown-5m-1783238100): client error (Connect): tunnel error: failed to create underlying connection: tcp connect error: Connection refused (os error 111)
[2m2026-07-05T07:55:19.055284Z[0m [33m WARN[0m [2mpm_acquisition::rtds[0m[2m:[0m RTDS erreur: connexion au proxy 127.0.0.1:45417: Connection refused (os error 111)
[2m2026-07-05T07:55:19.483402Z[0m [33m WARN[0m [2mpm_bot[0m[2m:[0m découverte gamma: requête Gamma: error sending request for url (https://gamma-api.polymarket.com/events?slug=btc-updown-5m-1783238100): client error (Connect): tunnel error: failed to create underlying connection: tcp connect error: Connection refused (os error 111)
[2m2026-07-05T07:55:24.485295Z[0m [33m WARN[0m [2mpm_bot[0m[2m:[0m découverte gamma: requête Gamma: error sending request for url (https://gamma-api.polymarket.com/events?slug=btc-updown-5m-1783238100): client error (Connect): tunnel error: failed to create underlying connection: tcp connect error: Connection refused (os error 111)
[2m2026-07-05T07:55:29.486761Z[0m [33m WARN[0m [2mpm_bot[0m[2m:[0m découverte gamma: requête Gamma: error sending request for url (https://gamma-api.polymarket.com/events?slug=btc-updown-5m-1783238100): client error (Connect): tunnel error: failed to create underlying connection: tcp connect error: Connection refused (os error 111)
[2m2026-07-05T07:55:34.055702Z[0m [33m WARN[0m [2mpm_acquisition::rtds[0m[2m:[0m RTDS erreur: connexion au proxy 127.0.0.1:45417: Connection refused (os error 111)
[2m2026-07-05T07:55:34.488638Z[0m [33m WARN[0m [2mpm_bot[0m[2m:[0m découverte gamma: requête Gamma: error sending request for url (https://gamma-api.polymarket.com/events?slug=btc-updown-5m-1783238100): client error (Connect): tunnel error: failed to create underlying connection: tcp connect error: Connection refused (os error 111)
[2m2026-07-05T07:55:39.490388Z[0m [33m WARN[0m [2mpm_bot[0m[2m:[0m découverte gamma: requête Gamma: error sending request for url (https://gamma-api.polymarket.com/events?slug=btc-updown-5m-1783238100): client error (Connect): tunnel error: failed to create underlying connection: tcp connect error: Connection refused (os error 111)
[2m2026-07-05T07:55:44.491712Z[0m [33m WARN[0m [2mpm_bot[0m[2m:[0m découverte gamma: requête Gamma: error sending request for url (https://gamma-api.polymarket.com/events?slug=btc-updown-5m-1783238100): client error (Connect): tunnel error: failed to create underlying connection: tcp connect error: Connection refused (os error 111)
[2m2026-07-05T07:55:49.057524Z[0m [33m WARN[0m [2mpm_acquisition::rtds[0m[2m:[0m RTDS erreur: connexion au proxy 127.0.0.1:45417: Connection refused (os error 111)
[2m2026-07-05T07:55:49.493631Z[0m [33m WARN[0m [2mpm_bot[0m[2m:[0m découverte gamma: requête Gamma: error sending request for url (https://gamma-api.polymarket.com/events?slug=btc-updown-5m-1783238100): client error (Connect): tunnel error: failed to create underlying connection: tcp connect error: Connection refused (os error 111)
[2m2026-07-05T07:55:54.494855Z[0m [33m WARN[0m [2mpm_bot[0m[2m:[0m découverte gamma: requête Gamma: error sending request for url (https://gamma-api.polymarket.com/events?slug=btc-updown-5m-1783238100): client error (Connect): tunnel error: failed to create underlying connection: tcp connect error: Connection refused (os error 111)
[2m2026-07-05T07:55:59.495891Z[0m [33m WARN[0m [2mpm_bot[0m[2m:[0m découverte gamma: requête Gamma: error sending request for url (https://gamma-api.polymarket.com/events?slug=btc-updown-5m-1783238100): client error (Connect): tunnel error: failed to create underlying connection: tcp connect error: Connection refused (os error 111)
[2m2026-07-05T07:56:04.059052Z[0m [33m WARN[0m [2mpm_acquisition::rtds[0m[2m:[0m RTDS erreur: connexion au proxy 127.0.0.1:45417: Connection refused (os error 111)
[2m2026-07-05T07:56:04.497277Z[0m [33m WARN[0m [2mpm_bot[0m[2m:[0m découverte gamma: requête Gamma: error sending request for url (https://gamma-api.polymarket.com/events?slug=btc-updown-5m-1783238100): client error (Connect): tunnel error: failed to create underlying connection: tcp connect error: Connection refused (os error 111)
[2m2026-07-05T07:56:09.498069Z[0m [33m WARN[0m [2mpm_bot[0m[2m:[0m découverte gamma: requête Gamma: error sending request for url (https://gamma-api.polymarket.com/events?slug=btc-updown-5m-1783238100): client error (Connect): tunnel error: failed to create underlying connection: tcp connect error: Connection refused (os error 111)
[2m2026-07-05T07:56:14.499631Z[0m [33m WARN[0m [2mpm_bot[0m[2m:[0m découverte gamma: requête Gamma: error sending request for url (https://gamma-api.polymarket.com/events?slug=btc-updown-5m-1783238100): client error (Connect): tunnel error: failed to create underlying connection: tcp connect error: Connection refused (os error 111)
[2m2026-07-05T07:56:19.060482Z[0m [33m WARN[0m [2mpm_acquisition::rtds[0m[2m:[0m RTDS erreur: connexion au proxy 127.0.0.1:45417: Connection refused (os error 111)
[2m2026-07-05T07:56:19.501580Z[0m [33m WARN[0m [2mpm_bot[0m[2m:[0m découverte gamma: requête Gamma: error sending request for url (https://gamma-api.polymarket.com/events?slug=btc-updown-5m-1783238100): client error (Connect): tunnel error: failed to create underlying connection: tcp connect error: Connection refused (os error 111)
[2m2026-07-05T07:56:24.503676Z[0m [33m WARN[0m [2mpm_bot[0m[2m:[0m découverte gamma: requête Gamma: error sending request for url (https://gamma-api.polymarket.com/events?slug=btc-updown-5m-1783238100): client error (Connect): tunnel error: failed to create underlying connection: tcp connect error: Connection refused (os error 111)
[2m2026-07-05T07:56:29.505598Z[0m [33m WARN[0m [2mpm_bot[0m[2m:[0m découverte gamma: requête Gamma: error sending request for url (https://gamma-api.polymarket.com/events?slug=btc-updown-5m-1783238100): client error (Connect): tunnel error: failed to create underlying connection: tcp connect error: Connection refused (os error 111)
[2m2026-07-05T07:56:34.061871Z[0m [33m WARN[0m [2mpm_acquisition::rtds[0m[2m:[0m RTDS erreur: connexion au proxy 127.0.0.1:45417: Connection refused (os error 111)
[2m2026-07-05T07:56:34.506850Z[0m [33m WARN[0m [2mpm_bot[0m[2m:[0m découverte gamma: requête Gamma: error sending request for url (https://gamma-api.polymarket.com/events?slug=btc-updown-5m-1783238100): client error (Connect): tunnel error: failed to create underlying connection: tcp connect error: Connection refused (os error 111)
[2m2026-07-05T07:56:39.507778Z[0m [33m WARN[0m [2mpm_bot[0m[2m:[0m découverte gamma: requête Gamma: error sending request for url (https://gamma-api.polymarket.com/events?slug=btc-updown-5m-1783238100): client error (Connect): tunnel error: failed to create underlying connection: tcp connect error: Connection refused (os error 111)
[2m2026-07-05T07:56:44.508777Z[0m [33m WARN[0m [2mpm_bot[0m[2m:[0m découverte gamma: requête Gamma: error sending request for url (https://gamma-api.polymarket.com/events?slug=btc-updown-5m-1783238100): client error (Connect): tunnel error: failed to create underlying connection: tcp connect error: Connection refused (os error 111)
[2m2026-07-05T07:56:49.063255Z[0m [33m WARN[0m [2mpm_acquisition::rtds[0m[2m:[0m RTDS erreur: connexion au proxy 127.0.0.1:45417: Connection refused (os error 111)
[2m2026-07-05T07:56:49.510511Z[0m [33m WARN[0m [2mpm_bot[0m[2m:[0m découverte gamma: requête Gamma: error sending request for url (https://gamma-api.polymarket.com/events?slug=btc-updown-5m-1783238100): client error (Connect): tunnel error: failed to create underlying connection: tcp connect error: Connection refused (os error 111)
[2m2026-07-05T07:56:54.512137Z[0m [33m WARN[0m [2mpm_bot[0m[2m:[0m découverte gamma: requête Gamma: error sending request for url (https://gamma-api.polymarket.com/events?slug=btc-updown-5m-1783238100): client error (Connect): tunnel error: failed to create underlying connection: tcp connect error: Connection refused (os error 111)
[2m2026-07-05T07:56:59.513041Z[0m [33m WARN[0m [2mpm_bot[0m[2m:[0m découverte gamma: requête Gamma: error sending request for url (https://gamma-api.polymarket.com/events?slug=btc-updown-5m-1783238100): client error (Connect): tunnel error: failed to create underlying connection: tcp connect error: Connection refused (os error 111)
[2m2026-07-05T07:57:04.064290Z[0m [33m WARN[0m [2mpm_acquisition::rtds[0m[2m:[0m RTDS erreur: connexion au proxy 127.0.0.1:45417: Connection refused (os error 111)
[2m2026-07-05T07:57:04.514510Z[0m [33m WARN[0m [2mpm_bot[0m[2m:[0m découverte gamma: requête Gamma: error sending request for url (https://gamma-api.polymarket.com/events?slug=btc-updown-5m-1783238100): client error (Connect): tunnel error: failed to create underlying connection: tcp connect error: Connection refused (os error 111)
[2m2026-07-05T07:57:09.515839Z[0m [33m WARN[0m [2mpm_bot[0m[2m:[0m découverte gamma: requête Gamma: error sending request for url (https://gamma-api.polymarket.com/events?slug=btc-updown-5m-1783238100): client error (Connect): tunnel error: failed to create underlying connection: tcp connect error: Connection refused (os error 111)
[2m2026-07-05T07:57:14.516733Z[0m [33m WARN[0m [2mpm_bot[0m[2m:[0m découverte gamma: requête Gamma: error sending request for url (https://gamma-api.polymarket.com/events?slug=btc-updown-5m-1783238100): client error (Connect): tunnel error: failed to create underlying connection: tcp connect error: Connection refused (os error 111)
[2m2026-07-05T07:57:19.066084Z[0m [33m WARN[0m [2mpm_acquisition::rtds[0m[2m:[0m RTDS erreur: connexion au proxy 127.0.0.1:45417: Connection refused (os error 111)
[2m2026-07-05T07:57:19.518386Z[0m [33m WARN[0m [2mpm_bot[0m[2m:[0m découverte gamma: requête Gamma: error sending request for url (https://gamma-api.polymarket.com/events?slug=btc-updown-5m-1783238100): client error (Connect): tunnel error: failed to create underlying connection: tcp connect error: Connection refused (os error 111)
[2m2026-07-05T07:57:24.519690Z[0m [33m WARN[0m [2mpm_bot[0m[2m:[0m découverte gamma: requête Gamma: error sending request for url (https://gamma-api.polymarket.com/events?slug=btc-updown-5m-1783238100): client error (Connect): tunnel error: failed to create underlying connection: tcp connect error: Connection refused (os error 111)
[2m2026-07-05T07:57:29.520883Z[0m [33m WARN[0m [2mpm_bot[0m[2m:[0m découverte gamma: requête Gamma: error sending request for url (https://gamma-api.polymarket.com/events?slug=btc-updown-5m-1783238100): client error (Connect): tunnel error: failed to create underlying connection: tcp connect error: Connection refused (os error 111)
[2m2026-07-05T07:57:34.067485Z[0m [33m WARN[0m [2mpm_acquisition::rtds[0m[2m:[0m RTDS erreur: connexion au proxy 127.0.0.1:45417: Connection refused (os error 111)
[2m2026-07-05T07:57:34.521819Z[0m [33m WARN[0m [2mpm_bot[0m[2m:[0m découverte gamma: requête Gamma: error sending request for url (https://gamma-api.polymarket.com/events?slug=btc-updown-5m-1783238100): client error (Connect): tunnel error: failed to create underlying connection: tcp connect error: Connection refused (os error 111)
[2m2026-07-05T07:57:39.522923Z[0m [33m WARN[0m [2mpm_bot[0m[2m:[0m découverte gamma: requête Gamma: error sending request for url (https://gamma-api.polymarket.com/events?slug=btc-updown-5m-1783238100): client error (Connect): tunnel error: failed to create underlying connection: tcp connect error: Connection refused (os error 111)
[2m2026-07-05T07:57:44.524360Z[0m [33m WARN[0m [2mpm_bot[0m[2m:[0m découverte gamma: requête Gamma: error sending request for url (https://gamma-api.polymarket.com/events?slug=btc-updown-5m-1783238100): client error (Connect): tunnel error: failed to create underlying connection: tcp connect error: Connection refused (os error 111)
[2m2026-07-05T07:57:49.069284Z[0m [33m WARN[0m [2mpm_acquisition::rtds[0m[2m:[0m RTDS erreur: connexion au proxy 127.0.0.1:45417: Connection refused (os error 111)
[2m2026-07-05T07:57:49.526577Z[0m [33m WARN[0m [2mpm_bot[0m[2m:[0m découverte gamma: requête Gamma: error sending request for url (https://gamma-api.polymarket.com/events?slug=btc-updown-5m-1783238100): client error (Connect): tunnel error: failed to create underlying connection: tcp connect error: Connection refused (os error 111)
[2m2026-07-05T07:57:54.528477Z[0m [33m WARN[0m [2mpm_bot[0m[2m:[0m découverte gamma: requête Gamma: error sending request for url (https://gamma-api.polymarket.com/events?slug=btc-updown-5m-1783238100): client error (Connect): tunnel error: failed to create underlying connection: tcp connect error: Connection refused (os error 111)
[2m2026-07-05T07:57:59.529871Z[0m [33m WARN[0m [2mpm_bot[0m[2m:[0m découverte gamma: requête Gamma: error sending request for url (https://gamma-api.polymarket.com/events?slug=btc-updown-5m-1783238100): client error (Connect): tunnel error: failed to create underlying connection: tcp connect error: Connection refused (os error 111)
[2m2026-07-05T07:58:04.071468Z[0m [33m WARN[0m [2mpm_acquisition::rtds[0m[2m:[0m RTDS erreur: connexion au proxy 127.0.0.1:45417: Connection refused (os error 111)
[2m2026-07-05T07:58:04.530704Z[0m [33m WARN[0m [2mpm_bot[0m[2m:[0m découverte gamma: requête Gamma: error sending request for url (https://gamma-api.polymarket.com/events?slug=btc-updown-5m-1783238100): client error (Connect): tunnel error: failed to create underlying connection: tcp connect error: Connection refused (os error 111)
[2m2026-07-05T07:58:09.532426Z[0m [33m WARN[0m [2mpm_bot[0m[2m:[0m découverte gamma: requête Gamma: error sending request for url (https://gamma-api.polymarket.com/events?slug=btc-updown-5m-1783238100): client error (Connect): tunnel error: failed to create underlying connection: tcp connect error: Connection refused (os error 111)
[2m2026-07-05T07:58:14.533819Z[0m [33m WARN[0m [2mpm_bot[0m[2m:[0m découverte gamma: requête Gamma: error sending request for url (https://gamma-api.polymarket.com/events?slug=btc-updown-5m-1783238100): client error (Connect): tunnel error: failed to create underlying connection: tcp connect error: Connection refused (os error 111)
[2m2026-07-05T07:58:19.073347Z[0m [33m WARN[0m [2mpm_acquisition::rtds[0m[2m:[0m RTDS erreur: connexion au proxy 127.0.0.1:45417: Connection refused (os error 111)
[2m2026-07-05T07:58:19.535596Z[0m [33m WARN[0m [2mpm_bot[0m[2m:[0m découverte gamma: requête Gamma: error sending request for url (https://gamma-api.polymarket.com/events?slug=btc-updown-5m-1783238100): client error (Connect): tunnel error: failed to create underlying connection: tcp connect error: Connection refused (os error 111)
[2m2026-07-05T07:58:24.537403Z[0m [33m WARN[0m [2mpm_bot[0m[2m:[0m découverte gamma: requête Gamma: error sending request for url (https://gamma-api.polymarket.com/events?slug=btc-updown-5m-1783238100): client error (Connect): tunnel error: failed to create underlying connection: tcp connect error: Connection refused (os error 111)
[2m2026-07-05T07:58:29.539517Z[0m [33m WARN[0m [2mpm_bot[0m[2m:[0m découverte gamma: requête Gamma: error sending request for url (https://gamma-api.polymarket.com/events?slug=btc-updown-5m-1783238100): client error (Connect): tunnel error: failed to create underlying connection: tcp connect error: Connection refused (os error 111)
[2m2026-07-05T07:58:34.075058Z[0m [33m WARN[0m [2mpm_acquisition::rtds[0m[2m:[0m RTDS erreur: connexion au proxy 127.0.0.1:45417: Connection refused (os error 111)
[2m2026-07-05T07:58:34.541355Z[0m [33m WARN[0m [2mpm_bot[0m[2m:[0m découverte gamma: requête Gamma: error sending request for url (https://gamma-api.polymarket.com/events?slug=btc-updown-5m-1783238100): client error (Connect): tunnel error: failed to create underlying connection: tcp connect error: Connection refused (os error 111)
[2m2026-07-05T07:58:39.543279Z[0m [33m WARN[0m [2mpm_bot[0m[2m:[0m découverte gamma: requête Gamma: error sending request for url (https://gamma-api.polymarket.com/events?slug=btc-updown-5m-1783238100): client error (Connect): tunnel error: failed to create underlying connection: tcp connect error: Connection refused (os error 111)
[2m2026-07-05T07:58:44.543715Z[0m [33m WARN[0m [2mpm_bot[0m[2m:[0m découverte gamma: requête Gamma: error sending request for url (https://gamma-api.polymarket.com/events?slug=btc-updown-5m-1783238100): client error (Connect): tunnel error: failed to create underlying connection: tcp connect error: Connection refused (os error 111)
[2m2026-07-05T07:58:49.076323Z[0m [33m WARN[0m [2mpm_acquisition::rtds[0m[2m:[0m RTDS erreur: connexion au proxy 127.0.0.1:45417: Connection refused (os error 111)
[2m2026-07-05T07:58:49.545622Z[0m [33m WARN[0m [2mpm_bot[0m[2m:[0m découverte gamma: requête Gamma: error sending request for url (https://gamma-api.polymarket.com/events?slug=btc-updown-5m-1783238100): client error (Connect): tunnel error: failed to create underlying connection: tcp connect error: Connection refused (os error 111)
[2m2026-07-05T07:58:54.547120Z[0m [33m WARN[0m [2mpm_bot[0m[2m:[0m découverte gamma: requête Gamma: error sending request for url (https://gamma-api.polymarket.com/events?slug=btc-updown-5m-1783238100): client error (Connect): tunnel error: failed to create underlying connection: tcp connect error: Connection refused (os error 111)
[2m2026-07-05T07:58:59.547700Z[0m [33m WARN[0m [2mpm_bot[0m[2m:[0m découverte gamma: requête Gamma: error sending request for url (https://gamma-api.polymarket.com/events?slug=btc-updown-5m-1783238100): client error (Connect): tunnel error: failed to create underlying connection: tcp connect error: Connection refused (os error 111)
[2m2026-07-05T07:59:04.078312Z[0m [33m WARN[0m [2mpm_acquisition::rtds[0m[2m:[0m RTDS erreur: connexion au proxy 127.0.0.1:45417: Connection refused (os error 111)
[2m2026-07-05T07:59:04.549636Z[0m [33m WARN[0m [2mpm_bot[0m[2m:[0m découverte gamma: requête Gamma: error sending request for url (https://gamma-api.polymarket.com/events?slug=btc-updown-5m-1783238100): client error (Connect): tunnel error: failed to create underlying connection: tcp connect error: Connection refused (os error 111)
[2m2026-07-05T07:59:09.550834Z[0m [33m WARN[0m [2mpm_bot[0m[2m:[0m découverte gamma: requête Gamma: error sending request for url (https://gamma-api.polymarket.com/events?slug=btc-updown-5m-1783238100): client error (Connect): tunnel error: failed to create underlying connection: tcp connect error: Connection refused (os error 111)
[2m2026-07-05T07:59:14.552646Z[0m [33m WARN[0m [2mpm_bot[0m[2m:[0m découverte gamma: requête Gamma: error sending request for url (https://gamma-api.polymarket.com/events?slug=btc-updown-5m-1783238100): client error (Connect): tunnel error: failed to create underlying connection: tcp connect error: Connection refused (os error 111)
[2m2026-07-05T07:59:19.080252Z[0m [33m WARN[0m [2mpm_acquisition::rtds[0m[2m:[0m RTDS erreur: connexion au proxy 127.0.0.1:45417: Connection refused (os error 111)
[2m2026-07-05T07:59:19.554638Z[0m [33m WARN[0m [2mpm_bot[0m[2m:[0m découverte gamma: requête Gamma: error sending request for url (https://gamma-api.polymarket.com/events?slug=btc-updown-5m-1783238100): client error (Connect): tunnel error: failed to create underlying connection: tcp connect error: Connection refused (os error 111)
[2m2026-07-05T07:59:24.556254Z[0m [33m WARN[0m [2mpm_bot[0m[2m:[0m découverte gamma: requête Gamma: error sending request for url (https://gamma-api.polymarket.com/events?slug=btc-updown-5m-1783238100): client error (Connect): tunnel error: failed to create underlying connection: tcp connect error: Connection refused (os error 111)
[2m2026-07-05T07:59:29.556853Z[0m [33m WARN[0m [2mpm_bot[0m[2m:[0m découverte gamma: requête Gamma: error sending request for url (https://gamma-api.polymarket.com/events?slug=btc-updown-5m-1783238100): client error (Connect): tunnel error: failed to create underlying connection: tcp connect error: Connection refused (os error 111)
[2m2026-07-05T07:59:34.081417Z[0m [33m WARN[0m [2mpm_acquisition::rtds[0m[2m:[0m RTDS erreur: connexion au proxy 127.0.0.1:45417: Connection refused (os error 111)
[2m2026-07-05T07:59:34.557659Z[0m [33m WARN[0m [2mpm_bot[0m[2m:[0m découverte gamma: requête Gamma: error sending request for url (https://gamma-api.polymarket.com/events?slug=btc-updown-5m-1783238100): client error (Connect): tunnel error: failed to create underlying connection: tcp connect error: Connection refused (os error 111)
[2m2026-07-05T07:59:39.559417Z[0m [33m WARN[0m [2mpm_bot[0m[2m:[0m découverte gamma: requête Gamma: error sending request for url (https://gamma-api.polymarket.com/events?slug=btc-updown-5m-1783238100): client error (Connect): tunnel error: failed to create underlying connection: tcp connect error: Connection refused (os error 111)
[2m2026-07-05T07:59:44.561487Z[0m [33m WARN[0m [2mpm_bot[0m[2m:[0m découverte gamma: requête Gamma: error sending request for url (https://gamma-api.polymarket.com/events?slug=btc-updown-5m-1783238100): client error (Connect): tunnel error: failed to create underlying connection: tcp connect error: Connection refused (os error 111)
[2m2026-07-05T07:59:49.082935Z[0m [33m WARN[0m [2mpm_acquisition::rtds[0m[2m:[0m RTDS erreur: connexion au proxy 127.0.0.1:45417: Connection refused (os error 111)
[2m2026-07-05T07:59:49.563159Z[0m [33m WARN[0m [2mpm_bot[0m[2m:[0m découverte gamma: requête Gamma: error sending request for url (https://gamma-api.polymarket.com/events?slug=btc-updown-5m-1783238100): client error (Connect): tunnel error: failed to create underlying connection: tcp connect error: Connection refused (os error 111)
[2m2026-07-05T07:59:54.564156Z[0m [33m WARN[0m [2mpm_bot[0m[2m:[0m découverte gamma: requête Gamma: error sending request for url (https://gamma-api.polymarket.com/events?slug=btc-updown-5m-1783238100): client error (Connect): tunnel error: failed to create underlying connection: tcp connect error: Connection refused (os error 111)
[2m2026-07-05T07:59:59.565388Z[0m [33m WARN[0m [2mpm_bot[0m[2m:[0m découverte gamma: requête Gamma: error sending request for url (https://gamma-api.polymarket.com/events?slug=btc-updown-5m-1783238100): client error (Connect): tunnel error: failed to create underlying connection: tcp connect error: Connection refused (os error 111)
[2m2026-07-05T08:00:04.084482Z[0m [33m WARN[0m [2mpm_acquisition::rtds[0m[2m:[0m RTDS erreur: connexion au proxy 127.0.0.1:45417: Connection refused (os error 111)
[2m2026-07-05T08:00:04.566690Z[0m [33m WARN[0m [2mpm_bot[0m[2m:[0m découverte gamma: requête Gamma: error sending request for url (https://gamma-api.polymarket.com/events?slug=btc-updown-5m-1783238400): client error (Connect): tunnel error: failed to create underlying connection: tcp connect error: Connection refused (os error 111)
[2m2026-07-05T08:00:09.567655Z[0m [33m WARN[0m [2mpm_bot[0m[2m:[0m découverte gamma: requête Gamma: error sending request for url (https://gamma-api.polymarket.com/events?slug=btc-updown-5m-1783238400): client error (Connect): tunnel error: failed to create underlying connection: tcp connect error: Connection refused (os error 111)
[2m2026-07-05T08:00:14.568727Z[0m [33m WARN[0m [2mpm_bot[0m[2m:[0m découverte gamma: requête Gamma: error sending request for url (https://gamma-api.polymarket.com/events?slug=btc-updown-5m-1783238400): client error (Connect): tunnel error: failed to create underlying connection: tcp connect error: Connection refused (os error 111)
[2m2026-07-05T08:00:19.085710Z[0m [33m WARN[0m [2mpm_acquisition::rtds[0m[2m:[0m RTDS erreur: connexion au proxy 127.0.0.1:45417: Connection refused (os error 111)
[2m2026-07-05T08:00:19.569830Z[0m [33m WARN[0m [2mpm_bot[0m[2m:[0m découverte gamma: requête Gamma: error sending request for url (https://gamma-api.polymarket.com/events?slug=btc-updown-5m-1783238400): client error (Connect): tunnel error: failed to create underlying connection: tcp connect error: Connection refused (os error 111)
[2m2026-07-05T08:00:24.570916Z[0m [33m WARN[0m [2mpm_bot[0m[2m:[0m découverte gamma: requête Gamma: error sending request for url (https://gamma-api.polymarket.com/events?slug=btc-updown-5m-1783238400): client error (Connect): tunnel error: failed to create underlying connection: tcp connect error: Connection refused (os error 111)
[2m2026-07-05T08:00:29.572253Z[0m [33m WARN[0m [2mpm_bot[0m[2m:[0m découverte gamma: requête Gamma: error sending request for url (https://gamma-api.polymarket.com/events?slug=btc-updown-5m-1783238400): client error (Connect): tunnel error: failed to create underlying connection: tcp connect error: Connection refused (os error 111)
[2m2026-07-05T08:00:34.087499Z[0m [33m WARN[0m [2mpm_acquisition::rtds[0m[2m:[0m RTDS erreur: connexion au proxy 127.0.0.1:45417: Connection refused (os error 111)
[2m2026-07-05T08:00:34.573560Z[0m [33m WARN[0m [2mpm_bot[0m[2m:[0m découverte gamma: requête Gamma: error sending request for url (https://gamma-api.polymarket.com/events?slug=btc-updown-5m-1783238400): client error (Connect): tunnel error: failed to create underlying connection: tcp connect error: Connection refused (os error 111)
[2m2026-07-05T08:00:39.575365Z[0m [33m WARN[0m [2mpm_bot[0m[2m:[0m découverte gamma: requête Gamma: error sending request for url (https://gamma-api.polymarket.com/events?slug=btc-updown-5m-1783238400): client error (Connect): tunnel error: failed to create underlying connection: tcp connect error: Connection refused (os error 111)
[2m2026-07-05T08:00:44.577319Z[0m [33m WARN[0m [2mpm_bot[0m[2m:[0m découverte gamma: requête Gamma: error sending request for url (https://gamma-api.polymarket.com/events?slug=btc-updown-5m-1783238400): client error (Connect): tunnel error: failed to create underlying connection: tcp connect error: Connection refused (os error 111)
[2m2026-07-05T08:00:49.089345Z[0m [33m WARN[0m [2mpm_acquisition::rtds[0m[2m:[0m RTDS erreur: connexion au proxy 127.0.0.1:45417: Connection refused (os error 111)
[2m2026-07-05T08:00:49.579524Z[0m [33m WARN[0m [2mpm_bot[0m[2m:[0m découverte gamma: requête Gamma: error sending request for url (https://gamma-api.polymarket.com/events?slug=btc-updown-5m-1783238400): client error (Connect): tunnel error: failed to create underlying connection: tcp connect error: Connection refused (os error 111)
[2m2026-07-05T08:00:54.581412Z[0m [33m WARN[0m [2mpm_bot[0m[2m:[0m découverte gamma: requête Gamma: error sending request for url (https://gamma-api.polymarket.com/events?slug=btc-updown-5m-1783238400): client error (Connect): tunnel error: failed to create underlying connection: tcp connect error: Connection refused (os error 111)
[2m2026-07-05T08:00:59.583569Z[0m [33m WARN[0m [2mpm_bot[0m[2m:[0m découverte gamma: requête Gamma: error sending request for url (https://gamma-api.polymarket.com/events?slug=btc-updown-5m-1783238400): client error (Connect): tunnel error: failed to create underlying connection: tcp connect error: Connection refused (os error 111)
[2m2026-07-05T08:01:04.090793Z[0m [33m WARN[0m [2mpm_acquisition::rtds[0m[2m:[0m RTDS erreur: connexion au proxy 127.0.0.1:45417: Connection refused (os error 111)
[2m2026-07-05T08:01:04.585053Z[0m [33m WARN[0m [2mpm_bot[0m[2m:[0m découverte gamma: requête Gamma: error sending request for url (https://gamma-api.polymarket.com/events?slug=btc-updown-5m-1783238400): client error (Connect): tunnel error: failed to create underlying connection: tcp connect error: Connection refused (os error 111)
[2m2026-07-05T08:01:09.586763Z[0m [33m WARN[0m [2mpm_bot[0m[2m:[0m découverte gamma: requête Gamma: error sending request for url (https://gamma-api.polymarket.com/events?slug=btc-updown-5m-1783238400): client error (Connect): tunnel error: failed to create underlying connection: tcp connect error: Connection refused (os error 111)
[2m2026-07-05T08:01:14.588398Z[0m [33m WARN[0m [2mpm_bot[0m[2m:[0m découverte gamma: requête Gamma: error sending request for url (https://gamma-api.polymarket.com/events?slug=btc-updown-5m-1783238400): client error (Connect): tunnel error: failed to create underlying connection: tcp connect error: Connection refused (os error 111)
[2m2026-07-05T08:01:19.091713Z[0m [33m WARN[0m [2mpm_acquisition::rtds[0m[2m:[0m RTDS erreur: connexion au proxy 127.0.0.1:45417: Connection refused (os error 111)
[2m2026-07-05T08:01:19.589963Z[0m [33m WARN[0m [2mpm_bot[0m[2m:[0m découverte gamma: requête Gamma: error sending request for url (https://gamma-api.polymarket.com/events?slug=btc-updown-5m-1783238400): client error (Connect): tunnel error: failed to create underlying connection: tcp connect error: Connection refused (os error 111)
[2m2026-07-05T08:01:24.591284Z[0m [33m WARN[0m [2mpm_bot[0m[2m:[0m découverte gamma: requête Gamma: error sending request for url (https://gamma-api.polymarket.com/events?slug=btc-updown-5m-1783238400): client error (Connect): tunnel error: failed to create underlying connection: tcp connect error: Connection refused (os error 111)
[2m2026-07-05T08:01:29.593586Z[0m [33m WARN[0m [2mpm_bot[0m[2m:[0m découverte gamma: requête Gamma: error sending request for url (https://gamma-api.polymarket.com/events?slug=btc-updown-5m-1783238400): client error (Connect): tunnel error: failed to create underlying connection: tcp connect error: Connection refused (os error 111)
[2m2026-07-05T08:01:34.093075Z[0m [33m WARN[0m [2mpm_acquisition::rtds[0m[2m:[0m RTDS erreur: connexion au proxy 127.0.0.1:45417: Connection refused (os error 111)
[2m2026-07-05T08:01:34.595323Z[0m [33m WARN[0m [2mpm_bot[0m[2m:[0m découverte gamma: requête Gamma: error sending request for url (https://gamma-api.polymarket.com/events?slug=btc-updown-5m-1783238400): client error (Connect): tunnel error: failed to create underlying connection: tcp connect error: Connection refused (os error 111)
[2m2026-07-05T08:01:39.596689Z[0m [33m WARN[0m [2mpm_bot[0m[2m:[0m découverte gamma: requête Gamma: error sending request for url (https://gamma-api.polymarket.com/events?slug=btc-updown-5m-1783238400): client error (Connect): tunnel error: failed to create underlying connection: tcp connect error: Connection refused (os error 111)
[2m2026-07-05T08:01:44.597807Z[0m [33m WARN[0m [2mpm_bot[0m[2m:[0m découverte gamma: requête Gamma: error sending request for url (https://gamma-api.polymarket.com/events?slug=btc-updown-5m-1783238400): client error (Connect): tunnel error: failed to create underlying connection: tcp connect error: Connection refused (os error 111)
[2m2026-07-05T08:01:49.093967Z[0m [33m WARN[0m [2mpm_acquisition::rtds[0m[2m:[0m RTDS erreur: connexion au proxy 127.0.0.1:45417: Connection refused (os error 111)
[2m2026-07-05T08:01:49.599257Z[0m [33m WARN[0m [2mpm_bot[0m[2m:[0m découverte gamma: requête Gamma: error sending request for url (https://gamma-api.polymarket.com/events?slug=btc-updown-5m-1783238400): client error (Connect): tunnel error: failed to create underlying connection: tcp connect error: Connection refused (os error 111)
[2m2026-07-05T08:01:54.599892Z[0m [33m WARN[0m [2mpm_bot[0m[2m:[0m découverte gamma: requête Gamma: error sending request for url (https://gamma-api.polymarket.com/events?slug=btc-updown-5m-1783238400): client error (Connect): tunnel error: failed to create underlying connection: tcp connect error: Connection refused (os error 111)
[2m2026-07-05T08:01:59.600802Z[0m [33m WARN[0m [2mpm_bot[0m[2m:[0m découverte gamma: requête Gamma: error sending request for url (https://gamma-api.polymarket.com/events?slug=btc-updown-5m-1783238400): client error (Connect): tunnel error: failed to create underlying connection: tcp connect error: Connection refused (os error 111)
[2m2026-07-05T08:02:04.094660Z[0m [33m WARN[0m [2mpm_acquisition::rtds[0m[2m:[0m RTDS erreur: connexion au proxy 127.0.0.1:45417: Connection refused (os error 111)
[2m2026-07-05T08:02:04.602165Z[0m [33m WARN[0m [2mpm_bot[0m[2m:[0m découverte gamma: requête Gamma: error sending request for url (https://gamma-api.polymarket.com/events?slug=btc-updown-5m-1783238400): client error (Connect): tunnel error: failed to create underlying connection: tcp connect error: Connection refused (os error 111)
[2m2026-07-05T08:02:09.603382Z[0m [33m WARN[0m [2mpm_bot[0m[2m:[0m découverte gamma: requête Gamma: error sending request for url (https://gamma-api.polymarket.com/events?slug=btc-updown-5m-1783238400): client error (Connect): tunnel error: failed to create underlying connection: tcp connect error: Connection refused (os error 111)
[2m2026-07-05T08:02:14.605629Z[0m [33m WARN[0m [2mpm_bot[0m[2m:[0m découverte gamma: requête Gamma: error sending request for url (https://gamma-api.polymarket.com/events?slug=btc-updown-5m-1783238400): client error (Connect): tunnel error: failed to create underlying connection: tcp connect error: Connection refused (os error 111)
[2m2026-07-05T08:02:19.095906Z[0m [33m WARN[0m [2mpm_acquisition::rtds[0m[2m:[0m RTDS erreur: connexion au proxy 127.0.0.1:45417: Connection refused (os error 111)
[2m2026-07-05T08:02:19.607036Z[0m [33m WARN[0m [2mpm_bot[0m[2m:[0m découverte gamma: requête Gamma: error sending request for url (https://gamma-api.polymarket.com/events?slug=btc-updown-5m-1783238400): client error (Connect): tunnel error: failed to create underlying connection: tcp connect error: Connection refused (os error 111)
[2m2026-07-05T08:02:24.608231Z[0m [33m WARN[0m [2mpm_bot[0m[2m:[0m découverte gamma: requête Gamma: error sending request for url (https://gamma-api.polymarket.com/events?slug=btc-updown-5m-1783238400): client error (Connect): tunnel error: failed to create underlying connection: tcp connect error: Connection refused (os error 111)
[2m2026-07-05T08:02:29.609269Z[0m [33m WARN[0m [2mpm_bot[0m[2m:[0m découverte gamma: requête Gamma: error sending request for url (https://gamma-api.polymarket.com/events?slug=btc-updown-5m-1783238400): client error (Connect): tunnel error: failed to create underlying connection: tcp connect error: Connection refused (os error 111)
[2m2026-07-05T08:02:34.097565Z[0m [33m WARN[0m [2mpm_acquisition::rtds[0m[2m:[0m RTDS erreur: connexion au proxy 127.0.0.1:45417: Connection refused (os error 111)
[2m2026-07-05T08:02:34.609840Z[0m [33m WARN[0m [2mpm_bot[0m[2m:[0m découverte gamma: requête Gamma: error sending request for url (https://gamma-api.polymarket.com/events?slug=btc-updown-5m-1783238400): client error (Connect): tunnel error: failed to create underlying connection: tcp connect error: Connection refused (os error 111)
[2m2026-07-05T08:02:39.610952Z[0m [33m WARN[0m [2mpm_bot[0m[2m:[0m découverte gamma: requête Gamma: error sending request for url (https://gamma-api.polymarket.com/events?slug=btc-updown-5m-1783238400): client error (Connect): tunnel error: failed to create underlying connection: tcp connect error: Connection refused (os error 111)
[2m2026-07-05T08:02:44.612050Z[0m [33m WARN[0m [2mpm_bot[0m[2m:[0m découverte gamma: requête Gamma: error sending request for url (https://gamma-api.polymarket.com/events?slug=btc-updown-5m-1783238400): client error (Connect): tunnel error: failed to create underlying connection: tcp connect error: Connection refused (os error 111)
[2m2026-07-05T08:02:49.098916Z[0m [33m WARN[0m [2mpm_acquisition::rtds[0m[2m:[0m RTDS erreur: connexion au proxy 127.0.0.1:45417: Connection refused (os error 111)
[2m2026-07-05T08:02:49.613102Z[0m [33m WARN[0m [2mpm_bot[0m[2m:[0m découverte gamma: requête Gamma: error sending request for url (https://gamma-api.polymarket.com/events?slug=btc-updown-5m-1783238400): client error (Connect): tunnel error: failed to create underlying connection: tcp connect error: Connection refused (os error 111)
[2m2026-07-05T08:02:54.614279Z[0m [33m WARN[0m [2mpm_bot[0m[2m:[0m découverte gamma: requête Gamma: error sending request for url (https://gamma-api.polymarket.com/events?slug=btc-updown-5m-1783238400): client error (Connect): tunnel error: failed to create underlying connection: tcp connect error: Connection refused (os error 111)
[2m2026-07-05T08:02:59.614809Z[0m [33m WARN[0m [2mpm_bot[0m[2m:[0m découverte gamma: requête Gamma: error sending request for url (https://gamma-api.polymarket.com/events?slug=btc-updown-5m-1783238400): client error (Connect): tunnel error: failed to create underlying connection: tcp connect error: Connection refused (os error 111)
[2m2026-07-05T08:03:04.099643Z[0m [33m WARN[0m [2mpm_acquisition::rtds[0m[2m:[0m RTDS erreur: connexion au proxy 127.0.0.1:45417: Connection refused (os error 111)
[2m2026-07-05T08:03:04.615799Z[0m [33m WARN[0m [2mpm_bot[0m[2m:[0m découverte gamma: requête Gamma: error sending request for url (https://gamma-api.polymarket.com/events?slug=btc-updown-5m-1783238400): client error (Connect): tunnel error: failed to create underlying connection: tcp connect error: Connection refused (os error 111)
[2m2026-07-05T08:03:09.616818Z[0m [33m WARN[0m [2mpm_bot[0m[2m:[0m découverte gamma: requête Gamma: error sending request for url (https://gamma-api.polymarket.com/events?slug=btc-updown-5m-1783238400): client error (Connect): tunnel error: failed to create underlying connection: tcp connect error: Connection refused (os error 111)
[2m2026-07-05T08:03:14.618444Z[0m [33m WARN[0m [2mpm_bot[0m[2m:[0m découverte gamma: requête Gamma: error sending request for url (https://gamma-api.polymarket.com/events?slug=btc-updown-5m-1783238400): client error (Connect): tunnel error: failed to create underlying connection: tcp connect error: Connection refused (os error 111)
[2m2026-07-05T08:03:19.101472Z[0m [33m WARN[0m [2mpm_acquisition::rtds[0m[2m:[0m RTDS erreur: connexion au proxy 127.0.0.1:45417: Connection refused (os error 111)
[2m2026-07-05T08:03:19.619691Z[0m [33m WARN[0m [2mpm_bot[0m[2m:[0m découverte gamma: requête Gamma: error sending request for url (https://gamma-api.polymarket.com/events?slug=btc-updown-5m-1783238400): client error (Connect): tunnel error: failed to create underlying connection: tcp connect error: Connection refused (os error 111)
[2m2026-07-05T08:03:24.620853Z[0m [33m WARN[0m [2mpm_bot[0m[2m:[0m découverte gamma: requête Gamma: error sending request for url (https://gamma-api.polymarket.com/events?slug=btc-updown-5m-1783238400): client error (Connect): tunnel error: failed to create underlying connection: tcp connect error: Connection refused (os error 111)
[2m2026-07-05T08:03:29.621908Z[0m [33m WARN[0m [2mpm_bot[0m[2m:[0m découverte gamma: requête Gamma: error sending request for url (https://gamma-api.polymarket.com/events?slug=btc-updown-5m-1783238400): client error (Connect): tunnel error: failed to create underlying connection: tcp connect error: Connection refused (os error 111)
[2m2026-07-05T08:03:34.102842Z[0m [33m WARN[0m [2mpm_acquisition::rtds[0m[2m:[0m RTDS erreur: connexion au proxy 127.0.0.1:45417: Connection refused (os error 111)
[2m2026-07-05T08:03:34.623090Z[0m [33m WARN[0m [2mpm_bot[0m[2m:[0m découverte gamma: requête Gamma: error sending request for url (https://gamma-api.polymarket.com/events?slug=btc-updown-5m-1783238400): client error (Connect): tunnel error: failed to create underlying connection: tcp connect error: Connection refused (os error 111)
[2m2026-07-05T08:03:39.624162Z[0m [33m WARN[0m [2mpm_bot[0m[2m:[0m découverte gamma: requête Gamma: error sending request for url (https://gamma-api.polymarket.com/events?slug=btc-updown-5m-1783238400): client error (Connect): tunnel error: failed to create underlying connection: tcp connect error: Connection refused (os error 111)
[2m2026-07-05T08:03:44.624963Z[0m [33m WARN[0m [2mpm_bot[0m[2m:[0m découverte gamma: requête Gamma: error sending request for url (https://gamma-api.polymarket.com/events?slug=btc-updown-5m-1783238400): client error (Connect): tunnel error: failed to create underlying connection: tcp connect error: Connection refused (os error 111)
[2m2026-07-05T08:03:49.103680Z[0m [33m WARN[0m [2mpm_acquisition::rtds[0m[2m:[0m RTDS erreur: connexion au proxy 127.0.0.1:45417: Connection refused (os error 111)
[2m2026-07-05T08:03:49.625961Z[0m [33m WARN[0m [2mpm_bot[0m[2m:[0m découverte gamma: requête Gamma: error sending request for url (https://gamma-api.polymarket.com/events?slug=btc-updown-5m-1783238400): client error (Connect): tunnel error: failed to create underlying connection: tcp connect error: Connection refused (os error 111)
[2m2026-07-05T08:03:54.626944Z[0m [33m WARN[0m [2mpm_bot[0m[2m:[0m découverte gamma: requête Gamma: error sending request for url (https://gamma-api.polymarket.com/events?slug=btc-updown-5m-1783238400): client error (Connect): tunnel error: failed to create underlying connection: tcp connect error: Connection refused (os error 111)
[2m2026-07-05T08:03:59.627744Z[0m [33m WARN[0m [2mpm_bot[0m[2m:[0m découverte gamma: requête Gamma: error sending request for url (https://gamma-api.polymarket.com/events?slug=btc-updown-5m-1783238400): client error (Connect): tunnel error: failed to create underlying connection: tcp connect error: Connection refused (os error 111)
