[2m2026-07-05T06:24:02.778550Z[0m [32m INFO[0m [2mpm_bot[0m[2m:[0m pm-bot démarre (PAPER mode) — archives: /home/user/rustfactor/polymarket-btc5m-bot/data_v2/camp_20260705T062402
[2m2026-07-05T06:24:02.783037Z[0m [32m INFO[0m [2mpm_bot[0m[2m:[0m aucun fichier de config (./config.toml) — défauts calibrés
[2m2026-07-05T06:24:02.783155Z[0m [32m INFO[0m [2mpm_bot[0m[2m:[0m [config] [taker]
[2m2026-07-05T06:24:02.783159Z[0m [32m INFO[0m [2mpm_bot[0m[2m:[0m [config] min_edge = 0.06
[2m2026-07-05T06:24:02.783161Z[0m [32m INFO[0m [2mpm_bot[0m[2m:[0m [config] min_abs_z = 2.5
[2m2026-07-05T06:24:02.783162Z[0m [32m INFO[0m [2mpm_bot[0m[2m:[0m [config] min_strike_confidence = 0.8
[2m2026-07-05T06:24:02.783163Z[0m [32m INFO[0m [2mpm_bot[0m[2m:[0m [config] max_spot_age_ms = 3000
[2m2026-07-05T06:24:02.783165Z[0m [32m INFO[0m [2mpm_bot[0m[2m:[0m [config] min_elapsed_s = 10.0
[2m2026-07-05T06:24:02.783166Z[0m [32m INFO[0m [2mpm_bot[0m[2m:[0m [config] min_tau_s = 3.0
[2m2026-07-05T06:24:02.783167Z[0m [32m INFO[0m [2mpm_bot[0m[2m:[0m [config] cost_buffer = 0.01
[2m2026-07-05T06:24:02.783168Z[0m [32m INFO[0m [2mpm_bot[0m[2m:[0m [config] kelly_fraction = 0.25
[2m2026-07-05T06:24:02.783170Z[0m [32m INFO[0m [2mpm_bot[0m[2m:[0m [config] bankroll = 1000.0
[2m2026-07-05T06:24:02.783171Z[0m [32m INFO[0m [2mpm_bot[0m[2m:[0m [config] max_notional = 250.0
[2m2026-07-05T06:24:02.783172Z[0m [32m INFO[0m [2mpm_bot[0m[2m:[0m [config] max_slippage = 0.02
[2m2026-07-05T06:24:02.783173Z[0m [32m INFO[0m [2mpm_bot[0m[2m:[0m [config] max_entry_price = 0.75
[2m2026-07-05T06:24:02.783174Z[0m [32m INFO[0m [2mpm_bot[0m[2m:[0m [config] 
[2m2026-07-05T06:24:02.783175Z[0m [32m INFO[0m [2mpm_bot[0m[2m:[0m [config] [maker]
[2m2026-07-05T06:24:02.783177Z[0m [32m INFO[0m [2mpm_bot[0m[2m:[0m [config] min_quote_price = 0.15
[2m2026-07-05T06:24:02.783178Z[0m [32m INFO[0m [2mpm_bot[0m[2m:[0m [config] max_quote_price = 0.85
[2m2026-07-05T06:24:02.783179Z[0m [32m INFO[0m [2mpm_bot[0m[2m:[0m [config] edge_margin = 0.03
[2m2026-07-05T06:24:02.783180Z[0m [32m INFO[0m [2mpm_bot[0m[2m:[0m [config] take_profit = 0.08
[2m2026-07-05T06:24:02.783181Z[0m [32m INFO[0m [2mpm_bot[0m[2m:[0m [config] stop_loss = 0.1
[2m2026-07-05T06:24:02.783182Z[0m [32m INFO[0m [2mpm_bot[0m[2m:[0m [config] quote_size = 50.0
[2m2026-07-05T06:24:02.783184Z[0m [32m INFO[0m [2mpm_bot[0m[2m:[0m [config] max_inventory = 150.0
[2m2026-07-05T06:24:02.783185Z[0m [32m INFO[0m [2mpm_bot[0m[2m:[0m [config] min_tau_open_s = 60.0
[2m2026-07-05T06:24:02.783186Z[0m [32m INFO[0m [2mpm_bot[0m[2m:[0m [config] min_tau_flat_s = 25.0
[2m2026-07-05T06:24:02.783187Z[0m [32m INFO[0m [2mpm_bot[0m[2m:[0m [config] max_abs_z_quote = 2.5
[2m2026-07-05T06:24:02.783188Z[0m [32m INFO[0m [2mpm_bot[0m[2m:[0m [config] sigma_panic_per_sqrt_s = 0.0005
[2m2026-07-05T06:24:02.783189Z[0m [32m INFO[0m [2mpm_bot[0m[2m:[0m [config] min_strike_confidence = 0.8
[2m2026-07-05T06:24:02.783191Z[0m [32m INFO[0m [2mpm_bot[0m[2m:[0m [config] max_spot_age_ms = 3000
[2m2026-07-05T06:24:02.783192Z[0m [32m INFO[0m [2mpm_bot[0m[2m:[0m [config] 
[2m2026-07-05T06:24:02.783193Z[0m [32m INFO[0m [2mpm_bot[0m[2m:[0m [config] [modele]
[2m2026-07-05T06:24:02.783194Z[0m [32m INFO[0m [2mpm_bot[0m[2m:[0m [config] sigma_floor_per_sqrt_s = 0.00005
[2m2026-07-05T06:24:02.783195Z[0m [32m INFO[0m [2mpm_bot[0m[2m:[0m [config] tau_floor_s = 1.0
[2m2026-07-05T06:24:02.783196Z[0m [32m INFO[0m [2mpm_bot[0m[2m:[0m [config] drift_snr_min = 0.25
[2m2026-07-05T06:24:02.783197Z[0m [32m INFO[0m [2mpm_bot[0m[2m:[0m [config] max_drift_z = 2.0
[2m2026-07-05T06:24:02.783199Z[0m [32m INFO[0m [2mpm_bot[0m[2m:[0m [config] 
[2m2026-07-05T06:24:02.783200Z[0m [32m INFO[0m [2mpm_bot[0m[2m:[0m [config] [volatilite]
[2m2026-07-05T06:24:02.783201Z[0m [32m INFO[0m [2mpm_bot[0m[2m:[0m [config] ewma_half_life_s = 60.0
[2m2026-07-05T06:24:02.783208Z[0m [32m INFO[0m [2mpm_bot[0m[2m:[0m [config] retention_s = 1800
[2m2026-07-05T06:24:02.783209Z[0m [32m INFO[0m [2mpm_bot[0m[2m:[0m [config] min_dt_ms = 10
[2m2026-07-05T06:24:02.783210Z[0m [32m INFO[0m [2mpm_bot[0m[2m:[0m [config] 
[2m2026-07-05T06:24:02.783211Z[0m [32m INFO[0m [2mpm_bot[0m[2m:[0m [config] [moteur]
[2m2026-07-05T06:24:02.783212Z[0m [32m INFO[0m [2mpm_bot[0m[2m:[0m [config] decision_step_ms = 250
[2m2026-07-05T06:24:02.783214Z[0m [32m INFO[0m [2mpm_bot[0m[2m:[0m [config] watchdog_stale_ms = 6000
[2m2026-07-05T06:24:02.783215Z[0m [32m INFO[0m [2mpm_bot[0m[2m:[0m [config] clob_grace_s = 180
[2m2026-07-05T06:24:02.783216Z[0m [32m INFO[0m [2mpm_bot[0m[2m:[0m [config] gamma_lookahead = 5
[2m2026-07-05T06:24:02.783217Z[0m [32m INFO[0m [2mpm_bot[0m[2m:[0m [config] retention_ticks_s = 2400
[2m2026-07-05T06:24:02.783578Z[0m [33m WARN[0m [2mpm_acquisition::rtds[0m[2m:[0m RTDS erreur: connexion au proxy 127.0.0.1:45417: Connection refused (os error 111)
[2m2026-07-05T06:24:02.784634Z[0m [33m WARN[0m [2mpm_bot[0m[2m:[0m découverte gamma: requête Gamma: error sending request for url (https://gamma-api.polymarket.com/events?slug=btc-updown-5m-1783232400): client error (Connect): tunnel error: failed to create underlying connection: tcp connect error: Connection refused (os error 111)
[2m2026-07-05T06:24:03.784498Z[0m [33m WARN[0m [2mpm_acquisition::rtds[0m[2m:[0m RTDS erreur: connexion au proxy 127.0.0.1:45417: Connection refused (os error 111)
[2m2026-07-05T06:24:05.785837Z[0m [33m WARN[0m [2mpm_acquisition::rtds[0m[2m:[0m RTDS erreur: connexion au proxy 127.0.0.1:45417: Connection refused (os error 111)
[2m2026-07-05T06:24:07.786000Z[0m [33m WARN[0m [2mpm_bot[0m[2m:[0m découverte gamma: requête Gamma: error sending request for url (https://gamma-api.polymarket.com/events?slug=btc-updown-5m-1783232400): client error (Connect): tunnel error: failed to create underlying connection: tcp connect error: Connection refused (os error 111)
[2m2026-07-05T06:24:09.786968Z[0m [33m WARN[0m [2mpm_acquisition::rtds[0m[2m:[0m RTDS erreur: connexion au proxy 127.0.0.1:45417: Connection refused (os error 111)
[2m2026-07-05T06:24:12.786794Z[0m [33m WARN[0m [2mpm_bot[0m[2m:[0m découverte gamma: requête Gamma: error sending request for url (https://gamma-api.polymarket.com/events?slug=btc-updown-5m-1783232400): client error (Connect): tunnel error: failed to create underlying connection: tcp connect error: Connection refused (os error 111)
[2m2026-07-05T06:24:17.788342Z[0m [33m WARN[0m [2mpm_acquisition::rtds[0m[2m:[0m RTDS erreur: connexion au proxy 127.0.0.1:45417: Connection refused (os error 111)
[2m2026-07-05T06:24:17.788413Z[0m [33m WARN[0m [2mpm_bot[0m[2m:[0m découverte gamma: requête Gamma: error sending request for url (https://gamma-api.polymarket.com/events?slug=btc-updown-5m-1783232400): client error (Connect): tunnel error: failed to create underlying connection: tcp connect error: Connection refused (os error 111)
[2m2026-07-05T06:24:22.790099Z[0m [33m WARN[0m [2mpm_bot[0m[2m:[0m découverte gamma: requête Gamma: error sending request for url (https://gamma-api.polymarket.com/events?slug=btc-updown-5m-1783232400): client error (Connect): tunnel error: failed to create underlying connection: tcp connect error: Connection refused (os error 111)
[2m2026-07-05T06:24:27.791131Z[0m [33m WARN[0m [2mpm_bot[0m[2m:[0m découverte gamma: requête Gamma: error sending request for url (https://gamma-api.polymarket.com/events?slug=btc-updown-5m-1783232400): client error (Connect): tunnel error: failed to create underlying connection: tcp connect error: Connection refused (os error 111)
[2m2026-07-05T06:24:32.790389Z[0m [33m WARN[0m [2mpm_acquisition::rtds[0m[2m:[0m RTDS erreur: connexion au proxy 127.0.0.1:45417: Connection refused (os error 111)
[2m2026-07-05T06:24:32.791647Z[0m [33m WARN[0m [2mpm_bot[0m[2m:[0m découverte gamma: requête Gamma: error sending request for url (https://gamma-api.polymarket.com/events?slug=btc-updown-5m-1783232400): client error (Connect): tunnel error: failed to create underlying connection: tcp connect error: Connection refused (os error 111)
[2m2026-07-05T06:24:37.793460Z[0m [33m WARN[0m [2mpm_bot[0m[2m:[0m découverte gamma: requête Gamma: error sending request for url (https://gamma-api.polymarket.com/events?slug=btc-updown-5m-1783232400): client error (Connect): tunnel error: failed to create underlying connection: tcp connect error: Connection refused (os error 111)
[2m2026-07-05T06:24:42.794642Z[0m [33m WARN[0m [2mpm_bot[0m[2m:[0m découverte gamma: requête Gamma: error sending request for url (https://gamma-api.polymarket.com/events?slug=btc-updown-5m-1783232400): client error (Connect): tunnel error: failed to create underlying connection: tcp connect error: Connection refused (os error 111)
[2m2026-07-05T06:24:47.791725Z[0m [33m WARN[0m [2mpm_acquisition::rtds[0m[2m:[0m RTDS erreur: connexion au proxy 127.0.0.1:45417: Connection refused (os error 111)
[2m2026-07-05T06:24:47.795956Z[0m [33m WARN[0m [2mpm_bot[0m[2m:[0m découverte gamma: requête Gamma: error sending request for url (https://gamma-api.polymarket.com/events?slug=btc-updown-5m-1783232400): client error (Connect): tunnel error: failed to create underlying connection: tcp connect error: Connection refused (os error 111)
[2m2026-07-05T06:24:52.797092Z[0m [33m WARN[0m [2mpm_bot[0m[2m:[0m découverte gamma: requête Gamma: error sending request for url (https://gamma-api.polymarket.com/events?slug=btc-updown-5m-1783232400): client error (Connect): tunnel error: failed to create underlying connection: tcp connect error: Connection refused (os error 111)
[2m2026-07-05T06:24:57.798058Z[0m [33m WARN[0m [2mpm_bot[0m[2m:[0m découverte gamma: requête Gamma: error sending request for url (https://gamma-api.polymarket.com/events?slug=btc-updown-5m-1783232400): client error (Connect): tunnel error: failed to create underlying connection: tcp connect error: Connection refused (os error 111)
[2m2026-07-05T06:25:02.792592Z[0m [33m WARN[0m [2mpm_acquisition::rtds[0m[2m:[0m RTDS erreur: connexion au proxy 127.0.0.1:45417: Connection refused (os error 111)
[2m2026-07-05T06:25:02.798848Z[0m [33m WARN[0m [2mpm_bot[0m[2m:[0m découverte gamma: requête Gamma: error sending request for url (https://gamma-api.polymarket.com/events?slug=btc-updown-5m-1783232700): client error (Connect): tunnel error: failed to create underlying connection: tcp connect error: Connection refused (os error 111)
[2m2026-07-05T06:25:07.800260Z[0m [33m WARN[0m [2mpm_bot[0m[2m:[0m découverte gamma: requête Gamma: error sending request for url (https://gamma-api.polymarket.com/events?slug=btc-updown-5m-1783232700): client error (Connect): tunnel error: failed to create underlying connection: tcp connect error: Connection refused (os error 111)
[2m2026-07-05T06:25:12.801927Z[0m [33m WARN[0m [2mpm_bot[0m[2m:[0m découverte gamma: requête Gamma: error sending request for url (https://gamma-api.polymarket.com/events?slug=btc-updown-5m-1783232700): client error (Connect): tunnel error: failed to create underlying connection: tcp connect error: Connection refused (os error 111)
[2m2026-07-05T06:25:17.794263Z[0m [33m WARN[0m [2mpm_acquisition::rtds[0m[2m:[0m RTDS erreur: connexion au proxy 127.0.0.1:45417: Connection refused (os error 111)
[2m2026-07-05T06:25:17.802570Z[0m [33m WARN[0m [2mpm_bot[0m[2m:[0m découverte gamma: requête Gamma: error sending request for url (https://gamma-api.polymarket.com/events?slug=btc-updown-5m-1783232700): client error (Connect): tunnel error: failed to create underlying connection: tcp connect error: Connection refused (os error 111)
[2m2026-07-05T06:25:22.804528Z[0m [33m WARN[0m [2mpm_bot[0m[2m:[0m découverte gamma: requête Gamma: error sending request for url (https://gamma-api.polymarket.com/events?slug=btc-updown-5m-1783232700): client error (Connect): tunnel error: failed to create underlying connection: tcp connect error: Connection refused (os error 111)
[2m2026-07-05T06:25:27.806285Z[0m [33m WARN[0m [2mpm_bot[0m[2m:[0m découverte gamma: requête Gamma: error sending request for url (https://gamma-api.polymarket.com/events?slug=btc-updown-5m-1783232700): client error (Connect): tunnel error: failed to create underlying connection: tcp connect error: Connection refused (os error 111)
[2m2026-07-05T06:25:32.796398Z[0m [33m WARN[0m [2mpm_acquisition::rtds[0m[2m:[0m RTDS erreur: connexion au proxy 127.0.0.1:45417: Connection refused (os error 111)
[2m2026-07-05T06:25:32.807717Z[0m [33m WARN[0m [2mpm_bot[0m[2m:[0m découverte gamma: requête Gamma: error sending request for url (https://gamma-api.polymarket.com/events?slug=btc-updown-5m-1783232700): client error (Connect): tunnel error: failed to create underlying connection: tcp connect error: Connection refused (os error 111)
[2m2026-07-05T06:25:37.809488Z[0m [33m WARN[0m [2mpm_bot[0m[2m:[0m découverte gamma: requête Gamma: error sending request for url (https://gamma-api.polymarket.com/events?slug=btc-updown-5m-1783232700): client error (Connect): tunnel error: failed to create underlying connection: tcp connect error: Connection refused (os error 111)
[2m2026-07-05T06:25:42.811088Z[0m [33m WARN[0m [2mpm_bot[0m[2m:[0m découverte gamma: requête Gamma: error sending request for url (https://gamma-api.polymarket.com/events?slug=btc-updown-5m-1783232700): client error (Connect): tunnel error: failed to create underlying connection: tcp connect error: Connection refused (os error 111)
[2m2026-07-05T06:25:47.797537Z[0m [33m WARN[0m [2mpm_acquisition::rtds[0m[2m:[0m RTDS erreur: connexion au proxy 127.0.0.1:45417: Connection refused (os error 111)
[2m2026-07-05T06:25:47.812002Z[0m [33m WARN[0m [2mpm_bot[0m[2m:[0m découverte gamma: requête Gamma: error sending request for url (https://gamma-api.polymarket.com/events?slug=btc-updown-5m-1783232700): client error (Connect): tunnel error: failed to create underlying connection: tcp connect error: Connection refused (os error 111)
[2m2026-07-05T06:25:52.813490Z[0m [33m WARN[0m [2mpm_bot[0m[2m:[0m découverte gamma: requête Gamma: error sending request for url (https://gamma-api.polymarket.com/events?slug=btc-updown-5m-1783232700): client error (Connect): tunnel error: failed to create underlying connection: tcp connect error: Connection refused (os error 111)
[2m2026-07-05T06:25:57.815217Z[0m [33m WARN[0m [2mpm_bot[0m[2m:[0m découverte gamma: requête Gamma: error sending request for url (https://gamma-api.polymarket.com/events?slug=btc-updown-5m-1783232700): client error (Connect): tunnel error: failed to create underlying connection: tcp connect error: Connection refused (os error 111)
[2m2026-07-05T06:26:02.798505Z[0m [33m WARN[0m [2mpm_acquisition::rtds[0m[2m:[0m RTDS erreur: connexion au proxy 127.0.0.1:45417: Connection refused (os error 111)
[2m2026-07-05T06:26:02.815808Z[0m [33m WARN[0m [2mpm_bot[0m[2m:[0m découverte gamma: requête Gamma: error sending request for url (https://gamma-api.polymarket.com/events?slug=btc-updown-5m-1783232700): client error (Connect): tunnel error: failed to create underlying connection: tcp connect error: Connection refused (os error 111)
[2m2026-07-05T06:26:07.816638Z[0m [33m WARN[0m [2mpm_bot[0m[2m:[0m découverte gamma: requête Gamma: error sending request for url (https://gamma-api.polymarket.com/events?slug=btc-updown-5m-1783232700): client error (Connect): tunnel error: failed to create underlying connection: tcp connect error: Connection refused (os error 111)
[2m2026-07-05T06:26:12.818316Z[0m [33m WARN[0m [2mpm_bot[0m[2m:[0m découverte gamma: requête Gamma: error sending request for url (https://gamma-api.polymarket.com/events?slug=btc-updown-5m-1783232700): client error (Connect): tunnel error: failed to create underlying connection: tcp connect error: Connection refused (os error 111)
[2m2026-07-05T06:26:17.800289Z[0m [33m WARN[0m [2mpm_acquisition::rtds[0m[2m:[0m RTDS erreur: connexion au proxy 127.0.0.1:45417: Connection refused (os error 111)
[2m2026-07-05T06:26:17.819704Z[0m [33m WARN[0m [2mpm_bot[0m[2m:[0m découverte gamma: requête Gamma: error sending request for url (https://gamma-api.polymarket.com/events?slug=btc-updown-5m-1783232700): client error (Connect): tunnel error: failed to create underlying connection: tcp connect error: Connection refused (os error 111)
[2m2026-07-05T06:26:22.820944Z[0m [33m WARN[0m [2mpm_bot[0m[2m:[0m découverte gamma: requête Gamma: error sending request for url (https://gamma-api.polymarket.com/events?slug=btc-updown-5m-1783232700): client error (Connect): tunnel error: failed to create underlying connection: tcp connect error: Connection refused (os error 111)
[2m2026-07-05T06:26:27.822477Z[0m [33m WARN[0m [2mpm_bot[0m[2m:[0m découverte gamma: requête Gamma: error sending request for url (https://gamma-api.polymarket.com/events?slug=btc-updown-5m-1783232700): client error (Connect): tunnel error: failed to create underlying connection: tcp connect error: Connection refused (os error 111)
[2m2026-07-05T06:26:32.801595Z[0m [33m WARN[0m [2mpm_acquisition::rtds[0m[2m:[0m RTDS erreur: connexion au proxy 127.0.0.1:45417: Connection refused (os error 111)
[2m2026-07-05T06:26:32.823983Z[0m [33m WARN[0m [2mpm_bot[0m[2m:[0m découverte gamma: requête Gamma: error sending request for url (https://gamma-api.polymarket.com/events?slug=btc-updown-5m-1783232700): client error (Connect): tunnel error: failed to create underlying connection: tcp connect error: Connection refused (os error 111)
[2m2026-07-05T06:26:37.825392Z[0m [33m WARN[0m [2mpm_bot[0m[2m:[0m découverte gamma: requête Gamma: error sending request for url (https://gamma-api.polymarket.com/events?slug=btc-updown-5m-1783232700): client error (Connect): tunnel error: failed to create underlying connection: tcp connect error: Connection refused (os error 111)
[2m2026-07-05T06:26:42.827563Z[0m [33m WARN[0m [2mpm_bot[0m[2m:[0m découverte gamma: requête Gamma: error sending request for url (https://gamma-api.polymarket.com/events?slug=btc-updown-5m-1783232700): client error (Connect): tunnel error: failed to create underlying connection: tcp connect error: Connection refused (os error 111)
[2m2026-07-05T06:26:47.802505Z[0m [33m WARN[0m [2mpm_acquisition::rtds[0m[2m:[0m RTDS erreur: connexion au proxy 127.0.0.1:45417: Connection refused (os error 111)
[2m2026-07-05T06:26:47.828865Z[0m [33m WARN[0m [2mpm_bot[0m[2m:[0m découverte gamma: requête Gamma: error sending request for url (https://gamma-api.polymarket.com/events?slug=btc-updown-5m-1783232700): client error (Connect): tunnel error: failed to create underlying connection: tcp connect error: Connection refused (os error 111)
[2m2026-07-05T06:26:52.830273Z[0m [33m WARN[0m [2mpm_bot[0m[2m:[0m découverte gamma: requête Gamma: error sending request for url (https://gamma-api.polymarket.com/events?slug=btc-updown-5m-1783232700): client error (Connect): tunnel error: failed to create underlying connection: tcp connect error: Connection refused (os error 111)
[2m2026-07-05T06:26:57.832539Z[0m [33m WARN[0m [2mpm_bot[0m[2m:[0m découverte gamma: requête Gamma: error sending request for url (https://gamma-api.polymarket.com/events?slug=btc-updown-5m-1783232700): client error (Connect): tunnel error: failed to create underlying connection: tcp connect error: Connection refused (os error 111)
[2m2026-07-05T06:27:02.804418Z[0m [33m WARN[0m [2mpm_acquisition::rtds[0m[2m:[0m RTDS erreur: connexion au proxy 127.0.0.1:45417: Connection refused (os error 111)
[2m2026-07-05T06:27:02.833863Z[0m [33m WARN[0m [2mpm_bot[0m[2m:[0m découverte gamma: requête Gamma: error sending request for url (https://gamma-api.polymarket.com/events?slug=btc-updown-5m-1783232700): client error (Connect): tunnel error: failed to create underlying connection: tcp connect error: Connection refused (os error 111)
[2m2026-07-05T06:27:07.835248Z[0m [33m WARN[0m [2mpm_bot[0m[2m:[0m découverte gamma: requête Gamma: error sending request for url (https://gamma-api.polymarket.com/events?slug=btc-updown-5m-1783232700): client error (Connect): tunnel error: failed to create underlying connection: tcp connect error: Connection refused (os error 111)
[2m2026-07-05T06:27:12.837224Z[0m [33m WARN[0m [2mpm_bot[0m[2m:[0m découverte gamma: requête Gamma: error sending request for url (https://gamma-api.polymarket.com/events?slug=btc-updown-5m-1783232700): client error (Connect): tunnel error: failed to create underlying connection: tcp connect error: Connection refused (os error 111)
[2m2026-07-05T06:27:17.806037Z[0m [33m WARN[0m [2mpm_acquisition::rtds[0m[2m:[0m RTDS erreur: connexion au proxy 127.0.0.1:45417: Connection refused (os error 111)
[2m2026-07-05T06:27:17.838323Z[0m [33m WARN[0m [2mpm_bot[0m[2m:[0m découverte gamma: requête Gamma: error sending request for url (https://gamma-api.polymarket.com/events?slug=btc-updown-5m-1783232700): client error (Connect): tunnel error: failed to create underlying connection: tcp connect error: Connection refused (os error 111)
[2m2026-07-05T06:27:22.840161Z[0m [33m WARN[0m [2mpm_bot[0m[2m:[0m découverte gamma: requête Gamma: error sending request for url (https://gamma-api.polymarket.com/events?slug=btc-updown-5m-1783232700): client error (Connect): tunnel error: failed to create underlying connection: tcp connect error: Connection refused (os error 111)
[2m2026-07-05T06:27:27.841434Z[0m [33m WARN[0m [2mpm_bot[0m[2m:[0m découverte gamma: requête Gamma: error sending request for url (https://gamma-api.polymarket.com/events?slug=btc-updown-5m-1783232700): client error (Connect): tunnel error: failed to create underlying connection: tcp connect error: Connection refused (os error 111)
[2m2026-07-05T06:27:32.806599Z[0m [33m WARN[0m [2mpm_acquisition::rtds[0m[2m:[0m RTDS erreur: connexion au proxy 127.0.0.1:45417: Connection refused (os error 111)
[2m2026-07-05T06:27:32.843179Z[0m [33m WARN[0m [2mpm_bot[0m[2m:[0m découverte gamma: requête Gamma: error sending request for url (https://gamma-api.polymarket.com/events?slug=btc-updown-5m-1783232700): client error (Connect): tunnel error: failed to create underlying connection: tcp connect error: Connection refused (os error 111)
[2m2026-07-05T06:27:37.843986Z[0m [33m WARN[0m [2mpm_bot[0m[2m:[0m découverte gamma: requête Gamma: error sending request for url (https://gamma-api.polymarket.com/events?slug=btc-updown-5m-1783232700): client error (Connect): tunnel error: failed to create underlying connection: tcp connect error: Connection refused (os error 111)
[2m2026-07-05T06:27:42.845203Z[0m [33m WARN[0m [2mpm_bot[0m[2m:[0m découverte gamma: requête Gamma: error sending request for url (https://gamma-api.polymarket.com/events?slug=btc-updown-5m-1783232700): client error (Connect): tunnel error: failed to create underlying connection: tcp connect error: Connection refused (os error 111)
[2m2026-07-05T06:27:47.808521Z[0m [33m WARN[0m [2mpm_acquisition::rtds[0m[2m:[0m RTDS erreur: connexion au proxy 127.0.0.1:45417: Connection refused (os error 111)
[2m2026-07-05T06:27:47.845882Z[0m [33m WARN[0m [2mpm_bot[0m[2m:[0m découverte gamma: requête Gamma: error sending request for url (https://gamma-api.polymarket.com/events?slug=btc-updown-5m-1783232700): client error (Connect): tunnel error: failed to create underlying connection: tcp connect error: Connection refused (os error 111)
[2m2026-07-05T06:27:52.846725Z[0m [33m WARN[0m [2mpm_bot[0m[2m:[0m découverte gamma: requête Gamma: error sending request for url (https://gamma-api.polymarket.com/events?slug=btc-updown-5m-1783232700): client error (Connect): tunnel error: failed to create underlying connection: tcp connect error: Connection refused (os error 111)
[2m2026-07-05T06:27:57.848437Z[0m [33m WARN[0m [2mpm_bot[0m[2m:[0m découverte gamma: requête Gamma: error sending request for url (https://gamma-api.polymarket.com/events?slug=btc-updown-5m-1783232700): client error (Connect): tunnel error: failed to create underlying connection: tcp connect error: Connection refused (os error 111)
[2m2026-07-05T06:28:02.810123Z[0m [33m WARN[0m [2mpm_acquisition::rtds[0m[2m:[0m RTDS erreur: connexion au proxy 127.0.0.1:45417: Connection refused (os error 111)
[2m2026-07-05T06:28:02.849555Z[0m [33m WARN[0m [2mpm_bot[0m[2m:[0m découverte gamma: requête Gamma: error sending request for url (https://gamma-api.polymarket.com/events?slug=btc-updown-5m-1783232700): client error (Connect): tunnel error: failed to create underlying connection: tcp connect error: Connection refused (os error 111)
[2m2026-07-05T06:28:07.850579Z[0m [33m WARN[0m [2mpm_bot[0m[2m:[0m découverte gamma: requête Gamma: error sending request for url (https://gamma-api.polymarket.com/events?slug=btc-updown-5m-1783232700): client error (Connect): tunnel error: failed to create underlying connection: tcp connect error: Connection refused (os error 111)
[2m2026-07-05T06:28:12.852427Z[0m [33m WARN[0m [2mpm_bot[0m[2m:[0m découverte gamma: requête Gamma: error sending request for url (https://gamma-api.polymarket.com/events?slug=btc-updown-5m-1783232700): client error (Connect): tunnel error: failed to create underlying connection: tcp connect error: Connection refused (os error 111)
[2m2026-07-05T06:28:17.810630Z[0m [33m WARN[0m [2mpm_acquisition::rtds[0m[2m:[0m RTDS erreur: connexion au proxy 127.0.0.1:45417: Connection refused (os error 111)
[2m2026-07-05T06:28:17.854051Z[0m [33m WARN[0m [2mpm_bot[0m[2m:[0m découverte gamma: requête Gamma: error sending request for url (https://gamma-api.polymarket.com/events?slug=btc-updown-5m-1783232700): client error (Connect): tunnel error: failed to create underlying connection: tcp connect error: Connection refused (os error 111)
[2m2026-07-05T06:28:22.855338Z[0m [33m WARN[0m [2mpm_bot[0m[2m:[0m découverte gamma: requête Gamma: error sending request for url (https://gamma-api.polymarket.com/events?slug=btc-updown-5m-1783232700): client error (Connect): tunnel error: failed to create underlying connection: tcp connect error: Connection refused (os error 111)
[2m2026-07-05T06:28:27.857254Z[0m [33m WARN[0m [2mpm_bot[0m[2m:[0m découverte gamma: requête Gamma: error sending request for url (https://gamma-api.polymarket.com/events?slug=btc-updown-5m-1783232700): client error (Connect): tunnel error: failed to create underlying connection: tcp connect error: Connection refused (os error 111)
[2m2026-07-05T06:28:32.812359Z[0m [33m WARN[0m [2mpm_acquisition::rtds[0m[2m:[0m RTDS erreur: connexion au proxy 127.0.0.1:45417: Connection refused (os error 111)
[2m2026-07-05T06:28:32.858726Z[0m [33m WARN[0m [2mpm_bot[0m[2m:[0m découverte gamma: requête Gamma: error sending request for url (https://gamma-api.polymarket.com/events?slug=btc-updown-5m-1783232700): client error (Connect): tunnel error: failed to create underlying connection: tcp connect error: Connection refused (os error 111)
[2m2026-07-05T06:28:37.859908Z[0m [33m WARN[0m [2mpm_bot[0m[2m:[0m découverte gamma: requête Gamma: error sending request for url (https://gamma-api.polymarket.com/events?slug=btc-updown-5m-1783232700): client error (Connect): tunnel error: failed to create underlying connection: tcp connect error: Connection refused (os error 111)
[2m2026-07-05T06:28:42.860808Z[0m [33m WARN[0m [2mpm_bot[0m[2m:[0m découverte gamma: requête Gamma: error sending request for url (https://gamma-api.polymarket.com/events?slug=btc-updown-5m-1783232700): client error (Connect): tunnel error: failed to create underlying connection: tcp connect error: Connection refused (os error 111)
[2m2026-07-05T06:28:47.814208Z[0m [33m WARN[0m [2mpm_acquisition::rtds[0m[2m:[0m RTDS erreur: connexion au proxy 127.0.0.1:45417: Connection refused (os error 111)
[2m2026-07-05T06:28:47.861594Z[0m [33m WARN[0m [2mpm_bot[0m[2m:[0m découverte gamma: requête Gamma: error sending request for url (https://gamma-api.polymarket.com/events?slug=btc-updown-5m-1783232700): client error (Connect): tunnel error: failed to create underlying connection: tcp connect error: Connection refused (os error 111)
[2m2026-07-05T06:28:52.863310Z[0m [33m WARN[0m [2mpm_bot[0m[2m:[0m découverte gamma: requête Gamma: error sending request for url (https://gamma-api.polymarket.com/events?slug=btc-updown-5m-1783232700): client error (Connect): tunnel error: failed to create underlying connection: tcp connect error: Connection refused (os error 111)
[2m2026-07-05T06:28:57.864889Z[0m [33m WARN[0m [2mpm_bot[0m[2m:[0m découverte gamma: requête Gamma: error sending request for url (https://gamma-api.polymarket.com/events?slug=btc-updown-5m-1783232700): client error (Connect): tunnel error: failed to create underlying connection: tcp connect error: Connection refused (os error 111)
[2m2026-07-05T06:29:02.814490Z[0m [33m WARN[0m [2mpm_acquisition::rtds[0m[2m:[0m RTDS erreur: connexion au proxy 127.0.0.1:45417: Connection refused (os error 111)
[2m2026-07-05T06:29:02.865826Z[0m [33m WARN[0m [2mpm_bot[0m[2m:[0m découverte gamma: requête Gamma: error sending request for url (https://gamma-api.polymarket.com/events?slug=btc-updown-5m-1783232700): client error (Connect): tunnel error: failed to create underlying connection: tcp connect error: Connection refused (os error 111)
[2m2026-07-05T06:29:07.866632Z[0m [33m WARN[0m [2mpm_bot[0m[2m:[0m découverte gamma: requête Gamma: error sending request for url (https://gamma-api.polymarket.com/events?slug=btc-updown-5m-1783232700): client error (Connect): tunnel error: failed to create underlying connection: tcp connect error: Connection refused (os error 111)
[2m2026-07-05T06:29:12.867822Z[0m [33m WARN[0m [2mpm_bot[0m[2m:[0m découverte gamma: requête Gamma: error sending request for url (https://gamma-api.polymarket.com/events?slug=btc-updown-5m-1783232700): client error (Connect): tunnel error: failed to create underlying connection: tcp connect error: Connection refused (os error 111)
[2m2026-07-05T06:29:17.816443Z[0m [33m WARN[0m [2mpm_acquisition::rtds[0m[2m:[0m RTDS erreur: connexion au proxy 127.0.0.1:45417: Connection refused (os error 111)
[2m2026-07-05T06:29:17.868877Z[0m [33m WARN[0m [2mpm_bot[0m[2m:[0m découverte gamma: requête Gamma: error sending request for url (https://gamma-api.polymarket.com/events?slug=btc-updown-5m-1783232700): client error (Connect): tunnel error: failed to create underlying connection: tcp connect error: Connection refused (os error 111)
[2m2026-07-05T06:29:22.869590Z[0m [33m WARN[0m [2mpm_bot[0m[2m:[0m découverte gamma: requête Gamma: error sending request for url (https://gamma-api.polymarket.com/events?slug=btc-updown-5m-1783232700): client error (Connect): tunnel error: failed to create underlying connection: tcp connect error: Connection refused (os error 111)
[2m2026-07-05T06:29:27.871013Z[0m [33m WARN[0m [2mpm_bot[0m[2m:[0m découverte gamma: requête Gamma: error sending request for url (https://gamma-api.polymarket.com/events?slug=btc-updown-5m-1783232700): client error (Connect): tunnel error: failed to create underlying connection: tcp connect error: Connection refused (os error 111)
[2m2026-07-05T06:29:32.817907Z[0m [33m WARN[0m [2mpm_acquisition::rtds[0m[2m:[0m RTDS erreur: connexion au proxy 127.0.0.1:45417: Connection refused (os error 111)
[2m2026-07-05T06:29:32.872434Z[0m [33m WARN[0m [2mpm_bot[0m[2m:[0m découverte gamma: requête Gamma: error sending request for url (https://gamma-api.polymarket.com/events?slug=btc-updown-5m-1783232700): client error (Connect): tunnel error: failed to create underlying connection: tcp connect error: Connection refused (os error 111)
[2m2026-07-05T06:29:37.873797Z[0m [33m WARN[0m [2mpm_bot[0m[2m:[0m découverte gamma: requête Gamma: error sending request for url (https://gamma-api.polymarket.com/events?slug=btc-updown-5m-1783232700): client error (Connect): tunnel error: failed to create underlying connection: tcp connect error: Connection refused (os error 111)
[2m2026-07-05T06:29:42.875051Z[0m [33m WARN[0m [2mpm_bot[0m[2m:[0m découverte gamma: requête Gamma: error sending request for url (https://gamma-api.polymarket.com/events?slug=btc-updown-5m-1783232700): client error (Connect): tunnel error: failed to create underlying connection: tcp connect error: Connection refused (os error 111)
[2m2026-07-05T06:29:47.819558Z[0m [33m WARN[0m [2mpm_acquisition::rtds[0m[2m:[0m RTDS erreur: connexion au proxy 127.0.0.1:45417: Connection refused (os error 111)
[2m2026-07-05T06:29:47.875997Z[0m [33m WARN[0m [2mpm_bot[0m[2m:[0m découverte gamma: requête Gamma: error sending request for url (https://gamma-api.polymarket.com/events?slug=btc-updown-5m-1783232700): client error (Connect): tunnel error: failed to create underlying connection: tcp connect error: Connection refused (os error 111)
[2m2026-07-05T06:29:52.877322Z[0m [33m WARN[0m [2mpm_bot[0m[2m:[0m découverte gamma: requête Gamma: error sending request for url (https://gamma-api.polymarket.com/events?slug=btc-updown-5m-1783232700): client error (Connect): tunnel error: failed to create underlying connection: tcp connect error: Connection refused (os error 111)
[2m2026-07-05T06:29:57.878598Z[0m [33m WARN[0m [2mpm_bot[0m[2m:[0m découverte gamma: requête Gamma: error sending request for url (https://gamma-api.polymarket.com/events?slug=btc-updown-5m-1783232700): client error (Connect): tunnel error: failed to create underlying connection: tcp connect error: Connection refused (os error 111)
[2m2026-07-05T06:30:02.821009Z[0m [33m WARN[0m [2mpm_acquisition::rtds[0m[2m:[0m RTDS erreur: connexion au proxy 127.0.0.1:45417: Connection refused (os error 111)
[2m2026-07-05T06:30:02.880459Z[0m [33m WARN[0m [2mpm_bot[0m[2m:[0m découverte gamma: requête Gamma: error sending request for url (https://gamma-api.polymarket.com/events?slug=btc-updown-5m-1783233000): client error (Connect): tunnel error: failed to create underlying connection: tcp connect error: Connection refused (os error 111)
[2m2026-07-05T06:30:07.881872Z[0m [33m WARN[0m [2mpm_bot[0m[2m:[0m découverte gamma: requête Gamma: error sending request for url (https://gamma-api.polymarket.com/events?slug=btc-updown-5m-1783233000): client error (Connect): tunnel error: failed to create underlying connection: tcp connect error: Connection refused (os error 111)
[2m2026-07-05T06:30:12.882854Z[0m [33m WARN[0m [2mpm_bot[0m[2m:[0m découverte gamma: requête Gamma: error sending request for url (https://gamma-api.polymarket.com/events?slug=btc-updown-5m-1783233000): client error (Connect): tunnel error: failed to create underlying connection: tcp connect error: Connection refused (os error 111)
[2m2026-07-05T06:30:17.822467Z[0m [33m WARN[0m [2mpm_acquisition::rtds[0m[2m:[0m RTDS erreur: connexion au proxy 127.0.0.1:45417: Connection refused (os error 111)
[2m2026-07-05T06:30:17.883887Z[0m [33m WARN[0m [2mpm_bot[0m[2m:[0m découverte gamma: requête Gamma: error sending request for url (https://gamma-api.polymarket.com/events?slug=btc-updown-5m-1783233000): client error (Connect): tunnel error: failed to create underlying connection: tcp connect error: Connection refused (os error 111)
[2m2026-07-05T06:30:22.884874Z[0m [33m WARN[0m [2mpm_bot[0m[2m:[0m découverte gamma: requête Gamma: error sending request for url (https://gamma-api.polymarket.com/events?slug=btc-updown-5m-1783233000): client error (Connect): tunnel error: failed to create underlying connection: tcp connect error: Connection refused (os error 111)
[2m2026-07-05T06:30:27.886055Z[0m [33m WARN[0m [2mpm_bot[0m[2m:[0m découverte gamma: requête Gamma: error sending request for url (https://gamma-api.polymarket.com/events?slug=btc-updown-5m-1783233000): client error (Connect): tunnel error: failed to create underlying connection: tcp connect error: Connection refused (os error 111)
[2m2026-07-05T06:30:32.824148Z[0m [33m WARN[0m [2mpm_acquisition::rtds[0m[2m:[0m RTDS erreur: connexion au proxy 127.0.0.1:45417: Connection refused (os error 111)
[2m2026-07-05T06:30:32.886581Z[0m [33m WARN[0m [2mpm_bot[0m[2m:[0m découverte gamma: requête Gamma: error sending request for url (https://gamma-api.polymarket.com/events?slug=btc-updown-5m-1783233000): client error (Connect): tunnel error: failed to create underlying connection: tcp connect error: Connection refused (os error 111)
[2m2026-07-05T06:30:37.888090Z[0m [33m WARN[0m [2mpm_bot[0m[2m:[0m découverte gamma: requête Gamma: error sending request for url (https://gamma-api.polymarket.com/events?slug=btc-updown-5m-1783233000): client error (Connect): tunnel error: failed to create underlying connection: tcp connect error: Connection refused (os error 111)
[2m2026-07-05T06:30:42.889217Z[0m [33m WARN[0m [2mpm_bot[0m[2m:[0m découverte gamma: requête Gamma: error sending request for url (https://gamma-api.polymarket.com/events?slug=btc-updown-5m-1783233000): client error (Connect): tunnel error: failed to create underlying connection: tcp connect error: Connection refused (os error 111)
[2m2026-07-05T06:30:47.825470Z[0m [33m WARN[0m [2mpm_acquisition::rtds[0m[2m:[0m RTDS erreur: connexion au proxy 127.0.0.1:45417: Connection refused (os error 111)
[2m2026-07-05T06:30:47.889867Z[0m [33m WARN[0m [2mpm_bot[0m[2m:[0m découverte gamma: requête Gamma: error sending request for url (https://gamma-api.polymarket.com/events?slug=btc-updown-5m-1783233000): client error (Connect): tunnel error: failed to create underlying connection: tcp connect error: Connection refused (os error 111)
[2m2026-07-05T06:30:52.890769Z[0m [33m WARN[0m [2mpm_bot[0m[2m:[0m découverte gamma: requête Gamma: error sending request for url (https://gamma-api.polymarket.com/events?slug=btc-updown-5m-1783233000): client error (Connect): tunnel error: failed to create underlying connection: tcp connect error: Connection refused (os error 111)
[2m2026-07-05T06:30:57.892046Z[0m [33m WARN[0m [2mpm_bot[0m[2m:[0m découverte gamma: requête Gamma: error sending request for url (https://gamma-api.polymarket.com/events?slug=btc-updown-5m-1783233000): client error (Connect): tunnel error: failed to create underlying connection: tcp connect error: Connection refused (os error 111)
[2m2026-07-05T06:31:02.827494Z[0m [33m WARN[0m [2mpm_acquisition::rtds[0m[2m:[0m RTDS erreur: connexion au proxy 127.0.0.1:45417: Connection refused (os error 111)
[2m2026-07-05T06:31:02.893023Z[0m [33m WARN[0m [2mpm_bot[0m[2m:[0m découverte gamma: requête Gamma: error sending request for url (https://gamma-api.polymarket.com/events?slug=btc-updown-5m-1783233000): client error (Connect): tunnel error: failed to create underlying connection: tcp connect error: Connection refused (os error 111)
[2m2026-07-05T06:31:07.894174Z[0m [33m WARN[0m [2mpm_bot[0m[2m:[0m découverte gamma: requête Gamma: error sending request for url (https://gamma-api.polymarket.com/events?slug=btc-updown-5m-1783233000): client error (Connect): tunnel error: failed to create underlying connection: tcp connect error: Connection refused (os error 111)
[2m2026-07-05T06:31:12.895099Z[0m [33m WARN[0m [2mpm_bot[0m[2m:[0m découverte gamma: requête Gamma: error sending request for url (https://gamma-api.polymarket.com/events?slug=btc-updown-5m-1783233000): client error (Connect): tunnel error: failed to create underlying connection: tcp connect error: Connection refused (os error 111)
[2m2026-07-05T06:31:17.829041Z[0m [33m WARN[0m [2mpm_acquisition::rtds[0m[2m:[0m RTDS erreur: connexion au proxy 127.0.0.1:45417: Connection refused (os error 111)
[2m2026-07-05T06:31:17.896493Z[0m [33m WARN[0m [2mpm_bot[0m[2m:[0m découverte gamma: requête Gamma: error sending request for url (https://gamma-api.polymarket.com/events?slug=btc-updown-5m-1783233000): client error (Connect): tunnel error: failed to create underlying connection: tcp connect error: Connection refused (os error 111)
[2m2026-07-05T06:31:22.897667Z[0m [33m WARN[0m [2mpm_bot[0m[2m:[0m découverte gamma: requête Gamma: error sending request for url (https://gamma-api.polymarket.com/events?slug=btc-updown-5m-1783233000): client error (Connect): tunnel error: failed to create underlying connection: tcp connect error: Connection refused (os error 111)
[2m2026-07-05T06:31:27.898735Z[0m [33m WARN[0m [2mpm_bot[0m[2m:[0m découverte gamma: requête Gamma: error sending request for url (https://gamma-api.polymarket.com/events?slug=btc-updown-5m-1783233000): client error (Connect): tunnel error: failed to create underlying connection: tcp connect error: Connection refused (os error 111)
[2m2026-07-05T06:31:32.829706Z[0m [33m WARN[0m [2mpm_acquisition::rtds[0m[2m:[0m RTDS erreur: connexion au proxy 127.0.0.1:45417: Connection refused (os error 111)
[2m2026-07-05T06:31:32.900144Z[0m [33m WARN[0m [2mpm_bot[0m[2m:[0m découverte gamma: requête Gamma: error sending request for url (https://gamma-api.polymarket.com/events?slug=btc-updown-5m-1783233000): client error (Connect): tunnel error: failed to create underlying connection: tcp connect error: Connection refused (os error 111)
[2m2026-07-05T06:31:37.900785Z[0m [33m WARN[0m [2mpm_bot[0m[2m:[0m découverte gamma: requête Gamma: error sending request for url (https://gamma-api.polymarket.com/events?slug=btc-updown-5m-1783233000): client error (Connect): tunnel error: failed to create underlying connection: tcp connect error: Connection refused (os error 111)
[2m2026-07-05T06:31:42.901872Z[0m [33m WARN[0m [2mpm_bot[0m[2m:[0m découverte gamma: requête Gamma: error sending request for url (https://gamma-api.polymarket.com/events?slug=btc-updown-5m-1783233000): client error (Connect): tunnel error: failed to create underlying connection: tcp connect error: Connection refused (os error 111)
[2m2026-07-05T06:31:47.830504Z[0m [33m WARN[0m [2mpm_acquisition::rtds[0m[2m:[0m RTDS erreur: connexion au proxy 127.0.0.1:45417: Connection refused (os error 111)
[2m2026-07-05T06:31:47.902896Z[0m [33m WARN[0m [2mpm_bot[0m[2m:[0m découverte gamma: requête Gamma: error sending request for url (https://gamma-api.polymarket.com/events?slug=btc-updown-5m-1783233000): client error (Connect): tunnel error: failed to create underlying connection: tcp connect error: Connection refused (os error 111)
[2m2026-07-05T06:31:52.903698Z[0m [33m WARN[0m [2mpm_bot[0m[2m:[0m découverte gamma: requête Gamma: error sending request for url (https://gamma-api.polymarket.com/events?slug=btc-updown-5m-1783233000): client error (Connect): tunnel error: failed to create underlying connection: tcp connect error: Connection refused (os error 111)
[2m2026-07-05T06:31:57.905236Z[0m [33m WARN[0m [2mpm_bot[0m[2m:[0m découverte gamma: requête Gamma: error sending request for url (https://gamma-api.polymarket.com/events?slug=btc-updown-5m-1783233000): client error (Connect): tunnel error: failed to create underlying connection: tcp connect error: Connection refused (os error 111)
[2m2026-07-05T06:32:02.832288Z[0m [33m WARN[0m [2mpm_acquisition::rtds[0m[2m:[0m RTDS erreur: connexion au proxy 127.0.0.1:45417: Connection refused (os error 111)
[2m2026-07-05T06:32:02.906621Z[0m [33m WARN[0m [2mpm_bot[0m[2m:[0m découverte gamma: requête Gamma: error sending request for url (https://gamma-api.polymarket.com/events?slug=btc-updown-5m-1783233000): client error (Connect): tunnel error: failed to create underlying connection: tcp connect error: Connection refused (os error 111)
[2m2026-07-05T06:32:07.907671Z[0m [33m WARN[0m [2mpm_bot[0m[2m:[0m découverte gamma: requête Gamma: error sending request for url (https://gamma-api.polymarket.com/events?slug=btc-updown-5m-1783233000): client error (Connect): tunnel error: failed to create underlying connection: tcp connect error: Connection refused (os error 111)
[2m2026-07-05T06:32:12.909504Z[0m [33m WARN[0m [2mpm_bot[0m[2m:[0m découverte gamma: requête Gamma: error sending request for url (https://gamma-api.polymarket.com/events?slug=btc-updown-5m-1783233000): client error (Connect): tunnel error: failed to create underlying connection: tcp connect error: Connection refused (os error 111)
[2m2026-07-05T06:32:17.834376Z[0m [33m WARN[0m [2mpm_acquisition::rtds[0m[2m:[0m RTDS erreur: connexion au proxy 127.0.0.1:45417: Connection refused (os error 111)
[2m2026-07-05T06:32:17.910807Z[0m [33m WARN[0m [2mpm_bot[0m[2m:[0m découverte gamma: requête Gamma: error sending request for url (https://gamma-api.polymarket.com/events?slug=btc-updown-5m-1783233000): client error (Connect): tunnel error: failed to create underlying connection: tcp connect error: Connection refused (os error 111)
[2m2026-07-05T06:32:22.911900Z[0m [33m WARN[0m [2mpm_bot[0m[2m:[0m découverte gamma: requête Gamma: error sending request for url (https://gamma-api.polymarket.com/events?slug=btc-updown-5m-1783233000): client error (Connect): tunnel error: failed to create underlying connection: tcp connect error: Connection refused (os error 111)
[2m2026-07-05T06:32:27.912771Z[0m [33m WARN[0m [2mpm_bot[0m[2m:[0m découverte gamma: requête Gamma: error sending request for url (https://gamma-api.polymarket.com/events?slug=btc-updown-5m-1783233000): client error (Connect): tunnel error: failed to create underlying connection: tcp connect error: Connection refused (os error 111)
[2m2026-07-05T06:32:32.835705Z[0m [33m WARN[0m [2mpm_acquisition::rtds[0m[2m:[0m RTDS erreur: connexion au proxy 127.0.0.1:45417: Connection refused (os error 111)
[2m2026-07-05T06:32:32.914122Z[0m [33m WARN[0m [2mpm_bot[0m[2m:[0m découverte gamma: requête Gamma: error sending request for url (https://gamma-api.polymarket.com/events?slug=btc-updown-5m-1783233000): client error (Connect): tunnel error: failed to create underlying connection: tcp connect error: Connection refused (os error 111)
[2m2026-07-05T06:32:37.915271Z[0m [33m WARN[0m [2mpm_bot[0m[2m:[0m découverte gamma: requête Gamma: error sending request for url (https://gamma-api.polymarket.com/events?slug=btc-updown-5m-1783233000): client error (Connect): tunnel error: failed to create underlying connection: tcp connect error: Connection refused (os error 111)
[2m2026-07-05T06:32:42.917596Z[0m [33m WARN[0m [2mpm_bot[0m[2m:[0m découverte gamma: requête Gamma: error sending request for url (https://gamma-api.polymarket.com/events?slug=btc-updown-5m-1783233000): client error (Connect): tunnel error: failed to create underlying connection: tcp connect error: Connection refused (os error 111)
[2m2026-07-05T06:32:47.837488Z[0m [33m WARN[0m [2mpm_acquisition::rtds[0m[2m:[0m RTDS erreur: connexion au proxy 127.0.0.1:45417: Connection refused (os error 111)
[2m2026-07-05T06:32:47.918968Z[0m [33m WARN[0m [2mpm_bot[0m[2m:[0m découverte gamma: requête Gamma: error sending request for url (https://gamma-api.polymarket.com/events?slug=btc-updown-5m-1783233000): client error (Connect): tunnel error: failed to create underlying connection: tcp connect error: Connection refused (os error 111)
[2m2026-07-05T06:32:52.919786Z[0m [33m WARN[0m [2mpm_bot[0m[2m:[0m découverte gamma: requête Gamma: error sending request for url (https://gamma-api.polymarket.com/events?slug=btc-updown-5m-1783233000): client error (Connect): tunnel error: failed to create underlying connection: tcp connect error: Connection refused (os error 111)
[2m2026-07-05T06:32:57.920723Z[0m [33m WARN[0m [2mpm_bot[0m[2m:[0m découverte gamma: requête Gamma: error sending request for url (https://gamma-api.polymarket.com/events?slug=btc-updown-5m-1783233000): client error (Connect): tunnel error: failed to create underlying connection: tcp connect error: Connection refused (os error 111)
[2m2026-07-05T06:33:02.839042Z[0m [33m WARN[0m [2mpm_acquisition::rtds[0m[2m:[0m RTDS erreur: connexion au proxy 127.0.0.1:45417: Connection refused (os error 111)
[2m2026-07-05T06:33:02.922454Z[0m [33m WARN[0m [2mpm_bot[0m[2m:[0m découverte gamma: requête Gamma: error sending request for url (https://gamma-api.polymarket.com/events?slug=btc-updown-5m-1783233000): client error (Connect): tunnel error: failed to create underlying connection: tcp connect error: Connection refused (os error 111)
[2m2026-07-05T06:33:07.923655Z[0m [33m WARN[0m [2mpm_bot[0m[2m:[0m découverte gamma: requête Gamma: error sending request for url (https://gamma-api.polymarket.com/events?slug=btc-updown-5m-1783233000): client error (Connect): tunnel error: failed to create underlying connection: tcp connect error: Connection refused (os error 111)
[2m2026-07-05T06:33:12.924757Z[0m [33m WARN[0m [2mpm_bot[0m[2m:[0m découverte gamma: requête Gamma: error sending request for url (https://gamma-api.polymarket.com/events?slug=btc-updown-5m-1783233000): client error (Connect): tunnel error: failed to create underlying connection: tcp connect error: Connection refused (os error 111)
[2m2026-07-05T06:33:17.839794Z[0m [33m WARN[0m [2mpm_acquisition::rtds[0m[2m:[0m RTDS erreur: connexion au proxy 127.0.0.1:45417: Connection refused (os error 111)
[2m2026-07-05T06:33:17.926317Z[0m [33m WARN[0m [2mpm_bot[0m[2m:[0m découverte gamma: requête Gamma: error sending request for url (https://gamma-api.polymarket.com/events?slug=btc-updown-5m-1783233000): client error (Connect): tunnel error: failed to create underlying connection: tcp connect error: Connection refused (os error 111)
[2m2026-07-05T06:33:22.927958Z[0m [33m WARN[0m [2mpm_bot[0m[2m:[0m découverte gamma: requête Gamma: error sending request for url (https://gamma-api.polymarket.com/events?slug=btc-updown-5m-1783233000): client error (Connect): tunnel error: failed to create underlying connection: tcp connect error: Connection refused (os error 111)
[2m2026-07-05T06:33:27.929101Z[0m [33m WARN[0m [2mpm_bot[0m[2m:[0m découverte gamma: requête Gamma: error sending request for url (https://gamma-api.polymarket.com/events?slug=btc-updown-5m-1783233000): client error (Connect): tunnel error: failed to create underlying connection: tcp connect error: Connection refused (os error 111)
[2m2026-07-05T06:33:32.841249Z[0m [33m WARN[0m [2mpm_acquisition::rtds[0m[2m:[0m RTDS erreur: connexion au proxy 127.0.0.1:45417: Connection refused (os error 111)
[2m2026-07-05T06:33:32.929728Z[0m [33m WARN[0m [2mpm_bot[0m[2m:[0m découverte gamma: requête Gamma: error sending request for url (https://gamma-api.polymarket.com/events?slug=btc-updown-5m-1783233000): client error (Connect): tunnel error: failed to create underlying connection: tcp connect error: Connection refused (os error 111)
[2m2026-07-05T06:33:37.930943Z[0m [33m WARN[0m [2mpm_bot[0m[2m:[0m découverte gamma: requête Gamma: error sending request for url (https://gamma-api.polymarket.com/events?slug=btc-updown-5m-1783233000): client error (Connect): tunnel error: failed to create underlying connection: tcp connect error: Connection refused (os error 111)
[2m2026-07-05T06:33:42.931673Z[0m [33m WARN[0m [2mpm_bot[0m[2m:[0m découverte gamma: requête Gamma: error sending request for url (https://gamma-api.polymarket.com/events?slug=btc-updown-5m-1783233000): client error (Connect): tunnel error: failed to create underlying connection: tcp connect error: Connection refused (os error 111)
[2m2026-07-05T06:33:47.843489Z[0m [33m WARN[0m [2mpm_acquisition::rtds[0m[2m:[0m RTDS erreur: connexion au proxy 127.0.0.1:45417: Connection refused (os error 111)
[2m2026-07-05T06:33:47.933018Z[0m [33m WARN[0m [2mpm_bot[0m[2m:[0m découverte gamma: requête Gamma: error sending request for url (https://gamma-api.polymarket.com/events?slug=btc-updown-5m-1783233000): client error (Connect): tunnel error: failed to create underlying connection: tcp connect error: Connection refused (os error 111)
[2m2026-07-05T06:33:52.934207Z[0m [33m WARN[0m [2mpm_bot[0m[2m:[0m découverte gamma: requête Gamma: error sending request for url (https://gamma-api.polymarket.com/events?slug=btc-updown-5m-1783233000): client error (Connect): tunnel error: failed to create underlying connection: tcp connect error: Connection refused (os error 111)
[2m2026-07-05T06:33:57.935437Z[0m [33m WARN[0m [2mpm_bot[0m[2m:[0m découverte gamma: requête Gamma: error sending request for url (https://gamma-api.polymarket.com/events?slug=btc-updown-5m-1783233000): client error (Connect): tunnel error: failed to create underlying connection: tcp connect error: Connection refused (os error 111)
[2m2026-07-05T06:34:02.844885Z[0m [33m WARN[0m [2mpm_acquisition::rtds[0m[2m:[0m RTDS erreur: connexion au proxy 127.0.0.1:45417: Connection refused (os error 111)
[2m2026-07-05T06:34:02.937298Z[0m [33m WARN[0m [2mpm_bot[0m[2m:[0m découverte gamma: requête Gamma: error sending request for url (https://gamma-api.polymarket.com/events?slug=btc-updown-5m-1783233000): client error (Connect): tunnel error: failed to create underlying connection: tcp connect error: Connection refused (os error 111)
[2m2026-07-05T06:34:07.938640Z[0m [33m WARN[0m [2mpm_bot[0m[2m:[0m découverte gamma: requête Gamma: error sending request for url (https://gamma-api.polymarket.com/events?slug=btc-updown-5m-1783233000): client error (Connect): tunnel error: failed to create underlying connection: tcp connect error: Connection refused (os error 111)
[2m2026-07-05T06:34:12.939862Z[0m [33m WARN[0m [2mpm_bot[0m[2m:[0m découverte gamma: requête Gamma: error sending request for url (https://gamma-api.polymarket.com/events?slug=btc-updown-5m-1783233000): client error (Connect): tunnel error: failed to create underlying connection: tcp connect error: Connection refused (os error 111)
[2m2026-07-05T06:34:17.845516Z[0m [33m WARN[0m [2mpm_acquisition::rtds[0m[2m:[0m RTDS erreur: connexion au proxy 127.0.0.1:45417: Connection refused (os error 111)
[2m2026-07-05T06:34:17.940961Z[0m [33m WARN[0m [2mpm_bot[0m[2m:[0m découverte gamma: requête Gamma: error sending request for url (https://gamma-api.polymarket.com/events?slug=btc-updown-5m-1783233000): client error (Connect): tunnel error: failed to create underlying connection: tcp connect error: Connection refused (os error 111)
[2m2026-07-05T06:34:22.942184Z[0m [33m WARN[0m [2mpm_bot[0m[2m:[0m découverte gamma: requête Gamma: error sending request for url (https://gamma-api.polymarket.com/events?slug=btc-updown-5m-1783233000): client error (Connect): tunnel error: failed to create underlying connection: tcp connect error: Connection refused (os error 111)
[2m2026-07-05T06:34:27.943435Z[0m [33m WARN[0m [2mpm_bot[0m[2m:[0m découverte gamma: requête Gamma: error sending request for url (https://gamma-api.polymarket.com/events?slug=btc-updown-5m-1783233000): client error (Connect): tunnel error: failed to create underlying connection: tcp connect error: Connection refused (os error 111)
[2m2026-07-05T06:34:32.847514Z[0m [33m WARN[0m [2mpm_acquisition::rtds[0m[2m:[0m RTDS erreur: connexion au proxy 127.0.0.1:45417: Connection refused (os error 111)
[2m2026-07-05T06:34:32.945093Z[0m [33m WARN[0m [2mpm_bot[0m[2m:[0m découverte gamma: requête Gamma: error sending request for url (https://gamma-api.polymarket.com/events?slug=btc-updown-5m-1783233000): client error (Connect): tunnel error: failed to create underlying connection: tcp connect error: Connection refused (os error 111)
[2m2026-07-05T06:34:37.945910Z[0m [33m WARN[0m [2mpm_bot[0m[2m:[0m découverte gamma: requête Gamma: error sending request for url (https://gamma-api.polymarket.com/events?slug=btc-updown-5m-1783233000): client error (Connect): tunnel error: failed to create underlying connection: tcp connect error: Connection refused (os error 111)
[2m2026-07-05T06:34:42.946817Z[0m [33m WARN[0m [2mpm_bot[0m[2m:[0m découverte gamma: requête Gamma: error sending request for url (https://gamma-api.polymarket.com/events?slug=btc-updown-5m-1783233000): client error (Connect): tunnel error: failed to create underlying connection: tcp connect error: Connection refused (os error 111)
[2m2026-07-05T06:34:47.848635Z[0m [33m WARN[0m [2mpm_acquisition::rtds[0m[2m:[0m RTDS erreur: connexion au proxy 127.0.0.1:45417: Connection refused (os error 111)
[2m2026-07-05T06:34:47.948034Z[0m [33m WARN[0m [2mpm_bot[0m[2m:[0m découverte gamma: requête Gamma: error sending request for url (https://gamma-api.polymarket.com/events?slug=btc-updown-5m-1783233000): client error (Connect): tunnel error: failed to create underlying connection: tcp connect error: Connection refused (os error 111)
[2m2026-07-05T06:34:52.948723Z[0m [33m WARN[0m [2mpm_bot[0m[2m:[0m découverte gamma: requête Gamma: error sending request for url (https://gamma-api.polymarket.com/events?slug=btc-updown-5m-1783233000): client error (Connect): tunnel error: failed to create underlying connection: tcp connect error: Connection refused (os error 111)
[2m2026-07-05T06:34:57.949868Z[0m [33m WARN[0m [2mpm_bot[0m[2m:[0m découverte gamma: requête Gamma: error sending request for url (https://gamma-api.polymarket.com/events?slug=btc-updown-5m-1783233000): client error (Connect): tunnel error: failed to create underlying connection: tcp connect error: Connection refused (os error 111)
[2m2026-07-05T06:35:02.849553Z[0m [33m WARN[0m [2mpm_acquisition::rtds[0m[2m:[0m RTDS erreur: connexion au proxy 127.0.0.1:45417: Connection refused (os error 111)
[2m2026-07-05T06:35:02.951026Z[0m [33m WARN[0m [2mpm_bot[0m[2m:[0m découverte gamma: requête Gamma: error sending request for url (https://gamma-api.polymarket.com/events?slug=btc-updown-5m-1783233300): client error (Connect): tunnel error: failed to create underlying connection: tcp connect error: Connection refused (os error 111)
[2m2026-07-05T06:35:07.951698Z[0m [33m WARN[0m [2mpm_bot[0m[2m:[0m découverte gamma: requête Gamma: error sending request for url (https://gamma-api.polymarket.com/events?slug=btc-updown-5m-1783233300): client error (Connect): tunnel error: failed to create underlying connection: tcp connect error: Connection refused (os error 111)
[2m2026-07-05T06:35:12.953104Z[0m [33m WARN[0m [2mpm_bot[0m[2m:[0m découverte gamma: requête Gamma: error sending request for url (https://gamma-api.polymarket.com/events?slug=btc-updown-5m-1783233300): client error (Connect): tunnel error: failed to create underlying connection: tcp connect error: Connection refused (os error 111)
[2m2026-07-05T06:35:17.851147Z[0m [33m WARN[0m [2mpm_acquisition::rtds[0m[2m:[0m RTDS erreur: connexion au proxy 127.0.0.1:45417: Connection refused (os error 111)
[2m2026-07-05T06:35:17.953594Z[0m [33m WARN[0m [2mpm_bot[0m[2m:[0m découverte gamma: requête Gamma: error sending request for url (https://gamma-api.polymarket.com/events?slug=btc-updown-5m-1783233300): client error (Connect): tunnel error: failed to create underlying connection: tcp connect error: Connection refused (os error 111)
[2m2026-07-05T06:35:22.955375Z[0m [33m WARN[0m [2mpm_bot[0m[2m:[0m découverte gamma: requête Gamma: error sending request for url (https://gamma-api.polymarket.com/events?slug=btc-updown-5m-1783233300): client error (Connect): tunnel error: failed to create underlying connection: tcp connect error: Connection refused (os error 111)
[2m2026-07-05T06:35:27.957143Z[0m [33m WARN[0m [2mpm_bot[0m[2m:[0m découverte gamma: requête Gamma: error sending request for url (https://gamma-api.polymarket.com/events?slug=btc-updown-5m-1783233300): client error (Connect): tunnel error: failed to create underlying connection: tcp connect error: Connection refused (os error 111)
[2m2026-07-05T06:35:32.851844Z[0m [33m WARN[0m [2mpm_acquisition::rtds[0m[2m:[0m RTDS erreur: connexion au proxy 127.0.0.1:45417: Connection refused (os error 111)
[2m2026-07-05T06:35:32.958515Z[0m [33m WARN[0m [2mpm_bot[0m[2m:[0m découverte gamma: requête Gamma: error sending request for url (https://gamma-api.polymarket.com/events?slug=btc-updown-5m-1783233300): client error (Connect): tunnel error: failed to create underlying connection: tcp connect error: Connection refused (os error 111)
[2m2026-07-05T06:35:37.960441Z[0m [33m WARN[0m [2mpm_bot[0m[2m:[0m découverte gamma: requête Gamma: error sending request for url (https://gamma-api.polymarket.com/events?slug=btc-updown-5m-1783233300): client error (Connect): tunnel error: failed to create underlying connection: tcp connect error: Connection refused (os error 111)
[2m2026-07-05T06:35:42.961782Z[0m [33m WARN[0m [2mpm_bot[0m[2m:[0m découverte gamma: requête Gamma: error sending request for url (https://gamma-api.polymarket.com/events?slug=btc-updown-5m-1783233300): client error (Connect): tunnel error: failed to create underlying connection: tcp connect error: Connection refused (os error 111)
[2m2026-07-05T06:35:47.852911Z[0m [33m WARN[0m [2mpm_acquisition::rtds[0m[2m:[0m RTDS erreur: connexion au proxy 127.0.0.1:45417: Connection refused (os error 111)
[2m2026-07-05T06:35:47.963356Z[0m [33m WARN[0m [2mpm_bot[0m[2m:[0m découverte gamma: requête Gamma: error sending request for url (https://gamma-api.polymarket.com/events?slug=btc-updown-5m-1783233300): client error (Connect): tunnel error: failed to create underlying connection: tcp connect error: Connection refused (os error 111)
[2m2026-07-05T06:35:52.965579Z[0m [33m WARN[0m [2mpm_bot[0m[2m:[0m découverte gamma: requête Gamma: error sending request for url (https://gamma-api.polymarket.com/events?slug=btc-updown-5m-1783233300): client error (Connect): tunnel error: failed to create underlying connection: tcp connect error: Connection refused (os error 111)
[2m2026-07-05T06:35:57.966565Z[0m [33m WARN[0m [2mpm_bot[0m[2m:[0m découverte gamma: requête Gamma: error sending request for url (https://gamma-api.polymarket.com/events?slug=btc-updown-5m-1783233300): client error (Connect): tunnel error: failed to create underlying connection: tcp connect error: Connection refused (os error 111)
[2m2026-07-05T06:36:02.853579Z[0m [33m WARN[0m [2mpm_acquisition::rtds[0m[2m:[0m RTDS erreur: connexion au proxy 127.0.0.1:45417: Connection refused (os error 111)
[2m2026-07-05T06:36:02.968001Z[0m [33m WARN[0m [2mpm_bot[0m[2m:[0m découverte gamma: requête Gamma: error sending request for url (https://gamma-api.polymarket.com/events?slug=btc-updown-5m-1783233300): client error (Connect): tunnel error: failed to create underlying connection: tcp connect error: Connection refused (os error 111)
[2m2026-07-05T06:36:07.969391Z[0m [33m WARN[0m [2mpm_bot[0m[2m:[0m découverte gamma: requête Gamma: error sending request for url (https://gamma-api.polymarket.com/events?slug=btc-updown-5m-1783233300): client error (Connect): tunnel error: failed to create underlying connection: tcp connect error: Connection refused (os error 111)
[2m2026-07-05T06:36:12.971285Z[0m [33m WARN[0m [2mpm_bot[0m[2m:[0m découverte gamma: requête Gamma: error sending request for url (https://gamma-api.polymarket.com/events?slug=btc-updown-5m-1783233300): client error (Connect): tunnel error: failed to create underlying connection: tcp connect error: Connection refused (os error 111)
[2m2026-07-05T06:36:17.855442Z[0m [33m WARN[0m [2mpm_acquisition::rtds[0m[2m:[0m RTDS erreur: connexion au proxy 127.0.0.1:45417: Connection refused (os error 111)
[2m2026-07-05T06:36:17.972931Z[0m [33m WARN[0m [2mpm_bot[0m[2m:[0m découverte gamma: requête Gamma: error sending request for url (https://gamma-api.polymarket.com/events?slug=btc-updown-5m-1783233300): client error (Connect): tunnel error: failed to create underlying connection: tcp connect error: Connection refused (os error 111)
[2m2026-07-05T06:36:22.973988Z[0m [33m WARN[0m [2mpm_bot[0m[2m:[0m découverte gamma: requête Gamma: error sending request for url (https://gamma-api.polymarket.com/events?slug=btc-updown-5m-1783233300): client error (Connect): tunnel error: failed to create underlying connection: tcp connect error: Connection refused (os error 111)
[2m2026-07-05T06:36:27.974803Z[0m [33m WARN[0m [2mpm_bot[0m[2m:[0m découverte gamma: requête Gamma: error sending request for url (https://gamma-api.polymarket.com/events?slug=btc-updown-5m-1783233300): client error (Connect): tunnel error: failed to create underlying connection: tcp connect error: Connection refused (os error 111)
[2m2026-07-05T06:36:32.856516Z[0m [33m WARN[0m [2mpm_acquisition::rtds[0m[2m:[0m RTDS erreur: connexion au proxy 127.0.0.1:45417: Connection refused (os error 111)
[2m2026-07-05T06:36:32.976033Z[0m [33m WARN[0m [2mpm_bot[0m[2m:[0m découverte gamma: requête Gamma: error sending request for url (https://gamma-api.polymarket.com/events?slug=btc-updown-5m-1783233300): client error (Connect): tunnel error: failed to create underlying connection: tcp connect error: Connection refused (os error 111)
[2m2026-07-05T06:36:37.977310Z[0m [33m WARN[0m [2mpm_bot[0m[2m:[0m découverte gamma: requête Gamma: error sending request for url (https://gamma-api.polymarket.com/events?slug=btc-updown-5m-1783233300): client error (Connect): tunnel error: failed to create underlying connection: tcp connect error: Connection refused (os error 111)
[2m2026-07-05T06:36:42.978665Z[0m [33m WARN[0m [2mpm_bot[0m[2m:[0m découverte gamma: requête Gamma: error sending request for url (https://gamma-api.polymarket.com/events?slug=btc-updown-5m-1783233300): client error (Connect): tunnel error: failed to create underlying connection: tcp connect error: Connection refused (os error 111)
[2m2026-07-05T06:36:47.857681Z[0m [33m WARN[0m [2mpm_acquisition::rtds[0m[2m:[0m RTDS erreur: connexion au proxy 127.0.0.1:45417: Connection refused (os error 111)
[2m2026-07-05T06:36:47.980170Z[0m [33m WARN[0m [2mpm_bot[0m[2m:[0m découverte gamma: requête Gamma: error sending request for url (https://gamma-api.polymarket.com/events?slug=btc-updown-5m-1783233300): client error (Connect): tunnel error: failed to create underlying connection: tcp connect error: Connection refused (os error 111)
[2m2026-07-05T06:36:52.981535Z[0m [33m WARN[0m [2mpm_bot[0m[2m:[0m découverte gamma: requête Gamma: error sending request for url (https://gamma-api.polymarket.com/events?slug=btc-updown-5m-1783233300): client error (Connect): tunnel error: failed to create underlying connection: tcp connect error: Connection refused (os error 111)
[2m2026-07-05T06:36:57.983178Z[0m [33m WARN[0m [2mpm_bot[0m[2m:[0m découverte gamma: requête Gamma: error sending request for url (https://gamma-api.polymarket.com/events?slug=btc-updown-5m-1783233300): client error (Connect): tunnel error: failed to create underlying connection: tcp connect error: Connection refused (os error 111)
[2m2026-07-05T06:37:02.859188Z[0m [33m WARN[0m [2mpm_acquisition::rtds[0m[2m:[0m RTDS erreur: connexion au proxy 127.0.0.1:45417: Connection refused (os error 111)
[2m2026-07-05T06:37:02.983781Z[0m [33m WARN[0m [2mpm_bot[0m[2m:[0m découverte gamma: requête Gamma: error sending request for url (https://gamma-api.polymarket.com/events?slug=btc-updown-5m-1783233300): client error (Connect): tunnel error: failed to create underlying connection: tcp connect error: Connection refused (os error 111)
[2m2026-07-05T06:37:07.985352Z[0m [33m WARN[0m [2mpm_bot[0m[2m:[0m découverte gamma: requête Gamma: error sending request for url (https://gamma-api.polymarket.com/events?slug=btc-updown-5m-1783233300): client error (Connect): tunnel error: failed to create underlying connection: tcp connect error: Connection refused (os error 111)
[2m2026-07-05T06:37:12.987286Z[0m [33m WARN[0m [2mpm_bot[0m[2m:[0m découverte gamma: requête Gamma: error sending request for url (https://gamma-api.polymarket.com/events?slug=btc-updown-5m-1783233300): client error (Connect): tunnel error: failed to create underlying connection: tcp connect error: Connection refused (os error 111)
[2m2026-07-05T06:37:17.860231Z[0m [33m WARN[0m [2mpm_acquisition::rtds[0m[2m:[0m RTDS erreur: connexion au proxy 127.0.0.1:45417: Connection refused (os error 111)
[2m2026-07-05T06:37:17.988750Z[0m [33m WARN[0m [2mpm_bot[0m[2m:[0m découverte gamma: requête Gamma: error sending request for url (https://gamma-api.polymarket.com/events?slug=btc-updown-5m-1783233300): client error (Connect): tunnel error: failed to create underlying connection: tcp connect error: Connection refused (os error 111)
[2m2026-07-05T06:37:22.990107Z[0m [33m WARN[0m [2mpm_bot[0m[2m:[0m découverte gamma: requête Gamma: error sending request for url (https://gamma-api.polymarket.com/events?slug=btc-updown-5m-1783233300): client error (Connect): tunnel error: failed to create underlying connection: tcp connect error: Connection refused (os error 111)
[2m2026-07-05T06:37:27.991180Z[0m [33m WARN[0m [2mpm_bot[0m[2m:[0m découverte gamma: requête Gamma: error sending request for url (https://gamma-api.polymarket.com/events?slug=btc-updown-5m-1783233300): client error (Connect): tunnel error: failed to create underlying connection: tcp connect error: Connection refused (os error 111)
[2m2026-07-05T06:37:32.862132Z[0m [33m WARN[0m [2mpm_acquisition::rtds[0m[2m:[0m RTDS erreur: connexion au proxy 127.0.0.1:45417: Connection refused (os error 111)
[2m2026-07-05T06:37:32.991609Z[0m [33m WARN[0m [2mpm_bot[0m[2m:[0m découverte gamma: requête Gamma: error sending request for url (https://gamma-api.polymarket.com/events?slug=btc-updown-5m-1783233300): client error (Connect): tunnel error: failed to create underlying connection: tcp connect error: Connection refused (os error 111)
[2m2026-07-05T06:37:37.992880Z[0m [33m WARN[0m [2mpm_bot[0m[2m:[0m découverte gamma: requête Gamma: error sending request for url (https://gamma-api.polymarket.com/events?slug=btc-updown-5m-1783233300): client error (Connect): tunnel error: failed to create underlying connection: tcp connect error: Connection refused (os error 111)
[2m2026-07-05T06:37:42.994303Z[0m [33m WARN[0m [2mpm_bot[0m[2m:[0m découverte gamma: requête Gamma: error sending request for url (https://gamma-api.polymarket.com/events?slug=btc-updown-5m-1783233300): client error (Connect): tunnel error: failed to create underlying connection: tcp connect error: Connection refused (os error 111)
[2m2026-07-05T06:37:47.863402Z[0m [33m WARN[0m [2mpm_acquisition::rtds[0m[2m:[0m RTDS erreur: connexion au proxy 127.0.0.1:45417: Connection refused (os error 111)
[2m2026-07-05T06:37:47.995912Z[0m [33m WARN[0m [2mpm_bot[0m[2m:[0m découverte gamma: requête Gamma: error sending request for url (https://gamma-api.polymarket.com/events?slug=btc-updown-5m-1783233300): client error (Connect): tunnel error: failed to create underlying connection: tcp connect error: Connection refused (os error 111)
[2m2026-07-05T06:37:52.997177Z[0m [33m WARN[0m [2mpm_bot[0m[2m:[0m découverte gamma: requête Gamma: error sending request for url (https://gamma-api.polymarket.com/events?slug=btc-updown-5m-1783233300): client error (Connect): tunnel error: failed to create underlying connection: tcp connect error: Connection refused (os error 111)
[2m2026-07-05T06:37:57.997663Z[0m [33m WARN[0m [2mpm_bot[0m[2m:[0m découverte gamma: requête Gamma: error sending request for url (https://gamma-api.polymarket.com/events?slug=btc-updown-5m-1783233300): client error (Connect): tunnel error: failed to create underlying connection: tcp connect error: Connection refused (os error 111)
[2m2026-07-05T06:38:02.864915Z[0m [33m WARN[0m [2mpm_acquisition::rtds[0m[2m:[0m RTDS erreur: connexion au proxy 127.0.0.1:45417: Connection refused (os error 111)
[2m2026-07-05T06:38:02.999515Z[0m [33m WARN[0m [2mpm_bot[0m[2m:[0m découverte gamma: requête Gamma: error sending request for url (https://gamma-api.polymarket.com/events?slug=btc-updown-5m-1783233300): client error (Connect): tunnel error: failed to create underlying connection: tcp connect error: Connection refused (os error 111)
[2m2026-07-05T06:38:08.000626Z[0m [33m WARN[0m [2mpm_bot[0m[2m:[0m découverte gamma: requête Gamma: error sending request for url (https://gamma-api.polymarket.com/events?slug=btc-updown-5m-1783233300): client error (Connect): tunnel error: failed to create underlying connection: tcp connect error: Connection refused (os error 111)
[2m2026-07-05T06:38:13.001751Z[0m [33m WARN[0m [2mpm_bot[0m[2m:[0m découverte gamma: requête Gamma: error sending request for url (https://gamma-api.polymarket.com/events?slug=btc-updown-5m-1783233300): client error (Connect): tunnel error: failed to create underlying connection: tcp connect error: Connection refused (os error 111)
[2m2026-07-05T06:38:17.866042Z[0m [33m WARN[0m [2mpm_acquisition::rtds[0m[2m:[0m RTDS erreur: connexion au proxy 127.0.0.1:45417: Connection refused (os error 111)
[2m2026-07-05T06:38:18.003497Z[0m [33m WARN[0m [2mpm_bot[0m[2m:[0m découverte gamma: requête Gamma: error sending request for url (https://gamma-api.polymarket.com/events?slug=btc-updown-5m-1783233300): client error (Connect): tunnel error: failed to create underlying connection: tcp connect error: Connection refused (os error 111)
[2m2026-07-05T06:38:23.004894Z[0m [33m WARN[0m [2mpm_bot[0m[2m:[0m découverte gamma: requête Gamma: error sending request for url (https://gamma-api.polymarket.com/events?slug=btc-updown-5m-1783233300): client error (Connect): tunnel error: failed to create underlying connection: tcp connect error: Connection refused (os error 111)
[2m2026-07-05T06:38:28.006334Z[0m [33m WARN[0m [2mpm_bot[0m[2m:[0m découverte gamma: requête Gamma: error sending request for url (https://gamma-api.polymarket.com/events?slug=btc-updown-5m-1783233300): client error (Connect): tunnel error: failed to create underlying connection: tcp connect error: Connection refused (os error 111)
[2m2026-07-05T06:38:32.866750Z[0m [33m WARN[0m [2mpm_acquisition::rtds[0m[2m:[0m RTDS erreur: connexion au proxy 127.0.0.1:45417: Connection refused (os error 111)
[2m2026-07-05T06:38:33.008301Z[0m [33m WARN[0m [2mpm_bot[0m[2m:[0m découverte gamma: requête Gamma: error sending request for url (https://gamma-api.polymarket.com/events?slug=btc-updown-5m-1783233300): client error (Connect): tunnel error: failed to create underlying connection: tcp connect error: Connection refused (os error 111)
[2m2026-07-05T06:38:38.009988Z[0m [33m WARN[0m [2mpm_bot[0m[2m:[0m découverte gamma: requête Gamma: error sending request for url (https://gamma-api.polymarket.com/events?slug=btc-updown-5m-1783233300): client error (Connect): tunnel error: failed to create underlying connection: tcp connect error: Connection refused (os error 111)
[2m2026-07-05T06:38:43.011458Z[0m [33m WARN[0m [2mpm_bot[0m[2m:[0m découverte gamma: requête Gamma: error sending request for url (https://gamma-api.polymarket.com/events?slug=btc-updown-5m-1783233300): client error (Connect): tunnel error: failed to create underlying connection: tcp connect error: Connection refused (os error 111)
[2m2026-07-05T06:38:47.867678Z[0m [33m WARN[0m [2mpm_acquisition::rtds[0m[2m:[0m RTDS erreur: connexion au proxy 127.0.0.1:45417: Connection refused (os error 111)
[2m2026-07-05T06:38:48.013202Z[0m [33m WARN[0m [2mpm_bot[0m[2m:[0m découverte gamma: requête Gamma: error sending request for url (https://gamma-api.polymarket.com/events?slug=btc-updown-5m-1783233300): client error (Connect): tunnel error: failed to create underlying connection: tcp connect error: Connection refused (os error 111)
[2m2026-07-05T06:38:53.014268Z[0m [33m WARN[0m [2mpm_bot[0m[2m:[0m découverte gamma: requête Gamma: error sending request for url (https://gamma-api.polymarket.com/events?slug=btc-updown-5m-1783233300): client error (Connect): tunnel error: failed to create underlying connection: tcp connect error: Connection refused (os error 111)
[2m2026-07-05T06:38:58.015609Z[0m [33m WARN[0m [2mpm_bot[0m[2m:[0m découverte gamma: requête Gamma: error sending request for url (https://gamma-api.polymarket.com/events?slug=btc-updown-5m-1783233300): client error (Connect): tunnel error: failed to create underlying connection: tcp connect error: Connection refused (os error 111)
[2m2026-07-05T06:39:02.869316Z[0m [33m WARN[0m [2mpm_acquisition::rtds[0m[2m:[0m RTDS erreur: connexion au proxy 127.0.0.1:45417: Connection refused (os error 111)
[2m2026-07-05T06:39:03.016835Z[0m [33m WARN[0m [2mpm_bot[0m[2m:[0m découverte gamma: requête Gamma: error sending request for url (https://gamma-api.polymarket.com/events?slug=btc-updown-5m-1783233300): client error (Connect): tunnel error: failed to create underlying connection: tcp connect error: Connection refused (os error 111)
[2m2026-07-05T06:39:08.017637Z[0m [33m WARN[0m [2mpm_bot[0m[2m:[0m découverte gamma: requête Gamma: error sending request for url (https://gamma-api.polymarket.com/events?slug=btc-updown-5m-1783233300): client error (Connect): tunnel error: failed to create underlying connection: tcp connect error: Connection refused (os error 111)
[2m2026-07-05T06:39:13.018742Z[0m [33m WARN[0m [2mpm_bot[0m[2m:[0m découverte gamma: requête Gamma: error sending request for url (https://gamma-api.polymarket.com/events?slug=btc-updown-5m-1783233300): client error (Connect): tunnel error: failed to create underlying connection: tcp connect error: Connection refused (os error 111)
[2m2026-07-05T06:39:17.870765Z[0m [33m WARN[0m [2mpm_acquisition::rtds[0m[2m:[0m RTDS erreur: connexion au proxy 127.0.0.1:45417: Connection refused (os error 111)
[2m2026-07-05T06:39:18.020290Z[0m [33m WARN[0m [2mpm_bot[0m[2m:[0m découverte gamma: requête Gamma: error sending request for url (https://gamma-api.polymarket.com/events?slug=btc-updown-5m-1783233300): client error (Connect): tunnel error: failed to create underlying connection: tcp connect error: Connection refused (os error 111)
[2m2026-07-05T06:39:23.021619Z[0m [33m WARN[0m [2mpm_bot[0m[2m:[0m découverte gamma: requête Gamma: error sending request for url (https://gamma-api.polymarket.com/events?slug=btc-updown-5m-1783233300): client error (Connect): tunnel error: failed to create underlying connection: tcp connect error: Connection refused (os error 111)
[2m2026-07-05T06:39:28.022636Z[0m [33m WARN[0m [2mpm_bot[0m[2m:[0m découverte gamma: requête Gamma: error sending request for url (https://gamma-api.polymarket.com/events?slug=btc-updown-5m-1783233300): client error (Connect): tunnel error: failed to create underlying connection: tcp connect error: Connection refused (os error 111)
[2m2026-07-05T06:39:32.871680Z[0m [33m WARN[0m [2mpm_acquisition::rtds[0m[2m:[0m RTDS erreur: connexion au proxy 127.0.0.1:45417: Connection refused (os error 111)
[2m2026-07-05T06:39:33.024196Z[0m [33m WARN[0m [2mpm_bot[0m[2m:[0m découverte gamma: requête Gamma: error sending request for url (https://gamma-api.polymarket.com/events?slug=btc-updown-5m-1783233300): client error (Connect): tunnel error: failed to create underlying connection: tcp connect error: Connection refused (os error 111)
[2m2026-07-05T06:39:38.025460Z[0m [33m WARN[0m [2mpm_bot[0m[2m:[0m découverte gamma: requête Gamma: error sending request for url (https://gamma-api.polymarket.com/events?slug=btc-updown-5m-1783233300): client error (Connect): tunnel error: failed to create underlying connection: tcp connect error: Connection refused (os error 111)
[2m2026-07-05T06:39:43.026957Z[0m [33m WARN[0m [2mpm_bot[0m[2m:[0m découverte gamma: requête Gamma: error sending request for url (https://gamma-api.polymarket.com/events?slug=btc-updown-5m-1783233300): client error (Connect): tunnel error: failed to create underlying connection: tcp connect error: Connection refused (os error 111)
[2m2026-07-05T06:39:47.872571Z[0m [33m WARN[0m [2mpm_acquisition::rtds[0m[2m:[0m RTDS erreur: connexion au proxy 127.0.0.1:45417: Connection refused (os error 111)
[2m2026-07-05T06:39:48.028164Z[0m [33m WARN[0m [2mpm_bot[0m[2m:[0m découverte gamma: requête Gamma: error sending request for url (https://gamma-api.polymarket.com/events?slug=btc-updown-5m-1783233300): client error (Connect): tunnel error: failed to create underlying connection: tcp connect error: Connection refused (os error 111)
[2m2026-07-05T06:39:53.029174Z[0m [33m WARN[0m [2mpm_bot[0m[2m:[0m découverte gamma: requête Gamma: error sending request for url (https://gamma-api.polymarket.com/events?slug=btc-updown-5m-1783233300): client error (Connect): tunnel error: failed to create underlying connection: tcp connect error: Connection refused (os error 111)
[2m2026-07-05T06:39:58.030485Z[0m [33m WARN[0m [2mpm_bot[0m[2m:[0m découverte gamma: requête Gamma: error sending request for url (https://gamma-api.polymarket.com/events?slug=btc-updown-5m-1783233300): client error (Connect): tunnel error: failed to create underlying connection: tcp connect error: Connection refused (os error 111)
[2m2026-07-05T06:40:02.873596Z[0m [33m WARN[0m [2mpm_acquisition::rtds[0m[2m:[0m RTDS erreur: connexion au proxy 127.0.0.1:45417: Connection refused (os error 111)
[2m2026-07-05T06:40:03.032097Z[0m [33m WARN[0m [2mpm_bot[0m[2m:[0m découverte gamma: requête Gamma: error sending request for url (https://gamma-api.polymarket.com/events?slug=btc-updown-5m-1783233600): client error (Connect): tunnel error: failed to create underlying connection: tcp connect error: Connection refused (os error 111)
[2m2026-07-05T06:40:08.033580Z[0m [33m WARN[0m [2mpm_bot[0m[2m:[0m découverte gamma: requête Gamma: error sending request for url (https://gamma-api.polymarket.com/events?slug=btc-updown-5m-1783233600): client error (Connect): tunnel error: failed to create underlying connection: tcp connect error: Connection refused (os error 111)
[2m2026-07-05T06:40:13.035477Z[0m [33m WARN[0m [2mpm_bot[0m[2m:[0m découverte gamma: requête Gamma: error sending request for url (https://gamma-api.polymarket.com/events?slug=btc-updown-5m-1783233600): client error (Connect): tunnel error: failed to create underlying connection: tcp connect error: Connection refused (os error 111)
[2m2026-07-05T06:40:17.875112Z[0m [33m WARN[0m [2mpm_acquisition::rtds[0m[2m:[0m RTDS erreur: connexion au proxy 127.0.0.1:45417: Connection refused (os error 111)
[2m2026-07-05T06:40:18.037049Z[0m [33m WARN[0m [2mpm_bot[0m[2m:[0m découverte gamma: requête Gamma: error sending request for url (https://gamma-api.polymarket.com/events?slug=btc-updown-5m-1783233600): client error (Connect): tunnel error: failed to create underlying connection: tcp connect error: Connection refused (os error 111)
[2m2026-07-05T06:40:23.037945Z[0m [33m WARN[0m [2mpm_bot[0m[2m:[0m découverte gamma: requête Gamma: error sending request for url (https://gamma-api.polymarket.com/events?slug=btc-updown-5m-1783233600): client error (Connect): tunnel error: failed to create underlying connection: tcp connect error: Connection refused (os error 111)
[2m2026-07-05T06:40:28.039527Z[0m [33m WARN[0m [2mpm_bot[0m[2m:[0m découverte gamma: requête Gamma: error sending request for url (https://gamma-api.polymarket.com/events?slug=btc-updown-5m-1783233600): client error (Connect): tunnel error: failed to create underlying connection: tcp connect error: Connection refused (os error 111)
[2m2026-07-05T06:40:32.876439Z[0m [33m WARN[0m [2mpm_acquisition::rtds[0m[2m:[0m RTDS erreur: connexion au proxy 127.0.0.1:45417: Connection refused (os error 111)
[2m2026-07-05T06:40:33.041189Z[0m [33m WARN[0m [2mpm_bot[0m[2m:[0m découverte gamma: requête Gamma: error sending request for url (https://gamma-api.polymarket.com/events?slug=btc-updown-5m-1783233600): client error (Connect): tunnel error: failed to create underlying connection: tcp connect error: Connection refused (os error 111)
[2m2026-07-05T06:40:38.041632Z[0m [33m WARN[0m [2mpm_bot[0m[2m:[0m découverte gamma: requête Gamma: error sending request for url (https://gamma-api.polymarket.com/events?slug=btc-updown-5m-1783233600): client error (Connect): tunnel error: failed to create underlying connection: tcp connect error: Connection refused (os error 111)
[2m2026-07-05T06:40:43.043103Z[0m [33m WARN[0m [2mpm_bot[0m[2m:[0m découverte gamma: requête Gamma: error sending request for url (https://gamma-api.polymarket.com/events?slug=btc-updown-5m-1783233600): client error (Connect): tunnel error: failed to create underlying connection: tcp connect error: Connection refused (os error 111)
[2m2026-07-05T06:40:47.878098Z[0m [33m WARN[0m [2mpm_acquisition::rtds[0m[2m:[0m RTDS erreur: connexion au proxy 127.0.0.1:45417: Connection refused (os error 111)
[2m2026-07-05T06:40:48.043828Z[0m [33m WARN[0m [2mpm_bot[0m[2m:[0m découverte gamma: requête Gamma: error sending request for url (https://gamma-api.polymarket.com/events?slug=btc-updown-5m-1783233600): client error (Connect): tunnel error: failed to create underlying connection: tcp connect error: Connection refused (os error 111)
[2m2026-07-05T06:40:53.044949Z[0m [33m WARN[0m [2mpm_bot[0m[2m:[0m découverte gamma: requête Gamma: error sending request for url (https://gamma-api.polymarket.com/events?slug=btc-updown-5m-1783233600): client error (Connect): tunnel error: failed to create underlying connection: tcp connect error: Connection refused (os error 111)
[2m2026-07-05T06:40:58.046037Z[0m [33m WARN[0m [2mpm_bot[0m[2m:[0m découverte gamma: requête Gamma: error sending request for url (https://gamma-api.polymarket.com/events?slug=btc-updown-5m-1783233600): client error (Connect): tunnel error: failed to create underlying connection: tcp connect error: Connection refused (os error 111)
[2m2026-07-05T06:41:02.879132Z[0m [33m WARN[0m [2mpm_acquisition::rtds[0m[2m:[0m RTDS erreur: connexion au proxy 127.0.0.1:45417: Connection refused (os error 111)
[2m2026-07-05T06:41:03.046983Z[0m [33m WARN[0m [2mpm_bot[0m[2m:[0m découverte gamma: requête Gamma: error sending request for url (https://gamma-api.polymarket.com/events?slug=btc-updown-5m-1783233600): client error (Connect): tunnel error: failed to create underlying connection: tcp connect error: Connection refused (os error 111)
[2m2026-07-05T06:41:08.047608Z[0m [33m WARN[0m [2mpm_bot[0m[2m:[0m découverte gamma: requête Gamma: error sending request for url (https://gamma-api.polymarket.com/events?slug=btc-updown-5m-1783233600): client error (Connect): tunnel error: failed to create underlying connection: tcp connect error: Connection refused (os error 111)
[2m2026-07-05T06:41:13.049069Z[0m [33m WARN[0m [2mpm_bot[0m[2m:[0m découverte gamma: requête Gamma: error sending request for url (https://gamma-api.polymarket.com/events?slug=btc-updown-5m-1783233600): client error (Connect): tunnel error: failed to create underlying connection: tcp connect error: Connection refused (os error 111)
[2m2026-07-05T06:41:17.880015Z[0m [33m WARN[0m [2mpm_acquisition::rtds[0m[2m:[0m RTDS erreur: connexion au proxy 127.0.0.1:45417: Connection refused (os error 111)
[2m2026-07-05T06:41:18.049656Z[0m [33m WARN[0m [2mpm_bot[0m[2m:[0m découverte gamma: requête Gamma: error sending request for url (https://gamma-api.polymarket.com/events?slug=btc-updown-5m-1783233600): client error (Connect): tunnel error: failed to create underlying connection: tcp connect error: Connection refused (os error 111)
[2m2026-07-05T06:41:23.050999Z[0m [33m WARN[0m [2mpm_bot[0m[2m:[0m découverte gamma: requête Gamma: error sending request for url (https://gamma-api.polymarket.com/events?slug=btc-updown-5m-1783233600): client error (Connect): tunnel error: failed to create underlying connection: tcp connect error: Connection refused (os error 111)
[2m2026-07-05T06:41:28.052462Z[0m [33m WARN[0m [2mpm_bot[0m[2m:[0m découverte gamma: requête Gamma: error sending request for url (https://gamma-api.polymarket.com/events?slug=btc-updown-5m-1783233600): client error (Connect): tunnel error: failed to create underlying connection: tcp connect error: Connection refused (os error 111)
[2m2026-07-05T06:41:32.880674Z[0m [33m WARN[0m [2mpm_acquisition::rtds[0m[2m:[0m RTDS erreur: connexion au proxy 127.0.0.1:45417: Connection refused (os error 111)
[2m2026-07-05T06:41:33.054427Z[0m [33m WARN[0m [2mpm_bot[0m[2m:[0m découverte gamma: requête Gamma: error sending request for url (https://gamma-api.polymarket.com/events?slug=btc-updown-5m-1783233600): client error (Connect): tunnel error: failed to create underlying connection: tcp connect error: Connection refused (os error 111)
[2m2026-07-05T06:41:38.055946Z[0m [33m WARN[0m [2mpm_bot[0m[2m:[0m découverte gamma: requête Gamma: error sending request for url (https://gamma-api.polymarket.com/events?slug=btc-updown-5m-1783233600): client error (Connect): tunnel error: failed to create underlying connection: tcp connect error: Connection refused (os error 111)
[2m2026-07-05T06:41:43.057057Z[0m [33m WARN[0m [2mpm_bot[0m[2m:[0m découverte gamma: requête Gamma: error sending request for url (https://gamma-api.polymarket.com/events?slug=btc-updown-5m-1783233600): client error (Connect): tunnel error: failed to create underlying connection: tcp connect error: Connection refused (os error 111)
[2m2026-07-05T06:41:47.881596Z[0m [33m WARN[0m [2mpm_acquisition::rtds[0m[2m:[0m RTDS erreur: connexion au proxy 127.0.0.1:45417: Connection refused (os error 111)
[2m2026-07-05T06:41:48.058373Z[0m [33m WARN[0m [2mpm_bot[0m[2m:[0m découverte gamma: requête Gamma: error sending request for url (https://gamma-api.polymarket.com/events?slug=btc-updown-5m-1783233600): client error (Connect): tunnel error: failed to create underlying connection: tcp connect error: Connection refused (os error 111)
[2m2026-07-05T06:41:53.059764Z[0m [33m WARN[0m [2mpm_bot[0m[2m:[0m découverte gamma: requête Gamma: error sending request for url (https://gamma-api.polymarket.com/events?slug=btc-updown-5m-1783233600): client error (Connect): tunnel error: failed to create underlying connection: tcp connect error: Connection refused (os error 111)
[2m2026-07-05T06:41:58.060886Z[0m [33m WARN[0m [2mpm_bot[0m[2m:[0m découverte gamma: requête Gamma: error sending request for url (https://gamma-api.polymarket.com/events?slug=btc-updown-5m-1783233600): client error (Connect): tunnel error: failed to create underlying connection: tcp connect error: Connection refused (os error 111)
[2m2026-07-05T06:42:02.883434Z[0m [33m WARN[0m [2mpm_acquisition::rtds[0m[2m:[0m RTDS erreur: connexion au proxy 127.0.0.1:45417: Connection refused (os error 111)
[2m2026-07-05T06:42:03.062117Z[0m [33m WARN[0m [2mpm_bot[0m[2m:[0m découverte gamma: requête Gamma: error sending request for url (https://gamma-api.polymarket.com/events?slug=btc-updown-5m-1783233600): client error (Connect): tunnel error: failed to create underlying connection: tcp connect error: Connection refused (os error 111)
[2m2026-07-05T06:42:08.062574Z[0m [33m WARN[0m [2mpm_bot[0m[2m:[0m découverte gamma: requête Gamma: error sending request for url (https://gamma-api.polymarket.com/events?slug=btc-updown-5m-1783233600): client error (Connect): tunnel error: failed to create underlying connection: tcp connect error: Connection refused (os error 111)
[2m2026-07-05T06:42:13.064091Z[0m [33m WARN[0m [2mpm_bot[0m[2m:[0m découverte gamma: requête Gamma: error sending request for url (https://gamma-api.polymarket.com/events?slug=btc-updown-5m-1783233600): client error (Connect): tunnel error: failed to create underlying connection: tcp connect error: Connection refused (os error 111)
[2m2026-07-05T06:42:17.884959Z[0m [33m WARN[0m [2mpm_acquisition::rtds[0m[2m:[0m RTDS erreur: connexion au proxy 127.0.0.1:45417: Connection refused (os error 111)
[2m2026-07-05T06:42:18.064630Z[0m [33m WARN[0m [2mpm_bot[0m[2m:[0m découverte gamma: requête Gamma: error sending request for url (https://gamma-api.polymarket.com/events?slug=btc-updown-5m-1783233600): client error (Connect): tunnel error: failed to create underlying connection: tcp connect error: Connection refused (os error 111)
[2m2026-07-05T06:42:23.065585Z[0m [33m WARN[0m [2mpm_bot[0m[2m:[0m découverte gamma: requête Gamma: error sending request for url (https://gamma-api.polymarket.com/events?slug=btc-updown-5m-1783233600): client error (Connect): tunnel error: failed to create underlying connection: tcp connect error: Connection refused (os error 111)
[2m2026-07-05T06:42:28.067191Z[0m [33m WARN[0m [2mpm_bot[0m[2m:[0m découverte gamma: requête Gamma: error sending request for url (https://gamma-api.polymarket.com/events?slug=btc-updown-5m-1783233600): client error (Connect): tunnel error: failed to create underlying connection: tcp connect error: Connection refused (os error 111)
[2m2026-07-05T06:42:32.885866Z[0m [33m WARN[0m [2mpm_acquisition::rtds[0m[2m:[0m RTDS erreur: connexion au proxy 127.0.0.1:45417: Connection refused (os error 111)
[2m2026-07-05T06:42:33.067680Z[0m [33m WARN[0m [2mpm_bot[0m[2m:[0m découverte gamma: requête Gamma: error sending request for url (https://gamma-api.polymarket.com/events?slug=btc-updown-5m-1783233600): client error (Connect): tunnel error: failed to create underlying connection: tcp connect error: Connection refused (os error 111)
[2m2026-07-05T06:42:38.068746Z[0m [33m WARN[0m [2mpm_bot[0m[2m:[0m découverte gamma: requête Gamma: error sending request for url (https://gamma-api.polymarket.com/events?slug=btc-updown-5m-1783233600): client error (Connect): tunnel error: failed to create underlying connection: tcp connect error: Connection refused (os error 111)
[2m2026-07-05T06:42:43.069973Z[0m [33m WARN[0m [2mpm_bot[0m[2m:[0m découverte gamma: requête Gamma: error sending request for url (https://gamma-api.polymarket.com/events?slug=btc-updown-5m-1783233600): client error (Connect): tunnel error: failed to create underlying connection: tcp connect error: Connection refused (os error 111)
[2m2026-07-05T06:42:47.886727Z[0m [33m WARN[0m [2mpm_acquisition::rtds[0m[2m:[0m RTDS erreur: connexion au proxy 127.0.0.1:45417: Connection refused (os error 111)
[2m2026-07-05T06:42:48.071593Z[0m [33m WARN[0m [2mpm_bot[0m[2m:[0m découverte gamma: requête Gamma: error sending request for url (https://gamma-api.polymarket.com/events?slug=btc-updown-5m-1783233600): client error (Connect): tunnel error: failed to create underlying connection: tcp connect error: Connection refused (os error 111)
[2m2026-07-05T06:42:53.072901Z[0m [33m WARN[0m [2mpm_bot[0m[2m:[0m découverte gamma: requête Gamma: error sending request for url (https://gamma-api.polymarket.com/events?slug=btc-updown-5m-1783233600): client error (Connect): tunnel error: failed to create underlying connection: tcp connect error: Connection refused (os error 111)
[2m2026-07-05T06:42:58.074443Z[0m [33m WARN[0m [2mpm_bot[0m[2m:[0m découverte gamma: requête Gamma: error sending request for url (https://gamma-api.polymarket.com/events?slug=btc-updown-5m-1783233600): client error (Connect): tunnel error: failed to create underlying connection: tcp connect error: Connection refused (os error 111)
[2m2026-07-05T06:43:02.888205Z[0m [33m WARN[0m [2mpm_acquisition::rtds[0m[2m:[0m RTDS erreur: connexion au proxy 127.0.0.1:45417: Connection refused (os error 111)
[2m2026-07-05T06:43:03.076204Z[0m [33m WARN[0m [2mpm_bot[0m[2m:[0m découverte gamma: requête Gamma: error sending request for url (https://gamma-api.polymarket.com/events?slug=btc-updown-5m-1783233600): client error (Connect): tunnel error: failed to create underlying connection: tcp connect error: Connection refused (os error 111)
[2m2026-07-05T06:43:08.077223Z[0m [33m WARN[0m [2mpm_bot[0m[2m:[0m découverte gamma: requête Gamma: error sending request for url (https://gamma-api.polymarket.com/events?slug=btc-updown-5m-1783233600): client error (Connect): tunnel error: failed to create underlying connection: tcp connect error: Connection refused (os error 111)
[2m2026-07-05T06:43:13.078184Z[0m [33m WARN[0m [2mpm_bot[0m[2m:[0m découverte gamma: requête Gamma: error sending request for url (https://gamma-api.polymarket.com/events?slug=btc-updown-5m-1783233600): client error (Connect): tunnel error: failed to create underlying connection: tcp connect error: Connection refused (os error 111)
[2m2026-07-05T06:43:17.888677Z[0m [33m WARN[0m [2mpm_acquisition::rtds[0m[2m:[0m RTDS erreur: connexion au proxy 127.0.0.1:45417: Connection refused (os error 111)
[2m2026-07-05T06:43:18.079515Z[0m [33m WARN[0m [2mpm_bot[0m[2m:[0m découverte gamma: requête Gamma: error sending request for url (https://gamma-api.polymarket.com/events?slug=btc-updown-5m-1783233600): client error (Connect): tunnel error: failed to create underlying connection: tcp connect error: Connection refused (os error 111)
[2m2026-07-05T06:43:23.080646Z[0m [33m WARN[0m [2mpm_bot[0m[2m:[0m découverte gamma: requête Gamma: error sending request for url (https://gamma-api.polymarket.com/events?slug=btc-updown-5m-1783233600): client error (Connect): tunnel error: failed to create underlying connection: tcp connect error: Connection refused (os error 111)
[2m2026-07-05T06:43:28.082371Z[0m [33m WARN[0m [2mpm_bot[0m[2m:[0m découverte gamma: requête Gamma: error sending request for url (https://gamma-api.polymarket.com/events?slug=btc-updown-5m-1783233600): client error (Connect): tunnel error: failed to create underlying connection: tcp connect error: Connection refused (os error 111)
[2m2026-07-05T06:43:32.890058Z[0m [33m WARN[0m [2mpm_acquisition::rtds[0m[2m:[0m RTDS erreur: connexion au proxy 127.0.0.1:45417: Connection refused (os error 111)
[2m2026-07-05T06:43:33.083948Z[0m [33m WARN[0m [2mpm_bot[0m[2m:[0m découverte gamma: requête Gamma: error sending request for url (https://gamma-api.polymarket.com/events?slug=btc-updown-5m-1783233600): client error (Connect): tunnel error: failed to create underlying connection: tcp connect error: Connection refused (os error 111)
[2m2026-07-05T06:43:38.084943Z[0m [33m WARN[0m [2mpm_bot[0m[2m:[0m découverte gamma: requête Gamma: error sending request for url (https://gamma-api.polymarket.com/events?slug=btc-updown-5m-1783233600): client error (Connect): tunnel error: failed to create underlying connection: tcp connect error: Connection refused (os error 111)
[2m2026-07-05T06:43:43.085984Z[0m [33m WARN[0m [2mpm_bot[0m[2m:[0m découverte gamma: requête Gamma: error sending request for url (https://gamma-api.polymarket.com/events?slug=btc-updown-5m-1783233600): client error (Connect): tunnel error: failed to create underlying connection: tcp connect error: Connection refused (os error 111)
[2m2026-07-05T06:43:47.890657Z[0m [33m WARN[0m [2mpm_acquisition::rtds[0m[2m:[0m RTDS erreur: connexion au proxy 127.0.0.1:45417: Connection refused (os error 111)
[2m2026-07-05T06:43:48.087509Z[0m [33m WARN[0m [2mpm_bot[0m[2m:[0m découverte gamma: requête Gamma: error sending request for url (https://gamma-api.polymarket.com/events?slug=btc-updown-5m-1783233600): client error (Connect): tunnel error: failed to create underlying connection: tcp connect error: Connection refused (os error 111)
[2m2026-07-05T06:43:53.088674Z[0m [33m WARN[0m [2mpm_bot[0m[2m:[0m découverte gamma: requête Gamma: error sending request for url (https://gamma-api.polymarket.com/events?slug=btc-updown-5m-1783233600): client error (Connect): tunnel error: failed to create underlying connection: tcp connect error: Connection refused (os error 111)
[2m2026-07-05T06:43:58.090256Z[0m [33m WARN[0m [2mpm_bot[0m[2m:[0m découverte gamma: requête Gamma: error sending request for url (https://gamma-api.polymarket.com/events?slug=btc-updown-5m-1783233600): client error (Connect): tunnel error: failed to create underlying connection: tcp connect error: Connection refused (os error 111)
[2m2026-07-05T06:44:02.892176Z[0m [33m WARN[0m [2mpm_acquisition::rtds[0m[2m:[0m RTDS erreur: connexion au proxy 127.0.0.1:45417: Connection refused (os error 111)
[2m2026-07-05T06:44:03.092001Z[0m [33m WARN[0m [2mpm_bot[0m[2m:[0m découverte gamma: requête Gamma: error sending request for url (https://gamma-api.polymarket.com/events?slug=btc-updown-5m-1783233600): client error (Connect): tunnel error: failed to create underlying connection: tcp connect error: Connection refused (os error 111)
[2m2026-07-05T06:44:08.093199Z[0m [33m WARN[0m [2mpm_bot[0m[2m:[0m découverte gamma: requête Gamma: error sending request for url (https://gamma-api.polymarket.com/events?slug=btc-updown-5m-1783233600): client error (Connect): tunnel error: failed to create underlying connection: tcp connect error: Connection refused (os error 111)
[2m2026-07-05T06:44:13.094165Z[0m [33m WARN[0m [2mpm_bot[0m[2m:[0m découverte gamma: requête Gamma: error sending request for url (https://gamma-api.polymarket.com/events?slug=btc-updown-5m-1783233600): client error (Connect): tunnel error: failed to create underlying connection: tcp connect error: Connection refused (os error 111)
[2m2026-07-05T06:44:17.892720Z[0m [33m WARN[0m [2mpm_acquisition::rtds[0m[2m:[0m RTDS erreur: connexion au proxy 127.0.0.1:45417: Connection refused (os error 111)
[2m2026-07-05T06:44:18.095445Z[0m [33m WARN[0m [2mpm_bot[0m[2m:[0m découverte gamma: requête Gamma: error sending request for url (https://gamma-api.polymarket.com/events?slug=btc-updown-5m-1783233600): client error (Connect): tunnel error: failed to create underlying connection: tcp connect error: Connection refused (os error 111)
[2m2026-07-05T06:44:23.096747Z[0m [33m WARN[0m [2mpm_bot[0m[2m:[0m découverte gamma: requête Gamma: error sending request for url (https://gamma-api.polymarket.com/events?slug=btc-updown-5m-1783233600): client error (Connect): tunnel error: failed to create underlying connection: tcp connect error: Connection refused (os error 111)
[2m2026-07-05T06:44:28.097713Z[0m [33m WARN[0m [2mpm_bot[0m[2m:[0m découverte gamma: requête Gamma: error sending request for url (https://gamma-api.polymarket.com/events?slug=btc-updown-5m-1783233600): client error (Connect): tunnel error: failed to create underlying connection: tcp connect error: Connection refused (os error 111)
[2m2026-07-05T06:44:32.894512Z[0m [33m WARN[0m [2mpm_acquisition::rtds[0m[2m:[0m RTDS erreur: connexion au proxy 127.0.0.1:45417: Connection refused (os error 111)
[2m2026-07-05T06:44:33.099300Z[0m [33m WARN[0m [2mpm_bot[0m[2m:[0m découverte gamma: requête Gamma: error sending request for url (https://gamma-api.polymarket.com/events?slug=btc-updown-5m-1783233600): client error (Connect): tunnel error: failed to create underlying connection: tcp connect error: Connection refused (os error 111)
[2m2026-07-05T06:44:38.100779Z[0m [33m WARN[0m [2mpm_bot[0m[2m:[0m découverte gamma: requête Gamma: error sending request for url (https://gamma-api.polymarket.com/events?slug=btc-updown-5m-1783233600): client error (Connect): tunnel error: failed to create underlying connection: tcp connect error: Connection refused (os error 111)
[2m2026-07-05T06:44:43.102229Z[0m [33m WARN[0m [2mpm_bot[0m[2m:[0m découverte gamma: requête Gamma: error sending request for url (https://gamma-api.polymarket.com/events?slug=btc-updown-5m-1783233600): client error (Connect): tunnel error: failed to create underlying connection: tcp connect error: Connection refused (os error 111)
[2m2026-07-05T06:44:47.896288Z[0m [33m WARN[0m [2mpm_acquisition::rtds[0m[2m:[0m RTDS erreur: connexion au proxy 127.0.0.1:45417: Connection refused (os error 111)
[2m2026-07-05T06:44:48.104235Z[0m [33m WARN[0m [2mpm_bot[0m[2m:[0m découverte gamma: requête Gamma: error sending request for url (https://gamma-api.polymarket.com/events?slug=btc-updown-5m-1783233600): client error (Connect): tunnel error: failed to create underlying connection: tcp connect error: Connection refused (os error 111)
[2m2026-07-05T06:44:53.105829Z[0m [33m WARN[0m [2mpm_bot[0m[2m:[0m découverte gamma: requête Gamma: error sending request for url (https://gamma-api.polymarket.com/events?slug=btc-updown-5m-1783233600): client error (Connect): tunnel error: failed to create underlying connection: tcp connect error: Connection refused (os error 111)
[2m2026-07-05T06:44:58.106716Z[0m [33m WARN[0m [2mpm_bot[0m[2m:[0m découverte gamma: requête Gamma: error sending request for url (https://gamma-api.polymarket.com/events?slug=btc-updown-5m-1783233600): client error (Connect): tunnel error: failed to create underlying connection: tcp connect error: Connection refused (os error 111)
[2m2026-07-05T06:45:02.897814Z[0m [33m WARN[0m [2mpm_acquisition::rtds[0m[2m:[0m RTDS erreur: connexion au proxy 127.0.0.1:45417: Connection refused (os error 111)
[2m2026-07-05T06:45:03.107647Z[0m [33m WARN[0m [2mpm_bot[0m[2m:[0m découverte gamma: requête Gamma: error sending request for url (https://gamma-api.polymarket.com/events?slug=btc-updown-5m-1783233900): client error (Connect): tunnel error: failed to create underlying connection: tcp connect error: Connection refused (os error 111)
[2m2026-07-05T06:45:08.108788Z[0m [33m WARN[0m [2mpm_bot[0m[2m:[0m découverte gamma: requête Gamma: error sending request for url (https://gamma-api.polymarket.com/events?slug=btc-updown-5m-1783233900): client error (Connect): tunnel error: failed to create underlying connection: tcp connect error: Connection refused (os error 111)
[2m2026-07-05T06:45:13.110197Z[0m [33m WARN[0m [2mpm_bot[0m[2m:[0m découverte gamma: requête Gamma: error sending request for url (https://gamma-api.polymarket.com/events?slug=btc-updown-5m-1783233900): client error (Connect): tunnel error: failed to create underlying connection: tcp connect error: Connection refused (os error 111)
[2m2026-07-05T06:45:17.899173Z[0m [33m WARN[0m [2mpm_acquisition::rtds[0m[2m:[0m RTDS erreur: connexion au proxy 127.0.0.1:45417: Connection refused (os error 111)
[2m2026-07-05T06:45:18.111005Z[0m [33m WARN[0m [2mpm_bot[0m[2m:[0m découverte gamma: requête Gamma: error sending request for url (https://gamma-api.polymarket.com/events?slug=btc-updown-5m-1783233900): client error (Connect): tunnel error: failed to create underlying connection: tcp connect error: Connection refused (os error 111)
[2m2026-07-05T06:45:23.112435Z[0m [33m WARN[0m [2mpm_bot[0m[2m:[0m découverte gamma: requête Gamma: error sending request for url (https://gamma-api.polymarket.com/events?slug=btc-updown-5m-1783233900): client error (Connect): tunnel error: failed to create underlying connection: tcp connect error: Connection refused (os error 111)
[2m2026-07-05T06:45:28.114473Z[0m [33m WARN[0m [2mpm_bot[0m[2m:[0m découverte gamma: requête Gamma: error sending request for url (https://gamma-api.polymarket.com/events?slug=btc-updown-5m-1783233900): client error (Connect): tunnel error: failed to create underlying connection: tcp connect error: Connection refused (os error 111)
[2m2026-07-05T06:45:32.900091Z[0m [33m WARN[0m [2mpm_acquisition::rtds[0m[2m:[0m RTDS erreur: connexion au proxy 127.0.0.1:45417: Connection refused (os error 111)
[2m2026-07-05T06:45:33.116029Z[0m [33m WARN[0m [2mpm_bot[0m[2m:[0m découverte gamma: requête Gamma: error sending request for url (https://gamma-api.polymarket.com/events?slug=btc-updown-5m-1783233900): client error (Connect): tunnel error: failed to create underlying connection: tcp connect error: Connection refused (os error 111)
[2m2026-07-05T06:45:38.116605Z[0m [33m WARN[0m [2mpm_bot[0m[2m:[0m découverte gamma: requête Gamma: error sending request for url (https://gamma-api.polymarket.com/events?slug=btc-updown-5m-1783233900): client error (Connect): tunnel error: failed to create underlying connection: tcp connect error: Connection refused (os error 111)
[2m2026-07-05T06:45:43.118288Z[0m [33m WARN[0m [2mpm_bot[0m[2m:[0m découverte gamma: requête Gamma: error sending request for url (https://gamma-api.polymarket.com/events?slug=btc-updown-5m-1783233900): client error (Connect): tunnel error: failed to create underlying connection: tcp connect error: Connection refused (os error 111)
[2m2026-07-05T06:45:47.900876Z[0m [33m WARN[0m [2mpm_acquisition::rtds[0m[2m:[0m RTDS erreur: connexion au proxy 127.0.0.1:45417: Connection refused (os error 111)
[2m2026-07-05T06:45:48.119613Z[0m [33m WARN[0m [2mpm_bot[0m[2m:[0m découverte gamma: requête Gamma: error sending request for url (https://gamma-api.polymarket.com/events?slug=btc-updown-5m-1783233900): client error (Connect): tunnel error: failed to create underlying connection: tcp connect error: Connection refused (os error 111)
[2m2026-07-05T06:45:53.121340Z[0m [33m WARN[0m [2mpm_bot[0m[2m:[0m découverte gamma: requête Gamma: error sending request for url (https://gamma-api.polymarket.com/events?slug=btc-updown-5m-1783233900): client error (Connect): tunnel error: failed to create underlying connection: tcp connect error: Connection refused (os error 111)
[2m2026-07-05T06:45:58.122876Z[0m [33m WARN[0m [2mpm_bot[0m[2m:[0m découverte gamma: requête Gamma: error sending request for url (https://gamma-api.polymarket.com/events?slug=btc-updown-5m-1783233900): client error (Connect): tunnel error: failed to create underlying connection: tcp connect error: Connection refused (os error 111)
[2m2026-07-05T06:46:02.901671Z[0m [33m WARN[0m [2mpm_acquisition::rtds[0m[2m:[0m RTDS erreur: connexion au proxy 127.0.0.1:45417: Connection refused (os error 111)
[2m2026-07-05T06:46:03.124469Z[0m [33m WARN[0m [2mpm_bot[0m[2m:[0m découverte gamma: requête Gamma: error sending request for url (https://gamma-api.polymarket.com/events?slug=btc-updown-5m-1783233900): client error (Connect): tunnel error: failed to create underlying connection: tcp connect error: Connection refused (os error 111)
[2m2026-07-05T06:46:08.126197Z[0m [33m WARN[0m [2mpm_bot[0m[2m:[0m découverte gamma: requête Gamma: error sending request for url (https://gamma-api.polymarket.com/events?slug=btc-updown-5m-1783233900): client error (Connect): tunnel error: failed to create underlying connection: tcp connect error: Connection refused (os error 111)
[2m2026-07-05T06:46:13.126907Z[0m [33m WARN[0m [2mpm_bot[0m[2m:[0m découverte gamma: requête Gamma: error sending request for url (https://gamma-api.polymarket.com/events?slug=btc-updown-5m-1783233900): client error (Connect): tunnel error: failed to create underlying connection: tcp connect error: Connection refused (os error 111)
[2m2026-07-05T06:46:17.902751Z[0m [33m WARN[0m [2mpm_acquisition::rtds[0m[2m:[0m RTDS erreur: connexion au proxy 127.0.0.1:45417: Connection refused (os error 111)
[2m2026-07-05T06:46:18.127722Z[0m [33m WARN[0m [2mpm_bot[0m[2m:[0m découverte gamma: requête Gamma: error sending request for url (https://gamma-api.polymarket.com/events?slug=btc-updown-5m-1783233900): client error (Connect): tunnel error: failed to create underlying connection: tcp connect error: Connection refused (os error 111)
[2m2026-07-05T06:46:23.128736Z[0m [33m WARN[0m [2mpm_bot[0m[2m:[0m découverte gamma: requête Gamma: error sending request for url (https://gamma-api.polymarket.com/events?slug=btc-updown-5m-1783233900): client error (Connect): tunnel error: failed to create underlying connection: tcp connect error: Connection refused (os error 111)
[2m2026-07-05T06:46:28.129642Z[0m [33m WARN[0m [2mpm_bot[0m[2m:[0m découverte gamma: requête Gamma: error sending request for url (https://gamma-api.polymarket.com/events?slug=btc-updown-5m-1783233900): client error (Connect): tunnel error: failed to create underlying connection: tcp connect error: Connection refused (os error 111)
[2m2026-07-05T06:46:32.904037Z[0m [33m WARN[0m [2mpm_acquisition::rtds[0m[2m:[0m RTDS erreur: connexion au proxy 127.0.0.1:45417: Connection refused (os error 111)
[2m2026-07-05T06:46:33.130883Z[0m [33m WARN[0m [2mpm_bot[0m[2m:[0m découverte gamma: requête Gamma: error sending request for url (https://gamma-api.polymarket.com/events?slug=btc-updown-5m-1783233900): client error (Connect): tunnel error: failed to create underlying connection: tcp connect error: Connection refused (os error 111)
[2m2026-07-05T06:46:38.131576Z[0m [33m WARN[0m [2mpm_bot[0m[2m:[0m découverte gamma: requête Gamma: error sending request for url (https://gamma-api.polymarket.com/events?slug=btc-updown-5m-1783233900): client error (Connect): tunnel error: failed to create underlying connection: tcp connect error: Connection refused (os error 111)
[2m2026-07-05T06:46:43.133376Z[0m [33m WARN[0m [2mpm_bot[0m[2m:[0m découverte gamma: requête Gamma: error sending request for url (https://gamma-api.polymarket.com/events?slug=btc-updown-5m-1783233900): client error (Connect): tunnel error: failed to create underlying connection: tcp connect error: Connection refused (os error 111)
[2m2026-07-05T06:46:47.905048Z[0m [33m WARN[0m [2mpm_acquisition::rtds[0m[2m:[0m RTDS erreur: connexion au proxy 127.0.0.1:45417: Connection refused (os error 111)
[2m2026-07-05T06:46:48.134733Z[0m [33m WARN[0m [2mpm_bot[0m[2m:[0m découverte gamma: requête Gamma: error sending request for url (https://gamma-api.polymarket.com/events?slug=btc-updown-5m-1783233900): client error (Connect): tunnel error: failed to create underlying connection: tcp connect error: Connection refused (os error 111)
[2m2026-07-05T06:46:53.136239Z[0m [33m WARN[0m [2mpm_bot[0m[2m:[0m découverte gamma: requête Gamma: error sending request for url (https://gamma-api.polymarket.com/events?slug=btc-updown-5m-1783233900): client error (Connect): tunnel error: failed to create underlying connection: tcp connect error: Connection refused (os error 111)
[2m2026-07-05T06:46:58.138399Z[0m [33m WARN[0m [2mpm_bot[0m[2m:[0m découverte gamma: requête Gamma: error sending request for url (https://gamma-api.polymarket.com/events?slug=btc-updown-5m-1783233900): client error (Connect): tunnel error: failed to create underlying connection: tcp connect error: Connection refused (os error 111)
[2m2026-07-05T06:47:02.906087Z[0m [33m WARN[0m [2mpm_acquisition::rtds[0m[2m:[0m RTDS erreur: connexion au proxy 127.0.0.1:45417: Connection refused (os error 111)
[2m2026-07-05T06:47:03.139962Z[0m [33m WARN[0m [2mpm_bot[0m[2m:[0m découverte gamma: requête Gamma: error sending request for url (https://gamma-api.polymarket.com/events?slug=btc-updown-5m-1783233900): client error (Connect): tunnel error: failed to create underlying connection: tcp connect error: Connection refused (os error 111)
[2m2026-07-05T06:47:08.141027Z[0m [33m WARN[0m [2mpm_bot[0m[2m:[0m découverte gamma: requête Gamma: error sending request for url (https://gamma-api.polymarket.com/events?slug=btc-updown-5m-1783233900): client error (Connect): tunnel error: failed to create underlying connection: tcp connect error: Connection refused (os error 111)
[2m2026-07-05T06:47:13.141743Z[0m [33m WARN[0m [2mpm_bot[0m[2m:[0m découverte gamma: requête Gamma: error sending request for url (https://gamma-api.polymarket.com/events?slug=btc-updown-5m-1783233900): client error (Connect): tunnel error: failed to create underlying connection: tcp connect error: Connection refused (os error 111)
[2m2026-07-05T06:47:17.906721Z[0m [33m WARN[0m [2mpm_acquisition::rtds[0m[2m:[0m RTDS erreur: connexion au proxy 127.0.0.1:45417: Connection refused (os error 111)
[2m2026-07-05T06:47:18.142670Z[0m [33m WARN[0m [2mpm_bot[0m[2m:[0m découverte gamma: requête Gamma: error sending request for url (https://gamma-api.polymarket.com/events?slug=btc-updown-5m-1783233900): client error (Connect): tunnel error: failed to create underlying connection: tcp connect error: Connection refused (os error 111)
[2m2026-07-05T06:47:23.143762Z[0m [33m WARN[0m [2mpm_bot[0m[2m:[0m découverte gamma: requête Gamma: error sending request for url (https://gamma-api.polymarket.com/events?slug=btc-updown-5m-1783233900): client error (Connect): tunnel error: failed to create underlying connection: tcp connect error: Connection refused (os error 111)
[2m2026-07-05T06:47:28.145197Z[0m [33m WARN[0m [2mpm_bot[0m[2m:[0m découverte gamma: requête Gamma: error sending request for url (https://gamma-api.polymarket.com/events?slug=btc-updown-5m-1783233900): client error (Connect): tunnel error: failed to create underlying connection: tcp connect error: Connection refused (os error 111)
[2m2026-07-05T06:47:32.907887Z[0m [33m WARN[0m [2mpm_acquisition::rtds[0m[2m:[0m RTDS erreur: connexion au proxy 127.0.0.1:45417: Connection refused (os error 111)
[2m2026-07-05T06:47:33.145758Z[0m [33m WARN[0m [2mpm_bot[0m[2m:[0m découverte gamma: requête Gamma: error sending request for url (https://gamma-api.polymarket.com/events?slug=btc-updown-5m-1783233900): client error (Connect): tunnel error: failed to create underlying connection: tcp connect error: Connection refused (os error 111)
[2m2026-07-05T06:47:38.147336Z[0m [33m WARN[0m [2mpm_bot[0m[2m:[0m découverte gamma: requête Gamma: error sending request for url (https://gamma-api.polymarket.com/events?slug=btc-updown-5m-1783233900): client error (Connect): tunnel error: failed to create underlying connection: tcp connect error: Connection refused (os error 111)
[2m2026-07-05T06:47:43.149036Z[0m [33m WARN[0m [2mpm_bot[0m[2m:[0m découverte gamma: requête Gamma: error sending request for url (https://gamma-api.polymarket.com/events?slug=btc-updown-5m-1783233900): client error (Connect): tunnel error: failed to create underlying connection: tcp connect error: Connection refused (os error 111)
[2m2026-07-05T06:47:47.908682Z[0m [33m WARN[0m [2mpm_acquisition::rtds[0m[2m:[0m RTDS erreur: connexion au proxy 127.0.0.1:45417: Connection refused (os error 111)
[2m2026-07-05T06:47:48.150454Z[0m [33m WARN[0m [2mpm_bot[0m[2m:[0m découverte gamma: requête Gamma: error sending request for url (https://gamma-api.polymarket.com/events?slug=btc-updown-5m-1783233900): client error (Connect): tunnel error: failed to create underlying connection: tcp connect error: Connection refused (os error 111)
[2m2026-07-05T06:47:53.151839Z[0m [33m WARN[0m [2mpm_bot[0m[2m:[0m découverte gamma: requête Gamma: error sending request for url (https://gamma-api.polymarket.com/events?slug=btc-updown-5m-1783233900): client error (Connect): tunnel error: failed to create underlying connection: tcp connect error: Connection refused (os error 111)
[2m2026-07-05T06:47:58.153458Z[0m [33m WARN[0m [2mpm_bot[0m[2m:[0m découverte gamma: requête Gamma: error sending request for url (https://gamma-api.polymarket.com/events?slug=btc-updown-5m-1783233900): client error (Connect): tunnel error: failed to create underlying connection: tcp connect error: Connection refused (os error 111)
[2m2026-07-05T06:48:02.910284Z[0m [33m WARN[0m [2mpm_acquisition::rtds[0m[2m:[0m RTDS erreur: connexion au proxy 127.0.0.1:45417: Connection refused (os error 111)
[2m2026-07-05T06:48:03.155049Z[0m [33m WARN[0m [2mpm_bot[0m[2m:[0m découverte gamma: requête Gamma: error sending request for url (https://gamma-api.polymarket.com/events?slug=btc-updown-5m-1783233900): client error (Connect): tunnel error: failed to create underlying connection: tcp connect error: Connection refused (os error 111)
[2m2026-07-05T06:48:08.156356Z[0m [33m WARN[0m [2mpm_bot[0m[2m:[0m découverte gamma: requête Gamma: error sending request for url (https://gamma-api.polymarket.com/events?slug=btc-updown-5m-1783233900): client error (Connect): tunnel error: failed to create underlying connection: tcp connect error: Connection refused (os error 111)
[2m2026-07-05T06:48:13.157705Z[0m [33m WARN[0m [2mpm_bot[0m[2m:[0m découverte gamma: requête Gamma: error sending request for url (https://gamma-api.polymarket.com/events?slug=btc-updown-5m-1783233900): client error (Connect): tunnel error: failed to create underlying connection: tcp connect error: Connection refused (os error 111)
[2m2026-07-05T06:48:17.912382Z[0m [33m WARN[0m [2mpm_acquisition::rtds[0m[2m:[0m RTDS erreur: connexion au proxy 127.0.0.1:45417: Connection refused (os error 111)
[2m2026-07-05T06:48:18.159407Z[0m [33m WARN[0m [2mpm_bot[0m[2m:[0m découverte gamma: requête Gamma: error sending request for url (https://gamma-api.polymarket.com/events?slug=btc-updown-5m-1783233900): client error (Connect): tunnel error: failed to create underlying connection: tcp connect error: Connection refused (os error 111)
[2m2026-07-05T06:48:23.161318Z[0m [33m WARN[0m [2mpm_bot[0m[2m:[0m découverte gamma: requête Gamma: error sending request for url (https://gamma-api.polymarket.com/events?slug=btc-updown-5m-1783233900): client error (Connect): tunnel error: failed to create underlying connection: tcp connect error: Connection refused (os error 111)
[2m2026-07-05T06:48:28.163482Z[0m [33m WARN[0m [2mpm_bot[0m[2m:[0m découverte gamma: requête Gamma: error sending request for url (https://gamma-api.polymarket.com/events?slug=btc-updown-5m-1783233900): client error (Connect): tunnel error: failed to create underlying connection: tcp connect error: Connection refused (os error 111)
[2m2026-07-05T06:48:32.914192Z[0m [33m WARN[0m [2mpm_acquisition::rtds[0m[2m:[0m RTDS erreur: connexion au proxy 127.0.0.1:45417: Connection refused (os error 111)
[2m2026-07-05T06:48:33.165089Z[0m [33m WARN[0m [2mpm_bot[0m[2m:[0m découverte gamma: requête Gamma: error sending request for url (https://gamma-api.polymarket.com/events?slug=btc-updown-5m-1783233900): client error (Connect): tunnel error: failed to create underlying connection: tcp connect error: Connection refused (os error 111)
[2m2026-07-05T06:48:38.165984Z[0m [33m WARN[0m [2mpm_bot[0m[2m:[0m découverte gamma: requête Gamma: error sending request for url (https://gamma-api.polymarket.com/events?slug=btc-updown-5m-1783233900): client error (Connect): tunnel error: failed to create underlying connection: tcp connect error: Connection refused (os error 111)
[2m2026-07-05T06:48:43.167251Z[0m [33m WARN[0m [2mpm_bot[0m[2m:[0m découverte gamma: requête Gamma: error sending request for url (https://gamma-api.polymarket.com/events?slug=btc-updown-5m-1783233900): client error (Connect): tunnel error: failed to create underlying connection: tcp connect error: Connection refused (os error 111)
[2m2026-07-05T06:48:47.915132Z[0m [33m WARN[0m [2mpm_acquisition::rtds[0m[2m:[0m RTDS erreur: connexion au proxy 127.0.0.1:45417: Connection refused (os error 111)
[2m2026-07-05T06:48:48.169039Z[0m [33m WARN[0m [2mpm_bot[0m[2m:[0m découverte gamma: requête Gamma: error sending request for url (https://gamma-api.polymarket.com/events?slug=btc-updown-5m-1783233900): client error (Connect): tunnel error: failed to create underlying connection: tcp connect error: Connection refused (os error 111)
[2m2026-07-05T06:48:53.170269Z[0m [33m WARN[0m [2mpm_bot[0m[2m:[0m découverte gamma: requête Gamma: error sending request for url (https://gamma-api.polymarket.com/events?slug=btc-updown-5m-1783233900): client error (Connect): tunnel error: failed to create underlying connection: tcp connect error: Connection refused (os error 111)
[2m2026-07-05T06:48:58.171848Z[0m [33m WARN[0m [2mpm_bot[0m[2m:[0m découverte gamma: requête Gamma: error sending request for url (https://gamma-api.polymarket.com/events?slug=btc-updown-5m-1783233900): client error (Connect): tunnel error: failed to create underlying connection: tcp connect error: Connection refused (os error 111)
[2m2026-07-05T06:49:02.915791Z[0m [33m WARN[0m [2mpm_acquisition::rtds[0m[2m:[0m RTDS erreur: connexion au proxy 127.0.0.1:45417: Connection refused (os error 111)
[2m2026-07-05T06:49:03.172583Z[0m [33m WARN[0m [2mpm_bot[0m[2m:[0m découverte gamma: requête Gamma: error sending request for url (https://gamma-api.polymarket.com/events?slug=btc-updown-5m-1783233900): client error (Connect): tunnel error: failed to create underlying connection: tcp connect error: Connection refused (os error 111)
[2m2026-07-05T06:49:08.174487Z[0m [33m WARN[0m [2mpm_bot[0m[2m:[0m découverte gamma: requête Gamma: error sending request for url (https://gamma-api.polymarket.com/events?slug=btc-updown-5m-1783233900): client error (Connect): tunnel error: failed to create underlying connection: tcp connect error: Connection refused (os error 111)
[2m2026-07-05T06:49:13.176310Z[0m [33m WARN[0m [2mpm_bot[0m[2m:[0m découverte gamma: requête Gamma: error sending request for url (https://gamma-api.polymarket.com/events?slug=btc-updown-5m-1783233900): client error (Connect): tunnel error: failed to create underlying connection: tcp connect error: Connection refused (os error 111)
[2m2026-07-05T06:49:17.916715Z[0m [33m WARN[0m [2mpm_acquisition::rtds[0m[2m:[0m RTDS erreur: connexion au proxy 127.0.0.1:45417: Connection refused (os error 111)
[2m2026-07-05T06:49:18.177588Z[0m [33m WARN[0m [2mpm_bot[0m[2m:[0m découverte gamma: requête Gamma: error sending request for url (https://gamma-api.polymarket.com/events?slug=btc-updown-5m-1783233900): client error (Connect): tunnel error: failed to create underlying connection: tcp connect error: Connection refused (os error 111)
[2m2026-07-05T06:49:23.179296Z[0m [33m WARN[0m [2mpm_bot[0m[2m:[0m découverte gamma: requête Gamma: error sending request for url (https://gamma-api.polymarket.com/events?slug=btc-updown-5m-1783233900): client error (Connect): tunnel error: failed to create underlying connection: tcp connect error: Connection refused (os error 111)
[2m2026-07-05T06:49:28.180739Z[0m [33m WARN[0m [2mpm_bot[0m[2m:[0m découverte gamma: requête Gamma: error sending request for url (https://gamma-api.polymarket.com/events?slug=btc-updown-5m-1783233900): client error (Connect): tunnel error: failed to create underlying connection: tcp connect error: Connection refused (os error 111)
[2m2026-07-05T06:49:32.917753Z[0m [33m WARN[0m [2mpm_acquisition::rtds[0m[2m:[0m RTDS erreur: connexion au proxy 127.0.0.1:45417: Connection refused (os error 111)
[2m2026-07-05T06:49:33.181588Z[0m [33m WARN[0m [2mpm_bot[0m[2m:[0m découverte gamma: requête Gamma: error sending request for url (https://gamma-api.polymarket.com/events?slug=btc-updown-5m-1783233900): client error (Connect): tunnel error: failed to create underlying connection: tcp connect error: Connection refused (os error 111)
[2m2026-07-05T06:49:38.182657Z[0m [33m WARN[0m [2mpm_bot[0m[2m:[0m découverte gamma: requête Gamma: error sending request for url (https://gamma-api.polymarket.com/events?slug=btc-updown-5m-1783233900): client error (Connect): tunnel error: failed to create underlying connection: tcp connect error: Connection refused (os error 111)
[2m2026-07-05T06:49:43.183840Z[0m [33m WARN[0m [2mpm_bot[0m[2m:[0m découverte gamma: requête Gamma: error sending request for url (https://gamma-api.polymarket.com/events?slug=btc-updown-5m-1783233900): client error (Connect): tunnel error: failed to create underlying connection: tcp connect error: Connection refused (os error 111)
[2m2026-07-05T06:49:47.919487Z[0m [33m WARN[0m [2mpm_acquisition::rtds[0m[2m:[0m RTDS erreur: connexion au proxy 127.0.0.1:45417: Connection refused (os error 111)
[2m2026-07-05T06:49:48.185348Z[0m [33m WARN[0m [2mpm_bot[0m[2m:[0m découverte gamma: requête Gamma: error sending request for url (https://gamma-api.polymarket.com/events?slug=btc-updown-5m-1783233900): client error (Connect): tunnel error: failed to create underlying connection: tcp connect error: Connection refused (os error 111)
[2m2026-07-05T06:49:53.186915Z[0m [33m WARN[0m [2mpm_bot[0m[2m:[0m découverte gamma: requête Gamma: error sending request for url (https://gamma-api.polymarket.com/events?slug=btc-updown-5m-1783233900): client error (Connect): tunnel error: failed to create underlying connection: tcp connect error: Connection refused (os error 111)
[2m2026-07-05T06:49:58.187635Z[0m [33m WARN[0m [2mpm_bot[0m[2m:[0m découverte gamma: requête Gamma: error sending request for url (https://gamma-api.polymarket.com/events?slug=btc-updown-5m-1783233900): client error (Connect): tunnel error: failed to create underlying connection: tcp connect error: Connection refused (os error 111)
[2m2026-07-05T06:50:02.921431Z[0m [33m WARN[0m [2mpm_acquisition::rtds[0m[2m:[0m RTDS erreur: connexion au proxy 127.0.0.1:45417: Connection refused (os error 111)
[2m2026-07-05T06:50:03.189291Z[0m [33m WARN[0m [2mpm_bot[0m[2m:[0m découverte gamma: requête Gamma: error sending request for url (https://gamma-api.polymarket.com/events?slug=btc-updown-5m-1783234200): client error (Connect): tunnel error: failed to create underlying connection: tcp connect error: Connection refused (os error 111)
[2m2026-07-05T06:50:08.191568Z[0m [33m WARN[0m [2mpm_bot[0m[2m:[0m découverte gamma: requête Gamma: error sending request for url (https://gamma-api.polymarket.com/events?slug=btc-updown-5m-1783234200): client error (Connect): tunnel error: failed to create underlying connection: tcp connect error: Connection refused (os error 111)
[2m2026-07-05T06:50:13.193344Z[0m [33m WARN[0m [2mpm_bot[0m[2m:[0m découverte gamma: requête Gamma: error sending request for url (https://gamma-api.polymarket.com/events?slug=btc-updown-5m-1783234200): client error (Connect): tunnel error: failed to create underlying connection: tcp connect error: Connection refused (os error 111)
[2m2026-07-05T06:50:17.922577Z[0m [33m WARN[0m [2mpm_acquisition::rtds[0m[2m:[0m RTDS erreur: connexion au proxy 127.0.0.1:45417: Connection refused (os error 111)
[2m2026-07-05T06:50:18.195497Z[0m [33m WARN[0m [2mpm_bot[0m[2m:[0m découverte gamma: requête Gamma: error sending request for url (https://gamma-api.polymarket.com/events?slug=btc-updown-5m-1783234200): client error (Connect): tunnel error: failed to create underlying connection: tcp connect error: Connection refused (os error 111)
[2m2026-07-05T06:50:23.196731Z[0m [33m WARN[0m [2mpm_bot[0m[2m:[0m découverte gamma: requête Gamma: error sending request for url (https://gamma-api.polymarket.com/events?slug=btc-updown-5m-1783234200): client error (Connect): tunnel error: failed to create underlying connection: tcp connect error: Connection refused (os error 111)
[2m2026-07-05T06:50:28.197817Z[0m [33m WARN[0m [2mpm_bot[0m[2m:[0m découverte gamma: requête Gamma: error sending request for url (https://gamma-api.polymarket.com/events?slug=btc-updown-5m-1783234200): client error (Connect): tunnel error: failed to create underlying connection: tcp connect error: Connection refused (os error 111)
[2m2026-07-05T06:50:32.923571Z[0m [33m WARN[0m [2mpm_acquisition::rtds[0m[2m:[0m RTDS erreur: connexion au proxy 127.0.0.1:45417: Connection refused (os error 111)
[2m2026-07-05T06:50:33.199443Z[0m [33m WARN[0m [2mpm_bot[0m[2m:[0m découverte gamma: requête Gamma: error sending request for url (https://gamma-api.polymarket.com/events?slug=btc-updown-5m-1783234200): client error (Connect): tunnel error: failed to create underlying connection: tcp connect error: Connection refused (os error 111)
[2m2026-07-05T06:50:38.201300Z[0m [33m WARN[0m [2mpm_bot[0m[2m:[0m découverte gamma: requête Gamma: error sending request for url (https://gamma-api.polymarket.com/events?slug=btc-updown-5m-1783234200): client error (Connect): tunnel error: failed to create underlying connection: tcp connect error: Connection refused (os error 111)
[2m2026-07-05T06:50:43.203462Z[0m [33m WARN[0m [2mpm_bot[0m[2m:[0m découverte gamma: requête Gamma: error sending request for url (https://gamma-api.polymarket.com/events?slug=btc-updown-5m-1783234200): client error (Connect): tunnel error: failed to create underlying connection: tcp connect error: Connection refused (os error 111)
[2m2026-07-05T06:50:47.924793Z[0m [33m WARN[0m [2mpm_acquisition::rtds[0m[2m:[0m RTDS erreur: connexion au proxy 127.0.0.1:45417: Connection refused (os error 111)
[2m2026-07-05T06:50:48.204574Z[0m [33m WARN[0m [2mpm_bot[0m[2m:[0m découverte gamma: requête Gamma: error sending request for url (https://gamma-api.polymarket.com/events?slug=btc-updown-5m-1783234200): client error (Connect): tunnel error: failed to create underlying connection: tcp connect error: Connection refused (os error 111)
[2m2026-07-05T06:50:53.206254Z[0m [33m WARN[0m [2mpm_bot[0m[2m:[0m découverte gamma: requête Gamma: error sending request for url (https://gamma-api.polymarket.com/events?slug=btc-updown-5m-1783234200): client error (Connect): tunnel error: failed to create underlying connection: tcp connect error: Connection refused (os error 111)
[2m2026-07-05T06:50:58.207999Z[0m [33m WARN[0m [2mpm_bot[0m[2m:[0m découverte gamma: requête Gamma: error sending request for url (https://gamma-api.polymarket.com/events?slug=btc-updown-5m-1783234200): client error (Connect): tunnel error: failed to create underlying connection: tcp connect error: Connection refused (os error 111)
[2m2026-07-05T06:51:02.925918Z[0m [33m WARN[0m [2mpm_acquisition::rtds[0m[2m:[0m RTDS erreur: connexion au proxy 127.0.0.1:45417: Connection refused (os error 111)
[2m2026-07-05T06:51:03.209052Z[0m [33m WARN[0m [2mpm_bot[0m[2m:[0m découverte gamma: requête Gamma: error sending request for url (https://gamma-api.polymarket.com/events?slug=btc-updown-5m-1783234200): client error (Connect): tunnel error: failed to create underlying connection: tcp connect error: Connection refused (os error 111)
[2m2026-07-05T06:51:08.209800Z[0m [33m WARN[0m [2mpm_bot[0m[2m:[0m découverte gamma: requête Gamma: error sending request for url (https://gamma-api.polymarket.com/events?slug=btc-updown-5m-1783234200): client error (Connect): tunnel error: failed to create underlying connection: tcp connect error: Connection refused (os error 111)
[2m2026-07-05T06:51:13.211136Z[0m [33m WARN[0m [2mpm_bot[0m[2m:[0m découverte gamma: requête Gamma: error sending request for url (https://gamma-api.polymarket.com/events?slug=btc-updown-5m-1783234200): client error (Connect): tunnel error: failed to create underlying connection: tcp connect error: Connection refused (os error 111)
[2m2026-07-05T06:51:17.927399Z[0m [33m WARN[0m [2mpm_acquisition::rtds[0m[2m:[0m RTDS erreur: connexion au proxy 127.0.0.1:45417: Connection refused (os error 111)
[2m2026-07-05T06:51:18.212384Z[0m [33m WARN[0m [2mpm_bot[0m[2m:[0m découverte gamma: requête Gamma: error sending request for url (https://gamma-api.polymarket.com/events?slug=btc-updown-5m-1783234200): client error (Connect): tunnel error: failed to create underlying connection: tcp connect error: Connection refused (os error 111)
[2m2026-07-05T06:51:23.214035Z[0m [33m WARN[0m [2mpm_bot[0m[2m:[0m découverte gamma: requête Gamma: error sending request for url (https://gamma-api.polymarket.com/events?slug=btc-updown-5m-1783234200): client error (Connect): tunnel error: failed to create underlying connection: tcp connect error: Connection refused (os error 111)
[2m2026-07-05T06:51:28.215375Z[0m [33m WARN[0m [2mpm_bot[0m[2m:[0m découverte gamma: requête Gamma: error sending request for url (https://gamma-api.polymarket.com/events?slug=btc-updown-5m-1783234200): client error (Connect): tunnel error: failed to create underlying connection: tcp connect error: Connection refused (os error 111)
[2m2026-07-05T06:51:32.929159Z[0m [33m WARN[0m [2mpm_acquisition::rtds[0m[2m:[0m RTDS erreur: connexion au proxy 127.0.0.1:45417: Connection refused (os error 111)
[2m2026-07-05T06:51:33.217173Z[0m [33m WARN[0m [2mpm_bot[0m[2m:[0m découverte gamma: requête Gamma: error sending request for url (https://gamma-api.polymarket.com/events?slug=btc-updown-5m-1783234200): client error (Connect): tunnel error: failed to create underlying connection: tcp connect error: Connection refused (os error 111)
[2m2026-07-05T06:51:38.217756Z[0m [33m WARN[0m [2mpm_bot[0m[2m:[0m découverte gamma: requête Gamma: error sending request for url (https://gamma-api.polymarket.com/events?slug=btc-updown-5m-1783234200): client error (Connect): tunnel error: failed to create underlying connection: tcp connect error: Connection refused (os error 111)
[2m2026-07-05T06:51:43.219390Z[0m [33m WARN[0m [2mpm_bot[0m[2m:[0m découverte gamma: requête Gamma: error sending request for url (https://gamma-api.polymarket.com/events?slug=btc-updown-5m-1783234200): client error (Connect): tunnel error: failed to create underlying connection: tcp connect error: Connection refused (os error 111)
[2m2026-07-05T06:51:47.929564Z[0m [33m WARN[0m [2mpm_acquisition::rtds[0m[2m:[0m RTDS erreur: connexion au proxy 127.0.0.1:45417: Connection refused (os error 111)
[2m2026-07-05T06:51:48.221458Z[0m [33m WARN[0m [2mpm_bot[0m[2m:[0m découverte gamma: requête Gamma: error sending request for url (https://gamma-api.polymarket.com/events?slug=btc-updown-5m-1783234200): client error (Connect): tunnel error: failed to create underlying connection: tcp connect error: Connection refused (os error 111)
[2m2026-07-05T06:51:53.222776Z[0m [33m WARN[0m [2mpm_bot[0m[2m:[0m découverte gamma: requête Gamma: error sending request for url (https://gamma-api.polymarket.com/events?slug=btc-updown-5m-1783234200): client error (Connect): tunnel error: failed to create underlying connection: tcp connect error: Connection refused (os error 111)
[2m2026-07-05T06:51:58.224004Z[0m [33m WARN[0m [2mpm_bot[0m[2m:[0m découverte gamma: requête Gamma: error sending request for url (https://gamma-api.polymarket.com/events?slug=btc-updown-5m-1783234200): client error (Connect): tunnel error: failed to create underlying connection: tcp connect error: Connection refused (os error 111)
[2m2026-07-05T06:52:02.931143Z[0m [33m WARN[0m [2mpm_acquisition::rtds[0m[2m:[0m RTDS erreur: connexion au proxy 127.0.0.1:45417: Connection refused (os error 111)
[2m2026-07-05T06:52:03.225051Z[0m [33m WARN[0m [2mpm_bot[0m[2m:[0m découverte gamma: requête Gamma: error sending request for url (https://gamma-api.polymarket.com/events?slug=btc-updown-5m-1783234200): client error (Connect): tunnel error: failed to create underlying connection: tcp connect error: Connection refused (os error 111)
[2m2026-07-05T06:52:08.226064Z[0m [33m WARN[0m [2mpm_bot[0m[2m:[0m découverte gamma: requête Gamma: error sending request for url (https://gamma-api.polymarket.com/events?slug=btc-updown-5m-1783234200): client error (Connect): tunnel error: failed to create underlying connection: tcp connect error: Connection refused (os error 111)
[2m2026-07-05T06:52:13.227257Z[0m [33m WARN[0m [2mpm_bot[0m[2m:[0m découverte gamma: requête Gamma: error sending request for url (https://gamma-api.polymarket.com/events?slug=btc-updown-5m-1783234200): client error (Connect): tunnel error: failed to create underlying connection: tcp connect error: Connection refused (os error 111)
[2m2026-07-05T06:52:17.932335Z[0m [33m WARN[0m [2mpm_acquisition::rtds[0m[2m:[0m RTDS erreur: connexion au proxy 127.0.0.1:45417: Connection refused (os error 111)
[2m2026-07-05T06:52:18.229207Z[0m [33m WARN[0m [2mpm_bot[0m[2m:[0m découverte gamma: requête Gamma: error sending request for url (https://gamma-api.polymarket.com/events?slug=btc-updown-5m-1783234200): client error (Connect): tunnel error: failed to create underlying connection: tcp connect error: Connection refused (os error 111)
[2m2026-07-05T06:52:23.230544Z[0m [33m WARN[0m [2mpm_bot[0m[2m:[0m découverte gamma: requête Gamma: error sending request for url (https://gamma-api.polymarket.com/events?slug=btc-updown-5m-1783234200): client error (Connect): tunnel error: failed to create underlying connection: tcp connect error: Connection refused (os error 111)
[2m2026-07-05T06:52:28.232377Z[0m [33m WARN[0m [2mpm_bot[0m[2m:[0m découverte gamma: requête Gamma: error sending request for url (https://gamma-api.polymarket.com/events?slug=btc-updown-5m-1783234200): client error (Connect): tunnel error: failed to create underlying connection: tcp connect error: Connection refused (os error 111)
[2m2026-07-05T06:52:32.933583Z[0m [33m WARN[0m [2mpm_acquisition::rtds[0m[2m:[0m RTDS erreur: connexion au proxy 127.0.0.1:45417: Connection refused (os error 111)
[2m2026-07-05T06:52:33.234430Z[0m [33m WARN[0m [2mpm_bot[0m[2m:[0m découverte gamma: requête Gamma: error sending request for url (https://gamma-api.polymarket.com/events?slug=btc-updown-5m-1783234200): client error (Connect): tunnel error: failed to create underlying connection: tcp connect error: Connection refused (os error 111)
[2m2026-07-05T06:52:38.235700Z[0m [33m WARN[0m [2mpm_bot[0m[2m:[0m découverte gamma: requête Gamma: error sending request for url (https://gamma-api.polymarket.com/events?slug=btc-updown-5m-1783234200): client error (Connect): tunnel error: failed to create underlying connection: tcp connect error: Connection refused (os error 111)
[2m2026-07-05T06:52:43.237446Z[0m [33m WARN[0m [2mpm_bot[0m[2m:[0m découverte gamma: requête Gamma: error sending request for url (https://gamma-api.polymarket.com/events?slug=btc-updown-5m-1783234200): client error (Connect): tunnel error: failed to create underlying connection: tcp connect error: Connection refused (os error 111)
[2m2026-07-05T06:52:47.935221Z[0m [33m WARN[0m [2mpm_acquisition::rtds[0m[2m:[0m RTDS erreur: connexion au proxy 127.0.0.1:45417: Connection refused (os error 111)
[2m2026-07-05T06:52:48.239205Z[0m [33m WARN[0m [2mpm_bot[0m[2m:[0m découverte gamma: requête Gamma: error sending request for url (https://gamma-api.polymarket.com/events?slug=btc-updown-5m-1783234200): client error (Connect): tunnel error: failed to create underlying connection: tcp connect error: Connection refused (os error 111)
[2m2026-07-05T06:52:53.239835Z[0m [33m WARN[0m [2mpm_bot[0m[2m:[0m découverte gamma: requête Gamma: error sending request for url (https://gamma-api.polymarket.com/events?slug=btc-updown-5m-1783234200): client error (Connect): tunnel error: failed to create underlying connection: tcp connect error: Connection refused (os error 111)
[2m2026-07-05T06:52:58.240930Z[0m [33m WARN[0m [2mpm_bot[0m[2m:[0m découverte gamma: requête Gamma: error sending request for url (https://gamma-api.polymarket.com/events?slug=btc-updown-5m-1783234200): client error (Connect): tunnel error: failed to create underlying connection: tcp connect error: Connection refused (os error 111)
[2m2026-07-05T06:53:02.935663Z[0m [33m WARN[0m [2mpm_acquisition::rtds[0m[2m:[0m RTDS erreur: connexion au proxy 127.0.0.1:45417: Connection refused (os error 111)
[2m2026-07-05T06:53:03.242561Z[0m [33m WARN[0m [2mpm_bot[0m[2m:[0m découverte gamma: requête Gamma: error sending request for url (https://gamma-api.polymarket.com/events?slug=btc-updown-5m-1783234200): client error (Connect): tunnel error: failed to create underlying connection: tcp connect error: Connection refused (os error 111)
[2m2026-07-05T06:53:08.243885Z[0m [33m WARN[0m [2mpm_bot[0m[2m:[0m découverte gamma: requête Gamma: error sending request for url (https://gamma-api.polymarket.com/events?slug=btc-updown-5m-1783234200): client error (Connect): tunnel error: failed to create underlying connection: tcp connect error: Connection refused (os error 111)
[2m2026-07-05T06:53:13.245117Z[0m [33m WARN[0m [2mpm_bot[0m[2m:[0m découverte gamma: requête Gamma: error sending request for url (https://gamma-api.polymarket.com/events?slug=btc-updown-5m-1783234200): client error (Connect): tunnel error: failed to create underlying connection: tcp connect error: Connection refused (os error 111)
[2m2026-07-05T06:53:17.936728Z[0m [33m WARN[0m [2mpm_acquisition::rtds[0m[2m:[0m RTDS erreur: connexion au proxy 127.0.0.1:45417: Connection refused (os error 111)
[2m2026-07-05T06:53:18.245648Z[0m [33m WARN[0m [2mpm_bot[0m[2m:[0m découverte gamma: requête Gamma: error sending request for url (https://gamma-api.polymarket.com/events?slug=btc-updown-5m-1783234200): client error (Connect): tunnel error: failed to create underlying connection: tcp connect error: Connection refused (os error 111)
[2m2026-07-05T06:53:23.246895Z[0m [33m WARN[0m [2mpm_bot[0m[2m:[0m découverte gamma: requête Gamma: error sending request for url (https://gamma-api.polymarket.com/events?slug=btc-updown-5m-1783234200): client error (Connect): tunnel error: failed to create underlying connection: tcp connect error: Connection refused (os error 111)
[2m2026-07-05T06:53:28.248416Z[0m [33m WARN[0m [2mpm_bot[0m[2m:[0m découverte gamma: requête Gamma: error sending request for url (https://gamma-api.polymarket.com/events?slug=btc-updown-5m-1783234200): client error (Connect): tunnel error: failed to create underlying connection: tcp connect error: Connection refused (os error 111)
[2m2026-07-05T06:53:32.938218Z[0m [33m WARN[0m [2mpm_acquisition::rtds[0m[2m:[0m RTDS erreur: connexion au proxy 127.0.0.1:45417: Connection refused (os error 111)
[2m2026-07-05T06:53:33.250242Z[0m [33m WARN[0m [2mpm_bot[0m[2m:[0m découverte gamma: requête Gamma: error sending request for url (https://gamma-api.polymarket.com/events?slug=btc-updown-5m-1783234200): client error (Connect): tunnel error: failed to create underlying connection: tcp connect error: Connection refused (os error 111)
[2m2026-07-05T06:53:38.251796Z[0m [33m WARN[0m [2mpm_bot[0m[2m:[0m découverte gamma: requête Gamma: error sending request for url (https://gamma-api.polymarket.com/events?slug=btc-updown-5m-1783234200): client error (Connect): tunnel error: failed to create underlying connection: tcp connect error: Connection refused (os error 111)
[2m2026-07-05T06:53:43.253324Z[0m [33m WARN[0m [2mpm_bot[0m[2m:[0m découverte gamma: requête Gamma: error sending request for url (https://gamma-api.polymarket.com/events?slug=btc-updown-5m-1783234200): client error (Connect): tunnel error: failed to create underlying connection: tcp connect error: Connection refused (os error 111)
[2m2026-07-05T06:53:47.939053Z[0m [33m WARN[0m [2mpm_acquisition::rtds[0m[2m:[0m RTDS erreur: connexion au proxy 127.0.0.1:45417: Connection refused (os error 111)
[2m2026-07-05T06:53:48.254832Z[0m [33m WARN[0m [2mpm_bot[0m[2m:[0m découverte gamma: requête Gamma: error sending request for url (https://gamma-api.polymarket.com/events?slug=btc-updown-5m-1783234200): client error (Connect): tunnel error: failed to create underlying connection: tcp connect error: Connection refused (os error 111)
[2m2026-07-05T06:53:53.256045Z[0m [33m WARN[0m [2mpm_bot[0m[2m:[0m découverte gamma: requête Gamma: error sending request for url (https://gamma-api.polymarket.com/events?slug=btc-updown-5m-1783234200): client error (Connect): tunnel error: failed to create underlying connection: tcp connect error: Connection refused (os error 111)
[2m2026-07-05T06:53:58.257240Z[0m [33m WARN[0m [2mpm_bot[0m[2m:[0m découverte gamma: requête Gamma: error sending request for url (https://gamma-api.polymarket.com/events?slug=btc-updown-5m-1783234200): client error (Connect): tunnel error: failed to create underlying connection: tcp connect error: Connection refused (os error 111)
[2m2026-07-05T06:54:02.940435Z[0m [33m WARN[0m [2mpm_acquisition::rtds[0m[2m:[0m RTDS erreur: connexion au proxy 127.0.0.1:45417: Connection refused (os error 111)
[2m2026-07-05T06:54:03.259360Z[0m [33m WARN[0m [2mpm_bot[0m[2m:[0m découverte gamma: requête Gamma: error sending request for url (https://gamma-api.polymarket.com/events?slug=btc-updown-5m-1783234200): client error (Connect): tunnel error: failed to create underlying connection: tcp connect error: Connection refused (os error 111)
[2m2026-07-05T06:54:08.261523Z[0m [33m WARN[0m [2mpm_bot[0m[2m:[0m découverte gamma: requête Gamma: error sending request for url (https://gamma-api.polymarket.com/events?slug=btc-updown-5m-1783234200): client error (Connect): tunnel error: failed to create underlying connection: tcp connect error: Connection refused (os error 111)
[2m2026-07-05T06:54:13.263562Z[0m [33m WARN[0m [2mpm_bot[0m[2m:[0m découverte gamma: requête Gamma: error sending request for url (https://gamma-api.polymarket.com/events?slug=btc-updown-5m-1783234200): client error (Connect): tunnel error: failed to create underlying connection: tcp connect error: Connection refused (os error 111)
[2m2026-07-05T06:54:17.942029Z[0m [33m WARN[0m [2mpm_acquisition::rtds[0m[2m:[0m RTDS erreur: connexion au proxy 127.0.0.1:45417: Connection refused (os error 111)
[2m2026-07-05T06:54:18.264847Z[0m [33m WARN[0m [2mpm_bot[0m[2m:[0m découverte gamma: requête Gamma: error sending request for url (https://gamma-api.polymarket.com/events?slug=btc-updown-5m-1783234200): client error (Connect): tunnel error: failed to create underlying connection: tcp connect error: Connection refused (os error 111)
[2m2026-07-05T06:54:23.265888Z[0m [33m WARN[0m [2mpm_bot[0m[2m:[0m découverte gamma: requête Gamma: error sending request for url (https://gamma-api.polymarket.com/events?slug=btc-updown-5m-1783234200): client error (Connect): tunnel error: failed to create underlying connection: tcp connect error: Connection refused (os error 111)
[2m2026-07-05T06:54:28.267132Z[0m [33m WARN[0m [2mpm_bot[0m[2m:[0m découverte gamma: requête Gamma: error sending request for url (https://gamma-api.polymarket.com/events?slug=btc-updown-5m-1783234200): client error (Connect): tunnel error: failed to create underlying connection: tcp connect error: Connection refused (os error 111)
[2m2026-07-05T06:54:32.943385Z[0m [33m WARN[0m [2mpm_acquisition::rtds[0m[2m:[0m RTDS erreur: connexion au proxy 127.0.0.1:45417: Connection refused (os error 111)
[2m2026-07-05T06:54:33.268337Z[0m [33m WARN[0m [2mpm_bot[0m[2m:[0m découverte gamma: requête Gamma: error sending request for url (https://gamma-api.polymarket.com/events?slug=btc-updown-5m-1783234200): client error (Connect): tunnel error: failed to create underlying connection: tcp connect error: Connection refused (os error 111)
[2m2026-07-05T06:54:38.270230Z[0m [33m WARN[0m [2mpm_bot[0m[2m:[0m découverte gamma: requête Gamma: error sending request for url (https://gamma-api.polymarket.com/events?slug=btc-updown-5m-1783234200): client error (Connect): tunnel error: failed to create underlying connection: tcp connect error: Connection refused (os error 111)
[2m2026-07-05T06:54:43.272373Z[0m [33m WARN[0m [2mpm_bot[0m[2m:[0m découverte gamma: requête Gamma: error sending request for url (https://gamma-api.polymarket.com/events?slug=btc-updown-5m-1783234200): client error (Connect): tunnel error: failed to create underlying connection: tcp connect error: Connection refused (os error 111)
[2m2026-07-05T06:54:47.945158Z[0m [33m WARN[0m [2mpm_acquisition::rtds[0m[2m:[0m RTDS erreur: connexion au proxy 127.0.0.1:45417: Connection refused (os error 111)
[2m2026-07-05T06:54:48.274215Z[0m [33m WARN[0m [2mpm_bot[0m[2m:[0m découverte gamma: requête Gamma: error sending request for url (https://gamma-api.polymarket.com/events?slug=btc-updown-5m-1783234200): client error (Connect): tunnel error: failed to create underlying connection: tcp connect error: Connection refused (os error 111)
[2m2026-07-05T06:54:53.275416Z[0m [33m WARN[0m [2mpm_bot[0m[2m:[0m découverte gamma: requête Gamma: error sending request for url (https://gamma-api.polymarket.com/events?slug=btc-updown-5m-1783234200): client error (Connect): tunnel error: failed to create underlying connection: tcp connect error: Connection refused (os error 111)
[2m2026-07-05T06:54:58.277336Z[0m [33m WARN[0m [2mpm_bot[0m[2m:[0m découverte gamma: requête Gamma: error sending request for url (https://gamma-api.polymarket.com/events?slug=btc-updown-5m-1783234200): client error (Connect): tunnel error: failed to create underlying connection: tcp connect error: Connection refused (os error 111)
[2m2026-07-05T06:55:02.945646Z[0m [33m WARN[0m [2mpm_acquisition::rtds[0m[2m:[0m RTDS erreur: connexion au proxy 127.0.0.1:45417: Connection refused (os error 111)
[2m2026-07-05T06:55:03.278784Z[0m [33m WARN[0m [2mpm_bot[0m[2m:[0m découverte gamma: requête Gamma: error sending request for url (https://gamma-api.polymarket.com/events?slug=btc-updown-5m-1783234500): client error (Connect): tunnel error: failed to create underlying connection: tcp connect error: Connection refused (os error 111)
[2m2026-07-05T06:55:08.280397Z[0m [33m WARN[0m [2mpm_bot[0m[2m:[0m découverte gamma: requête Gamma: error sending request for url (https://gamma-api.polymarket.com/events?slug=btc-updown-5m-1783234500): client error (Connect): tunnel error: failed to create underlying connection: tcp connect error: Connection refused (os error 111)
[2m2026-07-05T06:55:13.282500Z[0m [33m WARN[0m [2mpm_bot[0m[2m:[0m découverte gamma: requête Gamma: error sending request for url (https://gamma-api.polymarket.com/events?slug=btc-updown-5m-1783234500): client error (Connect): tunnel error: failed to create underlying connection: tcp connect error: Connection refused (os error 111)
[2m2026-07-05T06:55:17.947187Z[0m [33m WARN[0m [2mpm_acquisition::rtds[0m[2m:[0m RTDS erreur: connexion au proxy 127.0.0.1:45417: Connection refused (os error 111)
[2m2026-07-05T06:55:18.284068Z[0m [33m WARN[0m [2mpm_bot[0m[2m:[0m découverte gamma: requête Gamma: error sending request for url (https://gamma-api.polymarket.com/events?slug=btc-updown-5m-1783234500): client error (Connect): tunnel error: failed to create underlying connection: tcp connect error: Connection refused (os error 111)
[2m2026-07-05T06:55:23.285190Z[0m [33m WARN[0m [2mpm_bot[0m[2m:[0m découverte gamma: requête Gamma: error sending request for url (https://gamma-api.polymarket.com/events?slug=btc-updown-5m-1783234500): client error (Connect): tunnel error: failed to create underlying connection: tcp connect error: Connection refused (os error 111)
[2m2026-07-05T06:55:28.286094Z[0m [33m WARN[0m [2mpm_bot[0m[2m:[0m découverte gamma: requête Gamma: error sending request for url (https://gamma-api.polymarket.com/events?slug=btc-updown-5m-1783234500): client error (Connect): tunnel error: failed to create underlying connection: tcp connect error: Connection refused (os error 111)
[2m2026-07-05T06:55:32.948090Z[0m [33m WARN[0m [2mpm_acquisition::rtds[0m[2m:[0m RTDS erreur: connexion au proxy 127.0.0.1:45417: Connection refused (os error 111)
[2m2026-07-05T06:55:33.287113Z[0m [33m WARN[0m [2mpm_bot[0m[2m:[0m découverte gamma: requête Gamma: error sending request for url (https://gamma-api.polymarket.com/events?slug=btc-updown-5m-1783234500): client error (Connect): tunnel error: failed to create underlying connection: tcp connect error: Connection refused (os error 111)
[2m2026-07-05T06:55:38.288004Z[0m [33m WARN[0m [2mpm_bot[0m[2m:[0m découverte gamma: requête Gamma: error sending request for url (https://gamma-api.polymarket.com/events?slug=btc-updown-5m-1783234500): client error (Connect): tunnel error: failed to create underlying connection: tcp connect error: Connection refused (os error 111)
[2m2026-07-05T06:55:43.289009Z[0m [33m WARN[0m [2mpm_bot[0m[2m:[0m découverte gamma: requête Gamma: error sending request for url (https://gamma-api.polymarket.com/events?slug=btc-updown-5m-1783234500): client error (Connect): tunnel error: failed to create underlying connection: tcp connect error: Connection refused (os error 111)
[2m2026-07-05T06:55:47.949218Z[0m [33m WARN[0m [2mpm_acquisition::rtds[0m[2m:[0m RTDS erreur: connexion au proxy 127.0.0.1:45417: Connection refused (os error 111)
[2m2026-07-05T06:55:48.290401Z[0m [33m WARN[0m [2mpm_bot[0m[2m:[0m découverte gamma: requête Gamma: error sending request for url (https://gamma-api.polymarket.com/events?slug=btc-updown-5m-1783234500): client error (Connect): tunnel error: failed to create underlying connection: tcp connect error: Connection refused (os error 111)
[2m2026-07-05T06:55:53.292503Z[0m [33m WARN[0m [2mpm_bot[0m[2m:[0m découverte gamma: requête Gamma: error sending request for url (https://gamma-api.polymarket.com/events?slug=btc-updown-5m-1783234500): client error (Connect): tunnel error: failed to create underlying connection: tcp connect error: Connection refused (os error 111)
[2m2026-07-05T06:55:58.293733Z[0m [33m WARN[0m [2mpm_bot[0m[2m:[0m découverte gamma: requête Gamma: error sending request for url (https://gamma-api.polymarket.com/events?slug=btc-updown-5m-1783234500): client error (Connect): tunnel error: failed to create underlying connection: tcp connect error: Connection refused (os error 111)
[2m2026-07-05T06:56:02.949808Z[0m [33m WARN[0m [2mpm_acquisition::rtds[0m[2m:[0m RTDS erreur: connexion au proxy 127.0.0.1:45417: Connection refused (os error 111)
[2m2026-07-05T06:56:03.295260Z[0m [33m WARN[0m [2mpm_bot[0m[2m:[0m découverte gamma: requête Gamma: error sending request for url (https://gamma-api.polymarket.com/events?slug=btc-updown-5m-1783234500): client error (Connect): tunnel error: failed to create underlying connection: tcp connect error: Connection refused (os error 111)
[2m2026-07-05T06:56:08.296776Z[0m [33m WARN[0m [2mpm_bot[0m[2m:[0m découverte gamma: requête Gamma: error sending request for url (https://gamma-api.polymarket.com/events?slug=btc-updown-5m-1783234500): client error (Connect): tunnel error: failed to create underlying connection: tcp connect error: Connection refused (os error 111)
[2m2026-07-05T06:56:13.298117Z[0m [33m WARN[0m [2mpm_bot[0m[2m:[0m découverte gamma: requête Gamma: error sending request for url (https://gamma-api.polymarket.com/events?slug=btc-updown-5m-1783234500): client error (Connect): tunnel error: failed to create underlying connection: tcp connect error: Connection refused (os error 111)
[2m2026-07-05T06:56:17.950910Z[0m [33m WARN[0m [2mpm_acquisition::rtds[0m[2m:[0m RTDS erreur: connexion au proxy 127.0.0.1:45417: Connection refused (os error 111)
[2m2026-07-05T06:56:18.299132Z[0m [33m WARN[0m [2mpm_bot[0m[2m:[0m découverte gamma: requête Gamma: error sending request for url (https://gamma-api.polymarket.com/events?slug=btc-updown-5m-1783234500): client error (Connect): tunnel error: failed to create underlying connection: tcp connect error: Connection refused (os error 111)
[2m2026-07-05T06:56:23.299968Z[0m [33m WARN[0m [2mpm_bot[0m[2m:[0m découverte gamma: requête Gamma: error sending request for url (https://gamma-api.polymarket.com/events?slug=btc-updown-5m-1783234500): client error (Connect): tunnel error: failed to create underlying connection: tcp connect error: Connection refused (os error 111)
[2m2026-07-05T06:56:28.301284Z[0m [33m WARN[0m [2mpm_bot[0m[2m:[0m découverte gamma: requête Gamma: error sending request for url (https://gamma-api.polymarket.com/events?slug=btc-updown-5m-1783234500): client error (Connect): tunnel error: failed to create underlying connection: tcp connect error: Connection refused (os error 111)
[2m2026-07-05T06:56:32.951904Z[0m [33m WARN[0m [2mpm_acquisition::rtds[0m[2m:[0m RTDS erreur: connexion au proxy 127.0.0.1:45417: Connection refused (os error 111)
[2m2026-07-05T06:56:33.303111Z[0m [33m WARN[0m [2mpm_bot[0m[2m:[0m découverte gamma: requête Gamma: error sending request for url (https://gamma-api.polymarket.com/events?slug=btc-updown-5m-1783234500): client error (Connect): tunnel error: failed to create underlying connection: tcp connect error: Connection refused (os error 111)
[2m2026-07-05T06:56:38.303875Z[0m [33m WARN[0m [2mpm_bot[0m[2m:[0m découverte gamma: requête Gamma: error sending request for url (https://gamma-api.polymarket.com/events?slug=btc-updown-5m-1783234500): client error (Connect): tunnel error: failed to create underlying connection: tcp connect error: Connection refused (os error 111)
[2m2026-07-05T06:56:43.304570Z[0m [33m WARN[0m [2mpm_bot[0m[2m:[0m découverte gamma: requête Gamma: error sending request for url (https://gamma-api.polymarket.com/events?slug=btc-updown-5m-1783234500): client error (Connect): tunnel error: failed to create underlying connection: tcp connect error: Connection refused (os error 111)
[2m2026-07-05T06:56:47.952813Z[0m [33m WARN[0m [2mpm_acquisition::rtds[0m[2m:[0m RTDS erreur: connexion au proxy 127.0.0.1:45417: Connection refused (os error 111)
[2m2026-07-05T06:56:48.305911Z[0m [33m WARN[0m [2mpm_bot[0m[2m:[0m découverte gamma: requête Gamma: error sending request for url (https://gamma-api.polymarket.com/events?slug=btc-updown-5m-1783234500): client error (Connect): tunnel error: failed to create underlying connection: tcp connect error: Connection refused (os error 111)
[2m2026-07-05T06:56:53.306950Z[0m [33m WARN[0m [2mpm_bot[0m[2m:[0m découverte gamma: requête Gamma: error sending request for url (https://gamma-api.polymarket.com/events?slug=btc-updown-5m-1783234500): client error (Connect): tunnel error: failed to create underlying connection: tcp connect error: Connection refused (os error 111)
[2m2026-07-05T06:56:58.308124Z[0m [33m WARN[0m [2mpm_bot[0m[2m:[0m découverte gamma: requête Gamma: error sending request for url (https://gamma-api.polymarket.com/events?slug=btc-updown-5m-1783234500): client error (Connect): tunnel error: failed to create underlying connection: tcp connect error: Connection refused (os error 111)
[2m2026-07-05T06:57:02.953780Z[0m [33m WARN[0m [2mpm_acquisition::rtds[0m[2m:[0m RTDS erreur: connexion au proxy 127.0.0.1:45417: Connection refused (os error 111)
[2m2026-07-05T06:57:03.308962Z[0m [33m WARN[0m [2mpm_bot[0m[2m:[0m découverte gamma: requête Gamma: error sending request for url (https://gamma-api.polymarket.com/events?slug=btc-updown-5m-1783234500): client error (Connect): tunnel error: failed to create underlying connection: tcp connect error: Connection refused (os error 111)
[2m2026-07-05T06:57:08.310188Z[0m [33m WARN[0m [2mpm_bot[0m[2m:[0m découverte gamma: requête Gamma: error sending request for url (https://gamma-api.polymarket.com/events?slug=btc-updown-5m-1783234500): client error (Connect): tunnel error: failed to create underlying connection: tcp connect error: Connection refused (os error 111)
[2m2026-07-05T06:57:13.310891Z[0m [33m WARN[0m [2mpm_bot[0m[2m:[0m découverte gamma: requête Gamma: error sending request for url (https://gamma-api.polymarket.com/events?slug=btc-updown-5m-1783234500): client error (Connect): tunnel error: failed to create underlying connection: tcp connect error: Connection refused (os error 111)
[2m2026-07-05T06:57:17.955505Z[0m [33m WARN[0m [2mpm_acquisition::rtds[0m[2m:[0m RTDS erreur: connexion au proxy 127.0.0.1:45417: Connection refused (os error 111)
[2m2026-07-05T06:57:18.311722Z[0m [33m WARN[0m [2mpm_bot[0m[2m:[0m découverte gamma: requête Gamma: error sending request for url (https://gamma-api.polymarket.com/events?slug=btc-updown-5m-1783234500): client error (Connect): tunnel error: failed to create underlying connection: tcp connect error: Connection refused (os error 111)
[2m2026-07-05T06:57:23.313210Z[0m [33m WARN[0m [2mpm_bot[0m[2m:[0m découverte gamma: requête Gamma: error sending request for url (https://gamma-api.polymarket.com/events?slug=btc-updown-5m-1783234500): client error (Connect): tunnel error: failed to create underlying connection: tcp connect error: Connection refused (os error 111)
[2m2026-07-05T06:57:28.313757Z[0m [33m WARN[0m [2mpm_bot[0m[2m:[0m découverte gamma: requête Gamma: error sending request for url (https://gamma-api.polymarket.com/events?slug=btc-updown-5m-1783234500): client error (Connect): tunnel error: failed to create underlying connection: tcp connect error: Connection refused (os error 111)
[2m2026-07-05T06:57:32.957292Z[0m [33m WARN[0m [2mpm_acquisition::rtds[0m[2m:[0m RTDS erreur: connexion au proxy 127.0.0.1:45417: Connection refused (os error 111)
[2m2026-07-05T06:57:33.315409Z[0m [33m WARN[0m [2mpm_bot[0m[2m:[0m découverte gamma: requête Gamma: error sending request for url (https://gamma-api.polymarket.com/events?slug=btc-updown-5m-1783234500): client error (Connect): tunnel error: failed to create underlying connection: tcp connect error: Connection refused (os error 111)
[2m2026-07-05T06:57:38.316926Z[0m [33m WARN[0m [2mpm_bot[0m[2m:[0m découverte gamma: requête Gamma: error sending request for url (https://gamma-api.polymarket.com/events?slug=btc-updown-5m-1783234500): client error (Connect): tunnel error: failed to create underlying connection: tcp connect error: Connection refused (os error 111)
[2m2026-07-05T06:57:43.318120Z[0m [33m WARN[0m [2mpm_bot[0m[2m:[0m découverte gamma: requête Gamma: error sending request for url (https://gamma-api.polymarket.com/events?slug=btc-updown-5m-1783234500): client error (Connect): tunnel error: failed to create underlying connection: tcp connect error: Connection refused (os error 111)
[2m2026-07-05T06:57:47.958718Z[0m [33m WARN[0m [2mpm_acquisition::rtds[0m[2m:[0m RTDS erreur: connexion au proxy 127.0.0.1:45417: Connection refused (os error 111)
[2m2026-07-05T06:57:48.319054Z[0m [33m WARN[0m [2mpm_bot[0m[2m:[0m découverte gamma: requête Gamma: error sending request for url (https://gamma-api.polymarket.com/events?slug=btc-updown-5m-1783234500): client error (Connect): tunnel error: failed to create underlying connection: tcp connect error: Connection refused (os error 111)
[2m2026-07-05T06:57:53.320261Z[0m [33m WARN[0m [2mpm_bot[0m[2m:[0m découverte gamma: requête Gamma: error sending request for url (https://gamma-api.polymarket.com/events?slug=btc-updown-5m-1783234500): client error (Connect): tunnel error: failed to create underlying connection: tcp connect error: Connection refused (os error 111)
[2m2026-07-05T06:57:58.321726Z[0m [33m WARN[0m [2mpm_bot[0m[2m:[0m découverte gamma: requête Gamma: error sending request for url (https://gamma-api.polymarket.com/events?slug=btc-updown-5m-1783234500): client error (Connect): tunnel error: failed to create underlying connection: tcp connect error: Connection refused (os error 111)
[2m2026-07-05T06:58:02.960295Z[0m [33m WARN[0m [2mpm_acquisition::rtds[0m[2m:[0m RTDS erreur: connexion au proxy 127.0.0.1:45417: Connection refused (os error 111)
[2m2026-07-05T06:58:03.323527Z[0m [33m WARN[0m [2mpm_bot[0m[2m:[0m découverte gamma: requête Gamma: error sending request for url (https://gamma-api.polymarket.com/events?slug=btc-updown-5m-1783234500): client error (Connect): tunnel error: failed to create underlying connection: tcp connect error: Connection refused (os error 111)
[2m2026-07-05T06:58:08.325487Z[0m [33m WARN[0m [2mpm_bot[0m[2m:[0m découverte gamma: requête Gamma: error sending request for url (https://gamma-api.polymarket.com/events?slug=btc-updown-5m-1783234500): client error (Connect): tunnel error: failed to create underlying connection: tcp connect error: Connection refused (os error 111)
[2m2026-07-05T06:58:13.326643Z[0m [33m WARN[0m [2mpm_bot[0m[2m:[0m découverte gamma: requête Gamma: error sending request for url (https://gamma-api.polymarket.com/events?slug=btc-updown-5m-1783234500): client error (Connect): tunnel error: failed to create underlying connection: tcp connect error: Connection refused (os error 111)
[2m2026-07-05T06:58:17.962357Z[0m [33m WARN[0m [2mpm_acquisition::rtds[0m[2m:[0m RTDS erreur: connexion au proxy 127.0.0.1:45417: Connection refused (os error 111)
[2m2026-07-05T06:58:18.327633Z[0m [33m WARN[0m [2mpm_bot[0m[2m:[0m découverte gamma: requête Gamma: error sending request for url (https://gamma-api.polymarket.com/events?slug=btc-updown-5m-1783234500): client error (Connect): tunnel error: failed to create underlying connection: tcp connect error: Connection refused (os error 111)
[2m2026-07-05T06:58:23.329230Z[0m [33m WARN[0m [2mpm_bot[0m[2m:[0m découverte gamma: requête Gamma: error sending request for url (https://gamma-api.polymarket.com/events?slug=btc-updown-5m-1783234500): client error (Connect): tunnel error: failed to create underlying connection: tcp connect error: Connection refused (os error 111)
[2m2026-07-05T06:58:28.331050Z[0m [33m WARN[0m [2mpm_bot[0m[2m:[0m découverte gamma: requête Gamma: error sending request for url (https://gamma-api.polymarket.com/events?slug=btc-updown-5m-1783234500): client error (Connect): tunnel error: failed to create underlying connection: tcp connect error: Connection refused (os error 111)
[2m2026-07-05T06:58:32.963500Z[0m [33m WARN[0m [2mpm_acquisition::rtds[0m[2m:[0m RTDS erreur: connexion au proxy 127.0.0.1:45417: Connection refused (os error 111)
[2m2026-07-05T06:58:33.331757Z[0m [33m WARN[0m [2mpm_bot[0m[2m:[0m découverte gamma: requête Gamma: error sending request for url (https://gamma-api.polymarket.com/events?slug=btc-updown-5m-1783234500): client error (Connect): tunnel error: failed to create underlying connection: tcp connect error: Connection refused (os error 111)
[2m2026-07-05T06:58:38.333468Z[0m [33m WARN[0m [2mpm_bot[0m[2m:[0m découverte gamma: requête Gamma: error sending request for url (https://gamma-api.polymarket.com/events?slug=btc-updown-5m-1783234500): client error (Connect): tunnel error: failed to create underlying connection: tcp connect error: Connection refused (os error 111)
[2m2026-07-05T06:58:43.334774Z[0m [33m WARN[0m [2mpm_bot[0m[2m:[0m découverte gamma: requête Gamma: error sending request for url (https://gamma-api.polymarket.com/events?slug=btc-updown-5m-1783234500): client error (Connect): tunnel error: failed to create underlying connection: tcp connect error: Connection refused (os error 111)
[2m2026-07-05T06:58:47.964688Z[0m [33m WARN[0m [2mpm_acquisition::rtds[0m[2m:[0m RTDS erreur: connexion au proxy 127.0.0.1:45417: Connection refused (os error 111)
[2m2026-07-05T06:58:48.335769Z[0m [33m WARN[0m [2mpm_bot[0m[2m:[0m découverte gamma: requête Gamma: error sending request for url (https://gamma-api.polymarket.com/events?slug=btc-updown-5m-1783234500): client error (Connect): tunnel error: failed to create underlying connection: tcp connect error: Connection refused (os error 111)
[2m2026-07-05T06:58:53.337400Z[0m [33m WARN[0m [2mpm_bot[0m[2m:[0m découverte gamma: requête Gamma: error sending request for url (https://gamma-api.polymarket.com/events?slug=btc-updown-5m-1783234500): client error (Connect): tunnel error: failed to create underlying connection: tcp connect error: Connection refused (os error 111)
[2m2026-07-05T06:58:58.339142Z[0m [33m WARN[0m [2mpm_bot[0m[2m:[0m découverte gamma: requête Gamma: error sending request for url (https://gamma-api.polymarket.com/events?slug=btc-updown-5m-1783234500): client error (Connect): tunnel error: failed to create underlying connection: tcp connect error: Connection refused (os error 111)
[2m2026-07-05T06:59:02.965763Z[0m [33m WARN[0m [2mpm_acquisition::rtds[0m[2m:[0m RTDS erreur: connexion au proxy 127.0.0.1:45417: Connection refused (os error 111)
[2m2026-07-05T06:59:03.339900Z[0m [33m WARN[0m [2mpm_bot[0m[2m:[0m découverte gamma: requête Gamma: error sending request for url (https://gamma-api.polymarket.com/events?slug=btc-updown-5m-1783234500): client error (Connect): tunnel error: failed to create underlying connection: tcp connect error: Connection refused (os error 111)
[2m2026-07-05T06:59:08.341171Z[0m [33m WARN[0m [2mpm_bot[0m[2m:[0m découverte gamma: requête Gamma: error sending request for url (https://gamma-api.polymarket.com/events?slug=btc-updown-5m-1783234500): client error (Connect): tunnel error: failed to create underlying connection: tcp connect error: Connection refused (os error 111)
[2m2026-07-05T06:59:13.342442Z[0m [33m WARN[0m [2mpm_bot[0m[2m:[0m découverte gamma: requête Gamma: error sending request for url (https://gamma-api.polymarket.com/events?slug=btc-updown-5m-1783234500): client error (Connect): tunnel error: failed to create underlying connection: tcp connect error: Connection refused (os error 111)
[2m2026-07-05T06:59:17.967170Z[0m [33m WARN[0m [2mpm_acquisition::rtds[0m[2m:[0m RTDS erreur: connexion au proxy 127.0.0.1:45417: Connection refused (os error 111)
[2m2026-07-05T06:59:18.344448Z[0m [33m WARN[0m [2mpm_bot[0m[2m:[0m découverte gamma: requête Gamma: error sending request for url (https://gamma-api.polymarket.com/events?slug=btc-updown-5m-1783234500): client error (Connect): tunnel error: failed to create underlying connection: tcp connect error: Connection refused (os error 111)
[2m2026-07-05T06:59:23.345707Z[0m [33m WARN[0m [2mpm_bot[0m[2m:[0m découverte gamma: requête Gamma: error sending request for url (https://gamma-api.polymarket.com/events?slug=btc-updown-5m-1783234500): client error (Connect): tunnel error: failed to create underlying connection: tcp connect error: Connection refused (os error 111)
[2m2026-07-05T06:59:28.347534Z[0m [33m WARN[0m [2mpm_bot[0m[2m:[0m découverte gamma: requête Gamma: error sending request for url (https://gamma-api.polymarket.com/events?slug=btc-updown-5m-1783234500): client error (Connect): tunnel error: failed to create underlying connection: tcp connect error: Connection refused (os error 111)
[2m2026-07-05T06:59:32.967834Z[0m [33m WARN[0m [2mpm_acquisition::rtds[0m[2m:[0m RTDS erreur: connexion au proxy 127.0.0.1:45417: Connection refused (os error 111)
[2m2026-07-05T06:59:33.349086Z[0m [33m WARN[0m [2mpm_bot[0m[2m:[0m découverte gamma: requête Gamma: error sending request for url (https://gamma-api.polymarket.com/events?slug=btc-updown-5m-1783234500): client error (Connect): tunnel error: failed to create underlying connection: tcp connect error: Connection refused (os error 111)
[2m2026-07-05T06:59:38.350183Z[0m [33m WARN[0m [2mpm_bot[0m[2m:[0m découverte gamma: requête Gamma: error sending request for url (https://gamma-api.polymarket.com/events?slug=btc-updown-5m-1783234500): client error (Connect): tunnel error: failed to create underlying connection: tcp connect error: Connection refused (os error 111)
[2m2026-07-05T06:59:43.350752Z[0m [33m WARN[0m [2mpm_bot[0m[2m:[0m découverte gamma: requête Gamma: error sending request for url (https://gamma-api.polymarket.com/events?slug=btc-updown-5m-1783234500): client error (Connect): tunnel error: failed to create underlying connection: tcp connect error: Connection refused (os error 111)
[2m2026-07-05T06:59:47.968534Z[0m [33m WARN[0m [2mpm_acquisition::rtds[0m[2m:[0m RTDS erreur: connexion au proxy 127.0.0.1:45417: Connection refused (os error 111)
[2m2026-07-05T06:59:48.351751Z[0m [33m WARN[0m [2mpm_bot[0m[2m:[0m découverte gamma: requête Gamma: error sending request for url (https://gamma-api.polymarket.com/events?slug=btc-updown-5m-1783234500): client error (Connect): tunnel error: failed to create underlying connection: tcp connect error: Connection refused (os error 111)
[2m2026-07-05T06:59:53.352701Z[0m [33m WARN[0m [2mpm_bot[0m[2m:[0m découverte gamma: requête Gamma: error sending request for url (https://gamma-api.polymarket.com/events?slug=btc-updown-5m-1783234500): client error (Connect): tunnel error: failed to create underlying connection: tcp connect error: Connection refused (os error 111)
[2m2026-07-05T06:59:58.354287Z[0m [33m WARN[0m [2mpm_bot[0m[2m:[0m découverte gamma: requête Gamma: error sending request for url (https://gamma-api.polymarket.com/events?slug=btc-updown-5m-1783234500): client error (Connect): tunnel error: failed to create underlying connection: tcp connect error: Connection refused (os error 111)
[2m2026-07-05T07:00:02.969724Z[0m [33m WARN[0m [2mpm_acquisition::rtds[0m[2m:[0m RTDS erreur: connexion au proxy 127.0.0.1:45417: Connection refused (os error 111)
[2m2026-07-05T07:00:03.355887Z[0m [33m WARN[0m [2mpm_bot[0m[2m:[0m découverte gamma: requête Gamma: error sending request for url (https://gamma-api.polymarket.com/events?slug=btc-updown-5m-1783234800): client error (Connect): tunnel error: failed to create underlying connection: tcp connect error: Connection refused (os error 111)
[2m2026-07-05T07:00:08.357230Z[0m [33m WARN[0m [2mpm_bot[0m[2m:[0m découverte gamma: requête Gamma: error sending request for url (https://gamma-api.polymarket.com/events?slug=btc-updown-5m-1783234800): client error (Connect): tunnel error: failed to create underlying connection: tcp connect error: Connection refused (os error 111)
[2m2026-07-05T07:00:13.358555Z[0m [33m WARN[0m [2mpm_bot[0m[2m:[0m découverte gamma: requête Gamma: error sending request for url (https://gamma-api.polymarket.com/events?slug=btc-updown-5m-1783234800): client error (Connect): tunnel error: failed to create underlying connection: tcp connect error: Connection refused (os error 111)
[2m2026-07-05T07:00:17.970704Z[0m [33m WARN[0m [2mpm_acquisition::rtds[0m[2m:[0m RTDS erreur: connexion au proxy 127.0.0.1:45417: Connection refused (os error 111)
[2m2026-07-05T07:00:18.359980Z[0m [33m WARN[0m [2mpm_bot[0m[2m:[0m découverte gamma: requête Gamma: error sending request for url (https://gamma-api.polymarket.com/events?slug=btc-updown-5m-1783234800): client error (Connect): tunnel error: failed to create underlying connection: tcp connect error: Connection refused (os error 111)
[2m2026-07-05T07:00:23.360933Z[0m [33m WARN[0m [2mpm_bot[0m[2m:[0m découverte gamma: requête Gamma: error sending request for url (https://gamma-api.polymarket.com/events?slug=btc-updown-5m-1783234800): client error (Connect): tunnel error: failed to create underlying connection: tcp connect error: Connection refused (os error 111)
[2m2026-07-05T07:00:28.361611Z[0m [33m WARN[0m [2mpm_bot[0m[2m:[0m découverte gamma: requête Gamma: error sending request for url (https://gamma-api.polymarket.com/events?slug=btc-updown-5m-1783234800): client error (Connect): tunnel error: failed to create underlying connection: tcp connect error: Connection refused (os error 111)
[2m2026-07-05T07:00:32.972024Z[0m [33m WARN[0m [2mpm_acquisition::rtds[0m[2m:[0m RTDS erreur: connexion au proxy 127.0.0.1:45417: Connection refused (os error 111)
[2m2026-07-05T07:00:33.363124Z[0m [33m WARN[0m [2mpm_bot[0m[2m:[0m découverte gamma: requête Gamma: error sending request for url (https://gamma-api.polymarket.com/events?slug=btc-updown-5m-1783234800): client error (Connect): tunnel error: failed to create underlying connection: tcp connect error: Connection refused (os error 111)
[2m2026-07-05T07:00:38.364232Z[0m [33m WARN[0m [2mpm_bot[0m[2m:[0m découverte gamma: requête Gamma: error sending request for url (https://gamma-api.polymarket.com/events?slug=btc-updown-5m-1783234800): client error (Connect): tunnel error: failed to create underlying connection: tcp connect error: Connection refused (os error 111)
[2m2026-07-05T07:00:43.366133Z[0m [33m WARN[0m [2mpm_bot[0m[2m:[0m découverte gamma: requête Gamma: error sending request for url (https://gamma-api.polymarket.com/events?slug=btc-updown-5m-1783234800): client error (Connect): tunnel error: failed to create underlying connection: tcp connect error: Connection refused (os error 111)
[2m2026-07-05T07:00:47.973428Z[0m [33m WARN[0m [2mpm_acquisition::rtds[0m[2m:[0m RTDS erreur: connexion au proxy 127.0.0.1:45417: Connection refused (os error 111)
[2m2026-07-05T07:00:48.366682Z[0m [33m WARN[0m [2mpm_bot[0m[2m:[0m découverte gamma: requête Gamma: error sending request for url (https://gamma-api.polymarket.com/events?slug=btc-updown-5m-1783234800): client error (Connect): tunnel error: failed to create underlying connection: tcp connect error: Connection refused (os error 111)
[2m2026-07-05T07:00:53.368049Z[0m [33m WARN[0m [2mpm_bot[0m[2m:[0m découverte gamma: requête Gamma: error sending request for url (https://gamma-api.polymarket.com/events?slug=btc-updown-5m-1783234800): client error (Connect): tunnel error: failed to create underlying connection: tcp connect error: Connection refused (os error 111)
[2m2026-07-05T07:00:58.369344Z[0m [33m WARN[0m [2mpm_bot[0m[2m:[0m découverte gamma: requête Gamma: error sending request for url (https://gamma-api.polymarket.com/events?slug=btc-updown-5m-1783234800): client error (Connect): tunnel error: failed to create underlying connection: tcp connect error: Connection refused (os error 111)
[2m2026-07-05T07:01:02.975165Z[0m [33m WARN[0m [2mpm_acquisition::rtds[0m[2m:[0m RTDS erreur: connexion au proxy 127.0.0.1:45417: Connection refused (os error 111)
[2m2026-07-05T07:01:03.371551Z[0m [33m WARN[0m [2mpm_bot[0m[2m:[0m découverte gamma: requête Gamma: error sending request for url (https://gamma-api.polymarket.com/events?slug=btc-updown-5m-1783234800): client error (Connect): tunnel error: failed to create underlying connection: tcp connect error: Connection refused (os error 111)
[2m2026-07-05T07:01:08.372705Z[0m [33m WARN[0m [2mpm_bot[0m[2m:[0m découverte gamma: requête Gamma: error sending request for url (https://gamma-api.polymarket.com/events?slug=btc-updown-5m-1783234800): client error (Connect): tunnel error: failed to create underlying connection: tcp connect error: Connection refused (os error 111)
[2m2026-07-05T07:01:13.374264Z[0m [33m WARN[0m [2mpm_bot[0m[2m:[0m découverte gamma: requête Gamma: error sending request for url (https://gamma-api.polymarket.com/events?slug=btc-updown-5m-1783234800): client error (Connect): tunnel error: failed to create underlying connection: tcp connect error: Connection refused (os error 111)
[2m2026-07-05T07:01:17.975769Z[0m [33m WARN[0m [2mpm_acquisition::rtds[0m[2m:[0m RTDS erreur: connexion au proxy 127.0.0.1:45417: Connection refused (os error 111)
[2m2026-07-05T07:01:18.376026Z[0m [33m WARN[0m [2mpm_bot[0m[2m:[0m découverte gamma: requête Gamma: error sending request for url (https://gamma-api.polymarket.com/events?slug=btc-updown-5m-1783234800): client error (Connect): tunnel error: failed to create underlying connection: tcp connect error: Connection refused (os error 111)
[2m2026-07-05T07:01:23.376829Z[0m [33m WARN[0m [2mpm_bot[0m[2m:[0m découverte gamma: requête Gamma: error sending request for url (https://gamma-api.polymarket.com/events?slug=btc-updown-5m-1783234800): client error (Connect): tunnel error: failed to create underlying connection: tcp connect error: Connection refused (os error 111)
[2m2026-07-05T07:01:28.377596Z[0m [33m WARN[0m [2mpm_bot[0m[2m:[0m découverte gamma: requête Gamma: error sending request for url (https://gamma-api.polymarket.com/events?slug=btc-updown-5m-1783234800): client error (Connect): tunnel error: failed to create underlying connection: tcp connect error: Connection refused (os error 111)
[2m2026-07-05T07:01:32.976526Z[0m [33m WARN[0m [2mpm_acquisition::rtds[0m[2m:[0m RTDS erreur: connexion au proxy 127.0.0.1:45417: Connection refused (os error 111)
[2m2026-07-05T07:01:33.378835Z[0m [33m WARN[0m [2mpm_bot[0m[2m:[0m découverte gamma: requête Gamma: error sending request for url (https://gamma-api.polymarket.com/events?slug=btc-updown-5m-1783234800): client error (Connect): tunnel error: failed to create underlying connection: tcp connect error: Connection refused (os error 111)
[2m2026-07-05T07:01:38.379570Z[0m [33m WARN[0m [2mpm_bot[0m[2m:[0m découverte gamma: requête Gamma: error sending request for url (https://gamma-api.polymarket.com/events?slug=btc-updown-5m-1783234800): client error (Connect): tunnel error: failed to create underlying connection: tcp connect error: Connection refused (os error 111)
[2m2026-07-05T07:01:43.380893Z[0m [33m WARN[0m [2mpm_bot[0m[2m:[0m découverte gamma: requête Gamma: error sending request for url (https://gamma-api.polymarket.com/events?slug=btc-updown-5m-1783234800): client error (Connect): tunnel error: failed to create underlying connection: tcp connect error: Connection refused (os error 111)
[2m2026-07-05T07:01:47.978229Z[0m [33m WARN[0m [2mpm_acquisition::rtds[0m[2m:[0m RTDS erreur: connexion au proxy 127.0.0.1:45417: Connection refused (os error 111)
[2m2026-07-05T07:01:48.382503Z[0m [33m WARN[0m [2mpm_bot[0m[2m:[0m découverte gamma: requête Gamma: error sending request for url (https://gamma-api.polymarket.com/events?slug=btc-updown-5m-1783234800): client error (Connect): tunnel error: failed to create underlying connection: tcp connect error: Connection refused (os error 111)
[2m2026-07-05T07:01:53.383675Z[0m [33m WARN[0m [2mpm_bot[0m[2m:[0m découverte gamma: requête Gamma: error sending request for url (https://gamma-api.polymarket.com/events?slug=btc-updown-5m-1783234800): client error (Connect): tunnel error: failed to create underlying connection: tcp connect error: Connection refused (os error 111)
[2m2026-07-05T07:01:58.385203Z[0m [33m WARN[0m [2mpm_bot[0m[2m:[0m découverte gamma: requête Gamma: error sending request for url (https://gamma-api.polymarket.com/events?slug=btc-updown-5m-1783234800): client error (Connect): tunnel error: failed to create underlying connection: tcp connect error: Connection refused (os error 111)
[2m2026-07-05T07:02:02.979325Z[0m [33m WARN[0m [2mpm_acquisition::rtds[0m[2m:[0m RTDS erreur: connexion au proxy 127.0.0.1:45417: Connection refused (os error 111)
[2m2026-07-05T07:02:03.386475Z[0m [33m WARN[0m [2mpm_bot[0m[2m:[0m découverte gamma: requête Gamma: error sending request for url (https://gamma-api.polymarket.com/events?slug=btc-updown-5m-1783234800): client error (Connect): tunnel error: failed to create underlying connection: tcp connect error: Connection refused (os error 111)
[2m2026-07-05T07:02:08.387905Z[0m [33m WARN[0m [2mpm_bot[0m[2m:[0m découverte gamma: requête Gamma: error sending request for url (https://gamma-api.polymarket.com/events?slug=btc-updown-5m-1783234800): client error (Connect): tunnel error: failed to create underlying connection: tcp connect error: Connection refused (os error 111)
[2m2026-07-05T07:02:13.388800Z[0m [33m WARN[0m [2mpm_bot[0m[2m:[0m découverte gamma: requête Gamma: error sending request for url (https://gamma-api.polymarket.com/events?slug=btc-updown-5m-1783234800): client error (Connect): tunnel error: failed to create underlying connection: tcp connect error: Connection refused (os error 111)
[2m2026-07-05T07:02:17.981352Z[0m [33m WARN[0m [2mpm_acquisition::rtds[0m[2m:[0m RTDS erreur: connexion au proxy 127.0.0.1:45417: Connection refused (os error 111)
[2m2026-07-05T07:02:18.389828Z[0m [33m WARN[0m [2mpm_bot[0m[2m:[0m découverte gamma: requête Gamma: error sending request for url (https://gamma-api.polymarket.com/events?slug=btc-updown-5m-1783234800): client error (Connect): tunnel error: failed to create underlying connection: tcp connect error: Connection refused (os error 111)
[2m2026-07-05T07:02:23.390841Z[0m [33m WARN[0m [2mpm_bot[0m[2m:[0m découverte gamma: requête Gamma: error sending request for url (https://gamma-api.polymarket.com/events?slug=btc-updown-5m-1783234800): client error (Connect): tunnel error: failed to create underlying connection: tcp connect error: Connection refused (os error 111)
[2m2026-07-05T07:02:28.391957Z[0m [33m WARN[0m [2mpm_bot[0m[2m:[0m découverte gamma: requête Gamma: error sending request for url (https://gamma-api.polymarket.com/events?slug=btc-updown-5m-1783234800): client error (Connect): tunnel error: failed to create underlying connection: tcp connect error: Connection refused (os error 111)
[2m2026-07-05T07:02:32.982745Z[0m [33m WARN[0m [2mpm_acquisition::rtds[0m[2m:[0m RTDS erreur: connexion au proxy 127.0.0.1:45417: Connection refused (os error 111)
[2m2026-07-05T07:02:33.393067Z[0m [33m WARN[0m [2mpm_bot[0m[2m:[0m découverte gamma: requête Gamma: error sending request for url (https://gamma-api.polymarket.com/events?slug=btc-updown-5m-1783234800): client error (Connect): tunnel error: failed to create underlying connection: tcp connect error: Connection refused (os error 111)
[2m2026-07-05T07:02:38.394426Z[0m [33m WARN[0m [2mpm_bot[0m[2m:[0m découverte gamma: requête Gamma: error sending request for url (https://gamma-api.polymarket.com/events?slug=btc-updown-5m-1783234800): client error (Connect): tunnel error: failed to create underlying connection: tcp connect error: Connection refused (os error 111)
[2m2026-07-05T07:02:43.396239Z[0m [33m WARN[0m [2mpm_bot[0m[2m:[0m découverte gamma: requête Gamma: error sending request for url (https://gamma-api.polymarket.com/events?slug=btc-updown-5m-1783234800): client error (Connect): tunnel error: failed to create underlying connection: tcp connect error: Connection refused (os error 111)
[2m2026-07-05T07:02:47.984473Z[0m [33m WARN[0m [2mpm_acquisition::rtds[0m[2m:[0m RTDS erreur: connexion au proxy 127.0.0.1:45417: Connection refused (os error 111)
[2m2026-07-05T07:02:48.397789Z[0m [33m WARN[0m [2mpm_bot[0m[2m:[0m découverte gamma: requête Gamma: error sending request for url (https://gamma-api.polymarket.com/events?slug=btc-updown-5m-1783234800): client error (Connect): tunnel error: failed to create underlying connection: tcp connect error: Connection refused (os error 111)
[2m2026-07-05T07:02:53.399075Z[0m [33m WARN[0m [2mpm_bot[0m[2m:[0m découverte gamma: requête Gamma: error sending request for url (https://gamma-api.polymarket.com/events?slug=btc-updown-5m-1783234800): client error (Connect): tunnel error: failed to create underlying connection: tcp connect error: Connection refused (os error 111)
[2m2026-07-05T07:02:58.400228Z[0m [33m WARN[0m [2mpm_bot[0m[2m:[0m découverte gamma: requête Gamma: error sending request for url (https://gamma-api.polymarket.com/events?slug=btc-updown-5m-1783234800): client error (Connect): tunnel error: failed to create underlying connection: tcp connect error: Connection refused (os error 111)
[2m2026-07-05T07:03:02.985552Z[0m [33m WARN[0m [2mpm_acquisition::rtds[0m[2m:[0m RTDS erreur: connexion au proxy 127.0.0.1:45417: Connection refused (os error 111)
[2m2026-07-05T07:03:03.400847Z[0m [33m WARN[0m [2mpm_bot[0m[2m:[0m découverte gamma: requête Gamma: error sending request for url (https://gamma-api.polymarket.com/events?slug=btc-updown-5m-1783234800): client error (Connect): tunnel error: failed to create underlying connection: tcp connect error: Connection refused (os error 111)
[2m2026-07-05T07:03:08.401819Z[0m [33m WARN[0m [2mpm_bot[0m[2m:[0m découverte gamma: requête Gamma: error sending request for url (https://gamma-api.polymarket.com/events?slug=btc-updown-5m-1783234800): client error (Connect): tunnel error: failed to create underlying connection: tcp connect error: Connection refused (os error 111)
[2m2026-07-05T07:03:13.403467Z[0m [33m WARN[0m [2mpm_bot[0m[2m:[0m découverte gamma: requête Gamma: error sending request for url (https://gamma-api.polymarket.com/events?slug=btc-updown-5m-1783234800): client error (Connect): tunnel error: failed to create underlying connection: tcp connect error: Connection refused (os error 111)
[2m2026-07-05T07:03:17.987275Z[0m [33m WARN[0m [2mpm_acquisition::rtds[0m[2m:[0m RTDS erreur: connexion au proxy 127.0.0.1:45417: Connection refused (os error 111)
[2m2026-07-05T07:03:18.405553Z[0m [33m WARN[0m [2mpm_bot[0m[2m:[0m découverte gamma: requête Gamma: error sending request for url (https://gamma-api.polymarket.com/events?slug=btc-updown-5m-1783234800): client error (Connect): tunnel error: failed to create underlying connection: tcp connect error: Connection refused (os error 111)
[2m2026-07-05T07:03:23.406706Z[0m [33m WARN[0m [2mpm_bot[0m[2m:[0m découverte gamma: requête Gamma: error sending request for url (https://gamma-api.polymarket.com/events?slug=btc-updown-5m-1783234800): client error (Connect): tunnel error: failed to create underlying connection: tcp connect error: Connection refused (os error 111)
[2m2026-07-05T07:03:28.407936Z[0m [33m WARN[0m [2mpm_bot[0m[2m:[0m découverte gamma: requête Gamma: error sending request for url (https://gamma-api.polymarket.com/events?slug=btc-updown-5m-1783234800): client error (Connect): tunnel error: failed to create underlying connection: tcp connect error: Connection refused (os error 111)
[2m2026-07-05T07:03:32.989449Z[0m [33m WARN[0m [2mpm_acquisition::rtds[0m[2m:[0m RTDS erreur: connexion au proxy 127.0.0.1:45417: Connection refused (os error 111)
[2m2026-07-05T07:03:33.408728Z[0m [33m WARN[0m [2mpm_bot[0m[2m:[0m découverte gamma: requête Gamma: error sending request for url (https://gamma-api.polymarket.com/events?slug=btc-updown-5m-1783234800): client error (Connect): tunnel error: failed to create underlying connection: tcp connect error: Connection refused (os error 111)
[2m2026-07-05T07:03:38.409819Z[0m [33m WARN[0m [2mpm_bot[0m[2m:[0m découverte gamma: requête Gamma: error sending request for url (https://gamma-api.polymarket.com/events?slug=btc-updown-5m-1783234800): client error (Connect): tunnel error: failed to create underlying connection: tcp connect error: Connection refused (os error 111)
[2m2026-07-05T07:03:43.410687Z[0m [33m WARN[0m [2mpm_bot[0m[2m:[0m découverte gamma: requête Gamma: error sending request for url (https://gamma-api.polymarket.com/events?slug=btc-updown-5m-1783234800): client error (Connect): tunnel error: failed to create underlying connection: tcp connect error: Connection refused (os error 111)
[2m2026-07-05T07:03:47.990781Z[0m [33m WARN[0m [2mpm_acquisition::rtds[0m[2m:[0m RTDS erreur: connexion au proxy 127.0.0.1:45417: Connection refused (os error 111)
[2m2026-07-05T07:03:48.412074Z[0m [33m WARN[0m [2mpm_bot[0m[2m:[0m découverte gamma: requête Gamma: error sending request for url (https://gamma-api.polymarket.com/events?slug=btc-updown-5m-1783234800): client error (Connect): tunnel error: failed to create underlying connection: tcp connect error: Connection refused (os error 111)
[2m2026-07-05T07:03:53.412658Z[0m [33m WARN[0m [2mpm_bot[0m[2m:[0m découverte gamma: requête Gamma: error sending request for url (https://gamma-api.polymarket.com/events?slug=btc-updown-5m-1783234800): client error (Connect): tunnel error: failed to create underlying connection: tcp connect error: Connection refused (os error 111)
[2m2026-07-05T07:03:58.413663Z[0m [33m WARN[0m [2mpm_bot[0m[2m:[0m découverte gamma: requête Gamma: error sending request for url (https://gamma-api.polymarket.com/events?slug=btc-updown-5m-1783234800): client error (Connect): tunnel error: failed to create underlying connection: tcp connect error: Connection refused (os error 111)
[2m2026-07-05T07:04:02.992296Z[0m [33m WARN[0m [2mpm_acquisition::rtds[0m[2m:[0m RTDS erreur: connexion au proxy 127.0.0.1:45417: Connection refused (os error 111)
[2m2026-07-05T07:04:03.415476Z[0m [33m WARN[0m [2mpm_bot[0m[2m:[0m découverte gamma: requête Gamma: error sending request for url (https://gamma-api.polymarket.com/events?slug=btc-updown-5m-1783234800): client error (Connect): tunnel error: failed to create underlying connection: tcp connect error: Connection refused (os error 111)
[2m2026-07-05T07:04:08.416733Z[0m [33m WARN[0m [2mpm_bot[0m[2m:[0m découverte gamma: requête Gamma: error sending request for url (https://gamma-api.polymarket.com/events?slug=btc-updown-5m-1783234800): client error (Connect): tunnel error: failed to create underlying connection: tcp connect error: Connection refused (os error 111)
[2m2026-07-05T07:04:13.418254Z[0m [33m WARN[0m [2mpm_bot[0m[2m:[0m découverte gamma: requête Gamma: error sending request for url (https://gamma-api.polymarket.com/events?slug=btc-updown-5m-1783234800): client error (Connect): tunnel error: failed to create underlying connection: tcp connect error: Connection refused (os error 111)
[2m2026-07-05T07:04:17.993821Z[0m [33m WARN[0m [2mpm_acquisition::rtds[0m[2m:[0m RTDS erreur: connexion au proxy 127.0.0.1:45417: Connection refused (os error 111)
[2m2026-07-05T07:04:18.420188Z[0m [33m WARN[0m [2mpm_bot[0m[2m:[0m découverte gamma: requête Gamma: error sending request for url (https://gamma-api.polymarket.com/events?slug=btc-updown-5m-1783234800): client error (Connect): tunnel error: failed to create underlying connection: tcp connect error: Connection refused (os error 111)
[2m2026-07-05T07:04:23.420782Z[0m [33m WARN[0m [2mpm_bot[0m[2m:[0m découverte gamma: requête Gamma: error sending request for url (https://gamma-api.polymarket.com/events?slug=btc-updown-5m-1783234800): client error (Connect): tunnel error: failed to create underlying connection: tcp connect error: Connection refused (os error 111)
[2m2026-07-05T07:04:28.422408Z[0m [33m WARN[0m [2mpm_bot[0m[2m:[0m découverte gamma: requête Gamma: error sending request for url (https://gamma-api.polymarket.com/events?slug=btc-updown-5m-1783234800): client error (Connect): tunnel error: failed to create underlying connection: tcp connect error: Connection refused (os error 111)
[2m2026-07-05T07:04:32.995384Z[0m [33m WARN[0m [2mpm_acquisition::rtds[0m[2m:[0m RTDS erreur: connexion au proxy 127.0.0.1:45417: Connection refused (os error 111)
[2m2026-07-05T07:04:33.423584Z[0m [33m WARN[0m [2mpm_bot[0m[2m:[0m découverte gamma: requête Gamma: error sending request for url (https://gamma-api.polymarket.com/events?slug=btc-updown-5m-1783234800): client error (Connect): tunnel error: failed to create underlying connection: tcp connect error: Connection refused (os error 111)
[2m2026-07-05T07:04:38.424709Z[0m [33m WARN[0m [2mpm_bot[0m[2m:[0m découverte gamma: requête Gamma: error sending request for url (https://gamma-api.polymarket.com/events?slug=btc-updown-5m-1783234800): client error (Connect): tunnel error: failed to create underlying connection: tcp connect error: Connection refused (os error 111)
[2m2026-07-05T07:04:43.426171Z[0m [33m WARN[0m [2mpm_bot[0m[2m:[0m découverte gamma: requête Gamma: error sending request for url (https://gamma-api.polymarket.com/events?slug=btc-updown-5m-1783234800): client error (Connect): tunnel error: failed to create underlying connection: tcp connect error: Connection refused (os error 111)
[2m2026-07-05T07:04:47.996848Z[0m [33m WARN[0m [2mpm_acquisition::rtds[0m[2m:[0m RTDS erreur: connexion au proxy 127.0.0.1:45417: Connection refused (os error 111)
[2m2026-07-05T07:04:48.427234Z[0m [33m WARN[0m [2mpm_bot[0m[2m:[0m découverte gamma: requête Gamma: error sending request for url (https://gamma-api.polymarket.com/events?slug=btc-updown-5m-1783234800): client error (Connect): tunnel error: failed to create underlying connection: tcp connect error: Connection refused (os error 111)
[2m2026-07-05T07:04:53.428892Z[0m [33m WARN[0m [2mpm_bot[0m[2m:[0m découverte gamma: requête Gamma: error sending request for url (https://gamma-api.polymarket.com/events?slug=btc-updown-5m-1783234800): client error (Connect): tunnel error: failed to create underlying connection: tcp connect error: Connection refused (os error 111)
[2m2026-07-05T07:04:58.430099Z[0m [33m WARN[0m [2mpm_bot[0m[2m:[0m découverte gamma: requête Gamma: error sending request for url (https://gamma-api.polymarket.com/events?slug=btc-updown-5m-1783234800): client error (Connect): tunnel error: failed to create underlying connection: tcp connect error: Connection refused (os error 111)
[2m2026-07-05T07:05:02.998367Z[0m [33m WARN[0m [2mpm_acquisition::rtds[0m[2m:[0m RTDS erreur: connexion au proxy 127.0.0.1:45417: Connection refused (os error 111)
[2m2026-07-05T07:05:03.430833Z[0m [33m WARN[0m [2mpm_bot[0m[2m:[0m découverte gamma: requête Gamma: error sending request for url (https://gamma-api.polymarket.com/events?slug=btc-updown-5m-1783235100): client error (Connect): tunnel error: failed to create underlying connection: tcp connect error: Connection refused (os error 111)
[2m2026-07-05T07:05:08.432341Z[0m [33m WARN[0m [2mpm_bot[0m[2m:[0m découverte gamma: requête Gamma: error sending request for url (https://gamma-api.polymarket.com/events?slug=btc-updown-5m-1783235100): client error (Connect): tunnel error: failed to create underlying connection: tcp connect error: Connection refused (os error 111)
[2m2026-07-05T07:05:13.434210Z[0m [33m WARN[0m [2mpm_bot[0m[2m:[0m découverte gamma: requête Gamma: error sending request for url (https://gamma-api.polymarket.com/events?slug=btc-updown-5m-1783235100): client error (Connect): tunnel error: failed to create underlying connection: tcp connect error: Connection refused (os error 111)
[2m2026-07-05T07:05:18.000165Z[0m [33m WARN[0m [2mpm_acquisition::rtds[0m[2m:[0m RTDS erreur: connexion au proxy 127.0.0.1:45417: Connection refused (os error 111)
[2m2026-07-05T07:05:18.435264Z[0m [33m WARN[0m [2mpm_bot[0m[2m:[0m découverte gamma: requête Gamma: error sending request for url (https://gamma-api.polymarket.com/events?slug=btc-updown-5m-1783235100): client error (Connect): tunnel error: failed to create underlying connection: tcp connect error: Connection refused (os error 111)
[2m2026-07-05T07:05:23.437314Z[0m [33m WARN[0m [2mpm_bot[0m[2m:[0m découverte gamma: requête Gamma: error sending request for url (https://gamma-api.polymarket.com/events?slug=btc-updown-5m-1783235100): client error (Connect): tunnel error: failed to create underlying connection: tcp connect error: Connection refused (os error 111)
[2m2026-07-05T07:05:28.439511Z[0m [33m WARN[0m [2mpm_bot[0m[2m:[0m découverte gamma: requête Gamma: error sending request for url (https://gamma-api.polymarket.com/events?slug=btc-updown-5m-1783235100): client error (Connect): tunnel error: failed to create underlying connection: tcp connect error: Connection refused (os error 111)
[2m2026-07-05T07:05:33.000776Z[0m [33m WARN[0m [2mpm_acquisition::rtds[0m[2m:[0m RTDS erreur: connexion au proxy 127.0.0.1:45417: Connection refused (os error 111)
[2m2026-07-05T07:05:33.441207Z[0m [33m WARN[0m [2mpm_bot[0m[2m:[0m découverte gamma: requête Gamma: error sending request for url (https://gamma-api.polymarket.com/events?slug=btc-updown-5m-1783235100): client error (Connect): tunnel error: failed to create underlying connection: tcp connect error: Connection refused (os error 111)
[2m2026-07-05T07:05:38.442284Z[0m [33m WARN[0m [2mpm_bot[0m[2m:[0m découverte gamma: requête Gamma: error sending request for url (https://gamma-api.polymarket.com/events?slug=btc-updown-5m-1783235100): client error (Connect): tunnel error: failed to create underlying connection: tcp connect error: Connection refused (os error 111)
[2m2026-07-05T07:05:43.444129Z[0m [33m WARN[0m [2mpm_bot[0m[2m:[0m découverte gamma: requête Gamma: error sending request for url (https://gamma-api.polymarket.com/events?slug=btc-updown-5m-1783235100): client error (Connect): tunnel error: failed to create underlying connection: tcp connect error: Connection refused (os error 111)
[2m2026-07-05T07:05:48.002177Z[0m [33m WARN[0m [2mpm_acquisition::rtds[0m[2m:[0m RTDS erreur: connexion au proxy 127.0.0.1:45417: Connection refused (os error 111)
[2m2026-07-05T07:05:48.445486Z[0m [33m WARN[0m [2mpm_bot[0m[2m:[0m découverte gamma: requête Gamma: error sending request for url (https://gamma-api.polymarket.com/events?slug=btc-updown-5m-1783235100): client error (Connect): tunnel error: failed to create underlying connection: tcp connect error: Connection refused (os error 111)
[2m2026-07-05T07:05:53.447462Z[0m [33m WARN[0m [2mpm_bot[0m[2m:[0m découverte gamma: requête Gamma: error sending request for url (https://gamma-api.polymarket.com/events?slug=btc-updown-5m-1783235100): client error (Connect): tunnel error: failed to create underlying connection: tcp connect error: Connection refused (os error 111)
[2m2026-07-05T07:05:58.449209Z[0m [33m WARN[0m [2mpm_bot[0m[2m:[0m découverte gamma: requête Gamma: error sending request for url (https://gamma-api.polymarket.com/events?slug=btc-updown-5m-1783235100): client error (Connect): tunnel error: failed to create underlying connection: tcp connect error: Connection refused (os error 111)
[2m2026-07-05T07:06:03.003124Z[0m [33m WARN[0m [2mpm_acquisition::rtds[0m[2m:[0m RTDS erreur: connexion au proxy 127.0.0.1:45417: Connection refused (os error 111)
[2m2026-07-05T07:06:03.450320Z[0m [33m WARN[0m [2mpm_bot[0m[2m:[0m découverte gamma: requête Gamma: error sending request for url (https://gamma-api.polymarket.com/events?slug=btc-updown-5m-1783235100): client error (Connect): tunnel error: failed to create underlying connection: tcp connect error: Connection refused (os error 111)
[2m2026-07-05T07:06:08.452079Z[0m [33m WARN[0m [2mpm_bot[0m[2m:[0m découverte gamma: requête Gamma: error sending request for url (https://gamma-api.polymarket.com/events?slug=btc-updown-5m-1783235100): client error (Connect): tunnel error: failed to create underlying connection: tcp connect error: Connection refused (os error 111)
[2m2026-07-05T07:06:13.452645Z[0m [33m WARN[0m [2mpm_bot[0m[2m:[0m découverte gamma: requête Gamma: error sending request for url (https://gamma-api.polymarket.com/events?slug=btc-updown-5m-1783235100): client error (Connect): tunnel error: failed to create underlying connection: tcp connect error: Connection refused (os error 111)
[2m2026-07-05T07:06:18.004486Z[0m [33m WARN[0m [2mpm_acquisition::rtds[0m[2m:[0m RTDS erreur: connexion au proxy 127.0.0.1:45417: Connection refused (os error 111)
[2m2026-07-05T07:06:18.454003Z[0m [33m WARN[0m [2mpm_bot[0m[2m:[0m découverte gamma: requête Gamma: error sending request for url (https://gamma-api.polymarket.com/events?slug=btc-updown-5m-1783235100): client error (Connect): tunnel error: failed to create underlying connection: tcp connect error: Connection refused (os error 111)
[2m2026-07-05T07:06:23.455191Z[0m [33m WARN[0m [2mpm_bot[0m[2m:[0m découverte gamma: requête Gamma: error sending request for url (https://gamma-api.polymarket.com/events?slug=btc-updown-5m-1783235100): client error (Connect): tunnel error: failed to create underlying connection: tcp connect error: Connection refused (os error 111)
[2m2026-07-05T07:06:28.456093Z[0m [33m WARN[0m [2mpm_bot[0m[2m:[0m découverte gamma: requête Gamma: error sending request for url (https://gamma-api.polymarket.com/events?slug=btc-updown-5m-1783235100): client error (Connect): tunnel error: failed to create underlying connection: tcp connect error: Connection refused (os error 111)
[2m2026-07-05T07:06:33.006238Z[0m [33m WARN[0m [2mpm_acquisition::rtds[0m[2m:[0m RTDS erreur: connexion au proxy 127.0.0.1:45417: Connection refused (os error 111)
[2m2026-07-05T07:06:33.457614Z[0m [33m WARN[0m [2mpm_bot[0m[2m:[0m découverte gamma: requête Gamma: error sending request for url (https://gamma-api.polymarket.com/events?slug=btc-updown-5m-1783235100): client error (Connect): tunnel error: failed to create underlying connection: tcp connect error: Connection refused (os error 111)
[2m2026-07-05T07:06:38.458653Z[0m [33m WARN[0m [2mpm_bot[0m[2m:[0m découverte gamma: requête Gamma: error sending request for url (https://gamma-api.polymarket.com/events?slug=btc-updown-5m-1783235100): client error (Connect): tunnel error: failed to create underlying connection: tcp connect error: Connection refused (os error 111)
[2m2026-07-05T07:06:43.460275Z[0m [33m WARN[0m [2mpm_bot[0m[2m:[0m découverte gamma: requête Gamma: error sending request for url (https://gamma-api.polymarket.com/events?slug=btc-updown-5m-1783235100): client error (Connect): tunnel error: failed to create underlying connection: tcp connect error: Connection refused (os error 111)
[2m2026-07-05T07:06:48.008284Z[0m [33m WARN[0m [2mpm_acquisition::rtds[0m[2m:[0m RTDS erreur: connexion au proxy 127.0.0.1:45417: Connection refused (os error 111)
[2m2026-07-05T07:06:48.461712Z[0m [33m WARN[0m [2mpm_bot[0m[2m:[0m découverte gamma: requête Gamma: error sending request for url (https://gamma-api.polymarket.com/events?slug=btc-updown-5m-1783235100): client error (Connect): tunnel error: failed to create underlying connection: tcp connect error: Connection refused (os error 111)
[2m2026-07-05T07:06:53.462662Z[0m [33m WARN[0m [2mpm_bot[0m[2m:[0m découverte gamma: requête Gamma: error sending request for url (https://gamma-api.polymarket.com/events?slug=btc-updown-5m-1783235100): client error (Connect): tunnel error: failed to create underlying connection: tcp connect error: Connection refused (os error 111)
[2m2026-07-05T07:06:58.464285Z[0m [33m WARN[0m [2mpm_bot[0m[2m:[0m découverte gamma: requête Gamma: error sending request for url (https://gamma-api.polymarket.com/events?slug=btc-updown-5m-1783235100): client error (Connect): tunnel error: failed to create underlying connection: tcp connect error: Connection refused (os error 111)
[2m2026-07-05T07:07:03.010336Z[0m [33m WARN[0m [2mpm_acquisition::rtds[0m[2m:[0m RTDS erreur: connexion au proxy 127.0.0.1:45417: Connection refused (os error 111)
[2m2026-07-05T07:07:03.465582Z[0m [33m WARN[0m [2mpm_bot[0m[2m:[0m découverte gamma: requête Gamma: error sending request for url (https://gamma-api.polymarket.com/events?slug=btc-updown-5m-1783235100): client error (Connect): tunnel error: failed to create underlying connection: tcp connect error: Connection refused (os error 111)
[2m2026-07-05T07:07:08.466995Z[0m [33m WARN[0m [2mpm_bot[0m[2m:[0m découverte gamma: requête Gamma: error sending request for url (https://gamma-api.polymarket.com/events?slug=btc-updown-5m-1783235100): client error (Connect): tunnel error: failed to create underlying connection: tcp connect error: Connection refused (os error 111)
[2m2026-07-05T07:07:13.468151Z[0m [33m WARN[0m [2mpm_bot[0m[2m:[0m découverte gamma: requête Gamma: error sending request for url (https://gamma-api.polymarket.com/events?slug=btc-updown-5m-1783235100): client error (Connect): tunnel error: failed to create underlying connection: tcp connect error: Connection refused (os error 111)
[2m2026-07-05T07:07:18.012256Z[0m [33m WARN[0m [2mpm_acquisition::rtds[0m[2m:[0m RTDS erreur: connexion au proxy 127.0.0.1:45417: Connection refused (os error 111)
[2m2026-07-05T07:07:18.469421Z[0m [33m WARN[0m [2mpm_bot[0m[2m:[0m découverte gamma: requête Gamma: error sending request for url (https://gamma-api.polymarket.com/events?slug=btc-updown-5m-1783235100): client error (Connect): tunnel error: failed to create underlying connection: tcp connect error: Connection refused (os error 111)
[2m2026-07-05T07:07:23.471002Z[0m [33m WARN[0m [2mpm_bot[0m[2m:[0m découverte gamma: requête Gamma: error sending request for url (https://gamma-api.polymarket.com/events?slug=btc-updown-5m-1783235100): client error (Connect): tunnel error: failed to create underlying connection: tcp connect error: Connection refused (os error 111)
[2m2026-07-05T07:07:28.472549Z[0m [33m WARN[0m [2mpm_bot[0m[2m:[0m découverte gamma: requête Gamma: error sending request for url (https://gamma-api.polymarket.com/events?slug=btc-updown-5m-1783235100): client error (Connect): tunnel error: failed to create underlying connection: tcp connect error: Connection refused (os error 111)
[2m2026-07-05T07:07:33.013560Z[0m [33m WARN[0m [2mpm_acquisition::rtds[0m[2m:[0m RTDS erreur: connexion au proxy 127.0.0.1:45417: Connection refused (os error 111)
[2m2026-07-05T07:07:33.473912Z[0m [33m WARN[0m [2mpm_bot[0m[2m:[0m découverte gamma: requête Gamma: error sending request for url (https://gamma-api.polymarket.com/events?slug=btc-updown-5m-1783235100): client error (Connect): tunnel error: failed to create underlying connection: tcp connect error: Connection refused (os error 111)
[2m2026-07-05T07:07:38.474763Z[0m [33m WARN[0m [2mpm_bot[0m[2m:[0m découverte gamma: requête Gamma: error sending request for url (https://gamma-api.polymarket.com/events?slug=btc-updown-5m-1783235100): client error (Connect): tunnel error: failed to create underlying connection: tcp connect error: Connection refused (os error 111)
[2m2026-07-05T07:07:43.475768Z[0m [33m WARN[0m [2mpm_bot[0m[2m:[0m découverte gamma: requête Gamma: error sending request for url (https://gamma-api.polymarket.com/events?slug=btc-updown-5m-1783235100): client error (Connect): tunnel error: failed to create underlying connection: tcp connect error: Connection refused (os error 111)
[2m2026-07-05T07:07:48.014839Z[0m [33m WARN[0m [2mpm_acquisition::rtds[0m[2m:[0m RTDS erreur: connexion au proxy 127.0.0.1:45417: Connection refused (os error 111)
[2m2026-07-05T07:07:48.477196Z[0m [33m WARN[0m [2mpm_bot[0m[2m:[0m découverte gamma: requête Gamma: error sending request for url (https://gamma-api.polymarket.com/events?slug=btc-updown-5m-1783235100): client error (Connect): tunnel error: failed to create underlying connection: tcp connect error: Connection refused (os error 111)
[2m2026-07-05T07:07:53.477777Z[0m [33m WARN[0m [2mpm_bot[0m[2m:[0m découverte gamma: requête Gamma: error sending request for url (https://gamma-api.polymarket.com/events?slug=btc-updown-5m-1783235100): client error (Connect): tunnel error: failed to create underlying connection: tcp connect error: Connection refused (os error 111)
[2m2026-07-05T07:07:58.479295Z[0m [33m WARN[0m [2mpm_bot[0m[2m:[0m découverte gamma: requête Gamma: error sending request for url (https://gamma-api.polymarket.com/events?slug=btc-updown-5m-1783235100): client error (Connect): tunnel error: failed to create underlying connection: tcp connect error: Connection refused (os error 111)
[2m2026-07-05T07:08:03.016048Z[0m [33m WARN[0m [2mpm_acquisition::rtds[0m[2m:[0m RTDS erreur: connexion au proxy 127.0.0.1:45417: Connection refused (os error 111)
[2m2026-07-05T07:08:03.481218Z[0m [33m WARN[0m [2mpm_bot[0m[2m:[0m découverte gamma: requête Gamma: error sending request for url (https://gamma-api.polymarket.com/events?slug=btc-updown-5m-1783235100): client error (Connect): tunnel error: failed to create underlying connection: tcp connect error: Connection refused (os error 111)
[2m2026-07-05T07:08:08.482048Z[0m [33m WARN[0m [2mpm_bot[0m[2m:[0m découverte gamma: requête Gamma: error sending request for url (https://gamma-api.polymarket.com/events?slug=btc-updown-5m-1783235100): client error (Connect): tunnel error: failed to create underlying connection: tcp connect error: Connection refused (os error 111)
[2m2026-07-05T07:08:13.482850Z[0m [33m WARN[0m [2mpm_bot[0m[2m:[0m découverte gamma: requête Gamma: error sending request for url (https://gamma-api.polymarket.com/events?slug=btc-updown-5m-1783235100): client error (Connect): tunnel error: failed to create underlying connection: tcp connect error: Connection refused (os error 111)
[2m2026-07-05T07:08:18.016876Z[0m [33m WARN[0m [2mpm_acquisition::rtds[0m[2m:[0m RTDS erreur: connexion au proxy 127.0.0.1:45417: Connection refused (os error 111)
[2m2026-07-05T07:08:18.484171Z[0m [33m WARN[0m [2mpm_bot[0m[2m:[0m découverte gamma: requête Gamma: error sending request for url (https://gamma-api.polymarket.com/events?slug=btc-updown-5m-1783235100): client error (Connect): tunnel error: failed to create underlying connection: tcp connect error: Connection refused (os error 111)
[2m2026-07-05T07:08:23.485218Z[0m [33m WARN[0m [2mpm_bot[0m[2m:[0m découverte gamma: requête Gamma: error sending request for url (https://gamma-api.polymarket.com/events?slug=btc-updown-5m-1783235100): client error (Connect): tunnel error: failed to create underlying connection: tcp connect error: Connection refused (os error 111)
[2m2026-07-05T07:08:28.485761Z[0m [33m WARN[0m [2mpm_bot[0m[2m:[0m découverte gamma: requête Gamma: error sending request for url (https://gamma-api.polymarket.com/events?slug=btc-updown-5m-1783235100): client error (Connect): tunnel error: failed to create underlying connection: tcp connect error: Connection refused (os error 111)
[2m2026-07-05T07:08:33.018184Z[0m [33m WARN[0m [2mpm_acquisition::rtds[0m[2m:[0m RTDS erreur: connexion au proxy 127.0.0.1:45417: Connection refused (os error 111)
[2m2026-07-05T07:08:33.487410Z[0m [33m WARN[0m [2mpm_bot[0m[2m:[0m découverte gamma: requête Gamma: error sending request for url (https://gamma-api.polymarket.com/events?slug=btc-updown-5m-1783235100): client error (Connect): tunnel error: failed to create underlying connection: tcp connect error: Connection refused (os error 111)
[2m2026-07-05T07:08:38.489575Z[0m [33m WARN[0m [2mpm_bot[0m[2m:[0m découverte gamma: requête Gamma: error sending request for url (https://gamma-api.polymarket.com/events?slug=btc-updown-5m-1783235100): client error (Connect): tunnel error: failed to create underlying connection: tcp connect error: Connection refused (os error 111)
[2m2026-07-05T07:08:43.490688Z[0m [33m WARN[0m [2mpm_bot[0m[2m:[0m découverte gamma: requête Gamma: error sending request for url (https://gamma-api.polymarket.com/events?slug=btc-updown-5m-1783235100): client error (Connect): tunnel error: failed to create underlying connection: tcp connect error: Connection refused (os error 111)
[2m2026-07-05T07:08:48.018820Z[0m [33m WARN[0m [2mpm_acquisition::rtds[0m[2m:[0m RTDS erreur: connexion au proxy 127.0.0.1:45417: Connection refused (os error 111)
[2m2026-07-05T07:08:48.492058Z[0m [33m WARN[0m [2mpm_bot[0m[2m:[0m découverte gamma: requête Gamma: error sending request for url (https://gamma-api.polymarket.com/events?slug=btc-updown-5m-1783235100): client error (Connect): tunnel error: failed to create underlying connection: tcp connect error: Connection refused (os error 111)
[2m2026-07-05T07:08:53.492667Z[0m [33m WARN[0m [2mpm_bot[0m[2m:[0m découverte gamma: requête Gamma: error sending request for url (https://gamma-api.polymarket.com/events?slug=btc-updown-5m-1783235100): client error (Connect): tunnel error: failed to create underlying connection: tcp connect error: Connection refused (os error 111)
[2m2026-07-05T07:08:58.493732Z[0m [33m WARN[0m [2mpm_bot[0m[2m:[0m découverte gamma: requête Gamma: error sending request for url (https://gamma-api.polymarket.com/events?slug=btc-updown-5m-1783235100): client error (Connect): tunnel error: failed to create underlying connection: tcp connect error: Connection refused (os error 111)
[2m2026-07-05T07:09:03.019735Z[0m [33m WARN[0m [2mpm_acquisition::rtds[0m[2m:[0m RTDS erreur: connexion au proxy 127.0.0.1:45417: Connection refused (os error 111)
[2m2026-07-05T07:09:03.494838Z[0m [33m WARN[0m [2mpm_bot[0m[2m:[0m découverte gamma: requête Gamma: error sending request for url (https://gamma-api.polymarket.com/events?slug=btc-updown-5m-1783235100): client error (Connect): tunnel error: failed to create underlying connection: tcp connect error: Connection refused (os error 111)
[2m2026-07-05T07:09:08.496065Z[0m [33m WARN[0m [2mpm_bot[0m[2m:[0m découverte gamma: requête Gamma: error sending request for url (https://gamma-api.polymarket.com/events?slug=btc-updown-5m-1783235100): client error (Connect): tunnel error: failed to create underlying connection: tcp connect error: Connection refused (os error 111)
[2m2026-07-05T07:09:13.497202Z[0m [33m WARN[0m [2mpm_bot[0m[2m:[0m découverte gamma: requête Gamma: error sending request for url (https://gamma-api.polymarket.com/events?slug=btc-updown-5m-1783235100): client error (Connect): tunnel error: failed to create underlying connection: tcp connect error: Connection refused (os error 111)
[2m2026-07-05T07:09:18.021223Z[0m [33m WARN[0m [2mpm_acquisition::rtds[0m[2m:[0m RTDS erreur: connexion au proxy 127.0.0.1:45417: Connection refused (os error 111)
[2m2026-07-05T07:09:18.498433Z[0m [33m WARN[0m [2mpm_bot[0m[2m:[0m découverte gamma: requête Gamma: error sending request for url (https://gamma-api.polymarket.com/events?slug=btc-updown-5m-1783235100): client error (Connect): tunnel error: failed to create underlying connection: tcp connect error: Connection refused (os error 111)
[2m2026-07-05T07:09:23.499971Z[0m [33m WARN[0m [2mpm_bot[0m[2m:[0m découverte gamma: requête Gamma: error sending request for url (https://gamma-api.polymarket.com/events?slug=btc-updown-5m-1783235100): client error (Connect): tunnel error: failed to create underlying connection: tcp connect error: Connection refused (os error 111)
[2m2026-07-05T07:09:28.501056Z[0m [33m WARN[0m [2mpm_bot[0m[2m:[0m découverte gamma: requête Gamma: error sending request for url (https://gamma-api.polymarket.com/events?slug=btc-updown-5m-1783235100): client error (Connect): tunnel error: failed to create underlying connection: tcp connect error: Connection refused (os error 111)
[2m2026-07-05T07:09:33.022073Z[0m [33m WARN[0m [2mpm_acquisition::rtds[0m[2m:[0m RTDS erreur: connexion au proxy 127.0.0.1:45417: Connection refused (os error 111)
[2m2026-07-05T07:09:33.502293Z[0m [33m WARN[0m [2mpm_bot[0m[2m:[0m découverte gamma: requête Gamma: error sending request for url (https://gamma-api.polymarket.com/events?slug=btc-updown-5m-1783235100): client error (Connect): tunnel error: failed to create underlying connection: tcp connect error: Connection refused (os error 111)
[2m2026-07-05T07:09:38.503910Z[0m [33m WARN[0m [2mpm_bot[0m[2m:[0m découverte gamma: requête Gamma: error sending request for url (https://gamma-api.polymarket.com/events?slug=btc-updown-5m-1783235100): client error (Connect): tunnel error: failed to create underlying connection: tcp connect error: Connection refused (os error 111)
[2m2026-07-05T07:09:43.505247Z[0m [33m WARN[0m [2mpm_bot[0m[2m:[0m découverte gamma: requête Gamma: error sending request for url (https://gamma-api.polymarket.com/events?slug=btc-updown-5m-1783235100): client error (Connect): tunnel error: failed to create underlying connection: tcp connect error: Connection refused (os error 111)
[2m2026-07-05T07:09:48.023372Z[0m [33m WARN[0m [2mpm_acquisition::rtds[0m[2m:[0m RTDS erreur: connexion au proxy 127.0.0.1:45417: Connection refused (os error 111)
[2m2026-07-05T07:09:48.507564Z[0m [33m WARN[0m [2mpm_bot[0m[2m:[0m découverte gamma: requête Gamma: error sending request for url (https://gamma-api.polymarket.com/events?slug=btc-updown-5m-1783235100): client error (Connect): tunnel error: failed to create underlying connection: tcp connect error: Connection refused (os error 111)
[2m2026-07-05T07:09:53.509080Z[0m [33m WARN[0m [2mpm_bot[0m[2m:[0m découverte gamma: requête Gamma: error sending request for url (https://gamma-api.polymarket.com/events?slug=btc-updown-5m-1783235100): client error (Connect): tunnel error: failed to create underlying connection: tcp connect error: Connection refused (os error 111)
[2m2026-07-05T07:09:58.510252Z[0m [33m WARN[0m [2mpm_bot[0m[2m:[0m découverte gamma: requête Gamma: error sending request for url (https://gamma-api.polymarket.com/events?slug=btc-updown-5m-1783235100): client error (Connect): tunnel error: failed to create underlying connection: tcp connect error: Connection refused (os error 111)
[2m2026-07-05T07:10:03.024965Z[0m [33m WARN[0m [2mpm_acquisition::rtds[0m[2m:[0m RTDS erreur: connexion au proxy 127.0.0.1:45417: Connection refused (os error 111)
[2m2026-07-05T07:10:03.512204Z[0m [33m WARN[0m [2mpm_bot[0m[2m:[0m découverte gamma: requête Gamma: error sending request for url (https://gamma-api.polymarket.com/events?slug=btc-updown-5m-1783235400): client error (Connect): tunnel error: failed to create underlying connection: tcp connect error: Connection refused (os error 111)
[2m2026-07-05T07:10:08.512882Z[0m [33m WARN[0m [2mpm_bot[0m[2m:[0m découverte gamma: requête Gamma: error sending request for url (https://gamma-api.polymarket.com/events?slug=btc-updown-5m-1783235400): client error (Connect): tunnel error: failed to create underlying connection: tcp connect error: Connection refused (os error 111)
[2m2026-07-05T07:10:13.514559Z[0m [33m WARN[0m [2mpm_bot[0m[2m:[0m découverte gamma: requête Gamma: error sending request for url (https://gamma-api.polymarket.com/events?slug=btc-updown-5m-1783235400): client error (Connect): tunnel error: failed to create underlying connection: tcp connect error: Connection refused (os error 111)
[2m2026-07-05T07:10:18.025883Z[0m [33m WARN[0m [2mpm_acquisition::rtds[0m[2m:[0m RTDS erreur: connexion au proxy 127.0.0.1:45417: Connection refused (os error 111)
[2m2026-07-05T07:10:18.516231Z[0m [33m WARN[0m [2mpm_bot[0m[2m:[0m découverte gamma: requête Gamma: error sending request for url (https://gamma-api.polymarket.com/events?slug=btc-updown-5m-1783235400): client error (Connect): tunnel error: failed to create underlying connection: tcp connect error: Connection refused (os error 111)
[2m2026-07-05T07:10:23.518158Z[0m [33m WARN[0m [2mpm_bot[0m[2m:[0m découverte gamma: requête Gamma: error sending request for url (https://gamma-api.polymarket.com/events?slug=btc-updown-5m-1783235400): client error (Connect): tunnel error: failed to create underlying connection: tcp connect error: Connection refused (os error 111)
[2m2026-07-05T07:10:28.519351Z[0m [33m WARN[0m [2mpm_bot[0m[2m:[0m découverte gamma: requête Gamma: error sending request for url (https://gamma-api.polymarket.com/events?slug=btc-updown-5m-1783235400): client error (Connect): tunnel error: failed to create underlying connection: tcp connect error: Connection refused (os error 111)
[2m2026-07-05T07:10:33.026719Z[0m [33m WARN[0m [2mpm_acquisition::rtds[0m[2m:[0m RTDS erreur: connexion au proxy 127.0.0.1:45417: Connection refused (os error 111)
[2m2026-07-05T07:10:33.520901Z[0m [33m WARN[0m [2mpm_bot[0m[2m:[0m découverte gamma: requête Gamma: error sending request for url (https://gamma-api.polymarket.com/events?slug=btc-updown-5m-1783235400): client error (Connect): tunnel error: failed to create underlying connection: tcp connect error: Connection refused (os error 111)
[2m2026-07-05T07:10:38.521888Z[0m [33m WARN[0m [2mpm_bot[0m[2m:[0m découverte gamma: requête Gamma: error sending request for url (https://gamma-api.polymarket.com/events?slug=btc-updown-5m-1783235400): client error (Connect): tunnel error: failed to create underlying connection: tcp connect error: Connection refused (os error 111)
[2m2026-07-05T07:10:43.523200Z[0m [33m WARN[0m [2mpm_bot[0m[2m:[0m découverte gamma: requête Gamma: error sending request for url (https://gamma-api.polymarket.com/events?slug=btc-updown-5m-1783235400): client error (Connect): tunnel error: failed to create underlying connection: tcp connect error: Connection refused (os error 111)
[2m2026-07-05T07:10:48.028074Z[0m [33m WARN[0m [2mpm_acquisition::rtds[0m[2m:[0m RTDS erreur: connexion au proxy 127.0.0.1:45417: Connection refused (os error 111)
[2m2026-07-05T07:10:48.524274Z[0m [33m WARN[0m [2mpm_bot[0m[2m:[0m découverte gamma: requête Gamma: error sending request for url (https://gamma-api.polymarket.com/events?slug=btc-updown-5m-1783235400): client error (Connect): tunnel error: failed to create underlying connection: tcp connect error: Connection refused (os error 111)
[2m2026-07-05T07:10:53.526099Z[0m [33m WARN[0m [2mpm_bot[0m[2m:[0m découverte gamma: requête Gamma: error sending request for url (https://gamma-api.polymarket.com/events?slug=btc-updown-5m-1783235400): client error (Connect): tunnel error: failed to create underlying connection: tcp connect error: Connection refused (os error 111)
[2m2026-07-05T07:10:58.527333Z[0m [33m WARN[0m [2mpm_bot[0m[2m:[0m découverte gamma: requête Gamma: error sending request for url (https://gamma-api.polymarket.com/events?slug=btc-updown-5m-1783235400): client error (Connect): tunnel error: failed to create underlying connection: tcp connect error: Connection refused (os error 111)
[2m2026-07-05T07:11:03.028594Z[0m [33m WARN[0m [2mpm_acquisition::rtds[0m[2m:[0m RTDS erreur: connexion au proxy 127.0.0.1:45417: Connection refused (os error 111)
[2m2026-07-05T07:11:03.528886Z[0m [33m WARN[0m [2mpm_bot[0m[2m:[0m découverte gamma: requête Gamma: error sending request for url (https://gamma-api.polymarket.com/events?slug=btc-updown-5m-1783235400): client error (Connect): tunnel error: failed to create underlying connection: tcp connect error: Connection refused (os error 111)
[2m2026-07-05T07:11:08.529838Z[0m [33m WARN[0m [2mpm_bot[0m[2m:[0m découverte gamma: requête Gamma: error sending request for url (https://gamma-api.polymarket.com/events?slug=btc-updown-5m-1783235400): client error (Connect): tunnel error: failed to create underlying connection: tcp connect error: Connection refused (os error 111)
[2m2026-07-05T07:11:13.530936Z[0m [33m WARN[0m [2mpm_bot[0m[2m:[0m découverte gamma: requête Gamma: error sending request for url (https://gamma-api.polymarket.com/events?slug=btc-updown-5m-1783235400): client error (Connect): tunnel error: failed to create underlying connection: tcp connect error: Connection refused (os error 111)
[2m2026-07-05T07:11:18.029642Z[0m [33m WARN[0m [2mpm_acquisition::rtds[0m[2m:[0m RTDS erreur: connexion au proxy 127.0.0.1:45417: Connection refused (os error 111)
[2m2026-07-05T07:11:18.531884Z[0m [33m WARN[0m [2mpm_bot[0m[2m:[0m découverte gamma: requête Gamma: error sending request for url (https://gamma-api.polymarket.com/events?slug=btc-updown-5m-1783235400): client error (Connect): tunnel error: failed to create underlying connection: tcp connect error: Connection refused (os error 111)
[2m2026-07-05T07:11:23.532943Z[0m [33m WARN[0m [2mpm_bot[0m[2m:[0m découverte gamma: requête Gamma: error sending request for url (https://gamma-api.polymarket.com/events?slug=btc-updown-5m-1783235400): client error (Connect): tunnel error: failed to create underlying connection: tcp connect error: Connection refused (os error 111)
[2m2026-07-05T07:11:28.533989Z[0m [33m WARN[0m [2mpm_bot[0m[2m:[0m découverte gamma: requête Gamma: error sending request for url (https://gamma-api.polymarket.com/events?slug=btc-updown-5m-1783235400): client error (Connect): tunnel error: failed to create underlying connection: tcp connect error: Connection refused (os error 111)
[2m2026-07-05T07:11:33.030664Z[0m [33m WARN[0m [2mpm_acquisition::rtds[0m[2m:[0m RTDS erreur: connexion au proxy 127.0.0.1:45417: Connection refused (os error 111)
[2m2026-07-05T07:11:33.535139Z[0m [33m WARN[0m [2mpm_bot[0m[2m:[0m découverte gamma: requête Gamma: error sending request for url (https://gamma-api.polymarket.com/events?slug=btc-updown-5m-1783235400): client error (Connect): tunnel error: failed to create underlying connection: tcp connect error: Connection refused (os error 111)
[2m2026-07-05T07:11:38.536453Z[0m [33m WARN[0m [2mpm_bot[0m[2m:[0m découverte gamma: requête Gamma: error sending request for url (https://gamma-api.polymarket.com/events?slug=btc-updown-5m-1783235400): client error (Connect): tunnel error: failed to create underlying connection: tcp connect error: Connection refused (os error 111)
[2m2026-07-05T07:11:43.538138Z[0m [33m WARN[0m [2mpm_bot[0m[2m:[0m découverte gamma: requête Gamma: error sending request for url (https://gamma-api.polymarket.com/events?slug=btc-updown-5m-1783235400): client error (Connect): tunnel error: failed to create underlying connection: tcp connect error: Connection refused (os error 111)
[2m2026-07-05T07:11:48.031700Z[0m [33m WARN[0m [2mpm_acquisition::rtds[0m[2m:[0m RTDS erreur: connexion au proxy 127.0.0.1:45417: Connection refused (os error 111)
[2m2026-07-05T07:11:48.539070Z[0m [33m WARN[0m [2mpm_bot[0m[2m:[0m découverte gamma: requête Gamma: error sending request for url (https://gamma-api.polymarket.com/events?slug=btc-updown-5m-1783235400): client error (Connect): tunnel error: failed to create underlying connection: tcp connect error: Connection refused (os error 111)
[2m2026-07-05T07:11:53.539875Z[0m [33m WARN[0m [2mpm_bot[0m[2m:[0m découverte gamma: requête Gamma: error sending request for url (https://gamma-api.polymarket.com/events?slug=btc-updown-5m-1783235400): client error (Connect): tunnel error: failed to create underlying connection: tcp connect error: Connection refused (os error 111)
[2m2026-07-05T07:11:58.540803Z[0m [33m WARN[0m [2mpm_bot[0m[2m:[0m découverte gamma: requête Gamma: error sending request for url (https://gamma-api.polymarket.com/events?slug=btc-updown-5m-1783235400): client error (Connect): tunnel error: failed to create underlying connection: tcp connect error: Connection refused (os error 111)
[2m2026-07-05T07:12:03.032791Z[0m [33m WARN[0m [2mpm_acquisition::rtds[0m[2m:[0m RTDS erreur: connexion au proxy 127.0.0.1:45417: Connection refused (os error 111)
[2m2026-07-05T07:12:03.542075Z[0m [33m WARN[0m [2mpm_bot[0m[2m:[0m découverte gamma: requête Gamma: error sending request for url (https://gamma-api.polymarket.com/events?slug=btc-updown-5m-1783235400): client error (Connect): tunnel error: failed to create underlying connection: tcp connect error: Connection refused (os error 111)
[2m2026-07-05T07:12:08.542933Z[0m [33m WARN[0m [2mpm_bot[0m[2m:[0m découverte gamma: requête Gamma: error sending request for url (https://gamma-api.polymarket.com/events?slug=btc-updown-5m-1783235400): client error (Connect): tunnel error: failed to create underlying connection: tcp connect error: Connection refused (os error 111)
[2m2026-07-05T07:12:13.543937Z[0m [33m WARN[0m [2mpm_bot[0m[2m:[0m découverte gamma: requête Gamma: error sending request for url (https://gamma-api.polymarket.com/events?slug=btc-updown-5m-1783235400): client error (Connect): tunnel error: failed to create underlying connection: tcp connect error: Connection refused (os error 111)
[2m2026-07-05T07:12:18.034304Z[0m [33m WARN[0m [2mpm_acquisition::rtds[0m[2m:[0m RTDS erreur: connexion au proxy 127.0.0.1:45417: Connection refused (os error 111)
[2m2026-07-05T07:12:18.544573Z[0m [33m WARN[0m [2mpm_bot[0m[2m:[0m découverte gamma: requête Gamma: error sending request for url (https://gamma-api.polymarket.com/events?slug=btc-updown-5m-1783235400): client error (Connect): tunnel error: failed to create underlying connection: tcp connect error: Connection refused (os error 111)
[2m2026-07-05T07:12:23.546032Z[0m [33m WARN[0m [2mpm_bot[0m[2m:[0m découverte gamma: requête Gamma: error sending request for url (https://gamma-api.polymarket.com/events?slug=btc-updown-5m-1783235400): client error (Connect): tunnel error: failed to create underlying connection: tcp connect error: Connection refused (os error 111)
[2m2026-07-05T07:12:28.546577Z[0m [33m WARN[0m [2mpm_bot[0m[2m:[0m découverte gamma: requête Gamma: error sending request for url (https://gamma-api.polymarket.com/events?slug=btc-updown-5m-1783235400): client error (Connect): tunnel error: failed to create underlying connection: tcp connect error: Connection refused (os error 111)
[2m2026-07-05T07:12:33.035853Z[0m [33m WARN[0m [2mpm_acquisition::rtds[0m[2m:[0m RTDS erreur: connexion au proxy 127.0.0.1:45417: Connection refused (os error 111)
[2m2026-07-05T07:12:33.548171Z[0m [33m WARN[0m [2mpm_bot[0m[2m:[0m découverte gamma: requête Gamma: error sending request for url (https://gamma-api.polymarket.com/events?slug=btc-updown-5m-1783235400): client error (Connect): tunnel error: failed to create underlying connection: tcp connect error: Connection refused (os error 111)
[2m2026-07-05T07:12:38.548907Z[0m [33m WARN[0m [2mpm_bot[0m[2m:[0m découverte gamma: requête Gamma: error sending request for url (https://gamma-api.polymarket.com/events?slug=btc-updown-5m-1783235400): client error (Connect): tunnel error: failed to create underlying connection: tcp connect error: Connection refused (os error 111)
[2m2026-07-05T07:12:43.550363Z[0m [33m WARN[0m [2mpm_bot[0m[2m:[0m découverte gamma: requête Gamma: error sending request for url (https://gamma-api.polymarket.com/events?slug=btc-updown-5m-1783235400): client error (Connect): tunnel error: failed to create underlying connection: tcp connect error: Connection refused (os error 111)
[2m2026-07-05T07:12:48.037238Z[0m [33m WARN[0m [2mpm_acquisition::rtds[0m[2m:[0m RTDS erreur: connexion au proxy 127.0.0.1:45417: Connection refused (os error 111)
[2m2026-07-05T07:12:48.551680Z[0m [33m WARN[0m [2mpm_bot[0m[2m:[0m découverte gamma: requête Gamma: error sending request for url (https://gamma-api.polymarket.com/events?slug=btc-updown-5m-1783235400): client error (Connect): tunnel error: failed to create underlying connection: tcp connect error: Connection refused (os error 111)
[2m2026-07-05T07:12:53.552629Z[0m [33m WARN[0m [2mpm_bot[0m[2m:[0m découverte gamma: requête Gamma: error sending request for url (https://gamma-api.polymarket.com/events?slug=btc-updown-5m-1783235400): client error (Connect): tunnel error: failed to create underlying connection: tcp connect error: Connection refused (os error 111)
[2m2026-07-05T07:12:58.553620Z[0m [33m WARN[0m [2mpm_bot[0m[2m:[0m découverte gamma: requête Gamma: error sending request for url (https://gamma-api.polymarket.com/events?slug=btc-updown-5m-1783235400): client error (Connect): tunnel error: failed to create underlying connection: tcp connect error: Connection refused (os error 111)
[2m2026-07-05T07:13:03.038520Z[0m [33m WARN[0m [2mpm_acquisition::rtds[0m[2m:[0m RTDS erreur: connexion au proxy 127.0.0.1:45417: Connection refused (os error 111)
[2m2026-07-05T07:13:03.554784Z[0m [33m WARN[0m [2mpm_bot[0m[2m:[0m découverte gamma: requête Gamma: error sending request for url (https://gamma-api.polymarket.com/events?slug=btc-updown-5m-1783235400): client error (Connect): tunnel error: failed to create underlying connection: tcp connect error: Connection refused (os error 111)
[2m2026-07-05T07:13:08.556528Z[0m [33m WARN[0m [2mpm_bot[0m[2m:[0m découverte gamma: requête Gamma: error sending request for url (https://gamma-api.polymarket.com/events?slug=btc-updown-5m-1783235400): client error (Connect): tunnel error: failed to create underlying connection: tcp connect error: Connection refused (os error 111)
[2m2026-07-05T07:13:13.557922Z[0m [33m WARN[0m [2mpm_bot[0m[2m:[0m découverte gamma: requête Gamma: error sending request for url (https://gamma-api.polymarket.com/events?slug=btc-updown-5m-1783235400): client error (Connect): tunnel error: failed to create underlying connection: tcp connect error: Connection refused (os error 111)
[2m2026-07-05T07:13:18.040067Z[0m [33m WARN[0m [2mpm_acquisition::rtds[0m[2m:[0m RTDS erreur: connexion au proxy 127.0.0.1:45417: Connection refused (os error 111)
[2m2026-07-05T07:13:18.559365Z[0m [33m WARN[0m [2mpm_bot[0m[2m:[0m découverte gamma: requête Gamma: error sending request for url (https://gamma-api.polymarket.com/events?slug=btc-updown-5m-1783235400): client error (Connect): tunnel error: failed to create underlying connection: tcp connect error: Connection refused (os error 111)
[2m2026-07-05T07:13:23.561313Z[0m [33m WARN[0m [2mpm_bot[0m[2m:[0m découverte gamma: requête Gamma: error sending request for url (https://gamma-api.polymarket.com/events?slug=btc-updown-5m-1783235400): client error (Connect): tunnel error: failed to create underlying connection: tcp connect error: Connection refused (os error 111)
[2m2026-07-05T07:13:28.562793Z[0m [33m WARN[0m [2mpm_bot[0m[2m:[0m découverte gamma: requête Gamma: error sending request for url (https://gamma-api.polymarket.com/events?slug=btc-updown-5m-1783235400): client error (Connect): tunnel error: failed to create underlying connection: tcp connect error: Connection refused (os error 111)
[2m2026-07-05T07:13:33.041179Z[0m [33m WARN[0m [2mpm_acquisition::rtds[0m[2m:[0m RTDS erreur: connexion au proxy 127.0.0.1:45417: Connection refused (os error 111)
[2m2026-07-05T07:13:33.564525Z[0m [33m WARN[0m [2mpm_bot[0m[2m:[0m découverte gamma: requête Gamma: error sending request for url (https://gamma-api.polymarket.com/events?slug=btc-updown-5m-1783235400): client error (Connect): tunnel error: failed to create underlying connection: tcp connect error: Connection refused (os error 111)
[2m2026-07-05T07:13:38.566312Z[0m [33m WARN[0m [2mpm_bot[0m[2m:[0m découverte gamma: requête Gamma: error sending request for url (https://gamma-api.polymarket.com/events?slug=btc-updown-5m-1783235400): client error (Connect): tunnel error: failed to create underlying connection: tcp connect error: Connection refused (os error 111)
[2m2026-07-05T07:13:43.567670Z[0m [33m WARN[0m [2mpm_bot[0m[2m:[0m découverte gamma: requête Gamma: error sending request for url (https://gamma-api.polymarket.com/events?slug=btc-updown-5m-1783235400): client error (Connect): tunnel error: failed to create underlying connection: tcp connect error: Connection refused (os error 111)
[2m2026-07-05T07:13:48.041804Z[0m [33m WARN[0m [2mpm_acquisition::rtds[0m[2m:[0m RTDS erreur: connexion au proxy 127.0.0.1:45417: Connection refused (os error 111)
[2m2026-07-05T07:13:48.569234Z[0m [33m WARN[0m [2mpm_bot[0m[2m:[0m découverte gamma: requête Gamma: error sending request for url (https://gamma-api.polymarket.com/events?slug=btc-updown-5m-1783235400): client error (Connect): tunnel error: failed to create underlying connection: tcp connect error: Connection refused (os error 111)
[2m2026-07-05T07:13:53.570784Z[0m [33m WARN[0m [2mpm_bot[0m[2m:[0m découverte gamma: requête Gamma: error sending request for url (https://gamma-api.polymarket.com/events?slug=btc-updown-5m-1783235400): client error (Connect): tunnel error: failed to create underlying connection: tcp connect error: Connection refused (os error 111)
[2m2026-07-05T07:13:58.571967Z[0m [33m WARN[0m [2mpm_bot[0m[2m:[0m découverte gamma: requête Gamma: error sending request for url (https://gamma-api.polymarket.com/events?slug=btc-updown-5m-1783235400): client error (Connect): tunnel error: failed to create underlying connection: tcp connect error: Connection refused (os error 111)
