[2m2026-07-05T13:04:12.848194Z[0m [32m INFO[0m [2mpm_bot[0m[2m:[0m pm-bot démarre (PAPER mode) — archives: /home/user/rustfactor/polymarket-btc5m-bot/data_v2/camp_20260705T130412
[2m2026-07-05T13:04:12.853655Z[0m [32m INFO[0m [2mpm_bot[0m[2m:[0m aucun fichier de config (./config.toml) — défauts calibrés
[2m2026-07-05T13:04:12.853756Z[0m [32m INFO[0m [2mpm_bot[0m[2m:[0m [config] [taker]
[2m2026-07-05T13:04:12.853759Z[0m [32m INFO[0m [2mpm_bot[0m[2m:[0m [config] min_edge = 0.06
[2m2026-07-05T13:04:12.853760Z[0m [32m INFO[0m [2mpm_bot[0m[2m:[0m [config] min_abs_z = 2.5
[2m2026-07-05T13:04:12.853761Z[0m [32m INFO[0m [2mpm_bot[0m[2m:[0m [config] min_strike_confidence = 0.8
[2m2026-07-05T13:04:12.853763Z[0m [32m INFO[0m [2mpm_bot[0m[2m:[0m [config] max_spot_age_ms = 3000
[2m2026-07-05T13:04:12.853764Z[0m [32m INFO[0m [2mpm_bot[0m[2m:[0m [config] min_elapsed_s = 10.0
[2m2026-07-05T13:04:12.853765Z[0m [32m INFO[0m [2mpm_bot[0m[2m:[0m [config] min_tau_s = 3.0
[2m2026-07-05T13:04:12.853767Z[0m [32m INFO[0m [2mpm_bot[0m[2m:[0m [config] cost_buffer = 0.01
[2m2026-07-05T13:04:12.853768Z[0m [32m INFO[0m [2mpm_bot[0m[2m:[0m [config] kelly_fraction = 0.25
[2m2026-07-05T13:04:12.853769Z[0m [32m INFO[0m [2mpm_bot[0m[2m:[0m [config] bankroll = 1000.0
[2m2026-07-05T13:04:12.853770Z[0m [32m INFO[0m [2mpm_bot[0m[2m:[0m [config] max_notional = 250.0
[2m2026-07-05T13:04:12.853771Z[0m [32m INFO[0m [2mpm_bot[0m[2m:[0m [config] max_slippage = 0.02
[2m2026-07-05T13:04:12.853773Z[0m [32m INFO[0m [2mpm_bot[0m[2m:[0m [config] max_entry_price = 0.75
[2m2026-07-05T13:04:12.853774Z[0m [32m INFO[0m [2mpm_bot[0m[2m:[0m [config] 
[2m2026-07-05T13:04:12.853775Z[0m [32m INFO[0m [2mpm_bot[0m[2m:[0m [config] [maker]
[2m2026-07-05T13:04:12.853776Z[0m [32m INFO[0m [2mpm_bot[0m[2m:[0m [config] min_quote_price = 0.15
[2m2026-07-05T13:04:12.853778Z[0m [32m INFO[0m [2mpm_bot[0m[2m:[0m [config] max_quote_price = 0.85
[2m2026-07-05T13:04:12.853779Z[0m [32m INFO[0m [2mpm_bot[0m[2m:[0m [config] edge_margin = 0.03
[2m2026-07-05T13:04:12.853780Z[0m [32m INFO[0m [2mpm_bot[0m[2m:[0m [config] take_profit = 0.08
[2m2026-07-05T13:04:12.853781Z[0m [32m INFO[0m [2mpm_bot[0m[2m:[0m [config] stop_loss = 0.1
[2m2026-07-05T13:04:12.853782Z[0m [32m INFO[0m [2mpm_bot[0m[2m:[0m [config] quote_size = 50.0
[2m2026-07-05T13:04:12.853784Z[0m [32m INFO[0m [2mpm_bot[0m[2m:[0m [config] max_inventory = 150.0
[2m2026-07-05T13:04:12.853785Z[0m [32m INFO[0m [2mpm_bot[0m[2m:[0m [config] min_tau_open_s = 60.0
[2m2026-07-05T13:04:12.853786Z[0m [32m INFO[0m [2mpm_bot[0m[2m:[0m [config] min_tau_flat_s = 25.0
[2m2026-07-05T13:04:12.853787Z[0m [32m INFO[0m [2mpm_bot[0m[2m:[0m [config] max_abs_z_quote = 2.5
[2m2026-07-05T13:04:12.853789Z[0m [32m INFO[0m [2mpm_bot[0m[2m:[0m [config] sigma_panic_per_sqrt_s = 0.0005
[2m2026-07-05T13:04:12.853790Z[0m [32m INFO[0m [2mpm_bot[0m[2m:[0m [config] min_strike_confidence = 0.8
[2m2026-07-05T13:04:12.853791Z[0m [32m INFO[0m [2mpm_bot[0m[2m:[0m [config] max_spot_age_ms = 3000
[2m2026-07-05T13:04:12.853792Z[0m [32m INFO[0m [2mpm_bot[0m[2m:[0m [config] 
[2m2026-07-05T13:04:12.853793Z[0m [32m INFO[0m [2mpm_bot[0m[2m:[0m [config] [modele]
[2m2026-07-05T13:04:12.853795Z[0m [32m INFO[0m [2mpm_bot[0m[2m:[0m [config] sigma_floor_per_sqrt_s = 0.00005
[2m2026-07-05T13:04:12.853796Z[0m [32m INFO[0m [2mpm_bot[0m[2m:[0m [config] tau_floor_s = 1.0
[2m2026-07-05T13:04:12.853797Z[0m [32m INFO[0m [2mpm_bot[0m[2m:[0m [config] drift_snr_min = 0.25
[2m2026-07-05T13:04:12.853799Z[0m [32m INFO[0m [2mpm_bot[0m[2m:[0m [config] max_drift_z = 2.0
[2m2026-07-05T13:04:12.853800Z[0m [32m INFO[0m [2mpm_bot[0m[2m:[0m [config] 
[2m2026-07-05T13:04:12.853801Z[0m [32m INFO[0m [2mpm_bot[0m[2m:[0m [config] [volatilite]
[2m2026-07-05T13:04:12.853802Z[0m [32m INFO[0m [2mpm_bot[0m[2m:[0m [config] ewma_half_life_s = 60.0
[2m2026-07-05T13:04:12.853811Z[0m [32m INFO[0m [2mpm_bot[0m[2m:[0m [config] retention_s = 1800
[2m2026-07-05T13:04:12.853812Z[0m [32m INFO[0m [2mpm_bot[0m[2m:[0m [config] min_dt_ms = 10
[2m2026-07-05T13:04:12.853814Z[0m [32m INFO[0m [2mpm_bot[0m[2m:[0m [config] 
[2m2026-07-05T13:04:12.853815Z[0m [32m INFO[0m [2mpm_bot[0m[2m:[0m [config] [moteur]
[2m2026-07-05T13:04:12.853816Z[0m [32m INFO[0m [2mpm_bot[0m[2m:[0m [config] decision_step_ms = 250
[2m2026-07-05T13:04:12.853817Z[0m [32m INFO[0m [2mpm_bot[0m[2m:[0m [config] watchdog_stale_ms = 6000
[2m2026-07-05T13:04:12.853818Z[0m [32m INFO[0m [2mpm_bot[0m[2m:[0m [config] clob_grace_s = 180
[2m2026-07-05T13:04:12.853820Z[0m [32m INFO[0m [2mpm_bot[0m[2m:[0m [config] gamma_lookahead = 5
[2m2026-07-05T13:04:12.853821Z[0m [32m INFO[0m [2mpm_bot[0m[2m:[0m [config] retention_ticks_s = 2400
[2m2026-07-05T13:04:12.854239Z[0m [33m WARN[0m [2mpm_acquisition::rtds[0m[2m:[0m RTDS erreur: connexion au proxy 127.0.0.1:45417: Connection refused (os error 111)
[2m2026-07-05T13:04:12.855250Z[0m [33m WARN[0m [2mpm_bot[0m[2m:[0m découverte gamma: requête Gamma: error sending request for url (https://gamma-api.polymarket.com/events?slug=btc-updown-5m-1783256400): client error (Connect): tunnel error: failed to create underlying connection: tcp connect error: Connection refused (os error 111)
[2m2026-07-05T13:04:13.856065Z[0m [33m WARN[0m [2mpm_acquisition::rtds[0m[2m:[0m RTDS erreur: connexion au proxy 127.0.0.1:45417: Connection refused (os error 111)
[2m2026-07-05T13:04:15.857140Z[0m [33m WARN[0m [2mpm_acquisition::rtds[0m[2m:[0m RTDS erreur: connexion au proxy 127.0.0.1:45417: Connection refused (os error 111)
[2m2026-07-05T13:04:17.857273Z[0m [33m WARN[0m [2mpm_bot[0m[2m:[0m découverte gamma: requête Gamma: error sending request for url (https://gamma-api.polymarket.com/events?slug=btc-updown-5m-1783256400): client error (Connect): tunnel error: failed to create underlying connection: tcp connect error: Connection refused (os error 111)
[2m2026-07-05T13:04:19.859004Z[0m [33m WARN[0m [2mpm_acquisition::rtds[0m[2m:[0m RTDS erreur: connexion au proxy 127.0.0.1:45417: Connection refused (os error 111)
[2m2026-07-05T13:04:22.859214Z[0m [33m WARN[0m [2mpm_bot[0m[2m:[0m découverte gamma: requête Gamma: error sending request for url (https://gamma-api.polymarket.com/events?slug=btc-updown-5m-1783256400): client error (Connect): tunnel error: failed to create underlying connection: tcp connect error: Connection refused (os error 111)
[2m2026-07-05T13:04:27.860840Z[0m [33m WARN[0m [2mpm_acquisition::rtds[0m[2m:[0m RTDS erreur: connexion au proxy 127.0.0.1:45417: Connection refused (os error 111)
[2m2026-07-05T13:04:27.860866Z[0m [33m WARN[0m [2mpm_bot[0m[2m:[0m découverte gamma: requête Gamma: error sending request for url (https://gamma-api.polymarket.com/events?slug=btc-updown-5m-1783256400): client error (Connect): tunnel error: failed to create underlying connection: tcp connect error: Connection refused (os error 111)
[2m2026-07-05T13:04:32.862257Z[0m [33m WARN[0m [2mpm_bot[0m[2m:[0m découverte gamma: requête Gamma: error sending request for url (https://gamma-api.polymarket.com/events?slug=btc-updown-5m-1783256400): client error (Connect): tunnel error: failed to create underlying connection: tcp connect error: Connection refused (os error 111)
[2m2026-07-05T13:04:37.863358Z[0m [33m WARN[0m [2mpm_bot[0m[2m:[0m découverte gamma: requête Gamma: error sending request for url (https://gamma-api.polymarket.com/events?slug=btc-updown-5m-1783256400): client error (Connect): tunnel error: failed to create underlying connection: tcp connect error: Connection refused (os error 111)
[2m2026-07-05T13:04:42.861661Z[0m [33m WARN[0m [2mpm_acquisition::rtds[0m[2m:[0m RTDS erreur: connexion au proxy 127.0.0.1:45417: Connection refused (os error 111)
[2m2026-07-05T13:04:42.864909Z[0m [33m WARN[0m [2mpm_bot[0m[2m:[0m découverte gamma: requête Gamma: error sending request for url (https://gamma-api.polymarket.com/events?slug=btc-updown-5m-1783256400): client error (Connect): tunnel error: failed to create underlying connection: tcp connect error: Connection refused (os error 111)
[2m2026-07-05T13:04:47.867035Z[0m [33m WARN[0m [2mpm_bot[0m[2m:[0m découverte gamma: requête Gamma: error sending request for url (https://gamma-api.polymarket.com/events?slug=btc-updown-5m-1783256400): client error (Connect): tunnel error: failed to create underlying connection: tcp connect error: Connection refused (os error 111)
[2m2026-07-05T13:04:52.868383Z[0m [33m WARN[0m [2mpm_bot[0m[2m:[0m découverte gamma: requête Gamma: error sending request for url (https://gamma-api.polymarket.com/events?slug=btc-updown-5m-1783256400): client error (Connect): tunnel error: failed to create underlying connection: tcp connect error: Connection refused (os error 111)
[2m2026-07-05T13:04:57.862871Z[0m [33m WARN[0m [2mpm_acquisition::rtds[0m[2m:[0m RTDS erreur: connexion au proxy 127.0.0.1:45417: Connection refused (os error 111)
[2m2026-07-05T13:04:57.870139Z[0m [33m WARN[0m [2mpm_bot[0m[2m:[0m découverte gamma: requête Gamma: error sending request for url (https://gamma-api.polymarket.com/events?slug=btc-updown-5m-1783256400): client error (Connect): tunnel error: failed to create underlying connection: tcp connect error: Connection refused (os error 111)
[2m2026-07-05T13:05:02.871411Z[0m [33m WARN[0m [2mpm_bot[0m[2m:[0m découverte gamma: requête Gamma: error sending request for url (https://gamma-api.polymarket.com/events?slug=btc-updown-5m-1783256700): client error (Connect): tunnel error: failed to create underlying connection: tcp connect error: Connection refused (os error 111)
[2m2026-07-05T13:05:07.873056Z[0m [33m WARN[0m [2mpm_bot[0m[2m:[0m découverte gamma: requête Gamma: error sending request for url (https://gamma-api.polymarket.com/events?slug=btc-updown-5m-1783256700): client error (Connect): tunnel error: failed to create underlying connection: tcp connect error: Connection refused (os error 111)
[2m2026-07-05T13:05:12.863255Z[0m [33m WARN[0m [2mpm_acquisition::rtds[0m[2m:[0m RTDS erreur: connexion au proxy 127.0.0.1:45417: Connection refused (os error 111)
[2m2026-07-05T13:05:12.874544Z[0m [33m WARN[0m [2mpm_bot[0m[2m:[0m découverte gamma: requête Gamma: error sending request for url (https://gamma-api.polymarket.com/events?slug=btc-updown-5m-1783256700): client error (Connect): tunnel error: failed to create underlying connection: tcp connect error: Connection refused (os error 111)
[2m2026-07-05T13:05:17.876188Z[0m [33m WARN[0m [2mpm_bot[0m[2m:[0m découverte gamma: requête Gamma: error sending request for url (https://gamma-api.polymarket.com/events?slug=btc-updown-5m-1783256700): client error (Connect): tunnel error: failed to create underlying connection: tcp connect error: Connection refused (os error 111)
[2m2026-07-05T13:05:22.878176Z[0m [33m WARN[0m [2mpm_bot[0m[2m:[0m découverte gamma: requête Gamma: error sending request for url (https://gamma-api.polymarket.com/events?slug=btc-updown-5m-1783256700): client error (Connect): tunnel error: failed to create underlying connection: tcp connect error: Connection refused (os error 111)
[2m2026-07-05T13:05:27.864271Z[0m [33m WARN[0m [2mpm_acquisition::rtds[0m[2m:[0m RTDS erreur: connexion au proxy 127.0.0.1:45417: Connection refused (os error 111)
[2m2026-07-05T13:05:27.879580Z[0m [33m WARN[0m [2mpm_bot[0m[2m:[0m découverte gamma: requête Gamma: error sending request for url (https://gamma-api.polymarket.com/events?slug=btc-updown-5m-1783256700): client error (Connect): tunnel error: failed to create underlying connection: tcp connect error: Connection refused (os error 111)
[2m2026-07-05T13:05:32.881106Z[0m [33m WARN[0m [2mpm_bot[0m[2m:[0m découverte gamma: requête Gamma: error sending request for url (https://gamma-api.polymarket.com/events?slug=btc-updown-5m-1783256700): client error (Connect): tunnel error: failed to create underlying connection: tcp connect error: Connection refused (os error 111)
[2m2026-07-05T13:05:37.882884Z[0m [33m WARN[0m [2mpm_bot[0m[2m:[0m découverte gamma: requête Gamma: error sending request for url (https://gamma-api.polymarket.com/events?slug=btc-updown-5m-1783256700): client error (Connect): tunnel error: failed to create underlying connection: tcp connect error: Connection refused (os error 111)
[2m2026-07-05T13:05:42.865667Z[0m [33m WARN[0m [2mpm_acquisition::rtds[0m[2m:[0m RTDS erreur: connexion au proxy 127.0.0.1:45417: Connection refused (os error 111)
[2m2026-07-05T13:05:42.883964Z[0m [33m WARN[0m [2mpm_bot[0m[2m:[0m découverte gamma: requête Gamma: error sending request for url (https://gamma-api.polymarket.com/events?slug=btc-updown-5m-1783256700): client error (Connect): tunnel error: failed to create underlying connection: tcp connect error: Connection refused (os error 111)
[2m2026-07-05T13:05:47.886174Z[0m [33m WARN[0m [2mpm_bot[0m[2m:[0m découverte gamma: requête Gamma: error sending request for url (https://gamma-api.polymarket.com/events?slug=btc-updown-5m-1783256700): client error (Connect): tunnel error: failed to create underlying connection: tcp connect error: Connection refused (os error 111)
[2m2026-07-05T13:05:52.887289Z[0m [33m WARN[0m [2mpm_bot[0m[2m:[0m découverte gamma: requête Gamma: error sending request for url (https://gamma-api.polymarket.com/events?slug=btc-updown-5m-1783256700): client error (Connect): tunnel error: failed to create underlying connection: tcp connect error: Connection refused (os error 111)
[2m2026-07-05T13:05:57.866431Z[0m [33m WARN[0m [2mpm_acquisition::rtds[0m[2m:[0m RTDS erreur: connexion au proxy 127.0.0.1:45417: Connection refused (os error 111)
[2m2026-07-05T13:05:57.888801Z[0m [33m WARN[0m [2mpm_bot[0m[2m:[0m découverte gamma: requête Gamma: error sending request for url (https://gamma-api.polymarket.com/events?slug=btc-updown-5m-1783256700): client error (Connect): tunnel error: failed to create underlying connection: tcp connect error: Connection refused (os error 111)
[2m2026-07-05T13:06:02.889413Z[0m [33m WARN[0m [2mpm_bot[0m[2m:[0m découverte gamma: requête Gamma: error sending request for url (https://gamma-api.polymarket.com/events?slug=btc-updown-5m-1783256700): client error (Connect): tunnel error: failed to create underlying connection: tcp connect error: Connection refused (os error 111)
[2m2026-07-05T13:06:07.890493Z[0m [33m WARN[0m [2mpm_bot[0m[2m:[0m découverte gamma: requête Gamma: error sending request for url (https://gamma-api.polymarket.com/events?slug=btc-updown-5m-1783256700): client error (Connect): tunnel error: failed to create underlying connection: tcp connect error: Connection refused (os error 111)
[2m2026-07-05T13:06:12.867191Z[0m [33m WARN[0m [2mpm_acquisition::rtds[0m[2m:[0m RTDS erreur: connexion au proxy 127.0.0.1:45417: Connection refused (os error 111)
[2m2026-07-05T13:06:12.891589Z[0m [33m WARN[0m [2mpm_bot[0m[2m:[0m découverte gamma: requête Gamma: error sending request for url (https://gamma-api.polymarket.com/events?slug=btc-updown-5m-1783256700): client error (Connect): tunnel error: failed to create underlying connection: tcp connect error: Connection refused (os error 111)
[2m2026-07-05T13:06:17.893031Z[0m [33m WARN[0m [2mpm_bot[0m[2m:[0m découverte gamma: requête Gamma: error sending request for url (https://gamma-api.polymarket.com/events?slug=btc-updown-5m-1783256700): client error (Connect): tunnel error: failed to create underlying connection: tcp connect error: Connection refused (os error 111)
[2m2026-07-05T13:06:22.895197Z[0m [33m WARN[0m [2mpm_bot[0m[2m:[0m découverte gamma: requête Gamma: error sending request for url (https://gamma-api.polymarket.com/events?slug=btc-updown-5m-1783256700): client error (Connect): tunnel error: failed to create underlying connection: tcp connect error: Connection refused (os error 111)
[2m2026-07-05T13:06:27.868312Z[0m [33m WARN[0m [2mpm_acquisition::rtds[0m[2m:[0m RTDS erreur: connexion au proxy 127.0.0.1:45417: Connection refused (os error 111)
[2m2026-07-05T13:06:27.896847Z[0m [33m WARN[0m [2mpm_bot[0m[2m:[0m découverte gamma: requête Gamma: error sending request for url (https://gamma-api.polymarket.com/events?slug=btc-updown-5m-1783256700): client error (Connect): tunnel error: failed to create underlying connection: tcp connect error: Connection refused (os error 111)
[2m2026-07-05T13:06:32.897425Z[0m [33m WARN[0m [2mpm_bot[0m[2m:[0m découverte gamma: requête Gamma: error sending request for url (https://gamma-api.polymarket.com/events?slug=btc-updown-5m-1783256700): client error (Connect): tunnel error: failed to create underlying connection: tcp connect error: Connection refused (os error 111)
[2m2026-07-05T13:06:37.898840Z[0m [33m WARN[0m [2mpm_bot[0m[2m:[0m découverte gamma: requête Gamma: error sending request for url (https://gamma-api.polymarket.com/events?slug=btc-updown-5m-1783256700): client error (Connect): tunnel error: failed to create underlying connection: tcp connect error: Connection refused (os error 111)
[2m2026-07-05T13:06:42.869364Z[0m [33m WARN[0m [2mpm_acquisition::rtds[0m[2m:[0m RTDS erreur: connexion au proxy 127.0.0.1:45417: Connection refused (os error 111)
[2m2026-07-05T13:06:42.899763Z[0m [33m WARN[0m [2mpm_bot[0m[2m:[0m découverte gamma: requête Gamma: error sending request for url (https://gamma-api.polymarket.com/events?slug=btc-updown-5m-1783256700): client error (Connect): tunnel error: failed to create underlying connection: tcp connect error: Connection refused (os error 111)
[2m2026-07-05T13:06:47.900366Z[0m [33m WARN[0m [2mpm_bot[0m[2m:[0m découverte gamma: requête Gamma: error sending request for url (https://gamma-api.polymarket.com/events?slug=btc-updown-5m-1783256700): client error (Connect): tunnel error: failed to create underlying connection: tcp connect error: Connection refused (os error 111)
[2m2026-07-05T13:06:52.901348Z[0m [33m WARN[0m [2mpm_bot[0m[2m:[0m découverte gamma: requête Gamma: error sending request for url (https://gamma-api.polymarket.com/events?slug=btc-updown-5m-1783256700): client error (Connect): tunnel error: failed to create underlying connection: tcp connect error: Connection refused (os error 111)
[2m2026-07-05T13:06:57.870337Z[0m [33m WARN[0m [2mpm_acquisition::rtds[0m[2m:[0m RTDS erreur: connexion au proxy 127.0.0.1:45417: Connection refused (os error 111)
[2m2026-07-05T13:06:57.902742Z[0m [33m WARN[0m [2mpm_bot[0m[2m:[0m découverte gamma: requête Gamma: error sending request for url (https://gamma-api.polymarket.com/events?slug=btc-updown-5m-1783256700): client error (Connect): tunnel error: failed to create underlying connection: tcp connect error: Connection refused (os error 111)
[2m2026-07-05T13:07:02.903540Z[0m [33m WARN[0m [2mpm_bot[0m[2m:[0m découverte gamma: requête Gamma: error sending request for url (https://gamma-api.polymarket.com/events?slug=btc-updown-5m-1783256700): client error (Connect): tunnel error: failed to create underlying connection: tcp connect error: Connection refused (os error 111)
[2m2026-07-05T13:07:07.905226Z[0m [33m WARN[0m [2mpm_bot[0m[2m:[0m découverte gamma: requête Gamma: error sending request for url (https://gamma-api.polymarket.com/events?slug=btc-updown-5m-1783256700): client error (Connect): tunnel error: failed to create underlying connection: tcp connect error: Connection refused (os error 111)
[2m2026-07-05T13:07:12.871940Z[0m [33m WARN[0m [2mpm_acquisition::rtds[0m[2m:[0m RTDS erreur: connexion au proxy 127.0.0.1:45417: Connection refused (os error 111)
[2m2026-07-05T13:07:12.906413Z[0m [33m WARN[0m [2mpm_bot[0m[2m:[0m découverte gamma: requête Gamma: error sending request for url (https://gamma-api.polymarket.com/events?slug=btc-updown-5m-1783256700): client error (Connect): tunnel error: failed to create underlying connection: tcp connect error: Connection refused (os error 111)
[2m2026-07-05T13:07:17.907633Z[0m [33m WARN[0m [2mpm_bot[0m[2m:[0m découverte gamma: requête Gamma: error sending request for url (https://gamma-api.polymarket.com/events?slug=btc-updown-5m-1783256700): client error (Connect): tunnel error: failed to create underlying connection: tcp connect error: Connection refused (os error 111)
[2m2026-07-05T13:07:22.908480Z[0m [33m WARN[0m [2mpm_bot[0m[2m:[0m découverte gamma: requête Gamma: error sending request for url (https://gamma-api.polymarket.com/events?slug=btc-updown-5m-1783256700): client error (Connect): tunnel error: failed to create underlying connection: tcp connect error: Connection refused (os error 111)
[2m2026-07-05T13:07:27.873920Z[0m [33m WARN[0m [2mpm_acquisition::rtds[0m[2m:[0m RTDS erreur: connexion au proxy 127.0.0.1:45417: Connection refused (os error 111)
[2m2026-07-05T13:07:27.909253Z[0m [33m WARN[0m [2mpm_bot[0m[2m:[0m découverte gamma: requête Gamma: error sending request for url (https://gamma-api.polymarket.com/events?slug=btc-updown-5m-1783256700): client error (Connect): tunnel error: failed to create underlying connection: tcp connect error: Connection refused (os error 111)
[2m2026-07-05T13:07:32.911301Z[0m [33m WARN[0m [2mpm_bot[0m[2m:[0m découverte gamma: requête Gamma: error sending request for url (https://gamma-api.polymarket.com/events?slug=btc-updown-5m-1783256700): client error (Connect): tunnel error: failed to create underlying connection: tcp connect error: Connection refused (os error 111)
[2m2026-07-05T13:07:37.912239Z[0m [33m WARN[0m [2mpm_bot[0m[2m:[0m découverte gamma: requête Gamma: error sending request for url (https://gamma-api.polymarket.com/events?slug=btc-updown-5m-1783256700): client error (Connect): tunnel error: failed to create underlying connection: tcp connect error: Connection refused (os error 111)
[2m2026-07-05T13:07:42.875774Z[0m [33m WARN[0m [2mpm_acquisition::rtds[0m[2m:[0m RTDS erreur: connexion au proxy 127.0.0.1:45417: Connection refused (os error 111)
[2m2026-07-05T13:07:42.914163Z[0m [33m WARN[0m [2mpm_bot[0m[2m:[0m découverte gamma: requête Gamma: error sending request for url (https://gamma-api.polymarket.com/events?slug=btc-updown-5m-1783256700): client error (Connect): tunnel error: failed to create underlying connection: tcp connect error: Connection refused (os error 111)
[2m2026-07-05T13:07:47.915233Z[0m [33m WARN[0m [2mpm_bot[0m[2m:[0m découverte gamma: requête Gamma: error sending request for url (https://gamma-api.polymarket.com/events?slug=btc-updown-5m-1783256700): client error (Connect): tunnel error: failed to create underlying connection: tcp connect error: Connection refused (os error 111)
[2m2026-07-05T13:07:52.916879Z[0m [33m WARN[0m [2mpm_bot[0m[2m:[0m découverte gamma: requête Gamma: error sending request for url (https://gamma-api.polymarket.com/events?slug=btc-updown-5m-1783256700): client error (Connect): tunnel error: failed to create underlying connection: tcp connect error: Connection refused (os error 111)
[2m2026-07-05T13:07:57.876852Z[0m [33m WARN[0m [2mpm_acquisition::rtds[0m[2m:[0m RTDS erreur: connexion au proxy 127.0.0.1:45417: Connection refused (os error 111)
[2m2026-07-05T13:07:57.918161Z[0m [33m WARN[0m [2mpm_bot[0m[2m:[0m découverte gamma: requête Gamma: error sending request for url (https://gamma-api.polymarket.com/events?slug=btc-updown-5m-1783256700): client error (Connect): tunnel error: failed to create underlying connection: tcp connect error: Connection refused (os error 111)
[2m2026-07-05T13:08:02.919677Z[0m [33m WARN[0m [2mpm_bot[0m[2m:[0m découverte gamma: requête Gamma: error sending request for url (https://gamma-api.polymarket.com/events?slug=btc-updown-5m-1783256700): client error (Connect): tunnel error: failed to create underlying connection: tcp connect error: Connection refused (os error 111)
[2m2026-07-05T13:08:07.920479Z[0m [33m WARN[0m [2mpm_bot[0m[2m:[0m découverte gamma: requête Gamma: error sending request for url (https://gamma-api.polymarket.com/events?slug=btc-updown-5m-1783256700): client error (Connect): tunnel error: failed to create underlying connection: tcp connect error: Connection refused (os error 111)
[2m2026-07-05T13:08:12.877781Z[0m [33m WARN[0m [2mpm_acquisition::rtds[0m[2m:[0m RTDS erreur: connexion au proxy 127.0.0.1:45417: Connection refused (os error 111)
[2m2026-07-05T13:08:12.922237Z[0m [33m WARN[0m [2mpm_bot[0m[2m:[0m découverte gamma: requête Gamma: error sending request for url (https://gamma-api.polymarket.com/events?slug=btc-updown-5m-1783256700): client error (Connect): tunnel error: failed to create underlying connection: tcp connect error: Connection refused (os error 111)
[2m2026-07-05T13:08:17.923625Z[0m [33m WARN[0m [2mpm_bot[0m[2m:[0m découverte gamma: requête Gamma: error sending request for url (https://gamma-api.polymarket.com/events?slug=btc-updown-5m-1783256700): client error (Connect): tunnel error: failed to create underlying connection: tcp connect error: Connection refused (os error 111)
[2m2026-07-05T13:08:22.924841Z[0m [33m WARN[0m [2mpm_bot[0m[2m:[0m découverte gamma: requête Gamma: error sending request for url (https://gamma-api.polymarket.com/events?slug=btc-updown-5m-1783256700): client error (Connect): tunnel error: failed to create underlying connection: tcp connect error: Connection refused (os error 111)
[2m2026-07-05T13:08:27.879183Z[0m [33m WARN[0m [2mpm_acquisition::rtds[0m[2m:[0m RTDS erreur: connexion au proxy 127.0.0.1:45417: Connection refused (os error 111)
[2m2026-07-05T13:08:27.925671Z[0m [33m WARN[0m [2mpm_bot[0m[2m:[0m découverte gamma: requête Gamma: error sending request for url (https://gamma-api.polymarket.com/events?slug=btc-updown-5m-1783256700): client error (Connect): tunnel error: failed to create underlying connection: tcp connect error: Connection refused (os error 111)
[2m2026-07-05T13:08:32.926362Z[0m [33m WARN[0m [2mpm_bot[0m[2m:[0m découverte gamma: requête Gamma: error sending request for url (https://gamma-api.polymarket.com/events?slug=btc-updown-5m-1783256700): client error (Connect): tunnel error: failed to create underlying connection: tcp connect error: Connection refused (os error 111)
[2m2026-07-05T13:08:37.928026Z[0m [33m WARN[0m [2mpm_bot[0m[2m:[0m découverte gamma: requête Gamma: error sending request for url (https://gamma-api.polymarket.com/events?slug=btc-updown-5m-1783256700): client error (Connect): tunnel error: failed to create underlying connection: tcp connect error: Connection refused (os error 111)
[2m2026-07-05T13:08:42.880906Z[0m [33m WARN[0m [2mpm_acquisition::rtds[0m[2m:[0m RTDS erreur: connexion au proxy 127.0.0.1:45417: Connection refused (os error 111)
[2m2026-07-05T13:08:42.929420Z[0m [33m WARN[0m [2mpm_bot[0m[2m:[0m découverte gamma: requête Gamma: error sending request for url (https://gamma-api.polymarket.com/events?slug=btc-updown-5m-1783256700): client error (Connect): tunnel error: failed to create underlying connection: tcp connect error: Connection refused (os error 111)
[2m2026-07-05T13:08:47.930474Z[0m [33m WARN[0m [2mpm_bot[0m[2m:[0m découverte gamma: requête Gamma: error sending request for url (https://gamma-api.polymarket.com/events?slug=btc-updown-5m-1783256700): client error (Connect): tunnel error: failed to create underlying connection: tcp connect error: Connection refused (os error 111)
[2m2026-07-05T13:08:52.931329Z[0m [33m WARN[0m [2mpm_bot[0m[2m:[0m découverte gamma: requête Gamma: error sending request for url (https://gamma-api.polymarket.com/events?slug=btc-updown-5m-1783256700): client error (Connect): tunnel error: failed to create underlying connection: tcp connect error: Connection refused (os error 111)
[2m2026-07-05T13:08:57.882832Z[0m [33m WARN[0m [2mpm_acquisition::rtds[0m[2m:[0m RTDS erreur: connexion au proxy 127.0.0.1:45417: Connection refused (os error 111)
[2m2026-07-05T13:08:57.932377Z[0m [33m WARN[0m [2mpm_bot[0m[2m:[0m découverte gamma: requête Gamma: error sending request for url (https://gamma-api.polymarket.com/events?slug=btc-updown-5m-1783256700): client error (Connect): tunnel error: failed to create underlying connection: tcp connect error: Connection refused (os error 111)
[2m2026-07-05T13:09:02.933455Z[0m [33m WARN[0m [2mpm_bot[0m[2m:[0m découverte gamma: requête Gamma: error sending request for url (https://gamma-api.polymarket.com/events?slug=btc-updown-5m-1783256700): client error (Connect): tunnel error: failed to create underlying connection: tcp connect error: Connection refused (os error 111)
[2m2026-07-05T13:09:07.934441Z[0m [33m WARN[0m [2mpm_bot[0m[2m:[0m découverte gamma: requête Gamma: error sending request for url (https://gamma-api.polymarket.com/events?slug=btc-updown-5m-1783256700): client error (Connect): tunnel error: failed to create underlying connection: tcp connect error: Connection refused (os error 111)
[2m2026-07-05T13:09:12.883381Z[0m [33m WARN[0m [2mpm_acquisition::rtds[0m[2m:[0m RTDS erreur: connexion au proxy 127.0.0.1:45417: Connection refused (os error 111)
[2m2026-07-05T13:09:12.935705Z[0m [33m WARN[0m [2mpm_bot[0m[2m:[0m découverte gamma: requête Gamma: error sending request for url (https://gamma-api.polymarket.com/events?slug=btc-updown-5m-1783256700): client error (Connect): tunnel error: failed to create underlying connection: tcp connect error: Connection refused (os error 111)
[2m2026-07-05T13:09:17.936911Z[0m [33m WARN[0m [2mpm_bot[0m[2m:[0m découverte gamma: requête Gamma: error sending request for url (https://gamma-api.polymarket.com/events?slug=btc-updown-5m-1783256700): client error (Connect): tunnel error: failed to create underlying connection: tcp connect error: Connection refused (os error 111)
[2m2026-07-05T13:09:22.938902Z[0m [33m WARN[0m [2mpm_bot[0m[2m:[0m découverte gamma: requête Gamma: error sending request for url (https://gamma-api.polymarket.com/events?slug=btc-updown-5m-1783256700): client error (Connect): tunnel error: failed to create underlying connection: tcp connect error: Connection refused (os error 111)
[2m2026-07-05T13:09:27.884402Z[0m [33m WARN[0m [2mpm_acquisition::rtds[0m[2m:[0m RTDS erreur: connexion au proxy 127.0.0.1:45417: Connection refused (os error 111)
[2m2026-07-05T13:09:27.940846Z[0m [33m WARN[0m [2mpm_bot[0m[2m:[0m découverte gamma: requête Gamma: error sending request for url (https://gamma-api.polymarket.com/events?slug=btc-updown-5m-1783256700): client error (Connect): tunnel error: failed to create underlying connection: tcp connect error: Connection refused (os error 111)
[2m2026-07-05T13:09:32.941779Z[0m [33m WARN[0m [2mpm_bot[0m[2m:[0m découverte gamma: requête Gamma: error sending request for url (https://gamma-api.polymarket.com/events?slug=btc-updown-5m-1783256700): client error (Connect): tunnel error: failed to create underlying connection: tcp connect error: Connection refused (os error 111)
[2m2026-07-05T13:09:37.942384Z[0m [33m WARN[0m [2mpm_bot[0m[2m:[0m découverte gamma: requête Gamma: error sending request for url (https://gamma-api.polymarket.com/events?slug=btc-updown-5m-1783256700): client error (Connect): tunnel error: failed to create underlying connection: tcp connect error: Connection refused (os error 111)
[2m2026-07-05T13:09:42.885896Z[0m [33m WARN[0m [2mpm_acquisition::rtds[0m[2m:[0m RTDS erreur: connexion au proxy 127.0.0.1:45417: Connection refused (os error 111)
[2m2026-07-05T13:09:42.943435Z[0m [33m WARN[0m [2mpm_bot[0m[2m:[0m découverte gamma: requête Gamma: error sending request for url (https://gamma-api.polymarket.com/events?slug=btc-updown-5m-1783256700): client error (Connect): tunnel error: failed to create underlying connection: tcp connect error: Connection refused (os error 111)
[2m2026-07-05T13:09:47.945030Z[0m [33m WARN[0m [2mpm_bot[0m[2m:[0m découverte gamma: requête Gamma: error sending request for url (https://gamma-api.polymarket.com/events?slug=btc-updown-5m-1783256700): client error (Connect): tunnel error: failed to create underlying connection: tcp connect error: Connection refused (os error 111)
[2m2026-07-05T13:09:52.946780Z[0m [33m WARN[0m [2mpm_bot[0m[2m:[0m découverte gamma: requête Gamma: error sending request for url (https://gamma-api.polymarket.com/events?slug=btc-updown-5m-1783256700): client error (Connect): tunnel error: failed to create underlying connection: tcp connect error: Connection refused (os error 111)
[2m2026-07-05T13:09:57.886266Z[0m [33m WARN[0m [2mpm_acquisition::rtds[0m[2m:[0m RTDS erreur: connexion au proxy 127.0.0.1:45417: Connection refused (os error 111)
[2m2026-07-05T13:09:57.947726Z[0m [33m WARN[0m [2mpm_bot[0m[2m:[0m découverte gamma: requête Gamma: error sending request for url (https://gamma-api.polymarket.com/events?slug=btc-updown-5m-1783256700): client error (Connect): tunnel error: failed to create underlying connection: tcp connect error: Connection refused (os error 111)
[2m2026-07-05T13:10:02.949116Z[0m [33m WARN[0m [2mpm_bot[0m[2m:[0m découverte gamma: requête Gamma: error sending request for url (https://gamma-api.polymarket.com/events?slug=btc-updown-5m-1783257000): client error (Connect): tunnel error: failed to create underlying connection: tcp connect error: Connection refused (os error 111)
[2m2026-07-05T13:10:07.950886Z[0m [33m WARN[0m [2mpm_bot[0m[2m:[0m découverte gamma: requête Gamma: error sending request for url (https://gamma-api.polymarket.com/events?slug=btc-updown-5m-1783257000): client error (Connect): tunnel error: failed to create underlying connection: tcp connect error: Connection refused (os error 111)
[2m2026-07-05T13:10:12.888092Z[0m [33m WARN[0m [2mpm_acquisition::rtds[0m[2m:[0m RTDS erreur: connexion au proxy 127.0.0.1:45417: Connection refused (os error 111)
[2m2026-07-05T13:10:12.951573Z[0m [33m WARN[0m [2mpm_bot[0m[2m:[0m découverte gamma: requête Gamma: error sending request for url (https://gamma-api.polymarket.com/events?slug=btc-updown-5m-1783257000): client error (Connect): tunnel error: failed to create underlying connection: tcp connect error: Connection refused (os error 111)
[2m2026-07-05T13:10:17.952911Z[0m [33m WARN[0m [2mpm_bot[0m[2m:[0m découverte gamma: requête Gamma: error sending request for url (https://gamma-api.polymarket.com/events?slug=btc-updown-5m-1783257000): client error (Connect): tunnel error: failed to create underlying connection: tcp connect error: Connection refused (os error 111)
[2m2026-07-05T13:10:22.955248Z[0m [33m WARN[0m [2mpm_bot[0m[2m:[0m découverte gamma: requête Gamma: error sending request for url (https://gamma-api.polymarket.com/events?slug=btc-updown-5m-1783257000): client error (Connect): tunnel error: failed to create underlying connection: tcp connect error: Connection refused (os error 111)
[2m2026-07-05T13:10:27.889692Z[0m [33m WARN[0m [2mpm_acquisition::rtds[0m[2m:[0m RTDS erreur: connexion au proxy 127.0.0.1:45417: Connection refused (os error 111)
[2m2026-07-05T13:10:27.957224Z[0m [33m WARN[0m [2mpm_bot[0m[2m:[0m découverte gamma: requête Gamma: error sending request for url (https://gamma-api.polymarket.com/events?slug=btc-updown-5m-1783257000): client error (Connect): tunnel error: failed to create underlying connection: tcp connect error: Connection refused (os error 111)
[2m2026-07-05T13:10:32.958591Z[0m [33m WARN[0m [2mpm_bot[0m[2m:[0m découverte gamma: requête Gamma: error sending request for url (https://gamma-api.polymarket.com/events?slug=btc-updown-5m-1783257000): client error (Connect): tunnel error: failed to create underlying connection: tcp connect error: Connection refused (os error 111)
[2m2026-07-05T13:10:37.960171Z[0m [33m WARN[0m [2mpm_bot[0m[2m:[0m découverte gamma: requête Gamma: error sending request for url (https://gamma-api.polymarket.com/events?slug=btc-updown-5m-1783257000): client error (Connect): tunnel error: failed to create underlying connection: tcp connect error: Connection refused (os error 111)
[2m2026-07-05T13:10:42.890624Z[0m [33m WARN[0m [2mpm_acquisition::rtds[0m[2m:[0m RTDS erreur: connexion au proxy 127.0.0.1:45417: Connection refused (os error 111)
[2m2026-07-05T13:10:42.962075Z[0m [33m WARN[0m [2mpm_bot[0m[2m:[0m découverte gamma: requête Gamma: error sending request for url (https://gamma-api.polymarket.com/events?slug=btc-updown-5m-1783257000): client error (Connect): tunnel error: failed to create underlying connection: tcp connect error: Connection refused (os error 111)
[2m2026-07-05T13:10:47.963284Z[0m [33m WARN[0m [2mpm_bot[0m[2m:[0m découverte gamma: requête Gamma: error sending request for url (https://gamma-api.polymarket.com/events?slug=btc-updown-5m-1783257000): client error (Connect): tunnel error: failed to create underlying connection: tcp connect error: Connection refused (os error 111)
[2m2026-07-05T13:10:52.964935Z[0m [33m WARN[0m [2mpm_bot[0m[2m:[0m découverte gamma: requête Gamma: error sending request for url (https://gamma-api.polymarket.com/events?slug=btc-updown-5m-1783257000): client error (Connect): tunnel error: failed to create underlying connection: tcp connect error: Connection refused (os error 111)
[2m2026-07-05T13:10:57.891933Z[0m [33m WARN[0m [2mpm_acquisition::rtds[0m[2m:[0m RTDS erreur: connexion au proxy 127.0.0.1:45417: Connection refused (os error 111)
[2m2026-07-05T13:10:57.966468Z[0m [33m WARN[0m [2mpm_bot[0m[2m:[0m découverte gamma: requête Gamma: error sending request for url (https://gamma-api.polymarket.com/events?slug=btc-updown-5m-1783257000): client error (Connect): tunnel error: failed to create underlying connection: tcp connect error: Connection refused (os error 111)
[2m2026-07-05T13:11:02.967941Z[0m [33m WARN[0m [2mpm_bot[0m[2m:[0m découverte gamma: requête Gamma: error sending request for url (https://gamma-api.polymarket.com/events?slug=btc-updown-5m-1783257000): client error (Connect): tunnel error: failed to create underlying connection: tcp connect error: Connection refused (os error 111)
[2m2026-07-05T13:11:07.969837Z[0m [33m WARN[0m [2mpm_bot[0m[2m:[0m découverte gamma: requête Gamma: error sending request for url (https://gamma-api.polymarket.com/events?slug=btc-updown-5m-1783257000): client error (Connect): tunnel error: failed to create underlying connection: tcp connect error: Connection refused (os error 111)
[2m2026-07-05T13:11:12.893406Z[0m [33m WARN[0m [2mpm_acquisition::rtds[0m[2m:[0m RTDS erreur: connexion au proxy 127.0.0.1:45417: Connection refused (os error 111)
[2m2026-07-05T13:11:12.970904Z[0m [33m WARN[0m [2mpm_bot[0m[2m:[0m découverte gamma: requête Gamma: error sending request for url (https://gamma-api.polymarket.com/events?slug=btc-updown-5m-1783257000): client error (Connect): tunnel error: failed to create underlying connection: tcp connect error: Connection refused (os error 111)
[2m2026-07-05T13:11:17.972781Z[0m [33m WARN[0m [2mpm_bot[0m[2m:[0m découverte gamma: requête Gamma: error sending request for url (https://gamma-api.polymarket.com/events?slug=btc-updown-5m-1783257000): client error (Connect): tunnel error: failed to create underlying connection: tcp connect error: Connection refused (os error 111)
[2m2026-07-05T13:11:22.974107Z[0m [33m WARN[0m [2mpm_bot[0m[2m:[0m découverte gamma: requête Gamma: error sending request for url (https://gamma-api.polymarket.com/events?slug=btc-updown-5m-1783257000): client error (Connect): tunnel error: failed to create underlying connection: tcp connect error: Connection refused (os error 111)
[2m2026-07-05T13:11:27.894886Z[0m [33m WARN[0m [2mpm_acquisition::rtds[0m[2m:[0m RTDS erreur: connexion au proxy 127.0.0.1:45417: Connection refused (os error 111)
[2m2026-07-05T13:11:27.975351Z[0m [33m WARN[0m [2mpm_bot[0m[2m:[0m découverte gamma: requête Gamma: error sending request for url (https://gamma-api.polymarket.com/events?slug=btc-updown-5m-1783257000): client error (Connect): tunnel error: failed to create underlying connection: tcp connect error: Connection refused (os error 111)
[2m2026-07-05T13:11:32.976868Z[0m [33m WARN[0m [2mpm_bot[0m[2m:[0m découverte gamma: requête Gamma: error sending request for url (https://gamma-api.polymarket.com/events?slug=btc-updown-5m-1783257000): client error (Connect): tunnel error: failed to create underlying connection: tcp connect error: Connection refused (os error 111)
[2m2026-07-05T13:11:37.977541Z[0m [33m WARN[0m [2mpm_bot[0m[2m:[0m découverte gamma: requête Gamma: error sending request for url (https://gamma-api.polymarket.com/events?slug=btc-updown-5m-1783257000): client error (Connect): tunnel error: failed to create underlying connection: tcp connect error: Connection refused (os error 111)
[2m2026-07-05T13:11:42.895604Z[0m [33m WARN[0m [2mpm_acquisition::rtds[0m[2m:[0m RTDS erreur: connexion au proxy 127.0.0.1:45417: Connection refused (os error 111)
[2m2026-07-05T13:11:42.979058Z[0m [33m WARN[0m [2mpm_bot[0m[2m:[0m découverte gamma: requête Gamma: error sending request for url (https://gamma-api.polymarket.com/events?slug=btc-updown-5m-1783257000): client error (Connect): tunnel error: failed to create underlying connection: tcp connect error: Connection refused (os error 111)
[2m2026-07-05T13:11:47.980555Z[0m [33m WARN[0m [2mpm_bot[0m[2m:[0m découverte gamma: requête Gamma: error sending request for url (https://gamma-api.polymarket.com/events?slug=btc-updown-5m-1783257000): client error (Connect): tunnel error: failed to create underlying connection: tcp connect error: Connection refused (os error 111)
[2m2026-07-05T13:11:52.981471Z[0m [33m WARN[0m [2mpm_bot[0m[2m:[0m découverte gamma: requête Gamma: error sending request for url (https://gamma-api.polymarket.com/events?slug=btc-updown-5m-1783257000): client error (Connect): tunnel error: failed to create underlying connection: tcp connect error: Connection refused (os error 111)
[2m2026-07-05T13:11:57.897138Z[0m [33m WARN[0m [2mpm_acquisition::rtds[0m[2m:[0m RTDS erreur: connexion au proxy 127.0.0.1:45417: Connection refused (os error 111)
[2m2026-07-05T13:11:57.982636Z[0m [33m WARN[0m [2mpm_bot[0m[2m:[0m découverte gamma: requête Gamma: error sending request for url (https://gamma-api.polymarket.com/events?slug=btc-updown-5m-1783257000): client error (Connect): tunnel error: failed to create underlying connection: tcp connect error: Connection refused (os error 111)
[2m2026-07-05T13:12:02.983340Z[0m [33m WARN[0m [2mpm_bot[0m[2m:[0m découverte gamma: requête Gamma: error sending request for url (https://gamma-api.polymarket.com/events?slug=btc-updown-5m-1783257000): client error (Connect): tunnel error: failed to create underlying connection: tcp connect error: Connection refused (os error 111)
[2m2026-07-05T13:12:07.985061Z[0m [33m WARN[0m [2mpm_bot[0m[2m:[0m découverte gamma: requête Gamma: error sending request for url (https://gamma-api.polymarket.com/events?slug=btc-updown-5m-1783257000): client error (Connect): tunnel error: failed to create underlying connection: tcp connect error: Connection refused (os error 111)
[2m2026-07-05T13:12:12.898256Z[0m [33m WARN[0m [2mpm_acquisition::rtds[0m[2m:[0m RTDS erreur: connexion au proxy 127.0.0.1:45417: Connection refused (os error 111)
[2m2026-07-05T13:12:12.986677Z[0m [33m WARN[0m [2mpm_bot[0m[2m:[0m découverte gamma: requête Gamma: error sending request for url (https://gamma-api.polymarket.com/events?slug=btc-updown-5m-1783257000): client error (Connect): tunnel error: failed to create underlying connection: tcp connect error: Connection refused (os error 111)
[2m2026-07-05T13:12:17.987510Z[0m [33m WARN[0m [2mpm_bot[0m[2m:[0m découverte gamma: requête Gamma: error sending request for url (https://gamma-api.polymarket.com/events?slug=btc-updown-5m-1783257000): client error (Connect): tunnel error: failed to create underlying connection: tcp connect error: Connection refused (os error 111)
[2m2026-07-05T13:12:22.989114Z[0m [33m WARN[0m [2mpm_bot[0m[2m:[0m découverte gamma: requête Gamma: error sending request for url (https://gamma-api.polymarket.com/events?slug=btc-updown-5m-1783257000): client error (Connect): tunnel error: failed to create underlying connection: tcp connect error: Connection refused (os error 111)
[2m2026-07-05T13:12:27.899263Z[0m [33m WARN[0m [2mpm_acquisition::rtds[0m[2m:[0m RTDS erreur: connexion au proxy 127.0.0.1:45417: Connection refused (os error 111)
[2m2026-07-05T13:12:27.990658Z[0m [33m WARN[0m [2mpm_bot[0m[2m:[0m découverte gamma: requête Gamma: error sending request for url (https://gamma-api.polymarket.com/events?slug=btc-updown-5m-1783257000): client error (Connect): tunnel error: failed to create underlying connection: tcp connect error: Connection refused (os error 111)
[2m2026-07-05T13:12:32.991490Z[0m [33m WARN[0m [2mpm_bot[0m[2m:[0m découverte gamma: requête Gamma: error sending request for url (https://gamma-api.polymarket.com/events?slug=btc-updown-5m-1783257000): client error (Connect): tunnel error: failed to create underlying connection: tcp connect error: Connection refused (os error 111)
[2m2026-07-05T13:12:37.992381Z[0m [33m WARN[0m [2mpm_bot[0m[2m:[0m découverte gamma: requête Gamma: error sending request for url (https://gamma-api.polymarket.com/events?slug=btc-updown-5m-1783257000): client error (Connect): tunnel error: failed to create underlying connection: tcp connect error: Connection refused (os error 111)
[2m2026-07-05T13:12:42.900238Z[0m [33m WARN[0m [2mpm_acquisition::rtds[0m[2m:[0m RTDS erreur: connexion au proxy 127.0.0.1:45417: Connection refused (os error 111)
[2m2026-07-05T13:12:42.993687Z[0m [33m WARN[0m [2mpm_bot[0m[2m:[0m découverte gamma: requête Gamma: error sending request for url (https://gamma-api.polymarket.com/events?slug=btc-updown-5m-1783257000): client error (Connect): tunnel error: failed to create underlying connection: tcp connect error: Connection refused (os error 111)
[2m2026-07-05T13:12:47.995138Z[0m [33m WARN[0m [2mpm_bot[0m[2m:[0m découverte gamma: requête Gamma: error sending request for url (https://gamma-api.polymarket.com/events?slug=btc-updown-5m-1783257000): client error (Connect): tunnel error: failed to create underlying connection: tcp connect error: Connection refused (os error 111)
[2m2026-07-05T13:12:52.996318Z[0m [33m WARN[0m [2mpm_bot[0m[2m:[0m découverte gamma: requête Gamma: error sending request for url (https://gamma-api.polymarket.com/events?slug=btc-updown-5m-1783257000): client error (Connect): tunnel error: failed to create underlying connection: tcp connect error: Connection refused (os error 111)
[2m2026-07-05T13:12:57.901848Z[0m [33m WARN[0m [2mpm_acquisition::rtds[0m[2m:[0m RTDS erreur: connexion au proxy 127.0.0.1:45417: Connection refused (os error 111)
[2m2026-07-05T13:12:57.997351Z[0m [33m WARN[0m [2mpm_bot[0m[2m:[0m découverte gamma: requête Gamma: error sending request for url (https://gamma-api.polymarket.com/events?slug=btc-updown-5m-1783257000): client error (Connect): tunnel error: failed to create underlying connection: tcp connect error: Connection refused (os error 111)
[2m2026-07-05T13:13:02.999182Z[0m [33m WARN[0m [2mpm_bot[0m[2m:[0m découverte gamma: requête Gamma: error sending request for url (https://gamma-api.polymarket.com/events?slug=btc-updown-5m-1783257000): client error (Connect): tunnel error: failed to create underlying connection: tcp connect error: Connection refused (os error 111)
[2m2026-07-05T13:13:08.000397Z[0m [33m WARN[0m [2mpm_bot[0m[2m:[0m découverte gamma: requête Gamma: error sending request for url (https://gamma-api.polymarket.com/events?slug=btc-updown-5m-1783257000): client error (Connect): tunnel error: failed to create underlying connection: tcp connect error: Connection refused (os error 111)
[2m2026-07-05T13:13:12.902662Z[0m [33m WARN[0m [2mpm_acquisition::rtds[0m[2m:[0m RTDS erreur: connexion au proxy 127.0.0.1:45417: Connection refused (os error 111)
[2m2026-07-05T13:13:13.002105Z[0m [33m WARN[0m [2mpm_bot[0m[2m:[0m découverte gamma: requête Gamma: error sending request for url (https://gamma-api.polymarket.com/events?slug=btc-updown-5m-1783257000): client error (Connect): tunnel error: failed to create underlying connection: tcp connect error: Connection refused (os error 111)
[2m2026-07-05T13:13:18.003784Z[0m [33m WARN[0m [2mpm_bot[0m[2m:[0m découverte gamma: requête Gamma: error sending request for url (https://gamma-api.polymarket.com/events?slug=btc-updown-5m-1783257000): client error (Connect): tunnel error: failed to create underlying connection: tcp connect error: Connection refused (os error 111)
[2m2026-07-05T13:13:23.004345Z[0m [33m WARN[0m [2mpm_bot[0m[2m:[0m découverte gamma: requête Gamma: error sending request for url (https://gamma-api.polymarket.com/events?slug=btc-updown-5m-1783257000): client error (Connect): tunnel error: failed to create underlying connection: tcp connect error: Connection refused (os error 111)
[2m2026-07-05T13:13:27.903154Z[0m [33m WARN[0m [2mpm_acquisition::rtds[0m[2m:[0m RTDS erreur: connexion au proxy 127.0.0.1:45417: Connection refused (os error 111)
[2m2026-07-05T13:13:28.005610Z[0m [33m WARN[0m [2mpm_bot[0m[2m:[0m découverte gamma: requête Gamma: error sending request for url (https://gamma-api.polymarket.com/events?slug=btc-updown-5m-1783257000): client error (Connect): tunnel error: failed to create underlying connection: tcp connect error: Connection refused (os error 111)
[2m2026-07-05T13:13:33.006575Z[0m [33m WARN[0m [2mpm_bot[0m[2m:[0m découverte gamma: requête Gamma: error sending request for url (https://gamma-api.polymarket.com/events?slug=btc-updown-5m-1783257000): client error (Connect): tunnel error: failed to create underlying connection: tcp connect error: Connection refused (os error 111)
[2m2026-07-05T13:13:38.008175Z[0m [33m WARN[0m [2mpm_bot[0m[2m:[0m découverte gamma: requête Gamma: error sending request for url (https://gamma-api.polymarket.com/events?slug=btc-updown-5m-1783257000): client error (Connect): tunnel error: failed to create underlying connection: tcp connect error: Connection refused (os error 111)
[2m2026-07-05T13:13:42.904712Z[0m [33m WARN[0m [2mpm_acquisition::rtds[0m[2m:[0m RTDS erreur: connexion au proxy 127.0.0.1:45417: Connection refused (os error 111)
[2m2026-07-05T13:13:43.010205Z[0m [33m WARN[0m [2mpm_bot[0m[2m:[0m découverte gamma: requête Gamma: error sending request for url (https://gamma-api.polymarket.com/events?slug=btc-updown-5m-1783257000): client error (Connect): tunnel error: failed to create underlying connection: tcp connect error: Connection refused (os error 111)
[2m2026-07-05T13:13:48.011647Z[0m [33m WARN[0m [2mpm_bot[0m[2m:[0m découverte gamma: requête Gamma: error sending request for url (https://gamma-api.polymarket.com/events?slug=btc-updown-5m-1783257000): client error (Connect): tunnel error: failed to create underlying connection: tcp connect error: Connection refused (os error 111)
[2m2026-07-05T13:13:53.012860Z[0m [33m WARN[0m [2mpm_bot[0m[2m:[0m découverte gamma: requête Gamma: error sending request for url (https://gamma-api.polymarket.com/events?slug=btc-updown-5m-1783257000): client error (Connect): tunnel error: failed to create underlying connection: tcp connect error: Connection refused (os error 111)
[2m2026-07-05T13:13:57.905852Z[0m [33m WARN[0m [2mpm_acquisition::rtds[0m[2m:[0m RTDS erreur: connexion au proxy 127.0.0.1:45417: Connection refused (os error 111)
[2m2026-07-05T13:13:58.013402Z[0m [33m WARN[0m [2mpm_bot[0m[2m:[0m découverte gamma: requête Gamma: error sending request for url (https://gamma-api.polymarket.com/events?slug=btc-updown-5m-1783257000): client error (Connect): tunnel error: failed to create underlying connection: tcp connect error: Connection refused (os error 111)
[2m2026-07-05T13:14:03.014385Z[0m [33m WARN[0m [2mpm_bot[0m[2m:[0m découverte gamma: requête Gamma: error sending request for url (https://gamma-api.polymarket.com/events?slug=btc-updown-5m-1783257000): client error (Connect): tunnel error: failed to create underlying connection: tcp connect error: Connection refused (os error 111)
[2m2026-07-05T13:14:08.016207Z[0m [33m WARN[0m [2mpm_bot[0m[2m:[0m découverte gamma: requête Gamma: error sending request for url (https://gamma-api.polymarket.com/events?slug=btc-updown-5m-1783257000): client error (Connect): tunnel error: failed to create underlying connection: tcp connect error: Connection refused (os error 111)
[2m2026-07-05T13:14:12.906881Z[0m [33m WARN[0m [2mpm_acquisition::rtds[0m[2m:[0m RTDS erreur: connexion au proxy 127.0.0.1:45417: Connection refused (os error 111)
[2m2026-07-05T13:14:13.017406Z[0m [33m WARN[0m [2mpm_bot[0m[2m:[0m découverte gamma: requête Gamma: error sending request for url (https://gamma-api.polymarket.com/events?slug=btc-updown-5m-1783257000): client error (Connect): tunnel error: failed to create underlying connection: tcp connect error: Connection refused (os error 111)
[2m2026-07-05T13:14:18.019084Z[0m [33m WARN[0m [2mpm_bot[0m[2m:[0m découverte gamma: requête Gamma: error sending request for url (https://gamma-api.polymarket.com/events?slug=btc-updown-5m-1783257000): client error (Connect): tunnel error: failed to create underlying connection: tcp connect error: Connection refused (os error 111)
[2m2026-07-05T13:14:23.020560Z[0m [33m WARN[0m [2mpm_bot[0m[2m:[0m découverte gamma: requête Gamma: error sending request for url (https://gamma-api.polymarket.com/events?slug=btc-updown-5m-1783257000): client error (Connect): tunnel error: failed to create underlying connection: tcp connect error: Connection refused (os error 111)
[2m2026-07-05T13:14:27.908072Z[0m [33m WARN[0m [2mpm_acquisition::rtds[0m[2m:[0m RTDS erreur: connexion au proxy 127.0.0.1:45417: Connection refused (os error 111)
[2m2026-07-05T13:14:28.021540Z[0m [33m WARN[0m [2mpm_bot[0m[2m:[0m découverte gamma: requête Gamma: error sending request for url (https://gamma-api.polymarket.com/events?slug=btc-updown-5m-1783257000): client error (Connect): tunnel error: failed to create underlying connection: tcp connect error: Connection refused (os error 111)
[2m2026-07-05T13:14:33.022529Z[0m [33m WARN[0m [2mpm_bot[0m[2m:[0m découverte gamma: requête Gamma: error sending request for url (https://gamma-api.polymarket.com/events?slug=btc-updown-5m-1783257000): client error (Connect): tunnel error: failed to create underlying connection: tcp connect error: Connection refused (os error 111)
[2m2026-07-05T13:14:38.024252Z[0m [33m WARN[0m [2mpm_bot[0m[2m:[0m découverte gamma: requête Gamma: error sending request for url (https://gamma-api.polymarket.com/events?slug=btc-updown-5m-1783257000): client error (Connect): tunnel error: failed to create underlying connection: tcp connect error: Connection refused (os error 111)
[2m2026-07-05T13:14:42.910073Z[0m [33m WARN[0m [2mpm_acquisition::rtds[0m[2m:[0m RTDS erreur: connexion au proxy 127.0.0.1:45417: Connection refused (os error 111)
[2m2026-07-05T13:14:43.025585Z[0m [33m WARN[0m [2mpm_bot[0m[2m:[0m découverte gamma: requête Gamma: error sending request for url (https://gamma-api.polymarket.com/events?slug=btc-updown-5m-1783257000): client error (Connect): tunnel error: failed to create underlying connection: tcp connect error: Connection refused (os error 111)
[2m2026-07-05T13:14:48.026525Z[0m [33m WARN[0m [2mpm_bot[0m[2m:[0m découverte gamma: requête Gamma: error sending request for url (https://gamma-api.polymarket.com/events?slug=btc-updown-5m-1783257000): client error (Connect): tunnel error: failed to create underlying connection: tcp connect error: Connection refused (os error 111)
[2m2026-07-05T13:14:53.027812Z[0m [33m WARN[0m [2mpm_bot[0m[2m:[0m découverte gamma: requête Gamma: error sending request for url (https://gamma-api.polymarket.com/events?slug=btc-updown-5m-1783257000): client error (Connect): tunnel error: failed to create underlying connection: tcp connect error: Connection refused (os error 111)
[2m2026-07-05T13:14:57.911320Z[0m [33m WARN[0m [2mpm_acquisition::rtds[0m[2m:[0m RTDS erreur: connexion au proxy 127.0.0.1:45417: Connection refused (os error 111)
[2m2026-07-05T13:14:58.028782Z[0m [33m WARN[0m [2mpm_bot[0m[2m:[0m découverte gamma: requête Gamma: error sending request for url (https://gamma-api.polymarket.com/events?slug=btc-updown-5m-1783257000): client error (Connect): tunnel error: failed to create underlying connection: tcp connect error: Connection refused (os error 111)
[2m2026-07-05T13:15:03.030135Z[0m [33m WARN[0m [2mpm_bot[0m[2m:[0m découverte gamma: requête Gamma: error sending request for url (https://gamma-api.polymarket.com/events?slug=btc-updown-5m-1783257300): client error (Connect): tunnel error: failed to create underlying connection: tcp connect error: Connection refused (os error 111)
[2m2026-07-05T13:15:08.031540Z[0m [33m WARN[0m [2mpm_bot[0m[2m:[0m découverte gamma: requête Gamma: error sending request for url (https://gamma-api.polymarket.com/events?slug=btc-updown-5m-1783257300): client error (Connect): tunnel error: failed to create underlying connection: tcp connect error: Connection refused (os error 111)
[2m2026-07-05T13:15:12.912842Z[0m [33m WARN[0m [2mpm_acquisition::rtds[0m[2m:[0m RTDS erreur: connexion au proxy 127.0.0.1:45417: Connection refused (os error 111)
[2m2026-07-05T13:15:13.032423Z[0m [33m WARN[0m [2mpm_bot[0m[2m:[0m découverte gamma: requête Gamma: error sending request for url (https://gamma-api.polymarket.com/events?slug=btc-updown-5m-1783257300): client error (Connect): tunnel error: failed to create underlying connection: tcp connect error: Connection refused (os error 111)
[2m2026-07-05T13:15:18.033564Z[0m [33m WARN[0m [2mpm_bot[0m[2m:[0m découverte gamma: requête Gamma: error sending request for url (https://gamma-api.polymarket.com/events?slug=btc-updown-5m-1783257300): client error (Connect): tunnel error: failed to create underlying connection: tcp connect error: Connection refused (os error 111)
[2m2026-07-05T13:15:23.034588Z[0m [33m WARN[0m [2mpm_bot[0m[2m:[0m découverte gamma: requête Gamma: error sending request for url (https://gamma-api.polymarket.com/events?slug=btc-updown-5m-1783257300): client error (Connect): tunnel error: failed to create underlying connection: tcp connect error: Connection refused (os error 111)
[2m2026-07-05T13:15:27.913922Z[0m [33m WARN[0m [2mpm_acquisition::rtds[0m[2m:[0m RTDS erreur: connexion au proxy 127.0.0.1:45417: Connection refused (os error 111)
[2m2026-07-05T13:15:28.035414Z[0m [33m WARN[0m [2mpm_bot[0m[2m:[0m découverte gamma: requête Gamma: error sending request for url (https://gamma-api.polymarket.com/events?slug=btc-updown-5m-1783257300): client error (Connect): tunnel error: failed to create underlying connection: tcp connect error: Connection refused (os error 111)
[2m2026-07-05T13:15:33.036540Z[0m [33m WARN[0m [2mpm_bot[0m[2m:[0m découverte gamma: requête Gamma: error sending request for url (https://gamma-api.polymarket.com/events?slug=btc-updown-5m-1783257300): client error (Connect): tunnel error: failed to create underlying connection: tcp connect error: Connection refused (os error 111)
[2m2026-07-05T13:15:38.037705Z[0m [33m WARN[0m [2mpm_bot[0m[2m:[0m découverte gamma: requête Gamma: error sending request for url (https://gamma-api.polymarket.com/events?slug=btc-updown-5m-1783257300): client error (Connect): tunnel error: failed to create underlying connection: tcp connect error: Connection refused (os error 111)
[2m2026-07-05T13:15:42.916111Z[0m [33m WARN[0m [2mpm_acquisition::rtds[0m[2m:[0m RTDS erreur: connexion au proxy 127.0.0.1:45417: Connection refused (os error 111)
[2m2026-07-05T13:15:43.038634Z[0m [33m WARN[0m [2mpm_bot[0m[2m:[0m découverte gamma: requête Gamma: error sending request for url (https://gamma-api.polymarket.com/events?slug=btc-updown-5m-1783257300): client error (Connect): tunnel error: failed to create underlying connection: tcp connect error: Connection refused (os error 111)
[2m2026-07-05T13:15:48.040202Z[0m [33m WARN[0m [2mpm_bot[0m[2m:[0m découverte gamma: requête Gamma: error sending request for url (https://gamma-api.polymarket.com/events?slug=btc-updown-5m-1783257300): client error (Connect): tunnel error: failed to create underlying connection: tcp connect error: Connection refused (os error 111)
[2m2026-07-05T13:15:53.041551Z[0m [33m WARN[0m [2mpm_bot[0m[2m:[0m découverte gamma: requête Gamma: error sending request for url (https://gamma-api.polymarket.com/events?slug=btc-updown-5m-1783257300): client error (Connect): tunnel error: failed to create underlying connection: tcp connect error: Connection refused (os error 111)
[2m2026-07-05T13:15:57.917216Z[0m [33m WARN[0m [2mpm_acquisition::rtds[0m[2m:[0m RTDS erreur: connexion au proxy 127.0.0.1:45417: Connection refused (os error 111)
[2m2026-07-05T13:15:58.042683Z[0m [33m WARN[0m [2mpm_bot[0m[2m:[0m découverte gamma: requête Gamma: error sending request for url (https://gamma-api.polymarket.com/events?slug=btc-updown-5m-1783257300): client error (Connect): tunnel error: failed to create underlying connection: tcp connect error: Connection refused (os error 111)
[2m2026-07-05T13:16:03.044072Z[0m [33m WARN[0m [2mpm_bot[0m[2m:[0m découverte gamma: requête Gamma: error sending request for url (https://gamma-api.polymarket.com/events?slug=btc-updown-5m-1783257300): client error (Connect): tunnel error: failed to create underlying connection: tcp connect error: Connection refused (os error 111)
[2m2026-07-05T13:16:08.045964Z[0m [33m WARN[0m [2mpm_bot[0m[2m:[0m découverte gamma: requête Gamma: error sending request for url (https://gamma-api.polymarket.com/events?slug=btc-updown-5m-1783257300): client error (Connect): tunnel error: failed to create underlying connection: tcp connect error: Connection refused (os error 111)
[2m2026-07-05T13:16:12.919037Z[0m [33m WARN[0m [2mpm_acquisition::rtds[0m[2m:[0m RTDS erreur: connexion au proxy 127.0.0.1:45417: Connection refused (os error 111)
[2m2026-07-05T13:16:13.047528Z[0m [33m WARN[0m [2mpm_bot[0m[2m:[0m découverte gamma: requête Gamma: error sending request for url (https://gamma-api.polymarket.com/events?slug=btc-updown-5m-1783257300): client error (Connect): tunnel error: failed to create underlying connection: tcp connect error: Connection refused (os error 111)
[2m2026-07-05T13:16:18.049201Z[0m [33m WARN[0m [2mpm_bot[0m[2m:[0m découverte gamma: requête Gamma: error sending request for url (https://gamma-api.polymarket.com/events?slug=btc-updown-5m-1783257300): client error (Connect): tunnel error: failed to create underlying connection: tcp connect error: Connection refused (os error 111)
[2m2026-07-05T13:16:23.050394Z[0m [33m WARN[0m [2mpm_bot[0m[2m:[0m découverte gamma: requête Gamma: error sending request for url (https://gamma-api.polymarket.com/events?slug=btc-updown-5m-1783257300): client error (Connect): tunnel error: failed to create underlying connection: tcp connect error: Connection refused (os error 111)
[2m2026-07-05T13:16:27.920829Z[0m [33m WARN[0m [2mpm_acquisition::rtds[0m[2m:[0m RTDS erreur: connexion au proxy 127.0.0.1:45417: Connection refused (os error 111)
[2m2026-07-05T13:16:28.051393Z[0m [33m WARN[0m [2mpm_bot[0m[2m:[0m découverte gamma: requête Gamma: error sending request for url (https://gamma-api.polymarket.com/events?slug=btc-updown-5m-1783257300): client error (Connect): tunnel error: failed to create underlying connection: tcp connect error: Connection refused (os error 111)
[2m2026-07-05T13:16:33.053241Z[0m [33m WARN[0m [2mpm_bot[0m[2m:[0m découverte gamma: requête Gamma: error sending request for url (https://gamma-api.polymarket.com/events?slug=btc-updown-5m-1783257300): client error (Connect): tunnel error: failed to create underlying connection: tcp connect error: Connection refused (os error 111)
[2m2026-07-05T13:16:38.054521Z[0m [33m WARN[0m [2mpm_bot[0m[2m:[0m découverte gamma: requête Gamma: error sending request for url (https://gamma-api.polymarket.com/events?slug=btc-updown-5m-1783257300): client error (Connect): tunnel error: failed to create underlying connection: tcp connect error: Connection refused (os error 111)
[2m2026-07-05T13:16:42.921840Z[0m [33m WARN[0m [2mpm_acquisition::rtds[0m[2m:[0m RTDS erreur: connexion au proxy 127.0.0.1:45417: Connection refused (os error 111)
[2m2026-07-05T13:16:43.055406Z[0m [33m WARN[0m [2mpm_bot[0m[2m:[0m découverte gamma: requête Gamma: error sending request for url (https://gamma-api.polymarket.com/events?slug=btc-updown-5m-1783257300): client error (Connect): tunnel error: failed to create underlying connection: tcp connect error: Connection refused (os error 111)
[2m2026-07-05T13:16:48.057263Z[0m [33m WARN[0m [2mpm_bot[0m[2m:[0m découverte gamma: requête Gamma: error sending request for url (https://gamma-api.polymarket.com/events?slug=btc-updown-5m-1783257300): client error (Connect): tunnel error: failed to create underlying connection: tcp connect error: Connection refused (os error 111)
[2m2026-07-05T13:16:53.058543Z[0m [33m WARN[0m [2mpm_bot[0m[2m:[0m découverte gamma: requête Gamma: error sending request for url (https://gamma-api.polymarket.com/events?slug=btc-updown-5m-1783257300): client error (Connect): tunnel error: failed to create underlying connection: tcp connect error: Connection refused (os error 111)
[2m2026-07-05T13:16:57.922470Z[0m [33m WARN[0m [2mpm_acquisition::rtds[0m[2m:[0m RTDS erreur: connexion au proxy 127.0.0.1:45417: Connection refused (os error 111)
[2m2026-07-05T13:16:58.059956Z[0m [33m WARN[0m [2mpm_bot[0m[2m:[0m découverte gamma: requête Gamma: error sending request for url (https://gamma-api.polymarket.com/events?slug=btc-updown-5m-1783257300): client error (Connect): tunnel error: failed to create underlying connection: tcp connect error: Connection refused (os error 111)
[2m2026-07-05T13:17:03.061850Z[0m [33m WARN[0m [2mpm_bot[0m[2m:[0m découverte gamma: requête Gamma: error sending request for url (https://gamma-api.polymarket.com/events?slug=btc-updown-5m-1783257300): client error (Connect): tunnel error: failed to create underlying connection: tcp connect error: Connection refused (os error 111)
[2m2026-07-05T13:17:08.063185Z[0m [33m WARN[0m [2mpm_bot[0m[2m:[0m découverte gamma: requête Gamma: error sending request for url (https://gamma-api.polymarket.com/events?slug=btc-updown-5m-1783257300): client error (Connect): tunnel error: failed to create underlying connection: tcp connect error: Connection refused (os error 111)
[2m2026-07-05T13:17:12.923698Z[0m [33m WARN[0m [2mpm_acquisition::rtds[0m[2m:[0m RTDS erreur: connexion au proxy 127.0.0.1:45417: Connection refused (os error 111)
[2m2026-07-05T13:17:13.065238Z[0m [33m WARN[0m [2mpm_bot[0m[2m:[0m découverte gamma: requête Gamma: error sending request for url (https://gamma-api.polymarket.com/events?slug=btc-updown-5m-1783257300): client error (Connect): tunnel error: failed to create underlying connection: tcp connect error: Connection refused (os error 111)
[2m2026-07-05T13:17:18.066855Z[0m [33m WARN[0m [2mpm_bot[0m[2m:[0m découverte gamma: requête Gamma: error sending request for url (https://gamma-api.polymarket.com/events?slug=btc-updown-5m-1783257300): client error (Connect): tunnel error: failed to create underlying connection: tcp connect error: Connection refused (os error 111)
[2m2026-07-05T13:17:23.067989Z[0m [33m WARN[0m [2mpm_bot[0m[2m:[0m découverte gamma: requête Gamma: error sending request for url (https://gamma-api.polymarket.com/events?slug=btc-updown-5m-1783257300): client error (Connect): tunnel error: failed to create underlying connection: tcp connect error: Connection refused (os error 111)
[2m2026-07-05T13:17:27.924808Z[0m [33m WARN[0m [2mpm_acquisition::rtds[0m[2m:[0m RTDS erreur: connexion au proxy 127.0.0.1:45417: Connection refused (os error 111)
[2m2026-07-05T13:17:28.069321Z[0m [33m WARN[0m [2mpm_bot[0m[2m:[0m découverte gamma: requête Gamma: error sending request for url (https://gamma-api.polymarket.com/events?slug=btc-updown-5m-1783257300): client error (Connect): tunnel error: failed to create underlying connection: tcp connect error: Connection refused (os error 111)
[2m2026-07-05T13:17:33.071052Z[0m [33m WARN[0m [2mpm_bot[0m[2m:[0m découverte gamma: requête Gamma: error sending request for url (https://gamma-api.polymarket.com/events?slug=btc-updown-5m-1783257300): client error (Connect): tunnel error: failed to create underlying connection: tcp connect error: Connection refused (os error 111)
[2m2026-07-05T13:17:38.073024Z[0m [33m WARN[0m [2mpm_bot[0m[2m:[0m découverte gamma: requête Gamma: error sending request for url (https://gamma-api.polymarket.com/events?slug=btc-updown-5m-1783257300): client error (Connect): tunnel error: failed to create underlying connection: tcp connect error: Connection refused (os error 111)
[2m2026-07-05T13:17:42.925870Z[0m [33m WARN[0m [2mpm_acquisition::rtds[0m[2m:[0m RTDS erreur: connexion au proxy 127.0.0.1:45417: Connection refused (os error 111)
[2m2026-07-05T13:17:43.074350Z[0m [33m WARN[0m [2mpm_bot[0m[2m:[0m découverte gamma: requête Gamma: error sending request for url (https://gamma-api.polymarket.com/events?slug=btc-updown-5m-1783257300): client error (Connect): tunnel error: failed to create underlying connection: tcp connect error: Connection refused (os error 111)
[2m2026-07-05T13:17:48.076124Z[0m [33m WARN[0m [2mpm_bot[0m[2m:[0m découverte gamma: requête Gamma: error sending request for url (https://gamma-api.polymarket.com/events?slug=btc-updown-5m-1783257300): client error (Connect): tunnel error: failed to create underlying connection: tcp connect error: Connection refused (os error 111)
[2m2026-07-05T13:17:53.078168Z[0m [33m WARN[0m [2mpm_bot[0m[2m:[0m découverte gamma: requête Gamma: error sending request for url (https://gamma-api.polymarket.com/events?slug=btc-updown-5m-1783257300): client error (Connect): tunnel error: failed to create underlying connection: tcp connect error: Connection refused (os error 111)
[2m2026-07-05T13:17:57.927134Z[0m [33m WARN[0m [2mpm_acquisition::rtds[0m[2m:[0m RTDS erreur: connexion au proxy 127.0.0.1:45417: Connection refused (os error 111)
[2m2026-07-05T13:17:58.079677Z[0m [33m WARN[0m [2mpm_bot[0m[2m:[0m découverte gamma: requête Gamma: error sending request for url (https://gamma-api.polymarket.com/events?slug=btc-updown-5m-1783257300): client error (Connect): tunnel error: failed to create underlying connection: tcp connect error: Connection refused (os error 111)
[2m2026-07-05T13:18:03.080329Z[0m [33m WARN[0m [2mpm_bot[0m[2m:[0m découverte gamma: requête Gamma: error sending request for url (https://gamma-api.polymarket.com/events?slug=btc-updown-5m-1783257300): client error (Connect): tunnel error: failed to create underlying connection: tcp connect error: Connection refused (os error 111)
[2m2026-07-05T13:18:08.081997Z[0m [33m WARN[0m [2mpm_bot[0m[2m:[0m découverte gamma: requête Gamma: error sending request for url (https://gamma-api.polymarket.com/events?slug=btc-updown-5m-1783257300): client error (Connect): tunnel error: failed to create underlying connection: tcp connect error: Connection refused (os error 111)
[2m2026-07-05T13:18:12.929076Z[0m [33m WARN[0m [2mpm_acquisition::rtds[0m[2m:[0m RTDS erreur: connexion au proxy 127.0.0.1:45417: Connection refused (os error 111)
[2m2026-07-05T13:18:13.083575Z[0m [33m WARN[0m [2mpm_bot[0m[2m:[0m découverte gamma: requête Gamma: error sending request for url (https://gamma-api.polymarket.com/events?slug=btc-updown-5m-1783257300): client error (Connect): tunnel error: failed to create underlying connection: tcp connect error: Connection refused (os error 111)
[2m2026-07-05T13:18:18.084596Z[0m [33m WARN[0m [2mpm_bot[0m[2m:[0m découverte gamma: requête Gamma: error sending request for url (https://gamma-api.polymarket.com/events?slug=btc-updown-5m-1783257300): client error (Connect): tunnel error: failed to create underlying connection: tcp connect error: Connection refused (os error 111)
[2m2026-07-05T13:18:23.085377Z[0m [33m WARN[0m [2mpm_bot[0m[2m:[0m découverte gamma: requête Gamma: error sending request for url (https://gamma-api.polymarket.com/events?slug=btc-updown-5m-1783257300): client error (Connect): tunnel error: failed to create underlying connection: tcp connect error: Connection refused (os error 111)
[2m2026-07-05T13:18:27.930582Z[0m [33m WARN[0m [2mpm_acquisition::rtds[0m[2m:[0m RTDS erreur: connexion au proxy 127.0.0.1:45417: Connection refused (os error 111)
[2m2026-07-05T13:18:28.087092Z[0m [33m WARN[0m [2mpm_bot[0m[2m:[0m découverte gamma: requête Gamma: error sending request for url (https://gamma-api.polymarket.com/events?slug=btc-updown-5m-1783257300): client error (Connect): tunnel error: failed to create underlying connection: tcp connect error: Connection refused (os error 111)
[2m2026-07-05T13:18:33.089219Z[0m [33m WARN[0m [2mpm_bot[0m[2m:[0m découverte gamma: requête Gamma: error sending request for url (https://gamma-api.polymarket.com/events?slug=btc-updown-5m-1783257300): client error (Connect): tunnel error: failed to create underlying connection: tcp connect error: Connection refused (os error 111)
[2m2026-07-05T13:18:38.090424Z[0m [33m WARN[0m [2mpm_bot[0m[2m:[0m découverte gamma: requête Gamma: error sending request for url (https://gamma-api.polymarket.com/events?slug=btc-updown-5m-1783257300): client error (Connect): tunnel error: failed to create underlying connection: tcp connect error: Connection refused (os error 111)
[2m2026-07-05T13:18:42.931454Z[0m [33m WARN[0m [2mpm_acquisition::rtds[0m[2m:[0m RTDS erreur: connexion au proxy 127.0.0.1:45417: Connection refused (os error 111)
[2m2026-07-05T13:18:43.091961Z[0m [33m WARN[0m [2mpm_bot[0m[2m:[0m découverte gamma: requête Gamma: error sending request for url (https://gamma-api.polymarket.com/events?slug=btc-updown-5m-1783257300): client error (Connect): tunnel error: failed to create underlying connection: tcp connect error: Connection refused (os error 111)
[2m2026-07-05T13:18:48.093749Z[0m [33m WARN[0m [2mpm_bot[0m[2m:[0m découverte gamma: requête Gamma: error sending request for url (https://gamma-api.polymarket.com/events?slug=btc-updown-5m-1783257300): client error (Connect): tunnel error: failed to create underlying connection: tcp connect error: Connection refused (os error 111)
[2m2026-07-05T13:18:53.094364Z[0m [33m WARN[0m [2mpm_bot[0m[2m:[0m découverte gamma: requête Gamma: error sending request for url (https://gamma-api.polymarket.com/events?slug=btc-updown-5m-1783257300): client error (Connect): tunnel error: failed to create underlying connection: tcp connect error: Connection refused (os error 111)
[2m2026-07-05T13:18:57.933023Z[0m [33m WARN[0m [2mpm_acquisition::rtds[0m[2m:[0m RTDS erreur: connexion au proxy 127.0.0.1:45417: Connection refused (os error 111)
[2m2026-07-05T13:18:58.095509Z[0m [33m WARN[0m [2mpm_bot[0m[2m:[0m découverte gamma: requête Gamma: error sending request for url (https://gamma-api.polymarket.com/events?slug=btc-updown-5m-1783257300): client error (Connect): tunnel error: failed to create underlying connection: tcp connect error: Connection refused (os error 111)
[2m2026-07-05T13:19:03.097034Z[0m [33m WARN[0m [2mpm_bot[0m[2m:[0m découverte gamma: requête Gamma: error sending request for url (https://gamma-api.polymarket.com/events?slug=btc-updown-5m-1783257300): client error (Connect): tunnel error: failed to create underlying connection: tcp connect error: Connection refused (os error 111)
[2m2026-07-05T13:19:08.099261Z[0m [33m WARN[0m [2mpm_bot[0m[2m:[0m découverte gamma: requête Gamma: error sending request for url (https://gamma-api.polymarket.com/events?slug=btc-updown-5m-1783257300): client error (Connect): tunnel error: failed to create underlying connection: tcp connect error: Connection refused (os error 111)
[2m2026-07-05T13:19:12.935074Z[0m [33m WARN[0m [2mpm_acquisition::rtds[0m[2m:[0m RTDS erreur: connexion au proxy 127.0.0.1:45417: Connection refused (os error 111)
[2m2026-07-05T13:19:13.100614Z[0m [33m WARN[0m [2mpm_bot[0m[2m:[0m découverte gamma: requête Gamma: error sending request for url (https://gamma-api.polymarket.com/events?slug=btc-updown-5m-1783257300): client error (Connect): tunnel error: failed to create underlying connection: tcp connect error: Connection refused (os error 111)
[2m2026-07-05T13:19:18.101697Z[0m [33m WARN[0m [2mpm_bot[0m[2m:[0m découverte gamma: requête Gamma: error sending request for url (https://gamma-api.polymarket.com/events?slug=btc-updown-5m-1783257300): client error (Connect): tunnel error: failed to create underlying connection: tcp connect error: Connection refused (os error 111)
[2m2026-07-05T13:19:23.103119Z[0m [33m WARN[0m [2mpm_bot[0m[2m:[0m découverte gamma: requête Gamma: error sending request for url (https://gamma-api.polymarket.com/events?slug=btc-updown-5m-1783257300): client error (Connect): tunnel error: failed to create underlying connection: tcp connect error: Connection refused (os error 111)
[2m2026-07-05T13:19:27.936578Z[0m [33m WARN[0m [2mpm_acquisition::rtds[0m[2m:[0m RTDS erreur: connexion au proxy 127.0.0.1:45417: Connection refused (os error 111)
[2m2026-07-05T13:19:28.105266Z[0m [33m WARN[0m [2mpm_bot[0m[2m:[0m découverte gamma: requête Gamma: error sending request for url (https://gamma-api.polymarket.com/events?slug=btc-updown-5m-1783257300): client error (Connect): tunnel error: failed to create underlying connection: tcp connect error: Connection refused (os error 111)
[2m2026-07-05T13:19:33.106767Z[0m [33m WARN[0m [2mpm_bot[0m[2m:[0m découverte gamma: requête Gamma: error sending request for url (https://gamma-api.polymarket.com/events?slug=btc-updown-5m-1783257300): client error (Connect): tunnel error: failed to create underlying connection: tcp connect error: Connection refused (os error 111)
[2m2026-07-05T13:19:38.107636Z[0m [33m WARN[0m [2mpm_bot[0m[2m:[0m découverte gamma: requête Gamma: error sending request for url (https://gamma-api.polymarket.com/events?slug=btc-updown-5m-1783257300): client error (Connect): tunnel error: failed to create underlying connection: tcp connect error: Connection refused (os error 111)
[2m2026-07-05T13:19:42.937823Z[0m [33m WARN[0m [2mpm_acquisition::rtds[0m[2m:[0m RTDS erreur: connexion au proxy 127.0.0.1:45417: Connection refused (os error 111)
[2m2026-07-05T13:19:43.108482Z[0m [33m WARN[0m [2mpm_bot[0m[2m:[0m découverte gamma: requête Gamma: error sending request for url (https://gamma-api.polymarket.com/events?slug=btc-updown-5m-1783257300): client error (Connect): tunnel error: failed to create underlying connection: tcp connect error: Connection refused (os error 111)
[2m2026-07-05T13:19:48.109621Z[0m [33m WARN[0m [2mpm_bot[0m[2m:[0m découverte gamma: requête Gamma: error sending request for url (https://gamma-api.polymarket.com/events?slug=btc-updown-5m-1783257300): client error (Connect): tunnel error: failed to create underlying connection: tcp connect error: Connection refused (os error 111)
[2m2026-07-05T13:19:53.111232Z[0m [33m WARN[0m [2mpm_bot[0m[2m:[0m découverte gamma: requête Gamma: error sending request for url (https://gamma-api.polymarket.com/events?slug=btc-updown-5m-1783257300): client error (Connect): tunnel error: failed to create underlying connection: tcp connect error: Connection refused (os error 111)
[2m2026-07-05T13:19:57.938970Z[0m [33m WARN[0m [2mpm_acquisition::rtds[0m[2m:[0m RTDS erreur: connexion au proxy 127.0.0.1:45417: Connection refused (os error 111)
[2m2026-07-05T13:19:58.112606Z[0m [33m WARN[0m [2mpm_bot[0m[2m:[0m découverte gamma: requête Gamma: error sending request for url (https://gamma-api.polymarket.com/events?slug=btc-updown-5m-1783257300): client error (Connect): tunnel error: failed to create underlying connection: tcp connect error: Connection refused (os error 111)
[2m2026-07-05T13:20:03.114004Z[0m [33m WARN[0m [2mpm_bot[0m[2m:[0m découverte gamma: requête Gamma: error sending request for url (https://gamma-api.polymarket.com/events?slug=btc-updown-5m-1783257600): client error (Connect): tunnel error: failed to create underlying connection: tcp connect error: Connection refused (os error 111)
[2m2026-07-05T13:20:08.115462Z[0m [33m WARN[0m [2mpm_bot[0m[2m:[0m découverte gamma: requête Gamma: error sending request for url (https://gamma-api.polymarket.com/events?slug=btc-updown-5m-1783257600): client error (Connect): tunnel error: failed to create underlying connection: tcp connect error: Connection refused (os error 111)
[2m2026-07-05T13:20:12.940694Z[0m [33m WARN[0m [2mpm_acquisition::rtds[0m[2m:[0m RTDS erreur: connexion au proxy 127.0.0.1:45417: Connection refused (os error 111)
[2m2026-07-05T13:20:13.116239Z[0m [33m WARN[0m [2mpm_bot[0m[2m:[0m découverte gamma: requête Gamma: error sending request for url (https://gamma-api.polymarket.com/events?slug=btc-updown-5m-1783257600): client error (Connect): tunnel error: failed to create underlying connection: tcp connect error: Connection refused (os error 111)
[2m2026-07-05T13:20:18.117434Z[0m [33m WARN[0m [2mpm_bot[0m[2m:[0m découverte gamma: requête Gamma: error sending request for url (https://gamma-api.polymarket.com/events?slug=btc-updown-5m-1783257600): client error (Connect): tunnel error: failed to create underlying connection: tcp connect error: Connection refused (os error 111)
[2m2026-07-05T13:20:23.118766Z[0m [33m WARN[0m [2mpm_bot[0m[2m:[0m découverte gamma: requête Gamma: error sending request for url (https://gamma-api.polymarket.com/events?slug=btc-updown-5m-1783257600): client error (Connect): tunnel error: failed to create underlying connection: tcp connect error: Connection refused (os error 111)
[2m2026-07-05T13:20:27.941837Z[0m [33m WARN[0m [2mpm_acquisition::rtds[0m[2m:[0m RTDS erreur: connexion au proxy 127.0.0.1:45417: Connection refused (os error 111)
[2m2026-07-05T13:20:28.119549Z[0m [33m WARN[0m [2mpm_bot[0m[2m:[0m découverte gamma: requête Gamma: error sending request for url (https://gamma-api.polymarket.com/events?slug=btc-updown-5m-1783257600): client error (Connect): tunnel error: failed to create underlying connection: tcp connect error: Connection refused (os error 111)
[2m2026-07-05T13:20:33.120238Z[0m [33m WARN[0m [2mpm_bot[0m[2m:[0m découverte gamma: requête Gamma: error sending request for url (https://gamma-api.polymarket.com/events?slug=btc-updown-5m-1783257600): client error (Connect): tunnel error: failed to create underlying connection: tcp connect error: Connection refused (os error 111)
[2m2026-07-05T13:20:38.121527Z[0m [33m WARN[0m [2mpm_bot[0m[2m:[0m découverte gamma: requête Gamma: error sending request for url (https://gamma-api.polymarket.com/events?slug=btc-updown-5m-1783257600): client error (Connect): tunnel error: failed to create underlying connection: tcp connect error: Connection refused (os error 111)
[2m2026-07-05T13:20:42.943180Z[0m [33m WARN[0m [2mpm_acquisition::rtds[0m[2m:[0m RTDS erreur: connexion au proxy 127.0.0.1:45417: Connection refused (os error 111)
[2m2026-07-05T13:20:43.123051Z[0m [33m WARN[0m [2mpm_bot[0m[2m:[0m découverte gamma: requête Gamma: error sending request for url (https://gamma-api.polymarket.com/events?slug=btc-updown-5m-1783257600): client error (Connect): tunnel error: failed to create underlying connection: tcp connect error: Connection refused (os error 111)
[2m2026-07-05T13:20:48.125106Z[0m [33m WARN[0m [2mpm_bot[0m[2m:[0m découverte gamma: requête Gamma: error sending request for url (https://gamma-api.polymarket.com/events?slug=btc-updown-5m-1783257600): client error (Connect): tunnel error: failed to create underlying connection: tcp connect error: Connection refused (os error 111)
[2m2026-07-05T13:20:53.126462Z[0m [33m WARN[0m [2mpm_bot[0m[2m:[0m découverte gamma: requête Gamma: error sending request for url (https://gamma-api.polymarket.com/events?slug=btc-updown-5m-1783257600): client error (Connect): tunnel error: failed to create underlying connection: tcp connect error: Connection refused (os error 111)
[2m2026-07-05T13:20:57.944565Z[0m [33m WARN[0m [2mpm_acquisition::rtds[0m[2m:[0m RTDS erreur: connexion au proxy 127.0.0.1:45417: Connection refused (os error 111)
[2m2026-07-05T13:20:58.127393Z[0m [33m WARN[0m [2mpm_bot[0m[2m:[0m découverte gamma: requête Gamma: error sending request for url (https://gamma-api.polymarket.com/events?slug=btc-updown-5m-1783257600): client error (Connect): tunnel error: failed to create underlying connection: tcp connect error: Connection refused (os error 111)
[2m2026-07-05T13:21:03.128658Z[0m [33m WARN[0m [2mpm_bot[0m[2m:[0m découverte gamma: requête Gamma: error sending request for url (https://gamma-api.polymarket.com/events?slug=btc-updown-5m-1783257600): client error (Connect): tunnel error: failed to create underlying connection: tcp connect error: Connection refused (os error 111)
[2m2026-07-05T13:21:08.129316Z[0m [33m WARN[0m [2mpm_bot[0m[2m:[0m découverte gamma: requête Gamma: error sending request for url (https://gamma-api.polymarket.com/events?slug=btc-updown-5m-1783257600): client error (Connect): tunnel error: failed to create underlying connection: tcp connect error: Connection refused (os error 111)
[2m2026-07-05T13:21:12.945859Z[0m [33m WARN[0m [2mpm_acquisition::rtds[0m[2m:[0m RTDS erreur: connexion au proxy 127.0.0.1:45417: Connection refused (os error 111)
[2m2026-07-05T13:21:13.130612Z[0m [33m WARN[0m [2mpm_bot[0m[2m:[0m découverte gamma: requête Gamma: error sending request for url (https://gamma-api.polymarket.com/events?slug=btc-updown-5m-1783257600): client error (Connect): tunnel error: failed to create underlying connection: tcp connect error: Connection refused (os error 111)
[2m2026-07-05T13:21:18.132094Z[0m [33m WARN[0m [2mpm_bot[0m[2m:[0m découverte gamma: requête Gamma: error sending request for url (https://gamma-api.polymarket.com/events?slug=btc-updown-5m-1783257600): client error (Connect): tunnel error: failed to create underlying connection: tcp connect error: Connection refused (os error 111)
[2m2026-07-05T13:21:23.134207Z[0m [33m WARN[0m [2mpm_bot[0m[2m:[0m découverte gamma: requête Gamma: error sending request for url (https://gamma-api.polymarket.com/events?slug=btc-updown-5m-1783257600): client error (Connect): tunnel error: failed to create underlying connection: tcp connect error: Connection refused (os error 111)
[2m2026-07-05T13:21:27.947083Z[0m [33m WARN[0m [2mpm_acquisition::rtds[0m[2m:[0m RTDS erreur: connexion au proxy 127.0.0.1:45417: Connection refused (os error 111)
[2m2026-07-05T13:21:28.135907Z[0m [33m WARN[0m [2mpm_bot[0m[2m:[0m découverte gamma: requête Gamma: error sending request for url (https://gamma-api.polymarket.com/events?slug=btc-updown-5m-1783257600): client error (Connect): tunnel error: failed to create underlying connection: tcp connect error: Connection refused (os error 111)
[2m2026-07-05T13:21:33.137468Z[0m [33m WARN[0m [2mpm_bot[0m[2m:[0m découverte gamma: requête Gamma: error sending request for url (https://gamma-api.polymarket.com/events?slug=btc-updown-5m-1783257600): client error (Connect): tunnel error: failed to create underlying connection: tcp connect error: Connection refused (os error 111)
[2m2026-07-05T13:21:38.139164Z[0m [33m WARN[0m [2mpm_bot[0m[2m:[0m découverte gamma: requête Gamma: error sending request for url (https://gamma-api.polymarket.com/events?slug=btc-updown-5m-1783257600): client error (Connect): tunnel error: failed to create underlying connection: tcp connect error: Connection refused (os error 111)
[2m2026-07-05T13:21:42.948341Z[0m [33m WARN[0m [2mpm_acquisition::rtds[0m[2m:[0m RTDS erreur: connexion au proxy 127.0.0.1:45417: Connection refused (os error 111)
[2m2026-07-05T13:21:43.141140Z[0m [33m WARN[0m [2mpm_bot[0m[2m:[0m découverte gamma: requête Gamma: error sending request for url (https://gamma-api.polymarket.com/events?slug=btc-updown-5m-1783257600): client error (Connect): tunnel error: failed to create underlying connection: tcp connect error: Connection refused (os error 111)
[2m2026-07-05T13:21:48.142660Z[0m [33m WARN[0m [2mpm_bot[0m[2m:[0m découverte gamma: requête Gamma: error sending request for url (https://gamma-api.polymarket.com/events?slug=btc-updown-5m-1783257600): client error (Connect): tunnel error: failed to create underlying connection: tcp connect error: Connection refused (os error 111)
[2m2026-07-05T13:21:53.143755Z[0m [33m WARN[0m [2mpm_bot[0m[2m:[0m découverte gamma: requête Gamma: error sending request for url (https://gamma-api.polymarket.com/events?slug=btc-updown-5m-1783257600): client error (Connect): tunnel error: failed to create underlying connection: tcp connect error: Connection refused (os error 111)
[2m2026-07-05T13:21:57.950075Z[0m [33m WARN[0m [2mpm_acquisition::rtds[0m[2m:[0m RTDS erreur: connexion au proxy 127.0.0.1:45417: Connection refused (os error 111)
[2m2026-07-05T13:21:58.144876Z[0m [33m WARN[0m [2mpm_bot[0m[2m:[0m découverte gamma: requête Gamma: error sending request for url (https://gamma-api.polymarket.com/events?slug=btc-updown-5m-1783257600): client error (Connect): tunnel error: failed to create underlying connection: tcp connect error: Connection refused (os error 111)
[2m2026-07-05T13:22:03.145453Z[0m [33m WARN[0m [2mpm_bot[0m[2m:[0m découverte gamma: requête Gamma: error sending request for url (https://gamma-api.polymarket.com/events?slug=btc-updown-5m-1783257600): client error (Connect): tunnel error: failed to create underlying connection: tcp connect error: Connection refused (os error 111)
[2m2026-07-05T13:22:08.146688Z[0m [33m WARN[0m [2mpm_bot[0m[2m:[0m découverte gamma: requête Gamma: error sending request for url (https://gamma-api.polymarket.com/events?slug=btc-updown-5m-1783257600): client error (Connect): tunnel error: failed to create underlying connection: tcp connect error: Connection refused (os error 111)
[2m2026-07-05T13:22:12.951235Z[0m [33m WARN[0m [2mpm_acquisition::rtds[0m[2m:[0m RTDS erreur: connexion au proxy 127.0.0.1:45417: Connection refused (os error 111)
[2m2026-07-05T13:22:13.147800Z[0m [33m WARN[0m [2mpm_bot[0m[2m:[0m découverte gamma: requête Gamma: error sending request for url (https://gamma-api.polymarket.com/events?slug=btc-updown-5m-1783257600): client error (Connect): tunnel error: failed to create underlying connection: tcp connect error: Connection refused (os error 111)
[2m2026-07-05T13:22:18.148453Z[0m [33m WARN[0m [2mpm_bot[0m[2m:[0m découverte gamma: requête Gamma: error sending request for url (https://gamma-api.polymarket.com/events?slug=btc-updown-5m-1783257600): client error (Connect): tunnel error: failed to create underlying connection: tcp connect error: Connection refused (os error 111)
[2m2026-07-05T13:22:23.149607Z[0m [33m WARN[0m [2mpm_bot[0m[2m:[0m découverte gamma: requête Gamma: error sending request for url (https://gamma-api.polymarket.com/events?slug=btc-updown-5m-1783257600): client error (Connect): tunnel error: failed to create underlying connection: tcp connect error: Connection refused (os error 111)
[2m2026-07-05T13:22:27.952689Z[0m [33m WARN[0m [2mpm_acquisition::rtds[0m[2m:[0m RTDS erreur: connexion au proxy 127.0.0.1:45417: Connection refused (os error 111)
[2m2026-07-05T13:22:28.150469Z[0m [33m WARN[0m [2mpm_bot[0m[2m:[0m découverte gamma: requête Gamma: error sending request for url (https://gamma-api.polymarket.com/events?slug=btc-updown-5m-1783257600): client error (Connect): tunnel error: failed to create underlying connection: tcp connect error: Connection refused (os error 111)
[2m2026-07-05T13:22:33.151314Z[0m [33m WARN[0m [2mpm_bot[0m[2m:[0m découverte gamma: requête Gamma: error sending request for url (https://gamma-api.polymarket.com/events?slug=btc-updown-5m-1783257600): client error (Connect): tunnel error: failed to create underlying connection: tcp connect error: Connection refused (os error 111)
[2m2026-07-05T13:22:38.153075Z[0m [33m WARN[0m [2mpm_bot[0m[2m:[0m découverte gamma: requête Gamma: error sending request for url (https://gamma-api.polymarket.com/events?slug=btc-updown-5m-1783257600): client error (Connect): tunnel error: failed to create underlying connection: tcp connect error: Connection refused (os error 111)
[2m2026-07-05T13:22:42.953755Z[0m [33m WARN[0m [2mpm_acquisition::rtds[0m[2m:[0m RTDS erreur: connexion au proxy 127.0.0.1:45417: Connection refused (os error 111)
[2m2026-07-05T13:22:43.154492Z[0m [33m WARN[0m [2mpm_bot[0m[2m:[0m découverte gamma: requête Gamma: error sending request for url (https://gamma-api.polymarket.com/events?slug=btc-updown-5m-1783257600): client error (Connect): tunnel error: failed to create underlying connection: tcp connect error: Connection refused (os error 111)
[2m2026-07-05T13:22:48.155990Z[0m [33m WARN[0m [2mpm_bot[0m[2m:[0m découverte gamma: requête Gamma: error sending request for url (https://gamma-api.polymarket.com/events?slug=btc-updown-5m-1783257600): client error (Connect): tunnel error: failed to create underlying connection: tcp connect error: Connection refused (os error 111)
[2m2026-07-05T13:22:53.157808Z[0m [33m WARN[0m [2mpm_bot[0m[2m:[0m découverte gamma: requête Gamma: error sending request for url (https://gamma-api.polymarket.com/events?slug=btc-updown-5m-1783257600): client error (Connect): tunnel error: failed to create underlying connection: tcp connect error: Connection refused (os error 111)
[2m2026-07-05T13:22:57.954714Z[0m [33m WARN[0m [2mpm_acquisition::rtds[0m[2m:[0m RTDS erreur: connexion au proxy 127.0.0.1:45417: Connection refused (os error 111)
[2m2026-07-05T13:22:58.158379Z[0m [33m WARN[0m [2mpm_bot[0m[2m:[0m découverte gamma: requête Gamma: error sending request for url (https://gamma-api.polymarket.com/events?slug=btc-updown-5m-1783257600): client error (Connect): tunnel error: failed to create underlying connection: tcp connect error: Connection refused (os error 111)
[2m2026-07-05T13:23:03.159716Z[0m [33m WARN[0m [2mpm_bot[0m[2m:[0m découverte gamma: requête Gamma: error sending request for url (https://gamma-api.polymarket.com/events?slug=btc-updown-5m-1783257600): client error (Connect): tunnel error: failed to create underlying connection: tcp connect error: Connection refused (os error 111)
[2m2026-07-05T13:23:08.160744Z[0m [33m WARN[0m [2mpm_bot[0m[2m:[0m découverte gamma: requête Gamma: error sending request for url (https://gamma-api.polymarket.com/events?slug=btc-updown-5m-1783257600): client error (Connect): tunnel error: failed to create underlying connection: tcp connect error: Connection refused (os error 111)
[2m2026-07-05T13:23:12.955759Z[0m [33m WARN[0m [2mpm_acquisition::rtds[0m[2m:[0m RTDS erreur: connexion au proxy 127.0.0.1:45417: Connection refused (os error 111)
[2m2026-07-05T13:23:13.161438Z[0m [33m WARN[0m [2mpm_bot[0m[2m:[0m découverte gamma: requête Gamma: error sending request for url (https://gamma-api.polymarket.com/events?slug=btc-updown-5m-1783257600): client error (Connect): tunnel error: failed to create underlying connection: tcp connect error: Connection refused (os error 111)
[2m2026-07-05T13:23:18.162742Z[0m [33m WARN[0m [2mpm_bot[0m[2m:[0m découverte gamma: requête Gamma: error sending request for url (https://gamma-api.polymarket.com/events?slug=btc-updown-5m-1783257600): client error (Connect): tunnel error: failed to create underlying connection: tcp connect error: Connection refused (os error 111)
[2m2026-07-05T13:23:23.163404Z[0m [33m WARN[0m [2mpm_bot[0m[2m:[0m découverte gamma: requête Gamma: error sending request for url (https://gamma-api.polymarket.com/events?slug=btc-updown-5m-1783257600): client error (Connect): tunnel error: failed to create underlying connection: tcp connect error: Connection refused (os error 111)
[2m2026-07-05T13:23:27.956928Z[0m [33m WARN[0m [2mpm_acquisition::rtds[0m[2m:[0m RTDS erreur: connexion au proxy 127.0.0.1:45417: Connection refused (os error 111)
[2m2026-07-05T13:23:28.164615Z[0m [33m WARN[0m [2mpm_bot[0m[2m:[0m découverte gamma: requête Gamma: error sending request for url (https://gamma-api.polymarket.com/events?slug=btc-updown-5m-1783257600): client error (Connect): tunnel error: failed to create underlying connection: tcp connect error: Connection refused (os error 111)
[2m2026-07-05T13:23:33.166184Z[0m [33m WARN[0m [2mpm_bot[0m[2m:[0m découverte gamma: requête Gamma: error sending request for url (https://gamma-api.polymarket.com/events?slug=btc-updown-5m-1783257600): client error (Connect): tunnel error: failed to create underlying connection: tcp connect error: Connection refused (os error 111)
[2m2026-07-05T13:23:38.168200Z[0m [33m WARN[0m [2mpm_bot[0m[2m:[0m découverte gamma: requête Gamma: error sending request for url (https://gamma-api.polymarket.com/events?slug=btc-updown-5m-1783257600): client error (Connect): tunnel error: failed to create underlying connection: tcp connect error: Connection refused (os error 111)
[2m2026-07-05T13:23:42.958222Z[0m [33m WARN[0m [2mpm_acquisition::rtds[0m[2m:[0m RTDS erreur: connexion au proxy 127.0.0.1:45417: Connection refused (os error 111)
[2m2026-07-05T13:23:43.170014Z[0m [33m WARN[0m [2mpm_bot[0m[2m:[0m découverte gamma: requête Gamma: error sending request for url (https://gamma-api.polymarket.com/events?slug=btc-updown-5m-1783257600): client error (Connect): tunnel error: failed to create underlying connection: tcp connect error: Connection refused (os error 111)
[2m2026-07-05T13:23:48.171237Z[0m [33m WARN[0m [2mpm_bot[0m[2m:[0m découverte gamma: requête Gamma: error sending request for url (https://gamma-api.polymarket.com/events?slug=btc-updown-5m-1783257600): client error (Connect): tunnel error: failed to create underlying connection: tcp connect error: Connection refused (os error 111)
[2m2026-07-05T13:23:53.172568Z[0m [33m WARN[0m [2mpm_bot[0m[2m:[0m découverte gamma: requête Gamma: error sending request for url (https://gamma-api.polymarket.com/events?slug=btc-updown-5m-1783257600): client error (Connect): tunnel error: failed to create underlying connection: tcp connect error: Connection refused (os error 111)
[2m2026-07-05T13:23:57.959869Z[0m [33m WARN[0m [2mpm_acquisition::rtds[0m[2m:[0m RTDS erreur: connexion au proxy 127.0.0.1:45417: Connection refused (os error 111)
[2m2026-07-05T13:23:58.173578Z[0m [33m WARN[0m [2mpm_bot[0m[2m:[0m découverte gamma: requête Gamma: error sending request for url (https://gamma-api.polymarket.com/events?slug=btc-updown-5m-1783257600): client error (Connect): tunnel error: failed to create underlying connection: tcp connect error: Connection refused (os error 111)
[2m2026-07-05T13:24:03.174971Z[0m [33m WARN[0m [2mpm_bot[0m[2m:[0m découverte gamma: requête Gamma: error sending request for url (https://gamma-api.polymarket.com/events?slug=btc-updown-5m-1783257600): client error (Connect): tunnel error: failed to create underlying connection: tcp connect error: Connection refused (os error 111)
[2m2026-07-05T13:24:08.177213Z[0m [33m WARN[0m [2mpm_bot[0m[2m:[0m découverte gamma: requête Gamma: error sending request for url (https://gamma-api.polymarket.com/events?slug=btc-updown-5m-1783257600): client error (Connect): tunnel error: failed to create underlying connection: tcp connect error: Connection refused (os error 111)
[2m2026-07-05T13:24:12.961037Z[0m [33m WARN[0m [2mpm_acquisition::rtds[0m[2m:[0m RTDS erreur: connexion au proxy 127.0.0.1:45417: Connection refused (os error 111)
[2m2026-07-05T13:24:13.178744Z[0m [33m WARN[0m [2mpm_bot[0m[2m:[0m découverte gamma: requête Gamma: error sending request for url (https://gamma-api.polymarket.com/events?slug=btc-updown-5m-1783257600): client error (Connect): tunnel error: failed to create underlying connection: tcp connect error: Connection refused (os error 111)
[2m2026-07-05T13:24:18.179824Z[0m [33m WARN[0m [2mpm_bot[0m[2m:[0m découverte gamma: requête Gamma: error sending request for url (https://gamma-api.polymarket.com/events?slug=btc-updown-5m-1783257600): client error (Connect): tunnel error: failed to create underlying connection: tcp connect error: Connection refused (os error 111)
[2m2026-07-05T13:24:23.180513Z[0m [33m WARN[0m [2mpm_bot[0m[2m:[0m découverte gamma: requête Gamma: error sending request for url (https://gamma-api.polymarket.com/events?slug=btc-updown-5m-1783257600): client error (Connect): tunnel error: failed to create underlying connection: tcp connect error: Connection refused (os error 111)
[2m2026-07-05T13:24:27.962688Z[0m [33m WARN[0m [2mpm_acquisition::rtds[0m[2m:[0m RTDS erreur: connexion au proxy 127.0.0.1:45417: Connection refused (os error 111)
[2m2026-07-05T13:24:28.181442Z[0m [33m WARN[0m [2mpm_bot[0m[2m:[0m découverte gamma: requête Gamma: error sending request for url (https://gamma-api.polymarket.com/events?slug=btc-updown-5m-1783257600): client error (Connect): tunnel error: failed to create underlying connection: tcp connect error: Connection refused (os error 111)
[2m2026-07-05T13:24:33.182671Z[0m [33m WARN[0m [2mpm_bot[0m[2m:[0m découverte gamma: requête Gamma: error sending request for url (https://gamma-api.polymarket.com/events?slug=btc-updown-5m-1783257600): client error (Connect): tunnel error: failed to create underlying connection: tcp connect error: Connection refused (os error 111)
[2m2026-07-05T13:24:38.183556Z[0m [33m WARN[0m [2mpm_bot[0m[2m:[0m découverte gamma: requête Gamma: error sending request for url (https://gamma-api.polymarket.com/events?slug=btc-updown-5m-1783257600): client error (Connect): tunnel error: failed to create underlying connection: tcp connect error: Connection refused (os error 111)
[2m2026-07-05T13:24:42.963783Z[0m [33m WARN[0m [2mpm_acquisition::rtds[0m[2m:[0m RTDS erreur: connexion au proxy 127.0.0.1:45417: Connection refused (os error 111)
[2m2026-07-05T13:24:43.184436Z[0m [33m WARN[0m [2mpm_bot[0m[2m:[0m découverte gamma: requête Gamma: error sending request for url (https://gamma-api.polymarket.com/events?slug=btc-updown-5m-1783257600): client error (Connect): tunnel error: failed to create underlying connection: tcp connect error: Connection refused (os error 111)
[2m2026-07-05T13:24:48.185891Z[0m [33m WARN[0m [2mpm_bot[0m[2m:[0m découverte gamma: requête Gamma: error sending request for url (https://gamma-api.polymarket.com/events?slug=btc-updown-5m-1783257600): client error (Connect): tunnel error: failed to create underlying connection: tcp connect error: Connection refused (os error 111)
[2m2026-07-05T13:24:53.186551Z[0m [33m WARN[0m [2mpm_bot[0m[2m:[0m découverte gamma: requête Gamma: error sending request for url (https://gamma-api.polymarket.com/events?slug=btc-updown-5m-1783257600): client error (Connect): tunnel error: failed to create underlying connection: tcp connect error: Connection refused (os error 111)
[2m2026-07-05T13:24:57.964611Z[0m [33m WARN[0m [2mpm_acquisition::rtds[0m[2m:[0m RTDS erreur: connexion au proxy 127.0.0.1:45417: Connection refused (os error 111)
[2m2026-07-05T13:24:58.187456Z[0m [33m WARN[0m [2mpm_bot[0m[2m:[0m découverte gamma: requête Gamma: error sending request for url (https://gamma-api.polymarket.com/events?slug=btc-updown-5m-1783257600): client error (Connect): tunnel error: failed to create underlying connection: tcp connect error: Connection refused (os error 111)
[2m2026-07-05T13:25:03.188542Z[0m [33m WARN[0m [2mpm_bot[0m[2m:[0m découverte gamma: requête Gamma: error sending request for url (https://gamma-api.polymarket.com/events?slug=btc-updown-5m-1783257900): client error (Connect): tunnel error: failed to create underlying connection: tcp connect error: Connection refused (os error 111)
[2m2026-07-05T13:25:08.190099Z[0m [33m WARN[0m [2mpm_bot[0m[2m:[0m découverte gamma: requête Gamma: error sending request for url (https://gamma-api.polymarket.com/events?slug=btc-updown-5m-1783257900): client error (Connect): tunnel error: failed to create underlying connection: tcp connect error: Connection refused (os error 111)
[2m2026-07-05T13:25:12.965178Z[0m [33m WARN[0m [2mpm_acquisition::rtds[0m[2m:[0m RTDS erreur: connexion au proxy 127.0.0.1:45417: Connection refused (os error 111)
[2m2026-07-05T13:25:13.191880Z[0m [33m WARN[0m [2mpm_bot[0m[2m:[0m découverte gamma: requête Gamma: error sending request for url (https://gamma-api.polymarket.com/events?slug=btc-updown-5m-1783257900): client error (Connect): tunnel error: failed to create underlying connection: tcp connect error: Connection refused (os error 111)
[2m2026-07-05T13:25:18.192478Z[0m [33m WARN[0m [2mpm_bot[0m[2m:[0m découverte gamma: requête Gamma: error sending request for url (https://gamma-api.polymarket.com/events?slug=btc-updown-5m-1783257900): client error (Connect): tunnel error: failed to create underlying connection: tcp connect error: Connection refused (os error 111)
[2m2026-07-05T13:25:23.193723Z[0m [33m WARN[0m [2mpm_bot[0m[2m:[0m découverte gamma: requête Gamma: error sending request for url (https://gamma-api.polymarket.com/events?slug=btc-updown-5m-1783257900): client error (Connect): tunnel error: failed to create underlying connection: tcp connect error: Connection refused (os error 111)
[2m2026-07-05T13:25:27.966789Z[0m [33m WARN[0m [2mpm_acquisition::rtds[0m[2m:[0m RTDS erreur: connexion au proxy 127.0.0.1:45417: Connection refused (os error 111)
[2m2026-07-05T13:25:28.194488Z[0m [33m WARN[0m [2mpm_bot[0m[2m:[0m découverte gamma: requête Gamma: error sending request for url (https://gamma-api.polymarket.com/events?slug=btc-updown-5m-1783257900): client error (Connect): tunnel error: failed to create underlying connection: tcp connect error: Connection refused (os error 111)
[2m2026-07-05T13:25:33.195231Z[0m [33m WARN[0m [2mpm_bot[0m[2m:[0m découverte gamma: requête Gamma: error sending request for url (https://gamma-api.polymarket.com/events?slug=btc-updown-5m-1783257900): client error (Connect): tunnel error: failed to create underlying connection: tcp connect error: Connection refused (os error 111)
[2m2026-07-05T13:25:38.196523Z[0m [33m WARN[0m [2mpm_bot[0m[2m:[0m découverte gamma: requête Gamma: error sending request for url (https://gamma-api.polymarket.com/events?slug=btc-updown-5m-1783257900): client error (Connect): tunnel error: failed to create underlying connection: tcp connect error: Connection refused (os error 111)
[2m2026-07-05T13:25:42.967872Z[0m [33m WARN[0m [2mpm_acquisition::rtds[0m[2m:[0m RTDS erreur: connexion au proxy 127.0.0.1:45417: Connection refused (os error 111)
[2m2026-07-05T13:25:43.197589Z[0m [33m WARN[0m [2mpm_bot[0m[2m:[0m découverte gamma: requête Gamma: error sending request for url (https://gamma-api.polymarket.com/events?slug=btc-updown-5m-1783257900): client error (Connect): tunnel error: failed to create underlying connection: tcp connect error: Connection refused (os error 111)
[2m2026-07-05T13:25:48.198341Z[0m [33m WARN[0m [2mpm_bot[0m[2m:[0m découverte gamma: requête Gamma: error sending request for url (https://gamma-api.polymarket.com/events?slug=btc-updown-5m-1783257900): client error (Connect): tunnel error: failed to create underlying connection: tcp connect error: Connection refused (os error 111)
[2m2026-07-05T13:25:53.199413Z[0m [33m WARN[0m [2mpm_bot[0m[2m:[0m découverte gamma: requête Gamma: error sending request for url (https://gamma-api.polymarket.com/events?slug=btc-updown-5m-1783257900): client error (Connect): tunnel error: failed to create underlying connection: tcp connect error: Connection refused (os error 111)
[2m2026-07-05T13:25:57.969147Z[0m [33m WARN[0m [2mpm_acquisition::rtds[0m[2m:[0m RTDS erreur: connexion au proxy 127.0.0.1:45417: Connection refused (os error 111)
[2m2026-07-05T13:25:58.201203Z[0m [33m WARN[0m [2mpm_bot[0m[2m:[0m découverte gamma: requête Gamma: error sending request for url (https://gamma-api.polymarket.com/events?slug=btc-updown-5m-1783257900): client error (Connect): tunnel error: failed to create underlying connection: tcp connect error: Connection refused (os error 111)
[2m2026-07-05T13:26:03.202744Z[0m [33m WARN[0m [2mpm_bot[0m[2m:[0m découverte gamma: requête Gamma: error sending request for url (https://gamma-api.polymarket.com/events?slug=btc-updown-5m-1783257900): client error (Connect): tunnel error: failed to create underlying connection: tcp connect error: Connection refused (os error 111)
[2m2026-07-05T13:26:08.204210Z[0m [33m WARN[0m [2mpm_bot[0m[2m:[0m découverte gamma: requête Gamma: error sending request for url (https://gamma-api.polymarket.com/events?slug=btc-updown-5m-1783257900): client error (Connect): tunnel error: failed to create underlying connection: tcp connect error: Connection refused (os error 111)
[2m2026-07-05T13:26:12.970565Z[0m [33m WARN[0m [2mpm_acquisition::rtds[0m[2m:[0m RTDS erreur: connexion au proxy 127.0.0.1:45417: Connection refused (os error 111)
[2m2026-07-05T13:26:13.206169Z[0m [33m WARN[0m [2mpm_bot[0m[2m:[0m découverte gamma: requête Gamma: error sending request for url (https://gamma-api.polymarket.com/events?slug=btc-updown-5m-1783257900): client error (Connect): tunnel error: failed to create underlying connection: tcp connect error: Connection refused (os error 111)
[2m2026-07-05T13:26:18.207618Z[0m [33m WARN[0m [2mpm_bot[0m[2m:[0m découverte gamma: requête Gamma: error sending request for url (https://gamma-api.polymarket.com/events?slug=btc-updown-5m-1783257900): client error (Connect): tunnel error: failed to create underlying connection: tcp connect error: Connection refused (os error 111)
[2m2026-07-05T13:26:23.208720Z[0m [33m WARN[0m [2mpm_bot[0m[2m:[0m découverte gamma: requête Gamma: error sending request for url (https://gamma-api.polymarket.com/events?slug=btc-updown-5m-1783257900): client error (Connect): tunnel error: failed to create underlying connection: tcp connect error: Connection refused (os error 111)
[2m2026-07-05T13:26:27.971501Z[0m [33m WARN[0m [2mpm_acquisition::rtds[0m[2m:[0m RTDS erreur: connexion au proxy 127.0.0.1:45417: Connection refused (os error 111)
[2m2026-07-05T13:26:28.209423Z[0m [33m WARN[0m [2mpm_bot[0m[2m:[0m découverte gamma: requête Gamma: error sending request for url (https://gamma-api.polymarket.com/events?slug=btc-updown-5m-1783257900): client error (Connect): tunnel error: failed to create underlying connection: tcp connect error: Connection refused (os error 111)
[2m2026-07-05T13:26:33.210960Z[0m [33m WARN[0m [2mpm_bot[0m[2m:[0m découverte gamma: requête Gamma: error sending request for url (https://gamma-api.polymarket.com/events?slug=btc-updown-5m-1783257900): client error (Connect): tunnel error: failed to create underlying connection: tcp connect error: Connection refused (os error 111)
[2m2026-07-05T13:26:38.213204Z[0m [33m WARN[0m [2mpm_bot[0m[2m:[0m découverte gamma: requête Gamma: error sending request for url (https://gamma-api.polymarket.com/events?slug=btc-updown-5m-1783257900): client error (Connect): tunnel error: failed to create underlying connection: tcp connect error: Connection refused (os error 111)
[2m2026-07-05T13:26:42.973140Z[0m [33m WARN[0m [2mpm_acquisition::rtds[0m[2m:[0m RTDS erreur: connexion au proxy 127.0.0.1:45417: Connection refused (os error 111)
[2m2026-07-05T13:26:43.214815Z[0m [33m WARN[0m [2mpm_bot[0m[2m:[0m découverte gamma: requête Gamma: error sending request for url (https://gamma-api.polymarket.com/events?slug=btc-updown-5m-1783257900): client error (Connect): tunnel error: failed to create underlying connection: tcp connect error: Connection refused (os error 111)
[2m2026-07-05T13:26:48.215835Z[0m [33m WARN[0m [2mpm_bot[0m[2m:[0m découverte gamma: requête Gamma: error sending request for url (https://gamma-api.polymarket.com/events?slug=btc-updown-5m-1783257900): client error (Connect): tunnel error: failed to create underlying connection: tcp connect error: Connection refused (os error 111)
[2m2026-07-05T13:26:53.216520Z[0m [33m WARN[0m [2mpm_bot[0m[2m:[0m découverte gamma: requête Gamma: error sending request for url (https://gamma-api.polymarket.com/events?slug=btc-updown-5m-1783257900): client error (Connect): tunnel error: failed to create underlying connection: tcp connect error: Connection refused (os error 111)
[2m2026-07-05T13:26:57.974440Z[0m [33m WARN[0m [2mpm_acquisition::rtds[0m[2m:[0m RTDS erreur: connexion au proxy 127.0.0.1:45417: Connection refused (os error 111)
[2m2026-07-05T13:26:58.218197Z[0m [33m WARN[0m [2mpm_bot[0m[2m:[0m découverte gamma: requête Gamma: error sending request for url (https://gamma-api.polymarket.com/events?slug=btc-updown-5m-1783257900): client error (Connect): tunnel error: failed to create underlying connection: tcp connect error: Connection refused (os error 111)
[2m2026-07-05T13:27:03.220151Z[0m [33m WARN[0m [2mpm_bot[0m[2m:[0m découverte gamma: requête Gamma: error sending request for url (https://gamma-api.polymarket.com/events?slug=btc-updown-5m-1783257900): client error (Connect): tunnel error: failed to create underlying connection: tcp connect error: Connection refused (os error 111)
[2m2026-07-05T13:27:08.221518Z[0m [33m WARN[0m [2mpm_bot[0m[2m:[0m découverte gamma: requête Gamma: error sending request for url (https://gamma-api.polymarket.com/events?slug=btc-updown-5m-1783257900): client error (Connect): tunnel error: failed to create underlying connection: tcp connect error: Connection refused (os error 111)
[2m2026-07-05T13:27:12.976127Z[0m [33m WARN[0m [2mpm_acquisition::rtds[0m[2m:[0m RTDS erreur: connexion au proxy 127.0.0.1:45417: Connection refused (os error 111)
[2m2026-07-05T13:27:13.222880Z[0m [33m WARN[0m [2mpm_bot[0m[2m:[0m découverte gamma: requête Gamma: error sending request for url (https://gamma-api.polymarket.com/events?slug=btc-updown-5m-1783257900): client error (Connect): tunnel error: failed to create underlying connection: tcp connect error: Connection refused (os error 111)
[2m2026-07-05T13:27:18.223615Z[0m [33m WARN[0m [2mpm_bot[0m[2m:[0m découverte gamma: requête Gamma: error sending request for url (https://gamma-api.polymarket.com/events?slug=btc-updown-5m-1783257900): client error (Connect): tunnel error: failed to create underlying connection: tcp connect error: Connection refused (os error 111)
[2m2026-07-05T13:27:23.224369Z[0m [33m WARN[0m [2mpm_bot[0m[2m:[0m découverte gamma: requête Gamma: error sending request for url (https://gamma-api.polymarket.com/events?slug=btc-updown-5m-1783257900): client error (Connect): tunnel error: failed to create underlying connection: tcp connect error: Connection refused (os error 111)
[2m2026-07-05T13:27:27.977535Z[0m [33m WARN[0m [2mpm_acquisition::rtds[0m[2m:[0m RTDS erreur: connexion au proxy 127.0.0.1:45417: Connection refused (os error 111)
[2m2026-07-05T13:27:28.225370Z[0m [33m WARN[0m [2mpm_bot[0m[2m:[0m découverte gamma: requête Gamma: error sending request for url (https://gamma-api.polymarket.com/events?slug=btc-updown-5m-1783257900): client error (Connect): tunnel error: failed to create underlying connection: tcp connect error: Connection refused (os error 111)
[2m2026-07-05T13:27:33.226389Z[0m [33m WARN[0m [2mpm_bot[0m[2m:[0m découverte gamma: requête Gamma: error sending request for url (https://gamma-api.polymarket.com/events?slug=btc-updown-5m-1783257900): client error (Connect): tunnel error: failed to create underlying connection: tcp connect error: Connection refused (os error 111)
[2m2026-07-05T13:27:38.228117Z[0m [33m WARN[0m [2mpm_bot[0m[2m:[0m découverte gamma: requête Gamma: error sending request for url (https://gamma-api.polymarket.com/events?slug=btc-updown-5m-1783257900): client error (Connect): tunnel error: failed to create underlying connection: tcp connect error: Connection refused (os error 111)
[2m2026-07-05T13:27:42.978860Z[0m [33m WARN[0m [2mpm_acquisition::rtds[0m[2m:[0m RTDS erreur: connexion au proxy 127.0.0.1:45417: Connection refused (os error 111)
[2m2026-07-05T13:27:43.229657Z[0m [33m WARN[0m [2mpm_bot[0m[2m:[0m découverte gamma: requête Gamma: error sending request for url (https://gamma-api.polymarket.com/events?slug=btc-updown-5m-1783257900): client error (Connect): tunnel error: failed to create underlying connection: tcp connect error: Connection refused (os error 111)
[2m2026-07-05T13:27:48.230597Z[0m [33m WARN[0m [2mpm_bot[0m[2m:[0m découverte gamma: requête Gamma: error sending request for url (https://gamma-api.polymarket.com/events?slug=btc-updown-5m-1783257900): client error (Connect): tunnel error: failed to create underlying connection: tcp connect error: Connection refused (os error 111)
[2m2026-07-05T13:27:53.232106Z[0m [33m WARN[0m [2mpm_bot[0m[2m:[0m découverte gamma: requête Gamma: error sending request for url (https://gamma-api.polymarket.com/events?slug=btc-updown-5m-1783257900): client error (Connect): tunnel error: failed to create underlying connection: tcp connect error: Connection refused (os error 111)
[2m2026-07-05T13:27:57.979227Z[0m [33m WARN[0m [2mpm_acquisition::rtds[0m[2m:[0m RTDS erreur: connexion au proxy 127.0.0.1:45417: Connection refused (os error 111)
[2m2026-07-05T13:27:58.233960Z[0m [33m WARN[0m [2mpm_bot[0m[2m:[0m découverte gamma: requête Gamma: error sending request for url (https://gamma-api.polymarket.com/events?slug=btc-updown-5m-1783257900): client error (Connect): tunnel error: failed to create underlying connection: tcp connect error: Connection refused (os error 111)
[2m2026-07-05T13:28:03.235431Z[0m [33m WARN[0m [2mpm_bot[0m[2m:[0m découverte gamma: requête Gamma: error sending request for url (https://gamma-api.polymarket.com/events?slug=btc-updown-5m-1783257900): client error (Connect): tunnel error: failed to create underlying connection: tcp connect error: Connection refused (os error 111)
[2m2026-07-05T13:28:08.236630Z[0m [33m WARN[0m [2mpm_bot[0m[2m:[0m découverte gamma: requête Gamma: error sending request for url (https://gamma-api.polymarket.com/events?slug=btc-updown-5m-1783257900): client error (Connect): tunnel error: failed to create underlying connection: tcp connect error: Connection refused (os error 111)
[2m2026-07-05T13:28:12.980352Z[0m [33m WARN[0m [2mpm_acquisition::rtds[0m[2m:[0m RTDS erreur: connexion au proxy 127.0.0.1:45417: Connection refused (os error 111)
[2m2026-07-05T13:28:13.238046Z[0m [33m WARN[0m [2mpm_bot[0m[2m:[0m découverte gamma: requête Gamma: error sending request for url (https://gamma-api.polymarket.com/events?slug=btc-updown-5m-1783257900): client error (Connect): tunnel error: failed to create underlying connection: tcp connect error: Connection refused (os error 111)
[2m2026-07-05T13:28:18.240060Z[0m [33m WARN[0m [2mpm_bot[0m[2m:[0m découverte gamma: requête Gamma: error sending request for url (https://gamma-api.polymarket.com/events?slug=btc-updown-5m-1783257900): client error (Connect): tunnel error: failed to create underlying connection: tcp connect error: Connection refused (os error 111)
[2m2026-07-05T13:28:23.241379Z[0m [33m WARN[0m [2mpm_bot[0m[2m:[0m découverte gamma: requête Gamma: error sending request for url (https://gamma-api.polymarket.com/events?slug=btc-updown-5m-1783257900): client error (Connect): tunnel error: failed to create underlying connection: tcp connect error: Connection refused (os error 111)
[2m2026-07-05T13:28:27.981525Z[0m [33m WARN[0m [2mpm_acquisition::rtds[0m[2m:[0m RTDS erreur: connexion au proxy 127.0.0.1:45417: Connection refused (os error 111)
[2m2026-07-05T13:28:28.242333Z[0m [33m WARN[0m [2mpm_bot[0m[2m:[0m découverte gamma: requête Gamma: error sending request for url (https://gamma-api.polymarket.com/events?slug=btc-updown-5m-1783257900): client error (Connect): tunnel error: failed to create underlying connection: tcp connect error: Connection refused (os error 111)
[2m2026-07-05T13:28:33.244134Z[0m [33m WARN[0m [2mpm_bot[0m[2m:[0m découverte gamma: requête Gamma: error sending request for url (https://gamma-api.polymarket.com/events?slug=btc-updown-5m-1783257900): client error (Connect): tunnel error: failed to create underlying connection: tcp connect error: Connection refused (os error 111)
[2m2026-07-05T13:28:38.245670Z[0m [33m WARN[0m [2mpm_bot[0m[2m:[0m découverte gamma: requête Gamma: error sending request for url (https://gamma-api.polymarket.com/events?slug=btc-updown-5m-1783257900): client error (Connect): tunnel error: failed to create underlying connection: tcp connect error: Connection refused (os error 111)
[2m2026-07-05T13:28:42.982405Z[0m [33m WARN[0m [2mpm_acquisition::rtds[0m[2m:[0m RTDS erreur: connexion au proxy 127.0.0.1:45417: Connection refused (os error 111)
[2m2026-07-05T13:28:43.247104Z[0m [33m WARN[0m [2mpm_bot[0m[2m:[0m découverte gamma: requête Gamma: error sending request for url (https://gamma-api.polymarket.com/events?slug=btc-updown-5m-1783257900): client error (Connect): tunnel error: failed to create underlying connection: tcp connect error: Connection refused (os error 111)
[2m2026-07-05T13:28:48.248402Z[0m [33m WARN[0m [2mpm_bot[0m[2m:[0m découverte gamma: requête Gamma: error sending request for url (https://gamma-api.polymarket.com/events?slug=btc-updown-5m-1783257900): client error (Connect): tunnel error: failed to create underlying connection: tcp connect error: Connection refused (os error 111)
[2m2026-07-05T13:28:53.249668Z[0m [33m WARN[0m [2mpm_bot[0m[2m:[0m découverte gamma: requête Gamma: error sending request for url (https://gamma-api.polymarket.com/events?slug=btc-updown-5m-1783257900): client error (Connect): tunnel error: failed to create underlying connection: tcp connect error: Connection refused (os error 111)
[2m2026-07-05T13:28:57.983639Z[0m [33m WARN[0m [2mpm_acquisition::rtds[0m[2m:[0m RTDS erreur: connexion au proxy 127.0.0.1:45417: Connection refused (os error 111)
[2m2026-07-05T13:28:58.250427Z[0m [33m WARN[0m [2mpm_bot[0m[2m:[0m découverte gamma: requête Gamma: error sending request for url (https://gamma-api.polymarket.com/events?slug=btc-updown-5m-1783257900): client error (Connect): tunnel error: failed to create underlying connection: tcp connect error: Connection refused (os error 111)
[2m2026-07-05T13:29:03.251867Z[0m [33m WARN[0m [2mpm_bot[0m[2m:[0m découverte gamma: requête Gamma: error sending request for url (https://gamma-api.polymarket.com/events?slug=btc-updown-5m-1783257900): client error (Connect): tunnel error: failed to create underlying connection: tcp connect error: Connection refused (os error 111)
[2m2026-07-05T13:29:08.253156Z[0m [33m WARN[0m [2mpm_bot[0m[2m:[0m découverte gamma: requête Gamma: error sending request for url (https://gamma-api.polymarket.com/events?slug=btc-updown-5m-1783257900): client error (Connect): tunnel error: failed to create underlying connection: tcp connect error: Connection refused (os error 111)
[2m2026-07-05T13:29:12.984907Z[0m [33m WARN[0m [2mpm_acquisition::rtds[0m[2m:[0m RTDS erreur: connexion au proxy 127.0.0.1:45417: Connection refused (os error 111)
[2m2026-07-05T13:29:13.254631Z[0m [33m WARN[0m [2mpm_bot[0m[2m:[0m découverte gamma: requête Gamma: error sending request for url (https://gamma-api.polymarket.com/events?slug=btc-updown-5m-1783257900): client error (Connect): tunnel error: failed to create underlying connection: tcp connect error: Connection refused (os error 111)
[2m2026-07-05T13:29:18.256224Z[0m [33m WARN[0m [2mpm_bot[0m[2m:[0m découverte gamma: requête Gamma: error sending request for url (https://gamma-api.polymarket.com/events?slug=btc-updown-5m-1783257900): client error (Connect): tunnel error: failed to create underlying connection: tcp connect error: Connection refused (os error 111)
[2m2026-07-05T13:29:23.257376Z[0m [33m WARN[0m [2mpm_bot[0m[2m:[0m découverte gamma: requête Gamma: error sending request for url (https://gamma-api.polymarket.com/events?slug=btc-updown-5m-1783257900): client error (Connect): tunnel error: failed to create underlying connection: tcp connect error: Connection refused (os error 111)
[2m2026-07-05T13:29:27.986366Z[0m [33m WARN[0m [2mpm_acquisition::rtds[0m[2m:[0m RTDS erreur: connexion au proxy 127.0.0.1:45417: Connection refused (os error 111)
[2m2026-07-05T13:29:28.259084Z[0m [33m WARN[0m [2mpm_bot[0m[2m:[0m découverte gamma: requête Gamma: error sending request for url (https://gamma-api.polymarket.com/events?slug=btc-updown-5m-1783257900): client error (Connect): tunnel error: failed to create underlying connection: tcp connect error: Connection refused (os error 111)
[2m2026-07-05T13:29:33.260761Z[0m [33m WARN[0m [2mpm_bot[0m[2m:[0m découverte gamma: requête Gamma: error sending request for url (https://gamma-api.polymarket.com/events?slug=btc-updown-5m-1783257900): client error (Connect): tunnel error: failed to create underlying connection: tcp connect error: Connection refused (os error 111)
[2m2026-07-05T13:29:38.262224Z[0m [33m WARN[0m [2mpm_bot[0m[2m:[0m découverte gamma: requête Gamma: error sending request for url (https://gamma-api.polymarket.com/events?slug=btc-updown-5m-1783257900): client error (Connect): tunnel error: failed to create underlying connection: tcp connect error: Connection refused (os error 111)
[2m2026-07-05T13:29:42.987311Z[0m [33m WARN[0m [2mpm_acquisition::rtds[0m[2m:[0m RTDS erreur: connexion au proxy 127.0.0.1:45417: Connection refused (os error 111)
[2m2026-07-05T13:29:43.264212Z[0m [33m WARN[0m [2mpm_bot[0m[2m:[0m découverte gamma: requête Gamma: error sending request for url (https://gamma-api.polymarket.com/events?slug=btc-updown-5m-1783257900): client error (Connect): tunnel error: failed to create underlying connection: tcp connect error: Connection refused (os error 111)
[2m2026-07-05T13:29:48.265262Z[0m [33m WARN[0m [2mpm_bot[0m[2m:[0m découverte gamma: requête Gamma: error sending request for url (https://gamma-api.polymarket.com/events?slug=btc-updown-5m-1783257900): client error (Connect): tunnel error: failed to create underlying connection: tcp connect error: Connection refused (os error 111)
[2m2026-07-05T13:29:53.266434Z[0m [33m WARN[0m [2mpm_bot[0m[2m:[0m découverte gamma: requête Gamma: error sending request for url (https://gamma-api.polymarket.com/events?slug=btc-updown-5m-1783257900): client error (Connect): tunnel error: failed to create underlying connection: tcp connect error: Connection refused (os error 111)
[2m2026-07-05T13:29:57.988790Z[0m [33m WARN[0m [2mpm_acquisition::rtds[0m[2m:[0m RTDS erreur: connexion au proxy 127.0.0.1:45417: Connection refused (os error 111)
[2m2026-07-05T13:29:58.267589Z[0m [33m WARN[0m [2mpm_bot[0m[2m:[0m découverte gamma: requête Gamma: error sending request for url (https://gamma-api.polymarket.com/events?slug=btc-updown-5m-1783257900): client error (Connect): tunnel error: failed to create underlying connection: tcp connect error: Connection refused (os error 111)
[2m2026-07-05T13:30:03.269081Z[0m [33m WARN[0m [2mpm_bot[0m[2m:[0m découverte gamma: requête Gamma: error sending request for url (https://gamma-api.polymarket.com/events?slug=btc-updown-5m-1783258200): client error (Connect): tunnel error: failed to create underlying connection: tcp connect error: Connection refused (os error 111)
[2m2026-07-05T13:30:08.271203Z[0m [33m WARN[0m [2mpm_bot[0m[2m:[0m découverte gamma: requête Gamma: error sending request for url (https://gamma-api.polymarket.com/events?slug=btc-updown-5m-1783258200): client error (Connect): tunnel error: failed to create underlying connection: tcp connect error: Connection refused (os error 111)
[2m2026-07-05T13:30:12.989463Z[0m [33m WARN[0m [2mpm_acquisition::rtds[0m[2m:[0m RTDS erreur: connexion au proxy 127.0.0.1:45417: Connection refused (os error 111)
[2m2026-07-05T13:30:13.273171Z[0m [33m WARN[0m [2mpm_bot[0m[2m:[0m découverte gamma: requête Gamma: error sending request for url (https://gamma-api.polymarket.com/events?slug=btc-updown-5m-1783258200): client error (Connect): tunnel error: failed to create underlying connection: tcp connect error: Connection refused (os error 111)
[2m2026-07-05T13:30:18.274878Z[0m [33m WARN[0m [2mpm_bot[0m[2m:[0m découverte gamma: requête Gamma: error sending request for url (https://gamma-api.polymarket.com/events?slug=btc-updown-5m-1783258200): client error (Connect): tunnel error: failed to create underlying connection: tcp connect error: Connection refused (os error 111)
[2m2026-07-05T13:30:23.275881Z[0m [33m WARN[0m [2mpm_bot[0m[2m:[0m découverte gamma: requête Gamma: error sending request for url (https://gamma-api.polymarket.com/events?slug=btc-updown-5m-1783258200): client error (Connect): tunnel error: failed to create underlying connection: tcp connect error: Connection refused (os error 111)
[2m2026-07-05T13:30:27.990559Z[0m [33m WARN[0m [2mpm_acquisition::rtds[0m[2m:[0m RTDS erreur: connexion au proxy 127.0.0.1:45417: Connection refused (os error 111)
[2m2026-07-05T13:30:28.276457Z[0m [33m WARN[0m [2mpm_bot[0m[2m:[0m découverte gamma: requête Gamma: error sending request for url (https://gamma-api.polymarket.com/events?slug=btc-updown-5m-1783258200): client error (Connect): tunnel error: failed to create underlying connection: tcp connect error: Connection refused (os error 111)
[2m2026-07-05T13:30:33.278154Z[0m [33m WARN[0m [2mpm_bot[0m[2m:[0m découverte gamma: requête Gamma: error sending request for url (https://gamma-api.polymarket.com/events?slug=btc-updown-5m-1783258200): client error (Connect): tunnel error: failed to create underlying connection: tcp connect error: Connection refused (os error 111)
[2m2026-07-05T13:30:38.279896Z[0m [33m WARN[0m [2mpm_bot[0m[2m:[0m découverte gamma: requête Gamma: error sending request for url (https://gamma-api.polymarket.com/events?slug=btc-updown-5m-1783258200): client error (Connect): tunnel error: failed to create underlying connection: tcp connect error: Connection refused (os error 111)
[2m2026-07-05T13:30:42.991395Z[0m [33m WARN[0m [2mpm_acquisition::rtds[0m[2m:[0m RTDS erreur: connexion au proxy 127.0.0.1:45417: Connection refused (os error 111)
[2m2026-07-05T13:30:43.281202Z[0m [33m WARN[0m [2mpm_bot[0m[2m:[0m découverte gamma: requête Gamma: error sending request for url (https://gamma-api.polymarket.com/events?slug=btc-updown-5m-1783258200): client error (Connect): tunnel error: failed to create underlying connection: tcp connect error: Connection refused (os error 111)
[2m2026-07-05T13:30:48.282843Z[0m [33m WARN[0m [2mpm_bot[0m[2m:[0m découverte gamma: requête Gamma: error sending request for url (https://gamma-api.polymarket.com/events?slug=btc-updown-5m-1783258200): client error (Connect): tunnel error: failed to create underlying connection: tcp connect error: Connection refused (os error 111)
[2m2026-07-05T13:30:53.283882Z[0m [33m WARN[0m [2mpm_bot[0m[2m:[0m découverte gamma: requête Gamma: error sending request for url (https://gamma-api.polymarket.com/events?slug=btc-updown-5m-1783258200): client error (Connect): tunnel error: failed to create underlying connection: tcp connect error: Connection refused (os error 111)
[2m2026-07-05T13:30:57.992824Z[0m [33m WARN[0m [2mpm_acquisition::rtds[0m[2m:[0m RTDS erreur: connexion au proxy 127.0.0.1:45417: Connection refused (os error 111)
[2m2026-07-05T13:30:58.284563Z[0m [33m WARN[0m [2mpm_bot[0m[2m:[0m découverte gamma: requête Gamma: error sending request for url (https://gamma-api.polymarket.com/events?slug=btc-updown-5m-1783258200): client error (Connect): tunnel error: failed to create underlying connection: tcp connect error: Connection refused (os error 111)
[2m2026-07-05T13:31:03.285938Z[0m [33m WARN[0m [2mpm_bot[0m[2m:[0m découverte gamma: requête Gamma: error sending request for url (https://gamma-api.polymarket.com/events?slug=btc-updown-5m-1783258200): client error (Connect): tunnel error: failed to create underlying connection: tcp connect error: Connection refused (os error 111)
[2m2026-07-05T13:31:08.287554Z[0m [33m WARN[0m [2mpm_bot[0m[2m:[0m découverte gamma: requête Gamma: error sending request for url (https://gamma-api.polymarket.com/events?slug=btc-updown-5m-1783258200): client error (Connect): tunnel error: failed to create underlying connection: tcp connect error: Connection refused (os error 111)
[2m2026-07-05T13:31:12.994088Z[0m [33m WARN[0m [2mpm_acquisition::rtds[0m[2m:[0m RTDS erreur: connexion au proxy 127.0.0.1:45417: Connection refused (os error 111)
[2m2026-07-05T13:31:13.288892Z[0m [33m WARN[0m [2mpm_bot[0m[2m:[0m découverte gamma: requête Gamma: error sending request for url (https://gamma-api.polymarket.com/events?slug=btc-updown-5m-1783258200): client error (Connect): tunnel error: failed to create underlying connection: tcp connect error: Connection refused (os error 111)
[2m2026-07-05T13:31:18.290196Z[0m [33m WARN[0m [2mpm_bot[0m[2m:[0m découverte gamma: requête Gamma: error sending request for url (https://gamma-api.polymarket.com/events?slug=btc-updown-5m-1783258200): client error (Connect): tunnel error: failed to create underlying connection: tcp connect error: Connection refused (os error 111)
[2m2026-07-05T13:31:23.291767Z[0m [33m WARN[0m [2mpm_bot[0m[2m:[0m découverte gamma: requête Gamma: error sending request for url (https://gamma-api.polymarket.com/events?slug=btc-updown-5m-1783258200): client error (Connect): tunnel error: failed to create underlying connection: tcp connect error: Connection refused (os error 111)
[2m2026-07-05T13:31:27.995191Z[0m [33m WARN[0m [2mpm_acquisition::rtds[0m[2m:[0m RTDS erreur: connexion au proxy 127.0.0.1:45417: Connection refused (os error 111)
[2m2026-07-05T13:31:28.293014Z[0m [33m WARN[0m [2mpm_bot[0m[2m:[0m découverte gamma: requête Gamma: error sending request for url (https://gamma-api.polymarket.com/events?slug=btc-updown-5m-1783258200): client error (Connect): tunnel error: failed to create underlying connection: tcp connect error: Connection refused (os error 111)
[2m2026-07-05T13:31:33.294991Z[0m [33m WARN[0m [2mpm_bot[0m[2m:[0m découverte gamma: requête Gamma: error sending request for url (https://gamma-api.polymarket.com/events?slug=btc-updown-5m-1783258200): client error (Connect): tunnel error: failed to create underlying connection: tcp connect error: Connection refused (os error 111)
[2m2026-07-05T13:31:38.296795Z[0m [33m WARN[0m [2mpm_bot[0m[2m:[0m découverte gamma: requête Gamma: error sending request for url (https://gamma-api.polymarket.com/events?slug=btc-updown-5m-1783258200): client error (Connect): tunnel error: failed to create underlying connection: tcp connect error: Connection refused (os error 111)
[2m2026-07-05T13:31:42.996927Z[0m [33m WARN[0m [2mpm_acquisition::rtds[0m[2m:[0m RTDS erreur: connexion au proxy 127.0.0.1:45417: Connection refused (os error 111)
[2m2026-07-05T13:31:43.297794Z[0m [33m WARN[0m [2mpm_bot[0m[2m:[0m découverte gamma: requête Gamma: error sending request for url (https://gamma-api.polymarket.com/events?slug=btc-updown-5m-1783258200): client error (Connect): tunnel error: failed to create underlying connection: tcp connect error: Connection refused (os error 111)
[2m2026-07-05T13:31:48.298476Z[0m [33m WARN[0m [2mpm_bot[0m[2m:[0m découverte gamma: requête Gamma: error sending request for url (https://gamma-api.polymarket.com/events?slug=btc-updown-5m-1783258200): client error (Connect): tunnel error: failed to create underlying connection: tcp connect error: Connection refused (os error 111)
[2m2026-07-05T13:31:53.299396Z[0m [33m WARN[0m [2mpm_bot[0m[2m:[0m découverte gamma: requête Gamma: error sending request for url (https://gamma-api.polymarket.com/events?slug=btc-updown-5m-1783258200): client error (Connect): tunnel error: failed to create underlying connection: tcp connect error: Connection refused (os error 111)
[2m2026-07-05T13:31:57.998662Z[0m [33m WARN[0m [2mpm_acquisition::rtds[0m[2m:[0m RTDS erreur: connexion au proxy 127.0.0.1:45417: Connection refused (os error 111)
[2m2026-07-05T13:31:58.300466Z[0m [33m WARN[0m [2mpm_bot[0m[2m:[0m découverte gamma: requête Gamma: error sending request for url (https://gamma-api.polymarket.com/events?slug=btc-updown-5m-1783258200): client error (Connect): tunnel error: failed to create underlying connection: tcp connect error: Connection refused (os error 111)
[2m2026-07-05T13:32:03.301523Z[0m [33m WARN[0m [2mpm_bot[0m[2m:[0m découverte gamma: requête Gamma: error sending request for url (https://gamma-api.polymarket.com/events?slug=btc-updown-5m-1783258200): client error (Connect): tunnel error: failed to create underlying connection: tcp connect error: Connection refused (os error 111)
[2m2026-07-05T13:32:08.302454Z[0m [33m WARN[0m [2mpm_bot[0m[2m:[0m découverte gamma: requête Gamma: error sending request for url (https://gamma-api.polymarket.com/events?slug=btc-updown-5m-1783258200): client error (Connect): tunnel error: failed to create underlying connection: tcp connect error: Connection refused (os error 111)
[2m2026-07-05T13:32:12.999537Z[0m [33m WARN[0m [2mpm_acquisition::rtds[0m[2m:[0m RTDS erreur: connexion au proxy 127.0.0.1:45417: Connection refused (os error 111)
[2m2026-07-05T13:32:13.303429Z[0m [33m WARN[0m [2mpm_bot[0m[2m:[0m découverte gamma: requête Gamma: error sending request for url (https://gamma-api.polymarket.com/events?slug=btc-updown-5m-1783258200): client error (Connect): tunnel error: failed to create underlying connection: tcp connect error: Connection refused (os error 111)
[2m2026-07-05T13:32:18.304560Z[0m [33m WARN[0m [2mpm_bot[0m[2m:[0m découverte gamma: requête Gamma: error sending request for url (https://gamma-api.polymarket.com/events?slug=btc-updown-5m-1783258200): client error (Connect): tunnel error: failed to create underlying connection: tcp connect error: Connection refused (os error 111)
[2m2026-07-05T13:32:23.305776Z[0m [33m WARN[0m [2mpm_bot[0m[2m:[0m découverte gamma: requête Gamma: error sending request for url (https://gamma-api.polymarket.com/events?slug=btc-updown-5m-1783258200): client error (Connect): tunnel error: failed to create underlying connection: tcp connect error: Connection refused (os error 111)
[2m2026-07-05T13:32:28.000386Z[0m [33m WARN[0m [2mpm_acquisition::rtds[0m[2m:[0m RTDS erreur: connexion au proxy 127.0.0.1:45417: Connection refused (os error 111)
[2m2026-07-05T13:32:28.307293Z[0m [33m WARN[0m [2mpm_bot[0m[2m:[0m découverte gamma: requête Gamma: error sending request for url (https://gamma-api.polymarket.com/events?slug=btc-updown-5m-1783258200): client error (Connect): tunnel error: failed to create underlying connection: tcp connect error: Connection refused (os error 111)
[2m2026-07-05T13:32:33.308524Z[0m [33m WARN[0m [2mpm_bot[0m[2m:[0m découverte gamma: requête Gamma: error sending request for url (https://gamma-api.polymarket.com/events?slug=btc-updown-5m-1783258200): client error (Connect): tunnel error: failed to create underlying connection: tcp connect error: Connection refused (os error 111)
[2m2026-07-05T13:32:38.309795Z[0m [33m WARN[0m [2mpm_bot[0m[2m:[0m découverte gamma: requête Gamma: error sending request for url (https://gamma-api.polymarket.com/events?slug=btc-updown-5m-1783258200): client error (Connect): tunnel error: failed to create underlying connection: tcp connect error: Connection refused (os error 111)
[2m2026-07-05T13:32:43.001748Z[0m [33m WARN[0m [2mpm_acquisition::rtds[0m[2m:[0m RTDS erreur: connexion au proxy 127.0.0.1:45417: Connection refused (os error 111)
[2m2026-07-05T13:32:43.310608Z[0m [33m WARN[0m [2mpm_bot[0m[2m:[0m découverte gamma: requête Gamma: error sending request for url (https://gamma-api.polymarket.com/events?slug=btc-updown-5m-1783258200): client error (Connect): tunnel error: failed to create underlying connection: tcp connect error: Connection refused (os error 111)
[2m2026-07-05T13:32:48.312287Z[0m [33m WARN[0m [2mpm_bot[0m[2m:[0m découverte gamma: requête Gamma: error sending request for url (https://gamma-api.polymarket.com/events?slug=btc-updown-5m-1783258200): client error (Connect): tunnel error: failed to create underlying connection: tcp connect error: Connection refused (os error 111)
[2m2026-07-05T13:32:53.313804Z[0m [33m WARN[0m [2mpm_bot[0m[2m:[0m découverte gamma: requête Gamma: error sending request for url (https://gamma-api.polymarket.com/events?slug=btc-updown-5m-1783258200): client error (Connect): tunnel error: failed to create underlying connection: tcp connect error: Connection refused (os error 111)
[2m2026-07-05T13:32:58.002623Z[0m [33m WARN[0m [2mpm_acquisition::rtds[0m[2m:[0m RTDS erreur: connexion au proxy 127.0.0.1:45417: Connection refused (os error 111)
[2m2026-07-05T13:32:58.314440Z[0m [33m WARN[0m [2mpm_bot[0m[2m:[0m découverte gamma: requête Gamma: error sending request for url (https://gamma-api.polymarket.com/events?slug=btc-updown-5m-1783258200): client error (Connect): tunnel error: failed to create underlying connection: tcp connect error: Connection refused (os error 111)
[2m2026-07-05T13:33:03.315995Z[0m [33m WARN[0m [2mpm_bot[0m[2m:[0m découverte gamma: requête Gamma: error sending request for url (https://gamma-api.polymarket.com/events?slug=btc-updown-5m-1783258200): client error (Connect): tunnel error: failed to create underlying connection: tcp connect error: Connection refused (os error 111)
[2m2026-07-05T13:33:08.317404Z[0m [33m WARN[0m [2mpm_bot[0m[2m:[0m découverte gamma: requête Gamma: error sending request for url (https://gamma-api.polymarket.com/events?slug=btc-updown-5m-1783258200): client error (Connect): tunnel error: failed to create underlying connection: tcp connect error: Connection refused (os error 111)
[2m2026-07-05T13:33:13.004125Z[0m [33m WARN[0m [2mpm_acquisition::rtds[0m[2m:[0m RTDS erreur: connexion au proxy 127.0.0.1:45417: Connection refused (os error 111)
[2m2026-07-05T13:33:13.318897Z[0m [33m WARN[0m [2mpm_bot[0m[2m:[0m découverte gamma: requête Gamma: error sending request for url (https://gamma-api.polymarket.com/events?slug=btc-updown-5m-1783258200): client error (Connect): tunnel error: failed to create underlying connection: tcp connect error: Connection refused (os error 111)
[2m2026-07-05T13:33:18.319498Z[0m [33m WARN[0m [2mpm_bot[0m[2m:[0m découverte gamma: requête Gamma: error sending request for url (https://gamma-api.polymarket.com/events?slug=btc-updown-5m-1783258200): client error (Connect): tunnel error: failed to create underlying connection: tcp connect error: Connection refused (os error 111)
[2m2026-07-05T13:33:23.320661Z[0m [33m WARN[0m [2mpm_bot[0m[2m:[0m découverte gamma: requête Gamma: error sending request for url (https://gamma-api.polymarket.com/events?slug=btc-updown-5m-1783258200): client error (Connect): tunnel error: failed to create underlying connection: tcp connect error: Connection refused (os error 111)
[2m2026-07-05T13:33:28.005849Z[0m [33m WARN[0m [2mpm_acquisition::rtds[0m[2m:[0m RTDS erreur: connexion au proxy 127.0.0.1:45417: Connection refused (os error 111)
[2m2026-07-05T13:33:28.321675Z[0m [33m WARN[0m [2mpm_bot[0m[2m:[0m découverte gamma: requête Gamma: error sending request for url (https://gamma-api.polymarket.com/events?slug=btc-updown-5m-1783258200): client error (Connect): tunnel error: failed to create underlying connection: tcp connect error: Connection refused (os error 111)
[2m2026-07-05T13:33:33.322819Z[0m [33m WARN[0m [2mpm_bot[0m[2m:[0m découverte gamma: requête Gamma: error sending request for url (https://gamma-api.polymarket.com/events?slug=btc-updown-5m-1783258200): client error (Connect): tunnel error: failed to create underlying connection: tcp connect error: Connection refused (os error 111)
[2m2026-07-05T13:33:38.324185Z[0m [33m WARN[0m [2mpm_bot[0m[2m:[0m découverte gamma: requête Gamma: error sending request for url (https://gamma-api.polymarket.com/events?slug=btc-updown-5m-1783258200): client error (Connect): tunnel error: failed to create underlying connection: tcp connect error: Connection refused (os error 111)
[2m2026-07-05T13:33:43.006422Z[0m [33m WARN[0m [2mpm_acquisition::rtds[0m[2m:[0m RTDS erreur: connexion au proxy 127.0.0.1:45417: Connection refused (os error 111)
[2m2026-07-05T13:33:43.325327Z[0m [33m WARN[0m [2mpm_bot[0m[2m:[0m découverte gamma: requête Gamma: error sending request for url (https://gamma-api.polymarket.com/events?slug=btc-updown-5m-1783258200): client error (Connect): tunnel error: failed to create underlying connection: tcp connect error: Connection refused (os error 111)
[2m2026-07-05T13:33:48.326781Z[0m [33m WARN[0m [2mpm_bot[0m[2m:[0m découverte gamma: requête Gamma: error sending request for url (https://gamma-api.polymarket.com/events?slug=btc-updown-5m-1783258200): client error (Connect): tunnel error: failed to create underlying connection: tcp connect error: Connection refused (os error 111)
[2m2026-07-05T13:33:53.327289Z[0m [33m WARN[0m [2mpm_bot[0m[2m:[0m découverte gamma: requête Gamma: error sending request for url (https://gamma-api.polymarket.com/events?slug=btc-updown-5m-1783258200): client error (Connect): tunnel error: failed to create underlying connection: tcp connect error: Connection refused (os error 111)
[2m2026-07-05T13:33:58.007357Z[0m [33m WARN[0m [2mpm_acquisition::rtds[0m[2m:[0m RTDS erreur: connexion au proxy 127.0.0.1:45417: Connection refused (os error 111)
[2m2026-07-05T13:33:58.328304Z[0m [33m WARN[0m [2mpm_bot[0m[2m:[0m découverte gamma: requête Gamma: error sending request for url (https://gamma-api.polymarket.com/events?slug=btc-updown-5m-1783258200): client error (Connect): tunnel error: failed to create underlying connection: tcp connect error: Connection refused (os error 111)
[2m2026-07-05T13:34:03.330141Z[0m [33m WARN[0m [2mpm_bot[0m[2m:[0m découverte gamma: requête Gamma: error sending request for url (https://gamma-api.polymarket.com/events?slug=btc-updown-5m-1783258200): client error (Connect): tunnel error: failed to create underlying connection: tcp connect error: Connection refused (os error 111)
[2m2026-07-05T13:34:08.331533Z[0m [33m WARN[0m [2mpm_bot[0m[2m:[0m découverte gamma: requête Gamma: error sending request for url (https://gamma-api.polymarket.com/events?slug=btc-updown-5m-1783258200): client error (Connect): tunnel error: failed to create underlying connection: tcp connect error: Connection refused (os error 111)
[2m2026-07-05T13:34:13.008286Z[0m [33m WARN[0m [2mpm_acquisition::rtds[0m[2m:[0m RTDS erreur: connexion au proxy 127.0.0.1:45417: Connection refused (os error 111)
[2m2026-07-05T13:34:13.333019Z[0m [33m WARN[0m [2mpm_bot[0m[2m:[0m découverte gamma: requête Gamma: error sending request for url (https://gamma-api.polymarket.com/events?slug=btc-updown-5m-1783258200): client error (Connect): tunnel error: failed to create underlying connection: tcp connect error: Connection refused (os error 111)
[2m2026-07-05T13:34:18.335122Z[0m [33m WARN[0m [2mpm_bot[0m[2m:[0m découverte gamma: requête Gamma: error sending request for url (https://gamma-api.polymarket.com/events?slug=btc-updown-5m-1783258200): client error (Connect): tunnel error: failed to create underlying connection: tcp connect error: Connection refused (os error 111)
[2m2026-07-05T13:34:23.337198Z[0m [33m WARN[0m [2mpm_bot[0m[2m:[0m découverte gamma: requête Gamma: error sending request for url (https://gamma-api.polymarket.com/events?slug=btc-updown-5m-1783258200): client error (Connect): tunnel error: failed to create underlying connection: tcp connect error: Connection refused (os error 111)
[2m2026-07-05T13:34:28.009395Z[0m [33m WARN[0m [2mpm_acquisition::rtds[0m[2m:[0m RTDS erreur: connexion au proxy 127.0.0.1:45417: Connection refused (os error 111)
[2m2026-07-05T13:34:28.338240Z[0m [33m WARN[0m [2mpm_bot[0m[2m:[0m découverte gamma: requête Gamma: error sending request for url (https://gamma-api.polymarket.com/events?slug=btc-updown-5m-1783258200): client error (Connect): tunnel error: failed to create underlying connection: tcp connect error: Connection refused (os error 111)
[2m2026-07-05T13:34:33.339707Z[0m [33m WARN[0m [2mpm_bot[0m[2m:[0m découverte gamma: requête Gamma: error sending request for url (https://gamma-api.polymarket.com/events?slug=btc-updown-5m-1783258200): client error (Connect): tunnel error: failed to create underlying connection: tcp connect error: Connection refused (os error 111)
[2m2026-07-05T13:34:38.341190Z[0m [33m WARN[0m [2mpm_bot[0m[2m:[0m découverte gamma: requête Gamma: error sending request for url (https://gamma-api.polymarket.com/events?slug=btc-updown-5m-1783258200): client error (Connect): tunnel error: failed to create underlying connection: tcp connect error: Connection refused (os error 111)
[2m2026-07-05T13:34:43.010427Z[0m [33m WARN[0m [2mpm_acquisition::rtds[0m[2m:[0m RTDS erreur: connexion au proxy 127.0.0.1:45417: Connection refused (os error 111)
[2m2026-07-05T13:34:43.342350Z[0m [33m WARN[0m [2mpm_bot[0m[2m:[0m découverte gamma: requête Gamma: error sending request for url (https://gamma-api.polymarket.com/events?slug=btc-updown-5m-1783258200): client error (Connect): tunnel error: failed to create underlying connection: tcp connect error: Connection refused (os error 111)
[2m2026-07-05T13:34:48.344070Z[0m [33m WARN[0m [2mpm_bot[0m[2m:[0m découverte gamma: requête Gamma: error sending request for url (https://gamma-api.polymarket.com/events?slug=btc-updown-5m-1783258200): client error (Connect): tunnel error: failed to create underlying connection: tcp connect error: Connection refused (os error 111)
[2m2026-07-05T13:34:53.346058Z[0m [33m WARN[0m [2mpm_bot[0m[2m:[0m découverte gamma: requête Gamma: error sending request for url (https://gamma-api.polymarket.com/events?slug=btc-updown-5m-1783258200): client error (Connect): tunnel error: failed to create underlying connection: tcp connect error: Connection refused (os error 111)
[2m2026-07-05T13:34:58.012016Z[0m [33m WARN[0m [2mpm_acquisition::rtds[0m[2m:[0m RTDS erreur: connexion au proxy 127.0.0.1:45417: Connection refused (os error 111)
[2m2026-07-05T13:34:58.347822Z[0m [33m WARN[0m [2mpm_bot[0m[2m:[0m découverte gamma: requête Gamma: error sending request for url (https://gamma-api.polymarket.com/events?slug=btc-updown-5m-1783258200): client error (Connect): tunnel error: failed to create underlying connection: tcp connect error: Connection refused (os error 111)
[2m2026-07-05T13:35:03.348615Z[0m [33m WARN[0m [2mpm_bot[0m[2m:[0m découverte gamma: requête Gamma: error sending request for url (https://gamma-api.polymarket.com/events?slug=btc-updown-5m-1783258500): client error (Connect): tunnel error: failed to create underlying connection: tcp connect error: Connection refused (os error 111)
[2m2026-07-05T13:35:08.349780Z[0m [33m WARN[0m [2mpm_bot[0m[2m:[0m découverte gamma: requête Gamma: error sending request for url (https://gamma-api.polymarket.com/events?slug=btc-updown-5m-1783258500): client error (Connect): tunnel error: failed to create underlying connection: tcp connect error: Connection refused (os error 111)
[2m2026-07-05T13:35:13.013450Z[0m [33m WARN[0m [2mpm_acquisition::rtds[0m[2m:[0m RTDS erreur: connexion au proxy 127.0.0.1:45417: Connection refused (os error 111)
[2m2026-07-05T13:35:13.350414Z[0m [33m WARN[0m [2mpm_bot[0m[2m:[0m découverte gamma: requête Gamma: error sending request for url (https://gamma-api.polymarket.com/events?slug=btc-updown-5m-1783258500): client error (Connect): tunnel error: failed to create underlying connection: tcp connect error: Connection refused (os error 111)
[2m2026-07-05T13:35:18.351355Z[0m [33m WARN[0m [2mpm_bot[0m[2m:[0m découverte gamma: requête Gamma: error sending request for url (https://gamma-api.polymarket.com/events?slug=btc-updown-5m-1783258500): client error (Connect): tunnel error: failed to create underlying connection: tcp connect error: Connection refused (os error 111)
[2m2026-07-05T13:35:23.352709Z[0m [33m WARN[0m [2mpm_bot[0m[2m:[0m découverte gamma: requête Gamma: error sending request for url (https://gamma-api.polymarket.com/events?slug=btc-updown-5m-1783258500): client error (Connect): tunnel error: failed to create underlying connection: tcp connect error: Connection refused (os error 111)
[2m2026-07-05T13:35:28.015112Z[0m [33m WARN[0m [2mpm_acquisition::rtds[0m[2m:[0m RTDS erreur: connexion au proxy 127.0.0.1:45417: Connection refused (os error 111)
[2m2026-07-05T13:35:28.354063Z[0m [33m WARN[0m [2mpm_bot[0m[2m:[0m découverte gamma: requête Gamma: error sending request for url (https://gamma-api.polymarket.com/events?slug=btc-updown-5m-1783258500): client error (Connect): tunnel error: failed to create underlying connection: tcp connect error: Connection refused (os error 111)
[2m2026-07-05T13:35:33.356178Z[0m [33m WARN[0m [2mpm_bot[0m[2m:[0m découverte gamma: requête Gamma: error sending request for url (https://gamma-api.polymarket.com/events?slug=btc-updown-5m-1783258500): client error (Connect): tunnel error: failed to create underlying connection: tcp connect error: Connection refused (os error 111)
[2m2026-07-05T13:35:38.357716Z[0m [33m WARN[0m [2mpm_bot[0m[2m:[0m découverte gamma: requête Gamma: error sending request for url (https://gamma-api.polymarket.com/events?slug=btc-updown-5m-1783258500): client error (Connect): tunnel error: failed to create underlying connection: tcp connect error: Connection refused (os error 111)
[2m2026-07-05T13:35:43.016775Z[0m [33m WARN[0m [2mpm_acquisition::rtds[0m[2m:[0m RTDS erreur: connexion au proxy 127.0.0.1:45417: Connection refused (os error 111)
[2m2026-07-05T13:35:43.358827Z[0m [33m WARN[0m [2mpm_bot[0m[2m:[0m découverte gamma: requête Gamma: error sending request for url (https://gamma-api.polymarket.com/events?slug=btc-updown-5m-1783258500): client error (Connect): tunnel error: failed to create underlying connection: tcp connect error: Connection refused (os error 111)
[2m2026-07-05T13:35:48.359531Z[0m [33m WARN[0m [2mpm_bot[0m[2m:[0m découverte gamma: requête Gamma: error sending request for url (https://gamma-api.polymarket.com/events?slug=btc-updown-5m-1783258500): client error (Connect): tunnel error: failed to create underlying connection: tcp connect error: Connection refused (os error 111)
[2m2026-07-05T13:35:53.361070Z[0m [33m WARN[0m [2mpm_bot[0m[2m:[0m découverte gamma: requête Gamma: error sending request for url (https://gamma-api.polymarket.com/events?slug=btc-updown-5m-1783258500): client error (Connect): tunnel error: failed to create underlying connection: tcp connect error: Connection refused (os error 111)
[2m2026-07-05T13:35:58.017283Z[0m [33m WARN[0m [2mpm_acquisition::rtds[0m[2m:[0m RTDS erreur: connexion au proxy 127.0.0.1:45417: Connection refused (os error 111)
[2m2026-07-05T13:35:58.362282Z[0m [33m WARN[0m [2mpm_bot[0m[2m:[0m découverte gamma: requête Gamma: error sending request for url (https://gamma-api.polymarket.com/events?slug=btc-updown-5m-1783258500): client error (Connect): tunnel error: failed to create underlying connection: tcp connect error: Connection refused (os error 111)
[2m2026-07-05T13:36:03.363544Z[0m [33m WARN[0m [2mpm_bot[0m[2m:[0m découverte gamma: requête Gamma: error sending request for url (https://gamma-api.polymarket.com/events?slug=btc-updown-5m-1783258500): client error (Connect): tunnel error: failed to create underlying connection: tcp connect error: Connection refused (os error 111)
[2m2026-07-05T13:36:08.365297Z[0m [33m WARN[0m [2mpm_bot[0m[2m:[0m découverte gamma: requête Gamma: error sending request for url (https://gamma-api.polymarket.com/events?slug=btc-updown-5m-1783258500): client error (Connect): tunnel error: failed to create underlying connection: tcp connect error: Connection refused (os error 111)
[2m2026-07-05T13:36:13.018753Z[0m [33m WARN[0m [2mpm_acquisition::rtds[0m[2m:[0m RTDS erreur: connexion au proxy 127.0.0.1:45417: Connection refused (os error 111)
[2m2026-07-05T13:36:13.366779Z[0m [33m WARN[0m [2mpm_bot[0m[2m:[0m découverte gamma: requête Gamma: error sending request for url (https://gamma-api.polymarket.com/events?slug=btc-updown-5m-1783258500): client error (Connect): tunnel error: failed to create underlying connection: tcp connect error: Connection refused (os error 111)
[2m2026-07-05T13:36:18.367667Z[0m [33m WARN[0m [2mpm_bot[0m[2m:[0m découverte gamma: requête Gamma: error sending request for url (https://gamma-api.polymarket.com/events?slug=btc-updown-5m-1783258500): client error (Connect): tunnel error: failed to create underlying connection: tcp connect error: Connection refused (os error 111)
[2m2026-07-05T13:36:23.368336Z[0m [33m WARN[0m [2mpm_bot[0m[2m:[0m découverte gamma: requête Gamma: error sending request for url (https://gamma-api.polymarket.com/events?slug=btc-updown-5m-1783258500): client error (Connect): tunnel error: failed to create underlying connection: tcp connect error: Connection refused (os error 111)
[2m2026-07-05T13:36:28.019925Z[0m [33m WARN[0m [2mpm_acquisition::rtds[0m[2m:[0m RTDS erreur: connexion au proxy 127.0.0.1:45417: Connection refused (os error 111)
[2m2026-07-05T13:36:28.370018Z[0m [33m WARN[0m [2mpm_bot[0m[2m:[0m découverte gamma: requête Gamma: error sending request for url (https://gamma-api.polymarket.com/events?slug=btc-updown-5m-1783258500): client error (Connect): tunnel error: failed to create underlying connection: tcp connect error: Connection refused (os error 111)
[2m2026-07-05T13:36:33.371715Z[0m [33m WARN[0m [2mpm_bot[0m[2m:[0m découverte gamma: requête Gamma: error sending request for url (https://gamma-api.polymarket.com/events?slug=btc-updown-5m-1783258500): client error (Connect): tunnel error: failed to create underlying connection: tcp connect error: Connection refused (os error 111)
[2m2026-07-05T13:36:38.372743Z[0m [33m WARN[0m [2mpm_bot[0m[2m:[0m découverte gamma: requête Gamma: error sending request for url (https://gamma-api.polymarket.com/events?slug=btc-updown-5m-1783258500): client error (Connect): tunnel error: failed to create underlying connection: tcp connect error: Connection refused (os error 111)
[2m2026-07-05T13:36:43.021325Z[0m [33m WARN[0m [2mpm_acquisition::rtds[0m[2m:[0m RTDS erreur: connexion au proxy 127.0.0.1:45417: Connection refused (os error 111)
[2m2026-07-05T13:36:43.373282Z[0m [33m WARN[0m [2mpm_bot[0m[2m:[0m découverte gamma: requête Gamma: error sending request for url (https://gamma-api.polymarket.com/events?slug=btc-updown-5m-1783258500): client error (Connect): tunnel error: failed to create underlying connection: tcp connect error: Connection refused (os error 111)
[2m2026-07-05T13:36:48.374716Z[0m [33m WARN[0m [2mpm_bot[0m[2m:[0m découverte gamma: requête Gamma: error sending request for url (https://gamma-api.polymarket.com/events?slug=btc-updown-5m-1783258500): client error (Connect): tunnel error: failed to create underlying connection: tcp connect error: Connection refused (os error 111)
[2m2026-07-05T13:36:53.375733Z[0m [33m WARN[0m [2mpm_bot[0m[2m:[0m découverte gamma: requête Gamma: error sending request for url (https://gamma-api.polymarket.com/events?slug=btc-updown-5m-1783258500): client error (Connect): tunnel error: failed to create underlying connection: tcp connect error: Connection refused (os error 111)
[2m2026-07-05T13:36:58.022932Z[0m [33m WARN[0m [2mpm_acquisition::rtds[0m[2m:[0m RTDS erreur: connexion au proxy 127.0.0.1:45417: Connection refused (os error 111)
[2m2026-07-05T13:36:58.377045Z[0m [33m WARN[0m [2mpm_bot[0m[2m:[0m découverte gamma: requête Gamma: error sending request for url (https://gamma-api.polymarket.com/events?slug=btc-updown-5m-1783258500): client error (Connect): tunnel error: failed to create underlying connection: tcp connect error: Connection refused (os error 111)
[2m2026-07-05T13:37:03.379067Z[0m [33m WARN[0m [2mpm_bot[0m[2m:[0m découverte gamma: requête Gamma: error sending request for url (https://gamma-api.polymarket.com/events?slug=btc-updown-5m-1783258500): client error (Connect): tunnel error: failed to create underlying connection: tcp connect error: Connection refused (os error 111)
[2m2026-07-05T13:37:08.380327Z[0m [33m WARN[0m [2mpm_bot[0m[2m:[0m découverte gamma: requête Gamma: error sending request for url (https://gamma-api.polymarket.com/events?slug=btc-updown-5m-1783258500): client error (Connect): tunnel error: failed to create underlying connection: tcp connect error: Connection refused (os error 111)
[2m2026-07-05T13:37:13.024861Z[0m [33m WARN[0m [2mpm_acquisition::rtds[0m[2m:[0m RTDS erreur: connexion au proxy 127.0.0.1:45417: Connection refused (os error 111)
[2m2026-07-05T13:37:13.381921Z[0m [33m WARN[0m [2mpm_bot[0m[2m:[0m découverte gamma: requête Gamma: error sending request for url (https://gamma-api.polymarket.com/events?slug=btc-updown-5m-1783258500): client error (Connect): tunnel error: failed to create underlying connection: tcp connect error: Connection refused (os error 111)
[2m2026-07-05T13:37:18.383953Z[0m [33m WARN[0m [2mpm_bot[0m[2m:[0m découverte gamma: requête Gamma: error sending request for url (https://gamma-api.polymarket.com/events?slug=btc-updown-5m-1783258500): client error (Connect): tunnel error: failed to create underlying connection: tcp connect error: Connection refused (os error 111)
[2m2026-07-05T13:37:23.385988Z[0m [33m WARN[0m [2mpm_bot[0m[2m:[0m découverte gamma: requête Gamma: error sending request for url (https://gamma-api.polymarket.com/events?slug=btc-updown-5m-1783258500): client error (Connect): tunnel error: failed to create underlying connection: tcp connect error: Connection refused (os error 111)
[2m2026-07-05T13:37:28.025461Z[0m [33m WARN[0m [2mpm_acquisition::rtds[0m[2m:[0m RTDS erreur: connexion au proxy 127.0.0.1:45417: Connection refused (os error 111)
[2m2026-07-05T13:37:28.387835Z[0m [33m WARN[0m [2mpm_bot[0m[2m:[0m découverte gamma: requête Gamma: error sending request for url (https://gamma-api.polymarket.com/events?slug=btc-updown-5m-1783258500): client error (Connect): tunnel error: failed to create underlying connection: tcp connect error: Connection refused (os error 111)
[2m2026-07-05T13:37:33.388593Z[0m [33m WARN[0m [2mpm_bot[0m[2m:[0m découverte gamma: requête Gamma: error sending request for url (https://gamma-api.polymarket.com/events?slug=btc-updown-5m-1783258500): client error (Connect): tunnel error: failed to create underlying connection: tcp connect error: Connection refused (os error 111)
[2m2026-07-05T13:37:38.389650Z[0m [33m WARN[0m [2mpm_bot[0m[2m:[0m découverte gamma: requête Gamma: error sending request for url (https://gamma-api.polymarket.com/events?slug=btc-updown-5m-1783258500): client error (Connect): tunnel error: failed to create underlying connection: tcp connect error: Connection refused (os error 111)
[2m2026-07-05T13:37:43.026449Z[0m [33m WARN[0m [2mpm_acquisition::rtds[0m[2m:[0m RTDS erreur: connexion au proxy 127.0.0.1:45417: Connection refused (os error 111)
[2m2026-07-05T13:37:43.390676Z[0m [33m WARN[0m [2mpm_bot[0m[2m:[0m découverte gamma: requête Gamma: error sending request for url (https://gamma-api.polymarket.com/events?slug=btc-updown-5m-1783258500): client error (Connect): tunnel error: failed to create underlying connection: tcp connect error: Connection refused (os error 111)
[2m2026-07-05T13:37:48.391340Z[0m [33m WARN[0m [2mpm_bot[0m[2m:[0m découverte gamma: requête Gamma: error sending request for url (https://gamma-api.polymarket.com/events?slug=btc-updown-5m-1783258500): client error (Connect): tunnel error: failed to create underlying connection: tcp connect error: Connection refused (os error 111)
[2m2026-07-05T13:37:53.392716Z[0m [33m WARN[0m [2mpm_bot[0m[2m:[0m découverte gamma: requête Gamma: error sending request for url (https://gamma-api.polymarket.com/events?slug=btc-updown-5m-1783258500): client error (Connect): tunnel error: failed to create underlying connection: tcp connect error: Connection refused (os error 111)
[2m2026-07-05T13:37:58.027349Z[0m [33m WARN[0m [2mpm_acquisition::rtds[0m[2m:[0m RTDS erreur: connexion au proxy 127.0.0.1:45417: Connection refused (os error 111)
[2m2026-07-05T13:37:58.393452Z[0m [33m WARN[0m [2mpm_bot[0m[2m:[0m découverte gamma: requête Gamma: error sending request for url (https://gamma-api.polymarket.com/events?slug=btc-updown-5m-1783258500): client error (Connect): tunnel error: failed to create underlying connection: tcp connect error: Connection refused (os error 111)
[2m2026-07-05T13:38:03.394309Z[0m [33m WARN[0m [2mpm_bot[0m[2m:[0m découverte gamma: requête Gamma: error sending request for url (https://gamma-api.polymarket.com/events?slug=btc-updown-5m-1783258500): client error (Connect): tunnel error: failed to create underlying connection: tcp connect error: Connection refused (os error 111)
[2m2026-07-05T13:38:08.395851Z[0m [33m WARN[0m [2mpm_bot[0m[2m:[0m découverte gamma: requête Gamma: error sending request for url (https://gamma-api.polymarket.com/events?slug=btc-updown-5m-1783258500): client error (Connect): tunnel error: failed to create underlying connection: tcp connect error: Connection refused (os error 111)
[2m2026-07-05T13:38:13.028470Z[0m [33m WARN[0m [2mpm_acquisition::rtds[0m[2m:[0m RTDS erreur: connexion au proxy 127.0.0.1:45417: Connection refused (os error 111)
[2m2026-07-05T13:38:13.396550Z[0m [33m WARN[0m [2mpm_bot[0m[2m:[0m découverte gamma: requête Gamma: error sending request for url (https://gamma-api.polymarket.com/events?slug=btc-updown-5m-1783258500): client error (Connect): tunnel error: failed to create underlying connection: tcp connect error: Connection refused (os error 111)
[2m2026-07-05T13:38:18.397870Z[0m [33m WARN[0m [2mpm_bot[0m[2m:[0m découverte gamma: requête Gamma: error sending request for url (https://gamma-api.polymarket.com/events?slug=btc-updown-5m-1783258500): client error (Connect): tunnel error: failed to create underlying connection: tcp connect error: Connection refused (os error 111)
[2m2026-07-05T13:38:23.398362Z[0m [33m WARN[0m [2mpm_bot[0m[2m:[0m découverte gamma: requête Gamma: error sending request for url (https://gamma-api.polymarket.com/events?slug=btc-updown-5m-1783258500): client error (Connect): tunnel error: failed to create underlying connection: tcp connect error: Connection refused (os error 111)
[2m2026-07-05T13:38:28.029828Z[0m [33m WARN[0m [2mpm_acquisition::rtds[0m[2m:[0m RTDS erreur: connexion au proxy 127.0.0.1:45417: Connection refused (os error 111)
[2m2026-07-05T13:38:28.399859Z[0m [33m WARN[0m [2mpm_bot[0m[2m:[0m découverte gamma: requête Gamma: error sending request for url (https://gamma-api.polymarket.com/events?slug=btc-updown-5m-1783258500): client error (Connect): tunnel error: failed to create underlying connection: tcp connect error: Connection refused (os error 111)
[2m2026-07-05T13:38:33.401136Z[0m [33m WARN[0m [2mpm_bot[0m[2m:[0m découverte gamma: requête Gamma: error sending request for url (https://gamma-api.polymarket.com/events?slug=btc-updown-5m-1783258500): client error (Connect): tunnel error: failed to create underlying connection: tcp connect error: Connection refused (os error 111)
[2m2026-07-05T13:38:38.402414Z[0m [33m WARN[0m [2mpm_bot[0m[2m:[0m découverte gamma: requête Gamma: error sending request for url (https://gamma-api.polymarket.com/events?slug=btc-updown-5m-1783258500): client error (Connect): tunnel error: failed to create underlying connection: tcp connect error: Connection refused (os error 111)
[2m2026-07-05T13:38:43.030716Z[0m [33m WARN[0m [2mpm_acquisition::rtds[0m[2m:[0m RTDS erreur: connexion au proxy 127.0.0.1:45417: Connection refused (os error 111)
[2m2026-07-05T13:38:43.403887Z[0m [33m WARN[0m [2mpm_bot[0m[2m:[0m découverte gamma: requête Gamma: error sending request for url (https://gamma-api.polymarket.com/events?slug=btc-updown-5m-1783258500): client error (Connect): tunnel error: failed to create underlying connection: tcp connect error: Connection refused (os error 111)
[2m2026-07-05T13:38:48.404858Z[0m [33m WARN[0m [2mpm_bot[0m[2m:[0m découverte gamma: requête Gamma: error sending request for url (https://gamma-api.polymarket.com/events?slug=btc-updown-5m-1783258500): client error (Connect): tunnel error: failed to create underlying connection: tcp connect error: Connection refused (os error 111)
[2m2026-07-05T13:38:53.406029Z[0m [33m WARN[0m [2mpm_bot[0m[2m:[0m découverte gamma: requête Gamma: error sending request for url (https://gamma-api.polymarket.com/events?slug=btc-updown-5m-1783258500): client error (Connect): tunnel error: failed to create underlying connection: tcp connect error: Connection refused (os error 111)
[2m2026-07-05T13:38:58.031808Z[0m [33m WARN[0m [2mpm_acquisition::rtds[0m[2m:[0m RTDS erreur: connexion au proxy 127.0.0.1:45417: Connection refused (os error 111)
[2m2026-07-05T13:38:58.408045Z[0m [33m WARN[0m [2mpm_bot[0m[2m:[0m découverte gamma: requête Gamma: error sending request for url (https://gamma-api.polymarket.com/events?slug=btc-updown-5m-1783258500): client error (Connect): tunnel error: failed to create underlying connection: tcp connect error: Connection refused (os error 111)
[2m2026-07-05T13:39:03.409671Z[0m [33m WARN[0m [2mpm_bot[0m[2m:[0m découverte gamma: requête Gamma: error sending request for url (https://gamma-api.polymarket.com/events?slug=btc-updown-5m-1783258500): client error (Connect): tunnel error: failed to create underlying connection: tcp connect error: Connection refused (os error 111)
[2m2026-07-05T13:39:08.410833Z[0m [33m WARN[0m [2mpm_bot[0m[2m:[0m découverte gamma: requête Gamma: error sending request for url (https://gamma-api.polymarket.com/events?slug=btc-updown-5m-1783258500): client error (Connect): tunnel error: failed to create underlying connection: tcp connect error: Connection refused (os error 111)
[2m2026-07-05T13:39:13.033058Z[0m [33m WARN[0m [2mpm_acquisition::rtds[0m[2m:[0m RTDS erreur: connexion au proxy 127.0.0.1:45417: Connection refused (os error 111)
[2m2026-07-05T13:39:13.412196Z[0m [33m WARN[0m [2mpm_bot[0m[2m:[0m découverte gamma: requête Gamma: error sending request for url (https://gamma-api.polymarket.com/events?slug=btc-updown-5m-1783258500): client error (Connect): tunnel error: failed to create underlying connection: tcp connect error: Connection refused (os error 111)
[2m2026-07-05T13:39:18.413851Z[0m [33m WARN[0m [2mpm_bot[0m[2m:[0m découverte gamma: requête Gamma: error sending request for url (https://gamma-api.polymarket.com/events?slug=btc-updown-5m-1783258500): client error (Connect): tunnel error: failed to create underlying connection: tcp connect error: Connection refused (os error 111)
[2m2026-07-05T13:39:23.414421Z[0m [33m WARN[0m [2mpm_bot[0m[2m:[0m découverte gamma: requête Gamma: error sending request for url (https://gamma-api.polymarket.com/events?slug=btc-updown-5m-1783258500): client error (Connect): tunnel error: failed to create underlying connection: tcp connect error: Connection refused (os error 111)
[2m2026-07-05T13:39:28.034944Z[0m [33m WARN[0m [2mpm_acquisition::rtds[0m[2m:[0m RTDS erreur: connexion au proxy 127.0.0.1:45417: Connection refused (os error 111)
[2m2026-07-05T13:39:28.416126Z[0m [33m WARN[0m [2mpm_bot[0m[2m:[0m découverte gamma: requête Gamma: error sending request for url (https://gamma-api.polymarket.com/events?slug=btc-updown-5m-1783258500): client error (Connect): tunnel error: failed to create underlying connection: tcp connect error: Connection refused (os error 111)
[2m2026-07-05T13:39:33.418312Z[0m [33m WARN[0m [2mpm_bot[0m[2m:[0m découverte gamma: requête Gamma: error sending request for url (https://gamma-api.polymarket.com/events?slug=btc-updown-5m-1783258500): client error (Connect): tunnel error: failed to create underlying connection: tcp connect error: Connection refused (os error 111)
[2m2026-07-05T13:39:38.419918Z[0m [33m WARN[0m [2mpm_bot[0m[2m:[0m découverte gamma: requête Gamma: error sending request for url (https://gamma-api.polymarket.com/events?slug=btc-updown-5m-1783258500): client error (Connect): tunnel error: failed to create underlying connection: tcp connect error: Connection refused (os error 111)
[2m2026-07-05T13:39:43.036712Z[0m [33m WARN[0m [2mpm_acquisition::rtds[0m[2m:[0m RTDS erreur: connexion au proxy 127.0.0.1:45417: Connection refused (os error 111)
[2m2026-07-05T13:39:43.421941Z[0m [33m WARN[0m [2mpm_bot[0m[2m:[0m découverte gamma: requête Gamma: error sending request for url (https://gamma-api.polymarket.com/events?slug=btc-updown-5m-1783258500): client error (Connect): tunnel error: failed to create underlying connection: tcp connect error: Connection refused (os error 111)
[2m2026-07-05T13:39:48.423474Z[0m [33m WARN[0m [2mpm_bot[0m[2m:[0m découverte gamma: requête Gamma: error sending request for url (https://gamma-api.polymarket.com/events?slug=btc-updown-5m-1783258500): client error (Connect): tunnel error: failed to create underlying connection: tcp connect error: Connection refused (os error 111)
[2m2026-07-05T13:39:53.424433Z[0m [33m WARN[0m [2mpm_bot[0m[2m:[0m découverte gamma: requête Gamma: error sending request for url (https://gamma-api.polymarket.com/events?slug=btc-updown-5m-1783258500): client error (Connect): tunnel error: failed to create underlying connection: tcp connect error: Connection refused (os error 111)
[2m2026-07-05T13:39:58.038249Z[0m [33m WARN[0m [2mpm_acquisition::rtds[0m[2m:[0m RTDS erreur: connexion au proxy 127.0.0.1:45417: Connection refused (os error 111)
[2m2026-07-05T13:39:58.425520Z[0m [33m WARN[0m [2mpm_bot[0m[2m:[0m découverte gamma: requête Gamma: error sending request for url (https://gamma-api.polymarket.com/events?slug=btc-updown-5m-1783258500): client error (Connect): tunnel error: failed to create underlying connection: tcp connect error: Connection refused (os error 111)
[2m2026-07-05T13:40:03.426493Z[0m [33m WARN[0m [2mpm_bot[0m[2m:[0m découverte gamma: requête Gamma: error sending request for url (https://gamma-api.polymarket.com/events?slug=btc-updown-5m-1783258800): client error (Connect): tunnel error: failed to create underlying connection: tcp connect error: Connection refused (os error 111)
[2m2026-07-05T13:40:08.427366Z[0m [33m WARN[0m [2mpm_bot[0m[2m:[0m découverte gamma: requête Gamma: error sending request for url (https://gamma-api.polymarket.com/events?slug=btc-updown-5m-1783258800): client error (Connect): tunnel error: failed to create underlying connection: tcp connect error: Connection refused (os error 111)
[2m2026-07-05T13:40:13.039987Z[0m [33m WARN[0m [2mpm_acquisition::rtds[0m[2m:[0m RTDS erreur: connexion au proxy 127.0.0.1:45417: Connection refused (os error 111)
[2m2026-07-05T13:40:13.429065Z[0m [33m WARN[0m [2mpm_bot[0m[2m:[0m découverte gamma: requête Gamma: error sending request for url (https://gamma-api.polymarket.com/events?slug=btc-updown-5m-1783258800): client error (Connect): tunnel error: failed to create underlying connection: tcp connect error: Connection refused (os error 111)
[2m2026-07-05T13:40:18.431262Z[0m [33m WARN[0m [2mpm_bot[0m[2m:[0m découverte gamma: requête Gamma: error sending request for url (https://gamma-api.polymarket.com/events?slug=btc-updown-5m-1783258800): client error (Connect): tunnel error: failed to create underlying connection: tcp connect error: Connection refused (os error 111)
[2m2026-07-05T13:40:23.432702Z[0m [33m WARN[0m [2mpm_bot[0m[2m:[0m découverte gamma: requête Gamma: error sending request for url (https://gamma-api.polymarket.com/events?slug=btc-updown-5m-1783258800): client error (Connect): tunnel error: failed to create underlying connection: tcp connect error: Connection refused (os error 111)
[2m2026-07-05T13:40:28.041896Z[0m [33m WARN[0m [2mpm_acquisition::rtds[0m[2m:[0m RTDS erreur: connexion au proxy 127.0.0.1:45417: Connection refused (os error 111)
[2m2026-07-05T13:40:28.434181Z[0m [33m WARN[0m [2mpm_bot[0m[2m:[0m découverte gamma: requête Gamma: error sending request for url (https://gamma-api.polymarket.com/events?slug=btc-updown-5m-1783258800): client error (Connect): tunnel error: failed to create underlying connection: tcp connect error: Connection refused (os error 111)
[2m2026-07-05T13:40:33.435878Z[0m [33m WARN[0m [2mpm_bot[0m[2m:[0m découverte gamma: requête Gamma: error sending request for url (https://gamma-api.polymarket.com/events?slug=btc-updown-5m-1783258800): client error (Connect): tunnel error: failed to create underlying connection: tcp connect error: Connection refused (os error 111)
[2m2026-07-05T13:40:38.436760Z[0m [33m WARN[0m [2mpm_bot[0m[2m:[0m découverte gamma: requête Gamma: error sending request for url (https://gamma-api.polymarket.com/events?slug=btc-updown-5m-1783258800): client error (Connect): tunnel error: failed to create underlying connection: tcp connect error: Connection refused (os error 111)
[2m2026-07-05T13:40:43.043376Z[0m [33m WARN[0m [2mpm_acquisition::rtds[0m[2m:[0m RTDS erreur: connexion au proxy 127.0.0.1:45417: Connection refused (os error 111)
[2m2026-07-05T13:40:43.437554Z[0m [33m WARN[0m [2mpm_bot[0m[2m:[0m découverte gamma: requête Gamma: error sending request for url (https://gamma-api.polymarket.com/events?slug=btc-updown-5m-1783258800): client error (Connect): tunnel error: failed to create underlying connection: tcp connect error: Connection refused (os error 111)
[2m2026-07-05T13:40:48.439016Z[0m [33m WARN[0m [2mpm_bot[0m[2m:[0m découverte gamma: requête Gamma: error sending request for url (https://gamma-api.polymarket.com/events?slug=btc-updown-5m-1783258800): client error (Connect): tunnel error: failed to create underlying connection: tcp connect error: Connection refused (os error 111)
[2m2026-07-05T13:40:53.440294Z[0m [33m WARN[0m [2mpm_bot[0m[2m:[0m découverte gamma: requête Gamma: error sending request for url (https://gamma-api.polymarket.com/events?slug=btc-updown-5m-1783258800): client error (Connect): tunnel error: failed to create underlying connection: tcp connect error: Connection refused (os error 111)
[2m2026-07-05T13:40:58.044700Z[0m [33m WARN[0m [2mpm_acquisition::rtds[0m[2m:[0m RTDS erreur: connexion au proxy 127.0.0.1:45417: Connection refused (os error 111)
[2m2026-07-05T13:40:58.441851Z[0m [33m WARN[0m [2mpm_bot[0m[2m:[0m découverte gamma: requête Gamma: error sending request for url (https://gamma-api.polymarket.com/events?slug=btc-updown-5m-1783258800): client error (Connect): tunnel error: failed to create underlying connection: tcp connect error: Connection refused (os error 111)
[2m2026-07-05T13:41:03.442361Z[0m [33m WARN[0m [2mpm_bot[0m[2m:[0m découverte gamma: requête Gamma: error sending request for url (https://gamma-api.polymarket.com/events?slug=btc-updown-5m-1783258800): client error (Connect): tunnel error: failed to create underlying connection: tcp connect error: Connection refused (os error 111)
[2m2026-07-05T13:41:08.443624Z[0m [33m WARN[0m [2mpm_bot[0m[2m:[0m découverte gamma: requête Gamma: error sending request for url (https://gamma-api.polymarket.com/events?slug=btc-updown-5m-1783258800): client error (Connect): tunnel error: failed to create underlying connection: tcp connect error: Connection refused (os error 111)
[2m2026-07-05T13:41:13.045783Z[0m [33m WARN[0m [2mpm_acquisition::rtds[0m[2m:[0m RTDS erreur: connexion au proxy 127.0.0.1:45417: Connection refused (os error 111)
[2m2026-07-05T13:41:13.445177Z[0m [33m WARN[0m [2mpm_bot[0m[2m:[0m découverte gamma: requête Gamma: error sending request for url (https://gamma-api.polymarket.com/events?slug=btc-updown-5m-1783258800): client error (Connect): tunnel error: failed to create underlying connection: tcp connect error: Connection refused (os error 111)
[2m2026-07-05T13:41:18.446703Z[0m [33m WARN[0m [2mpm_bot[0m[2m:[0m découverte gamma: requête Gamma: error sending request for url (https://gamma-api.polymarket.com/events?slug=btc-updown-5m-1783258800): client error (Connect): tunnel error: failed to create underlying connection: tcp connect error: Connection refused (os error 111)
[2m2026-07-05T13:41:23.448105Z[0m [33m WARN[0m [2mpm_bot[0m[2m:[0m découverte gamma: requête Gamma: error sending request for url (https://gamma-api.polymarket.com/events?slug=btc-updown-5m-1783258800): client error (Connect): tunnel error: failed to create underlying connection: tcp connect error: Connection refused (os error 111)
[2m2026-07-05T13:41:28.046570Z[0m [33m WARN[0m [2mpm_acquisition::rtds[0m[2m:[0m RTDS erreur: connexion au proxy 127.0.0.1:45417: Connection refused (os error 111)
[2m2026-07-05T13:41:28.449372Z[0m [33m WARN[0m [2mpm_bot[0m[2m:[0m découverte gamma: requête Gamma: error sending request for url (https://gamma-api.polymarket.com/events?slug=btc-updown-5m-1783258800): client error (Connect): tunnel error: failed to create underlying connection: tcp connect error: Connection refused (os error 111)
[2m2026-07-05T13:41:33.450608Z[0m [33m WARN[0m [2mpm_bot[0m[2m:[0m découverte gamma: requête Gamma: error sending request for url (https://gamma-api.polymarket.com/events?slug=btc-updown-5m-1783258800): client error (Connect): tunnel error: failed to create underlying connection: tcp connect error: Connection refused (os error 111)
[2m2026-07-05T13:41:38.451398Z[0m [33m WARN[0m [2mpm_bot[0m[2m:[0m découverte gamma: requête Gamma: error sending request for url (https://gamma-api.polymarket.com/events?slug=btc-updown-5m-1783258800): client error (Connect): tunnel error: failed to create underlying connection: tcp connect error: Connection refused (os error 111)
[2m2026-07-05T13:41:43.047315Z[0m [33m WARN[0m [2mpm_acquisition::rtds[0m[2m:[0m RTDS erreur: connexion au proxy 127.0.0.1:45417: Connection refused (os error 111)
[2m2026-07-05T13:41:43.452428Z[0m [33m WARN[0m [2mpm_bot[0m[2m:[0m découverte gamma: requête Gamma: error sending request for url (https://gamma-api.polymarket.com/events?slug=btc-updown-5m-1783258800): client error (Connect): tunnel error: failed to create underlying connection: tcp connect error: Connection refused (os error 111)
[2m2026-07-05T13:41:48.453422Z[0m [33m WARN[0m [2mpm_bot[0m[2m:[0m découverte gamma: requête Gamma: error sending request for url (https://gamma-api.polymarket.com/events?slug=btc-updown-5m-1783258800): client error (Connect): tunnel error: failed to create underlying connection: tcp connect error: Connection refused (os error 111)
[2m2026-07-05T13:41:53.454387Z[0m [33m WARN[0m [2mpm_bot[0m[2m:[0m découverte gamma: requête Gamma: error sending request for url (https://gamma-api.polymarket.com/events?slug=btc-updown-5m-1783258800): client error (Connect): tunnel error: failed to create underlying connection: tcp connect error: Connection refused (os error 111)
[2m2026-07-05T13:41:58.049080Z[0m [33m WARN[0m [2mpm_acquisition::rtds[0m[2m:[0m RTDS erreur: connexion au proxy 127.0.0.1:45417: Connection refused (os error 111)
[2m2026-07-05T13:41:58.455366Z[0m [33m WARN[0m [2mpm_bot[0m[2m:[0m découverte gamma: requête Gamma: error sending request for url (https://gamma-api.polymarket.com/events?slug=btc-updown-5m-1783258800): client error (Connect): tunnel error: failed to create underlying connection: tcp connect error: Connection refused (os error 111)
[2m2026-07-05T13:42:03.457229Z[0m [33m WARN[0m [2mpm_bot[0m[2m:[0m découverte gamma: requête Gamma: error sending request for url (https://gamma-api.polymarket.com/events?slug=btc-updown-5m-1783258800): client error (Connect): tunnel error: failed to create underlying connection: tcp connect error: Connection refused (os error 111)
[2m2026-07-05T13:42:08.459237Z[0m [33m WARN[0m [2mpm_bot[0m[2m:[0m découverte gamma: requête Gamma: error sending request for url (https://gamma-api.polymarket.com/events?slug=btc-updown-5m-1783258800): client error (Connect): tunnel error: failed to create underlying connection: tcp connect error: Connection refused (os error 111)
[2m2026-07-05T13:42:13.050264Z[0m [33m WARN[0m [2mpm_acquisition::rtds[0m[2m:[0m RTDS erreur: connexion au proxy 127.0.0.1:45417: Connection refused (os error 111)
[2m2026-07-05T13:42:13.460359Z[0m [33m WARN[0m [2mpm_bot[0m[2m:[0m découverte gamma: requête Gamma: error sending request for url (https://gamma-api.polymarket.com/events?slug=btc-updown-5m-1783258800): client error (Connect): tunnel error: failed to create underlying connection: tcp connect error: Connection refused (os error 111)
[2m2026-07-05T13:42:18.461604Z[0m [33m WARN[0m [2mpm_bot[0m[2m:[0m découverte gamma: requête Gamma: error sending request for url (https://gamma-api.polymarket.com/events?slug=btc-updown-5m-1783258800): client error (Connect): tunnel error: failed to create underlying connection: tcp connect error: Connection refused (os error 111)
[2m2026-07-05T13:42:23.462382Z[0m [33m WARN[0m [2mpm_bot[0m[2m:[0m découverte gamma: requête Gamma: error sending request for url (https://gamma-api.polymarket.com/events?slug=btc-updown-5m-1783258800): client error (Connect): tunnel error: failed to create underlying connection: tcp connect error: Connection refused (os error 111)
[2m2026-07-05T13:42:28.051428Z[0m [33m WARN[0m [2mpm_acquisition::rtds[0m[2m:[0m RTDS erreur: connexion au proxy 127.0.0.1:45417: Connection refused (os error 111)
[2m2026-07-05T13:42:28.463558Z[0m [33m WARN[0m [2mpm_bot[0m[2m:[0m découverte gamma: requête Gamma: error sending request for url (https://gamma-api.polymarket.com/events?slug=btc-updown-5m-1783258800): client error (Connect): tunnel error: failed to create underlying connection: tcp connect error: Connection refused (os error 111)
[2m2026-07-05T13:42:33.464429Z[0m [33m WARN[0m [2mpm_bot[0m[2m:[0m découverte gamma: requête Gamma: error sending request for url (https://gamma-api.polymarket.com/events?slug=btc-updown-5m-1783258800): client error (Connect): tunnel error: failed to create underlying connection: tcp connect error: Connection refused (os error 111)
[2m2026-07-05T13:42:38.465705Z[0m [33m WARN[0m [2mpm_bot[0m[2m:[0m découverte gamma: requête Gamma: error sending request for url (https://gamma-api.polymarket.com/events?slug=btc-updown-5m-1783258800): client error (Connect): tunnel error: failed to create underlying connection: tcp connect error: Connection refused (os error 111)
[2m2026-07-05T13:42:43.052399Z[0m [33m WARN[0m [2mpm_acquisition::rtds[0m[2m:[0m RTDS erreur: connexion au proxy 127.0.0.1:45417: Connection refused (os error 111)
[2m2026-07-05T13:42:43.466449Z[0m [33m WARN[0m [2mpm_bot[0m[2m:[0m découverte gamma: requête Gamma: error sending request for url (https://gamma-api.polymarket.com/events?slug=btc-updown-5m-1783258800): client error (Connect): tunnel error: failed to create underlying connection: tcp connect error: Connection refused (os error 111)
[2m2026-07-05T13:42:48.467383Z[0m [33m WARN[0m [2mpm_bot[0m[2m:[0m découverte gamma: requête Gamma: error sending request for url (https://gamma-api.polymarket.com/events?slug=btc-updown-5m-1783258800): client error (Connect): tunnel error: failed to create underlying connection: tcp connect error: Connection refused (os error 111)
[2m2026-07-05T13:42:53.469277Z[0m [33m WARN[0m [2mpm_bot[0m[2m:[0m découverte gamma: requête Gamma: error sending request for url (https://gamma-api.polymarket.com/events?slug=btc-updown-5m-1783258800): client error (Connect): tunnel error: failed to create underlying connection: tcp connect error: Connection refused (os error 111)
[2m2026-07-05T13:42:58.053823Z[0m [33m WARN[0m [2mpm_acquisition::rtds[0m[2m:[0m RTDS erreur: connexion au proxy 127.0.0.1:45417: Connection refused (os error 111)
[2m2026-07-05T13:42:58.470920Z[0m [33m WARN[0m [2mpm_bot[0m[2m:[0m découverte gamma: requête Gamma: error sending request for url (https://gamma-api.polymarket.com/events?slug=btc-updown-5m-1783258800): client error (Connect): tunnel error: failed to create underlying connection: tcp connect error: Connection refused (os error 111)
[2m2026-07-05T13:43:03.472946Z[0m [33m WARN[0m [2mpm_bot[0m[2m:[0m découverte gamma: requête Gamma: error sending request for url (https://gamma-api.polymarket.com/events?slug=btc-updown-5m-1783258800): client error (Connect): tunnel error: failed to create underlying connection: tcp connect error: Connection refused (os error 111)
[2m2026-07-05T13:43:08.474977Z[0m [33m WARN[0m [2mpm_bot[0m[2m:[0m découverte gamma: requête Gamma: error sending request for url (https://gamma-api.polymarket.com/events?slug=btc-updown-5m-1783258800): client error (Connect): tunnel error: failed to create underlying connection: tcp connect error: Connection refused (os error 111)
[2m2026-07-05T13:43:13.055085Z[0m [33m WARN[0m [2mpm_acquisition::rtds[0m[2m:[0m RTDS erreur: connexion au proxy 127.0.0.1:45417: Connection refused (os error 111)
[2m2026-07-05T13:43:13.476279Z[0m [33m WARN[0m [2mpm_bot[0m[2m:[0m découverte gamma: requête Gamma: error sending request for url (https://gamma-api.polymarket.com/events?slug=btc-updown-5m-1783258800): client error (Connect): tunnel error: failed to create underlying connection: tcp connect error: Connection refused (os error 111)
[2m2026-07-05T13:43:18.478105Z[0m [33m WARN[0m [2mpm_bot[0m[2m:[0m découverte gamma: requête Gamma: error sending request for url (https://gamma-api.polymarket.com/events?slug=btc-updown-5m-1783258800): client error (Connect): tunnel error: failed to create underlying connection: tcp connect error: Connection refused (os error 111)
[2m2026-07-05T13:43:23.479998Z[0m [33m WARN[0m [2mpm_bot[0m[2m:[0m découverte gamma: requête Gamma: error sending request for url (https://gamma-api.polymarket.com/events?slug=btc-updown-5m-1783258800): client error (Connect): tunnel error: failed to create underlying connection: tcp connect error: Connection refused (os error 111)
[2m2026-07-05T13:43:28.056460Z[0m [33m WARN[0m [2mpm_acquisition::rtds[0m[2m:[0m RTDS erreur: connexion au proxy 127.0.0.1:45417: Connection refused (os error 111)
[2m2026-07-05T13:43:28.481602Z[0m [33m WARN[0m [2mpm_bot[0m[2m:[0m découverte gamma: requête Gamma: error sending request for url (https://gamma-api.polymarket.com/events?slug=btc-updown-5m-1783258800): client error (Connect): tunnel error: failed to create underlying connection: tcp connect error: Connection refused (os error 111)
[2m2026-07-05T13:43:33.483077Z[0m [33m WARN[0m [2mpm_bot[0m[2m:[0m découverte gamma: requête Gamma: error sending request for url (https://gamma-api.polymarket.com/events?slug=btc-updown-5m-1783258800): client error (Connect): tunnel error: failed to create underlying connection: tcp connect error: Connection refused (os error 111)
[2m2026-07-05T13:43:38.484458Z[0m [33m WARN[0m [2mpm_bot[0m[2m:[0m découverte gamma: requête Gamma: error sending request for url (https://gamma-api.polymarket.com/events?slug=btc-updown-5m-1783258800): client error (Connect): tunnel error: failed to create underlying connection: tcp connect error: Connection refused (os error 111)
[2m2026-07-05T13:43:43.057540Z[0m [33m WARN[0m [2mpm_acquisition::rtds[0m[2m:[0m RTDS erreur: connexion au proxy 127.0.0.1:45417: Connection refused (os error 111)
[2m2026-07-05T13:43:43.486117Z[0m [33m WARN[0m [2mpm_bot[0m[2m:[0m découverte gamma: requête Gamma: error sending request for url (https://gamma-api.polymarket.com/events?slug=btc-updown-5m-1783258800): client error (Connect): tunnel error: failed to create underlying connection: tcp connect error: Connection refused (os error 111)
[2m2026-07-05T13:43:48.487800Z[0m [33m WARN[0m [2mpm_bot[0m[2m:[0m découverte gamma: requête Gamma: error sending request for url (https://gamma-api.polymarket.com/events?slug=btc-updown-5m-1783258800): client error (Connect): tunnel error: failed to create underlying connection: tcp connect error: Connection refused (os error 111)
[2m2026-07-05T13:43:53.489274Z[0m [33m WARN[0m [2mpm_bot[0m[2m:[0m découverte gamma: requête Gamma: error sending request for url (https://gamma-api.polymarket.com/events?slug=btc-updown-5m-1783258800): client error (Connect): tunnel error: failed to create underlying connection: tcp connect error: Connection refused (os error 111)
[2m2026-07-05T13:43:58.058376Z[0m [33m WARN[0m [2mpm_acquisition::rtds[0m[2m:[0m RTDS erreur: connexion au proxy 127.0.0.1:45417: Connection refused (os error 111)
[2m2026-07-05T13:43:58.490633Z[0m [33m WARN[0m [2mpm_bot[0m[2m:[0m découverte gamma: requête Gamma: error sending request for url (https://gamma-api.polymarket.com/events?slug=btc-updown-5m-1783258800): client error (Connect): tunnel error: failed to create underlying connection: tcp connect error: Connection refused (os error 111)
[2m2026-07-05T13:44:03.491865Z[0m [33m WARN[0m [2mpm_bot[0m[2m:[0m découverte gamma: requête Gamma: error sending request for url (https://gamma-api.polymarket.com/events?slug=btc-updown-5m-1783258800): client error (Connect): tunnel error: failed to create underlying connection: tcp connect error: Connection refused (os error 111)
[2m2026-07-05T13:44:08.493169Z[0m [33m WARN[0m [2mpm_bot[0m[2m:[0m découverte gamma: requête Gamma: error sending request for url (https://gamma-api.polymarket.com/events?slug=btc-updown-5m-1783258800): client error (Connect): tunnel error: failed to create underlying connection: tcp connect error: Connection refused (os error 111)
[2m2026-07-05T13:44:13.059834Z[0m [33m WARN[0m [2mpm_acquisition::rtds[0m[2m:[0m RTDS erreur: connexion au proxy 127.0.0.1:45417: Connection refused (os error 111)
[2m2026-07-05T13:44:13.494932Z[0m [33m WARN[0m [2mpm_bot[0m[2m:[0m découverte gamma: requête Gamma: error sending request for url (https://gamma-api.polymarket.com/events?slug=btc-updown-5m-1783258800): client error (Connect): tunnel error: failed to create underlying connection: tcp connect error: Connection refused (os error 111)
[2m2026-07-05T13:44:18.497093Z[0m [33m WARN[0m [2mpm_bot[0m[2m:[0m découverte gamma: requête Gamma: error sending request for url (https://gamma-api.polymarket.com/events?slug=btc-updown-5m-1783258800): client error (Connect): tunnel error: failed to create underlying connection: tcp connect error: Connection refused (os error 111)
[2m2026-07-05T13:44:23.499108Z[0m [33m WARN[0m [2mpm_bot[0m[2m:[0m découverte gamma: requête Gamma: error sending request for url (https://gamma-api.polymarket.com/events?slug=btc-updown-5m-1783258800): client error (Connect): tunnel error: failed to create underlying connection: tcp connect error: Connection refused (os error 111)
[2m2026-07-05T13:44:28.060304Z[0m [33m WARN[0m [2mpm_acquisition::rtds[0m[2m:[0m RTDS erreur: connexion au proxy 127.0.0.1:45417: Connection refused (os error 111)
[2m2026-07-05T13:44:28.500505Z[0m [33m WARN[0m [2mpm_bot[0m[2m:[0m découverte gamma: requête Gamma: error sending request for url (https://gamma-api.polymarket.com/events?slug=btc-updown-5m-1783258800): client error (Connect): tunnel error: failed to create underlying connection: tcp connect error: Connection refused (os error 111)
[2m2026-07-05T13:44:33.501962Z[0m [33m WARN[0m [2mpm_bot[0m[2m:[0m découverte gamma: requête Gamma: error sending request for url (https://gamma-api.polymarket.com/events?slug=btc-updown-5m-1783258800): client error (Connect): tunnel error: failed to create underlying connection: tcp connect error: Connection refused (os error 111)
[2m2026-07-05T13:44:38.503929Z[0m [33m WARN[0m [2mpm_bot[0m[2m:[0m découverte gamma: requête Gamma: error sending request for url (https://gamma-api.polymarket.com/events?slug=btc-updown-5m-1783258800): client error (Connect): tunnel error: failed to create underlying connection: tcp connect error: Connection refused (os error 111)
[2m2026-07-05T13:44:43.062130Z[0m [33m WARN[0m [2mpm_acquisition::rtds[0m[2m:[0m RTDS erreur: connexion au proxy 127.0.0.1:45417: Connection refused (os error 111)
[2m2026-07-05T13:44:43.505202Z[0m [33m WARN[0m [2mpm_bot[0m[2m:[0m découverte gamma: requête Gamma: error sending request for url (https://gamma-api.polymarket.com/events?slug=btc-updown-5m-1783258800): client error (Connect): tunnel error: failed to create underlying connection: tcp connect error: Connection refused (os error 111)
[2m2026-07-05T13:44:48.506879Z[0m [33m WARN[0m [2mpm_bot[0m[2m:[0m découverte gamma: requête Gamma: error sending request for url (https://gamma-api.polymarket.com/events?slug=btc-updown-5m-1783258800): client error (Connect): tunnel error: failed to create underlying connection: tcp connect error: Connection refused (os error 111)
[2m2026-07-05T13:44:53.507307Z[0m [33m WARN[0m [2mpm_bot[0m[2m:[0m découverte gamma: requête Gamma: error sending request for url (https://gamma-api.polymarket.com/events?slug=btc-updown-5m-1783258800): client error (Connect): tunnel error: failed to create underlying connection: tcp connect error: Connection refused (os error 111)
[2m2026-07-05T13:44:58.063497Z[0m [33m WARN[0m [2mpm_acquisition::rtds[0m[2m:[0m RTDS erreur: connexion au proxy 127.0.0.1:45417: Connection refused (os error 111)
[2m2026-07-05T13:44:58.508785Z[0m [33m WARN[0m [2mpm_bot[0m[2m:[0m découverte gamma: requête Gamma: error sending request for url (https://gamma-api.polymarket.com/events?slug=btc-updown-5m-1783258800): client error (Connect): tunnel error: failed to create underlying connection: tcp connect error: Connection refused (os error 111)
[2m2026-07-05T13:45:03.509993Z[0m [33m WARN[0m [2mpm_bot[0m[2m:[0m découverte gamma: requête Gamma: error sending request for url (https://gamma-api.polymarket.com/events?slug=btc-updown-5m-1783259100): client error (Connect): tunnel error: failed to create underlying connection: tcp connect error: Connection refused (os error 111)
[2m2026-07-05T13:45:08.511683Z[0m [33m WARN[0m [2mpm_bot[0m[2m:[0m découverte gamma: requête Gamma: error sending request for url (https://gamma-api.polymarket.com/events?slug=btc-updown-5m-1783259100): client error (Connect): tunnel error: failed to create underlying connection: tcp connect error: Connection refused (os error 111)
[2m2026-07-05T13:45:13.064860Z[0m [33m WARN[0m [2mpm_acquisition::rtds[0m[2m:[0m RTDS erreur: connexion au proxy 127.0.0.1:45417: Connection refused (os error 111)
[2m2026-07-05T13:45:13.513080Z[0m [33m WARN[0m [2mpm_bot[0m[2m:[0m découverte gamma: requête Gamma: error sending request for url (https://gamma-api.polymarket.com/events?slug=btc-updown-5m-1783259100): client error (Connect): tunnel error: failed to create underlying connection: tcp connect error: Connection refused (os error 111)
[2m2026-07-05T13:45:18.514328Z[0m [33m WARN[0m [2mpm_bot[0m[2m:[0m découverte gamma: requête Gamma: error sending request for url (https://gamma-api.polymarket.com/events?slug=btc-updown-5m-1783259100): client error (Connect): tunnel error: failed to create underlying connection: tcp connect error: Connection refused (os error 111)
[2m2026-07-05T13:45:23.515323Z[0m [33m WARN[0m [2mpm_bot[0m[2m:[0m découverte gamma: requête Gamma: error sending request for url (https://gamma-api.polymarket.com/events?slug=btc-updown-5m-1783259100): client error (Connect): tunnel error: failed to create underlying connection: tcp connect error: Connection refused (os error 111)
[2m2026-07-05T13:45:28.065652Z[0m [33m WARN[0m [2mpm_acquisition::rtds[0m[2m:[0m RTDS erreur: connexion au proxy 127.0.0.1:45417: Connection refused (os error 111)
[2m2026-07-05T13:45:28.516873Z[0m [33m WARN[0m [2mpm_bot[0m[2m:[0m découverte gamma: requête Gamma: error sending request for url (https://gamma-api.polymarket.com/events?slug=btc-updown-5m-1783259100): client error (Connect): tunnel error: failed to create underlying connection: tcp connect error: Connection refused (os error 111)
[2m2026-07-05T13:45:33.517379Z[0m [33m WARN[0m [2mpm_bot[0m[2m:[0m découverte gamma: requête Gamma: error sending request for url (https://gamma-api.polymarket.com/events?slug=btc-updown-5m-1783259100): client error (Connect): tunnel error: failed to create underlying connection: tcp connect error: Connection refused (os error 111)
[2m2026-07-05T13:45:38.518828Z[0m [33m WARN[0m [2mpm_bot[0m[2m:[0m découverte gamma: requête Gamma: error sending request for url (https://gamma-api.polymarket.com/events?slug=btc-updown-5m-1783259100): client error (Connect): tunnel error: failed to create underlying connection: tcp connect error: Connection refused (os error 111)
[2m2026-07-05T13:45:43.066820Z[0m [33m WARN[0m [2mpm_acquisition::rtds[0m[2m:[0m RTDS erreur: connexion au proxy 127.0.0.1:45417: Connection refused (os error 111)
[2m2026-07-05T13:45:43.520213Z[0m [33m WARN[0m [2mpm_bot[0m[2m:[0m découverte gamma: requête Gamma: error sending request for url (https://gamma-api.polymarket.com/events?slug=btc-updown-5m-1783259100): client error (Connect): tunnel error: failed to create underlying connection: tcp connect error: Connection refused (os error 111)
[2m2026-07-05T13:45:48.522026Z[0m [33m WARN[0m [2mpm_bot[0m[2m:[0m découverte gamma: requête Gamma: error sending request for url (https://gamma-api.polymarket.com/events?slug=btc-updown-5m-1783259100): client error (Connect): tunnel error: failed to create underlying connection: tcp connect error: Connection refused (os error 111)
[2m2026-07-05T13:45:53.523809Z[0m [33m WARN[0m [2mpm_bot[0m[2m:[0m découverte gamma: requête Gamma: error sending request for url (https://gamma-api.polymarket.com/events?slug=btc-updown-5m-1783259100): client error (Connect): tunnel error: failed to create underlying connection: tcp connect error: Connection refused (os error 111)
[2m2026-07-05T13:45:58.067244Z[0m [33m WARN[0m [2mpm_acquisition::rtds[0m[2m:[0m RTDS erreur: connexion au proxy 127.0.0.1:45417: Connection refused (os error 111)
[2m2026-07-05T13:45:58.524469Z[0m [33m WARN[0m [2mpm_bot[0m[2m:[0m découverte gamma: requête Gamma: error sending request for url (https://gamma-api.polymarket.com/events?slug=btc-updown-5m-1783259100): client error (Connect): tunnel error: failed to create underlying connection: tcp connect error: Connection refused (os error 111)
[2m2026-07-05T13:46:03.526048Z[0m [33m WARN[0m [2mpm_bot[0m[2m:[0m découverte gamma: requête Gamma: error sending request for url (https://gamma-api.polymarket.com/events?slug=btc-updown-5m-1783259100): client error (Connect): tunnel error: failed to create underlying connection: tcp connect error: Connection refused (os error 111)
[2m2026-07-05T13:46:08.527364Z[0m [33m WARN[0m [2mpm_bot[0m[2m:[0m découverte gamma: requête Gamma: error sending request for url (https://gamma-api.polymarket.com/events?slug=btc-updown-5m-1783259100): client error (Connect): tunnel error: failed to create underlying connection: tcp connect error: Connection refused (os error 111)
[2m2026-07-05T13:46:13.069122Z[0m [33m WARN[0m [2mpm_acquisition::rtds[0m[2m:[0m RTDS erreur: connexion au proxy 127.0.0.1:45417: Connection refused (os error 111)
[2m2026-07-05T13:46:13.529225Z[0m [33m WARN[0m [2mpm_bot[0m[2m:[0m découverte gamma: requête Gamma: error sending request for url (https://gamma-api.polymarket.com/events?slug=btc-updown-5m-1783259100): client error (Connect): tunnel error: failed to create underlying connection: tcp connect error: Connection refused (os error 111)
[2m2026-07-05T13:46:18.530617Z[0m [33m WARN[0m [2mpm_bot[0m[2m:[0m découverte gamma: requête Gamma: error sending request for url (https://gamma-api.polymarket.com/events?slug=btc-updown-5m-1783259100): client error (Connect): tunnel error: failed to create underlying connection: tcp connect error: Connection refused (os error 111)
[2m2026-07-05T13:46:23.531652Z[0m [33m WARN[0m [2mpm_bot[0m[2m:[0m découverte gamma: requête Gamma: error sending request for url (https://gamma-api.polymarket.com/events?slug=btc-updown-5m-1783259100): client error (Connect): tunnel error: failed to create underlying connection: tcp connect error: Connection refused (os error 111)
[2m2026-07-05T13:46:28.070470Z[0m [33m WARN[0m [2mpm_acquisition::rtds[0m[2m:[0m RTDS erreur: connexion au proxy 127.0.0.1:45417: Connection refused (os error 111)
[2m2026-07-05T13:46:28.532889Z[0m [33m WARN[0m [2mpm_bot[0m[2m:[0m découverte gamma: requête Gamma: error sending request for url (https://gamma-api.polymarket.com/events?slug=btc-updown-5m-1783259100): client error (Connect): tunnel error: failed to create underlying connection: tcp connect error: Connection refused (os error 111)
[2m2026-07-05T13:46:33.533409Z[0m [33m WARN[0m [2mpm_bot[0m[2m:[0m découverte gamma: requête Gamma: error sending request for url (https://gamma-api.polymarket.com/events?slug=btc-updown-5m-1783259100): client error (Connect): tunnel error: failed to create underlying connection: tcp connect error: Connection refused (os error 111)
[2m2026-07-05T13:46:38.534512Z[0m [33m WARN[0m [2mpm_bot[0m[2m:[0m découverte gamma: requête Gamma: error sending request for url (https://gamma-api.polymarket.com/events?slug=btc-updown-5m-1783259100): client error (Connect): tunnel error: failed to create underlying connection: tcp connect error: Connection refused (os error 111)
[2m2026-07-05T13:46:43.071985Z[0m [33m WARN[0m [2mpm_acquisition::rtds[0m[2m:[0m RTDS erreur: connexion au proxy 127.0.0.1:45417: Connection refused (os error 111)
[2m2026-07-05T13:46:43.536315Z[0m [33m WARN[0m [2mpm_bot[0m[2m:[0m découverte gamma: requête Gamma: error sending request for url (https://gamma-api.polymarket.com/events?slug=btc-updown-5m-1783259100): client error (Connect): tunnel error: failed to create underlying connection: tcp connect error: Connection refused (os error 111)
[2m2026-07-05T13:46:48.537300Z[0m [33m WARN[0m [2mpm_bot[0m[2m:[0m découverte gamma: requête Gamma: error sending request for url (https://gamma-api.polymarket.com/events?slug=btc-updown-5m-1783259100): client error (Connect): tunnel error: failed to create underlying connection: tcp connect error: Connection refused (os error 111)
[2m2026-07-05T13:46:53.539214Z[0m [33m WARN[0m [2mpm_bot[0m[2m:[0m découverte gamma: requête Gamma: error sending request for url (https://gamma-api.polymarket.com/events?slug=btc-updown-5m-1783259100): client error (Connect): tunnel error: failed to create underlying connection: tcp connect error: Connection refused (os error 111)
[2m2026-07-05T13:46:58.073752Z[0m [33m WARN[0m [2mpm_acquisition::rtds[0m[2m:[0m RTDS erreur: connexion au proxy 127.0.0.1:45417: Connection refused (os error 111)
[2m2026-07-05T13:46:58.541101Z[0m [33m WARN[0m [2mpm_bot[0m[2m:[0m découverte gamma: requête Gamma: error sending request for url (https://gamma-api.polymarket.com/events?slug=btc-updown-5m-1783259100): client error (Connect): tunnel error: failed to create underlying connection: tcp connect error: Connection refused (os error 111)
[2m2026-07-05T13:47:03.542542Z[0m [33m WARN[0m [2mpm_bot[0m[2m:[0m découverte gamma: requête Gamma: error sending request for url (https://gamma-api.polymarket.com/events?slug=btc-updown-5m-1783259100): client error (Connect): tunnel error: failed to create underlying connection: tcp connect error: Connection refused (os error 111)
[2m2026-07-05T13:47:08.544157Z[0m [33m WARN[0m [2mpm_bot[0m[2m:[0m découverte gamma: requête Gamma: error sending request for url (https://gamma-api.polymarket.com/events?slug=btc-updown-5m-1783259100): client error (Connect): tunnel error: failed to create underlying connection: tcp connect error: Connection refused (os error 111)
[2m2026-07-05T13:47:13.074443Z[0m [33m WARN[0m [2mpm_acquisition::rtds[0m[2m:[0m RTDS erreur: connexion au proxy 127.0.0.1:45417: Connection refused (os error 111)
[2m2026-07-05T13:47:13.545542Z[0m [33m WARN[0m [2mpm_bot[0m[2m:[0m découverte gamma: requête Gamma: error sending request for url (https://gamma-api.polymarket.com/events?slug=btc-updown-5m-1783259100): client error (Connect): tunnel error: failed to create underlying connection: tcp connect error: Connection refused (os error 111)
[2m2026-07-05T13:47:18.546702Z[0m [33m WARN[0m [2mpm_bot[0m[2m:[0m découverte gamma: requête Gamma: error sending request for url (https://gamma-api.polymarket.com/events?slug=btc-updown-5m-1783259100): client error (Connect): tunnel error: failed to create underlying connection: tcp connect error: Connection refused (os error 111)
[2m2026-07-05T13:47:23.547340Z[0m [33m WARN[0m [2mpm_bot[0m[2m:[0m découverte gamma: requête Gamma: error sending request for url (https://gamma-api.polymarket.com/events?slug=btc-updown-5m-1783259100): client error (Connect): tunnel error: failed to create underlying connection: tcp connect error: Connection refused (os error 111)
[2m2026-07-05T13:47:28.075328Z[0m [33m WARN[0m [2mpm_acquisition::rtds[0m[2m:[0m RTDS erreur: connexion au proxy 127.0.0.1:45417: Connection refused (os error 111)
[2m2026-07-05T13:47:28.548594Z[0m [33m WARN[0m [2mpm_bot[0m[2m:[0m découverte gamma: requête Gamma: error sending request for url (https://gamma-api.polymarket.com/events?slug=btc-updown-5m-1783259100): client error (Connect): tunnel error: failed to create underlying connection: tcp connect error: Connection refused (os error 111)
[2m2026-07-05T13:47:33.549867Z[0m [33m WARN[0m [2mpm_bot[0m[2m:[0m découverte gamma: requête Gamma: error sending request for url (https://gamma-api.polymarket.com/events?slug=btc-updown-5m-1783259100): client error (Connect): tunnel error: failed to create underlying connection: tcp connect error: Connection refused (os error 111)
[2m2026-07-05T13:47:38.551250Z[0m [33m WARN[0m [2mpm_bot[0m[2m:[0m découverte gamma: requête Gamma: error sending request for url (https://gamma-api.polymarket.com/events?slug=btc-updown-5m-1783259100): client error (Connect): tunnel error: failed to create underlying connection: tcp connect error: Connection refused (os error 111)
[2m2026-07-05T13:47:43.076474Z[0m [33m WARN[0m [2mpm_acquisition::rtds[0m[2m:[0m RTDS erreur: connexion au proxy 127.0.0.1:45417: Connection refused (os error 111)
[2m2026-07-05T13:47:43.553058Z[0m [33m WARN[0m [2mpm_bot[0m[2m:[0m découverte gamma: requête Gamma: error sending request for url (https://gamma-api.polymarket.com/events?slug=btc-updown-5m-1783259100): client error (Connect): tunnel error: failed to create underlying connection: tcp connect error: Connection refused (os error 111)
[2m2026-07-05T13:47:48.555021Z[0m [33m WARN[0m [2mpm_bot[0m[2m:[0m découverte gamma: requête Gamma: error sending request for url (https://gamma-api.polymarket.com/events?slug=btc-updown-5m-1783259100): client error (Connect): tunnel error: failed to create underlying connection: tcp connect error: Connection refused (os error 111)
[2m2026-07-05T13:47:53.557211Z[0m [33m WARN[0m [2mpm_bot[0m[2m:[0m découverte gamma: requête Gamma: error sending request for url (https://gamma-api.polymarket.com/events?slug=btc-updown-5m-1783259100): client error (Connect): tunnel error: failed to create underlying connection: tcp connect error: Connection refused (os error 111)
[2m2026-07-05T13:47:58.077840Z[0m [33m WARN[0m [2mpm_acquisition::rtds[0m[2m:[0m RTDS erreur: connexion au proxy 127.0.0.1:45417: Connection refused (os error 111)
[2m2026-07-05T13:47:58.559321Z[0m [33m WARN[0m [2mpm_bot[0m[2m:[0m découverte gamma: requête Gamma: error sending request for url (https://gamma-api.polymarket.com/events?slug=btc-updown-5m-1783259100): client error (Connect): tunnel error: failed to create underlying connection: tcp connect error: Connection refused (os error 111)
[2m2026-07-05T13:48:03.560488Z[0m [33m WARN[0m [2mpm_bot[0m[2m:[0m découverte gamma: requête Gamma: error sending request for url (https://gamma-api.polymarket.com/events?slug=btc-updown-5m-1783259100): client error (Connect): tunnel error: failed to create underlying connection: tcp connect error: Connection refused (os error 111)
[2m2026-07-05T13:48:08.561225Z[0m [33m WARN[0m [2mpm_bot[0m[2m:[0m découverte gamma: requête Gamma: error sending request for url (https://gamma-api.polymarket.com/events?slug=btc-updown-5m-1783259100): client error (Connect): tunnel error: failed to create underlying connection: tcp connect error: Connection refused (os error 111)
[2m2026-07-05T13:48:13.078524Z[0m [33m WARN[0m [2mpm_acquisition::rtds[0m[2m:[0m RTDS erreur: connexion au proxy 127.0.0.1:45417: Connection refused (os error 111)
[2m2026-07-05T13:48:13.562892Z[0m [33m WARN[0m [2mpm_bot[0m[2m:[0m découverte gamma: requête Gamma: error sending request for url (https://gamma-api.polymarket.com/events?slug=btc-updown-5m-1783259100): client error (Connect): tunnel error: failed to create underlying connection: tcp connect error: Connection refused (os error 111)
[2m2026-07-05T13:48:18.563756Z[0m [33m WARN[0m [2mpm_bot[0m[2m:[0m découverte gamma: requête Gamma: error sending request for url (https://gamma-api.polymarket.com/events?slug=btc-updown-5m-1783259100): client error (Connect): tunnel error: failed to create underlying connection: tcp connect error: Connection refused (os error 111)
[2m2026-07-05T13:48:23.564635Z[0m [33m WARN[0m [2mpm_bot[0m[2m:[0m découverte gamma: requête Gamma: error sending request for url (https://gamma-api.polymarket.com/events?slug=btc-updown-5m-1783259100): client error (Connect): tunnel error: failed to create underlying connection: tcp connect error: Connection refused (os error 111)
[2m2026-07-05T13:48:28.079431Z[0m [33m WARN[0m [2mpm_acquisition::rtds[0m[2m:[0m RTDS erreur: connexion au proxy 127.0.0.1:45417: Connection refused (os error 111)
[2m2026-07-05T13:48:28.565873Z[0m [33m WARN[0m [2mpm_bot[0m[2m:[0m découverte gamma: requête Gamma: error sending request for url (https://gamma-api.polymarket.com/events?slug=btc-updown-5m-1783259100): client error (Connect): tunnel error: failed to create underlying connection: tcp connect error: Connection refused (os error 111)
[2m2026-07-05T13:48:33.567288Z[0m [33m WARN[0m [2mpm_bot[0m[2m:[0m découverte gamma: requête Gamma: error sending request for url (https://gamma-api.polymarket.com/events?slug=btc-updown-5m-1783259100): client error (Connect): tunnel error: failed to create underlying connection: tcp connect error: Connection refused (os error 111)
[2m2026-07-05T13:48:38.568585Z[0m [33m WARN[0m [2mpm_bot[0m[2m:[0m découverte gamma: requête Gamma: error sending request for url (https://gamma-api.polymarket.com/events?slug=btc-updown-5m-1783259100): client error (Connect): tunnel error: failed to create underlying connection: tcp connect error: Connection refused (os error 111)
[2m2026-07-05T13:48:43.080892Z[0m [33m WARN[0m [2mpm_acquisition::rtds[0m[2m:[0m RTDS erreur: connexion au proxy 127.0.0.1:45417: Connection refused (os error 111)
[2m2026-07-05T13:48:43.569252Z[0m [33m WARN[0m [2mpm_bot[0m[2m:[0m découverte gamma: requête Gamma: error sending request for url (https://gamma-api.polymarket.com/events?slug=btc-updown-5m-1783259100): client error (Connect): tunnel error: failed to create underlying connection: tcp connect error: Connection refused (os error 111)
[2m2026-07-05T13:48:48.570328Z[0m [33m WARN[0m [2mpm_bot[0m[2m:[0m découverte gamma: requête Gamma: error sending request for url (https://gamma-api.polymarket.com/events?slug=btc-updown-5m-1783259100): client error (Connect): tunnel error: failed to create underlying connection: tcp connect error: Connection refused (os error 111)
[2m2026-07-05T13:48:53.571882Z[0m [33m WARN[0m [2mpm_bot[0m[2m:[0m découverte gamma: requête Gamma: error sending request for url (https://gamma-api.polymarket.com/events?slug=btc-updown-5m-1783259100): client error (Connect): tunnel error: failed to create underlying connection: tcp connect error: Connection refused (os error 111)
[2m2026-07-05T13:48:58.081490Z[0m [33m WARN[0m [2mpm_acquisition::rtds[0m[2m:[0m RTDS erreur: connexion au proxy 127.0.0.1:45417: Connection refused (os error 111)
[2m2026-07-05T13:48:58.572868Z[0m [33m WARN[0m [2mpm_bot[0m[2m:[0m découverte gamma: requête Gamma: error sending request for url (https://gamma-api.polymarket.com/events?slug=btc-updown-5m-1783259100): client error (Connect): tunnel error: failed to create underlying connection: tcp connect error: Connection refused (os error 111)
[2m2026-07-05T13:49:03.574085Z[0m [33m WARN[0m [2mpm_bot[0m[2m:[0m découverte gamma: requête Gamma: error sending request for url (https://gamma-api.polymarket.com/events?slug=btc-updown-5m-1783259100): client error (Connect): tunnel error: failed to create underlying connection: tcp connect error: Connection refused (os error 111)
[2m2026-07-05T13:49:08.575749Z[0m [33m WARN[0m [2mpm_bot[0m[2m:[0m découverte gamma: requête Gamma: error sending request for url (https://gamma-api.polymarket.com/events?slug=btc-updown-5m-1783259100): client error (Connect): tunnel error: failed to create underlying connection: tcp connect error: Connection refused (os error 111)
[2m2026-07-05T13:49:13.082670Z[0m [33m WARN[0m [2mpm_acquisition::rtds[0m[2m:[0m RTDS erreur: connexion au proxy 127.0.0.1:45417: Connection refused (os error 111)
[2m2026-07-05T13:49:13.577071Z[0m [33m WARN[0m [2mpm_bot[0m[2m:[0m découverte gamma: requête Gamma: error sending request for url (https://gamma-api.polymarket.com/events?slug=btc-updown-5m-1783259100): client error (Connect): tunnel error: failed to create underlying connection: tcp connect error: Connection refused (os error 111)
[2m2026-07-05T13:49:18.578397Z[0m [33m WARN[0m [2mpm_bot[0m[2m:[0m découverte gamma: requête Gamma: error sending request for url (https://gamma-api.polymarket.com/events?slug=btc-updown-5m-1783259100): client error (Connect): tunnel error: failed to create underlying connection: tcp connect error: Connection refused (os error 111)
[2m2026-07-05T13:49:23.579496Z[0m [33m WARN[0m [2mpm_bot[0m[2m:[0m découverte gamma: requête Gamma: error sending request for url (https://gamma-api.polymarket.com/events?slug=btc-updown-5m-1783259100): client error (Connect): tunnel error: failed to create underlying connection: tcp connect error: Connection refused (os error 111)
[2m2026-07-05T13:49:28.083745Z[0m [33m WARN[0m [2mpm_acquisition::rtds[0m[2m:[0m RTDS erreur: connexion au proxy 127.0.0.1:45417: Connection refused (os error 111)
[2m2026-07-05T13:49:28.581088Z[0m [33m WARN[0m [2mpm_bot[0m[2m:[0m découverte gamma: requête Gamma: error sending request for url (https://gamma-api.polymarket.com/events?slug=btc-updown-5m-1783259100): client error (Connect): tunnel error: failed to create underlying connection: tcp connect error: Connection refused (os error 111)
[2m2026-07-05T13:49:33.583253Z[0m [33m WARN[0m [2mpm_bot[0m[2m:[0m découverte gamma: requête Gamma: error sending request for url (https://gamma-api.polymarket.com/events?slug=btc-updown-5m-1783259100): client error (Connect): tunnel error: failed to create underlying connection: tcp connect error: Connection refused (os error 111)
[2m2026-07-05T13:49:38.584777Z[0m [33m WARN[0m [2mpm_bot[0m[2m:[0m découverte gamma: requête Gamma: error sending request for url (https://gamma-api.polymarket.com/events?slug=btc-updown-5m-1783259100): client error (Connect): tunnel error: failed to create underlying connection: tcp connect error: Connection refused (os error 111)
[2m2026-07-05T13:49:43.085144Z[0m [33m WARN[0m [2mpm_acquisition::rtds[0m[2m:[0m RTDS erreur: connexion au proxy 127.0.0.1:45417: Connection refused (os error 111)
[2m2026-07-05T13:49:43.585636Z[0m [33m WARN[0m [2mpm_bot[0m[2m:[0m découverte gamma: requête Gamma: error sending request for url (https://gamma-api.polymarket.com/events?slug=btc-updown-5m-1783259100): client error (Connect): tunnel error: failed to create underlying connection: tcp connect error: Connection refused (os error 111)
[2m2026-07-05T13:49:48.587124Z[0m [33m WARN[0m [2mpm_bot[0m[2m:[0m découverte gamma: requête Gamma: error sending request for url (https://gamma-api.polymarket.com/events?slug=btc-updown-5m-1783259100): client error (Connect): tunnel error: failed to create underlying connection: tcp connect error: Connection refused (os error 111)
[2m2026-07-05T13:49:53.588936Z[0m [33m WARN[0m [2mpm_bot[0m[2m:[0m découverte gamma: requête Gamma: error sending request for url (https://gamma-api.polymarket.com/events?slug=btc-updown-5m-1783259100): client error (Connect): tunnel error: failed to create underlying connection: tcp connect error: Connection refused (os error 111)
[2m2026-07-05T13:49:58.086924Z[0m [33m WARN[0m [2mpm_acquisition::rtds[0m[2m:[0m RTDS erreur: connexion au proxy 127.0.0.1:45417: Connection refused (os error 111)
[2m2026-07-05T13:49:58.591107Z[0m [33m WARN[0m [2mpm_bot[0m[2m:[0m découverte gamma: requête Gamma: error sending request for url (https://gamma-api.polymarket.com/events?slug=btc-updown-5m-1783259100): client error (Connect): tunnel error: failed to create underlying connection: tcp connect error: Connection refused (os error 111)
[2m2026-07-05T13:50:03.592281Z[0m [33m WARN[0m [2mpm_bot[0m[2m:[0m découverte gamma: requête Gamma: error sending request for url (https://gamma-api.polymarket.com/events?slug=btc-updown-5m-1783259400): client error (Connect): tunnel error: failed to create underlying connection: tcp connect error: Connection refused (os error 111)
[2m2026-07-05T13:50:08.593775Z[0m [33m WARN[0m [2mpm_bot[0m[2m:[0m découverte gamma: requête Gamma: error sending request for url (https://gamma-api.polymarket.com/events?slug=btc-updown-5m-1783259400): client error (Connect): tunnel error: failed to create underlying connection: tcp connect error: Connection refused (os error 111)
[2m2026-07-05T13:50:13.088181Z[0m [33m WARN[0m [2mpm_acquisition::rtds[0m[2m:[0m RTDS erreur: connexion au proxy 127.0.0.1:45417: Connection refused (os error 111)
[2m2026-07-05T13:50:13.594356Z[0m [33m WARN[0m [2mpm_bot[0m[2m:[0m découverte gamma: requête Gamma: error sending request for url (https://gamma-api.polymarket.com/events?slug=btc-updown-5m-1783259400): client error (Connect): tunnel error: failed to create underlying connection: tcp connect error: Connection refused (os error 111)
[2m2026-07-05T13:50:18.595475Z[0m [33m WARN[0m [2mpm_bot[0m[2m:[0m découverte gamma: requête Gamma: error sending request for url (https://gamma-api.polymarket.com/events?slug=btc-updown-5m-1783259400): client error (Connect): tunnel error: failed to create underlying connection: tcp connect error: Connection refused (os error 111)
[2m2026-07-05T13:50:23.597007Z[0m [33m WARN[0m [2mpm_bot[0m[2m:[0m découverte gamma: requête Gamma: error sending request for url (https://gamma-api.polymarket.com/events?slug=btc-updown-5m-1783259400): client error (Connect): tunnel error: failed to create underlying connection: tcp connect error: Connection refused (os error 111)
[2m2026-07-05T13:50:28.089448Z[0m [33m WARN[0m [2mpm_acquisition::rtds[0m[2m:[0m RTDS erreur: connexion au proxy 127.0.0.1:45417: Connection refused (os error 111)
[2m2026-07-05T13:50:28.598559Z[0m [33m WARN[0m [2mpm_bot[0m[2m:[0m découverte gamma: requête Gamma: error sending request for url (https://gamma-api.polymarket.com/events?slug=btc-updown-5m-1783259400): client error (Connect): tunnel error: failed to create underlying connection: tcp connect error: Connection refused (os error 111)
[2m2026-07-05T13:50:33.600035Z[0m [33m WARN[0m [2mpm_bot[0m[2m:[0m découverte gamma: requête Gamma: error sending request for url (https://gamma-api.polymarket.com/events?slug=btc-updown-5m-1783259400): client error (Connect): tunnel error: failed to create underlying connection: tcp connect error: Connection refused (os error 111)
[2m2026-07-05T13:50:38.602028Z[0m [33m WARN[0m [2mpm_bot[0m[2m:[0m découverte gamma: requête Gamma: error sending request for url (https://gamma-api.polymarket.com/events?slug=btc-updown-5m-1783259400): client error (Connect): tunnel error: failed to create underlying connection: tcp connect error: Connection refused (os error 111)
[2m2026-07-05T13:50:43.090380Z[0m [33m WARN[0m [2mpm_acquisition::rtds[0m[2m:[0m RTDS erreur: connexion au proxy 127.0.0.1:45417: Connection refused (os error 111)
[2m2026-07-05T13:50:43.603580Z[0m [33m WARN[0m [2mpm_bot[0m[2m:[0m découverte gamma: requête Gamma: error sending request for url (https://gamma-api.polymarket.com/events?slug=btc-updown-5m-1783259400): client error (Connect): tunnel error: failed to create underlying connection: tcp connect error: Connection refused (os error 111)
[2m2026-07-05T13:50:48.604949Z[0m [33m WARN[0m [2mpm_bot[0m[2m:[0m découverte gamma: requête Gamma: error sending request for url (https://gamma-api.polymarket.com/events?slug=btc-updown-5m-1783259400): client error (Connect): tunnel error: failed to create underlying connection: tcp connect error: Connection refused (os error 111)
[2m2026-07-05T13:50:53.606558Z[0m [33m WARN[0m [2mpm_bot[0m[2m:[0m découverte gamma: requête Gamma: error sending request for url (https://gamma-api.polymarket.com/events?slug=btc-updown-5m-1783259400): client error (Connect): tunnel error: failed to create underlying connection: tcp connect error: Connection refused (os error 111)
[2m2026-07-05T13:50:58.091884Z[0m [33m WARN[0m [2mpm_acquisition::rtds[0m[2m:[0m RTDS erreur: connexion au proxy 127.0.0.1:45417: Connection refused (os error 111)
[2m2026-07-05T13:50:58.607499Z[0m [33m WARN[0m [2mpm_bot[0m[2m:[0m découverte gamma: requête Gamma: error sending request for url (https://gamma-api.polymarket.com/events?slug=btc-updown-5m-1783259400): client error (Connect): tunnel error: failed to create underlying connection: tcp connect error: Connection refused (os error 111)
[2m2026-07-05T13:51:03.608735Z[0m [33m WARN[0m [2mpm_bot[0m[2m:[0m découverte gamma: requête Gamma: error sending request for url (https://gamma-api.polymarket.com/events?slug=btc-updown-5m-1783259400): client error (Connect): tunnel error: failed to create underlying connection: tcp connect error: Connection refused (os error 111)
[2m2026-07-05T13:51:08.610229Z[0m [33m WARN[0m [2mpm_bot[0m[2m:[0m découverte gamma: requête Gamma: error sending request for url (https://gamma-api.polymarket.com/events?slug=btc-updown-5m-1783259400): client error (Connect): tunnel error: failed to create underlying connection: tcp connect error: Connection refused (os error 111)
[2m2026-07-05T13:51:13.092474Z[0m [33m WARN[0m [2mpm_acquisition::rtds[0m[2m:[0m RTDS erreur: connexion au proxy 127.0.0.1:45417: Connection refused (os error 111)
[2m2026-07-05T13:51:13.612048Z[0m [33m WARN[0m [2mpm_bot[0m[2m:[0m découverte gamma: requête Gamma: error sending request for url (https://gamma-api.polymarket.com/events?slug=btc-updown-5m-1783259400): client error (Connect): tunnel error: failed to create underlying connection: tcp connect error: Connection refused (os error 111)
[2m2026-07-05T13:51:18.613604Z[0m [33m WARN[0m [2mpm_bot[0m[2m:[0m découverte gamma: requête Gamma: error sending request for url (https://gamma-api.polymarket.com/events?slug=btc-updown-5m-1783259400): client error (Connect): tunnel error: failed to create underlying connection: tcp connect error: Connection refused (os error 111)
[2m2026-07-05T13:51:23.615140Z[0m [33m WARN[0m [2mpm_bot[0m[2m:[0m découverte gamma: requête Gamma: error sending request for url (https://gamma-api.polymarket.com/events?slug=btc-updown-5m-1783259400): client error (Connect): tunnel error: failed to create underlying connection: tcp connect error: Connection refused (os error 111)
[2m2026-07-05T13:51:28.093289Z[0m [33m WARN[0m [2mpm_acquisition::rtds[0m[2m:[0m RTDS erreur: connexion au proxy 127.0.0.1:45417: Connection refused (os error 111)
[2m2026-07-05T13:51:28.616424Z[0m [33m WARN[0m [2mpm_bot[0m[2m:[0m découverte gamma: requête Gamma: error sending request for url (https://gamma-api.polymarket.com/events?slug=btc-updown-5m-1783259400): client error (Connect): tunnel error: failed to create underlying connection: tcp connect error: Connection refused (os error 111)
[2m2026-07-05T13:51:33.617595Z[0m [33m WARN[0m [2mpm_bot[0m[2m:[0m découverte gamma: requête Gamma: error sending request for url (https://gamma-api.polymarket.com/events?slug=btc-updown-5m-1783259400): client error (Connect): tunnel error: failed to create underlying connection: tcp connect error: Connection refused (os error 111)
[2m2026-07-05T13:51:38.619038Z[0m [33m WARN[0m [2mpm_bot[0m[2m:[0m découverte gamma: requête Gamma: error sending request for url (https://gamma-api.polymarket.com/events?slug=btc-updown-5m-1783259400): client error (Connect): tunnel error: failed to create underlying connection: tcp connect error: Connection refused (os error 111)
[2m2026-07-05T13:51:43.094506Z[0m [33m WARN[0m [2mpm_acquisition::rtds[0m[2m:[0m RTDS erreur: connexion au proxy 127.0.0.1:45417: Connection refused (os error 111)
[2m2026-07-05T13:51:43.621055Z[0m [33m WARN[0m [2mpm_bot[0m[2m:[0m découverte gamma: requête Gamma: error sending request for url (https://gamma-api.polymarket.com/events?slug=btc-updown-5m-1783259400): client error (Connect): tunnel error: failed to create underlying connection: tcp connect error: Connection refused (os error 111)
[2m2026-07-05T13:51:48.622503Z[0m [33m WARN[0m [2mpm_bot[0m[2m:[0m découverte gamma: requête Gamma: error sending request for url (https://gamma-api.polymarket.com/events?slug=btc-updown-5m-1783259400): client error (Connect): tunnel error: failed to create underlying connection: tcp connect error: Connection refused (os error 111)
[2m2026-07-05T13:51:53.624214Z[0m [33m WARN[0m [2mpm_bot[0m[2m:[0m découverte gamma: requête Gamma: error sending request for url (https://gamma-api.polymarket.com/events?slug=btc-updown-5m-1783259400): client error (Connect): tunnel error: failed to create underlying connection: tcp connect error: Connection refused (os error 111)
[2m2026-07-05T13:51:58.095874Z[0m [33m WARN[0m [2mpm_acquisition::rtds[0m[2m:[0m RTDS erreur: connexion au proxy 127.0.0.1:45417: Connection refused (os error 111)
[2m2026-07-05T13:51:58.625266Z[0m [33m WARN[0m [2mpm_bot[0m[2m:[0m découverte gamma: requête Gamma: error sending request for url (https://gamma-api.polymarket.com/events?slug=btc-updown-5m-1783259400): client error (Connect): tunnel error: failed to create underlying connection: tcp connect error: Connection refused (os error 111)
[2m2026-07-05T13:52:03.627071Z[0m [33m WARN[0m [2mpm_bot[0m[2m:[0m découverte gamma: requête Gamma: error sending request for url (https://gamma-api.polymarket.com/events?slug=btc-updown-5m-1783259400): client error (Connect): tunnel error: failed to create underlying connection: tcp connect error: Connection refused (os error 111)
[2m2026-07-05T13:52:08.628516Z[0m [33m WARN[0m [2mpm_bot[0m[2m:[0m découverte gamma: requête Gamma: error sending request for url (https://gamma-api.polymarket.com/events?slug=btc-updown-5m-1783259400): client error (Connect): tunnel error: failed to create underlying connection: tcp connect error: Connection refused (os error 111)
[2m2026-07-05T13:52:13.096821Z[0m [33m WARN[0m [2mpm_acquisition::rtds[0m[2m:[0m RTDS erreur: connexion au proxy 127.0.0.1:45417: Connection refused (os error 111)
[2m2026-07-05T13:52:13.630352Z[0m [33m WARN[0m [2mpm_bot[0m[2m:[0m découverte gamma: requête Gamma: error sending request for url (https://gamma-api.polymarket.com/events?slug=btc-updown-5m-1783259400): client error (Connect): tunnel error: failed to create underlying connection: tcp connect error: Connection refused (os error 111)
[2m2026-07-05T13:52:18.632174Z[0m [33m WARN[0m [2mpm_bot[0m[2m:[0m découverte gamma: requête Gamma: error sending request for url (https://gamma-api.polymarket.com/events?slug=btc-updown-5m-1783259400): client error (Connect): tunnel error: failed to create underlying connection: tcp connect error: Connection refused (os error 111)
[2m2026-07-05T13:52:23.633530Z[0m [33m WARN[0m [2mpm_bot[0m[2m:[0m découverte gamma: requête Gamma: error sending request for url (https://gamma-api.polymarket.com/events?slug=btc-updown-5m-1783259400): client error (Connect): tunnel error: failed to create underlying connection: tcp connect error: Connection refused (os error 111)
[2m2026-07-05T13:52:28.097311Z[0m [33m WARN[0m [2mpm_acquisition::rtds[0m[2m:[0m RTDS erreur: connexion au proxy 127.0.0.1:45417: Connection refused (os error 111)
[2m2026-07-05T13:52:28.634751Z[0m [33m WARN[0m [2mpm_bot[0m[2m:[0m découverte gamma: requête Gamma: error sending request for url (https://gamma-api.polymarket.com/events?slug=btc-updown-5m-1783259400): client error (Connect): tunnel error: failed to create underlying connection: tcp connect error: Connection refused (os error 111)
[2m2026-07-05T13:52:33.635403Z[0m [33m WARN[0m [2mpm_bot[0m[2m:[0m découverte gamma: requête Gamma: error sending request for url (https://gamma-api.polymarket.com/events?slug=btc-updown-5m-1783259400): client error (Connect): tunnel error: failed to create underlying connection: tcp connect error: Connection refused (os error 111)
[2m2026-07-05T13:52:38.636335Z[0m [33m WARN[0m [2mpm_bot[0m[2m:[0m découverte gamma: requête Gamma: error sending request for url (https://gamma-api.polymarket.com/events?slug=btc-updown-5m-1783259400): client error (Connect): tunnel error: failed to create underlying connection: tcp connect error: Connection refused (os error 111)
[2m2026-07-05T13:52:43.098444Z[0m [33m WARN[0m [2mpm_acquisition::rtds[0m[2m:[0m RTDS erreur: connexion au proxy 127.0.0.1:45417: Connection refused (os error 111)
[2m2026-07-05T13:52:43.637946Z[0m [33m WARN[0m [2mpm_bot[0m[2m:[0m découverte gamma: requête Gamma: error sending request for url (https://gamma-api.polymarket.com/events?slug=btc-updown-5m-1783259400): client error (Connect): tunnel error: failed to create underlying connection: tcp connect error: Connection refused (os error 111)
[2m2026-07-05T13:52:48.639818Z[0m [33m WARN[0m [2mpm_bot[0m[2m:[0m découverte gamma: requête Gamma: error sending request for url (https://gamma-api.polymarket.com/events?slug=btc-updown-5m-1783259400): client error (Connect): tunnel error: failed to create underlying connection: tcp connect error: Connection refused (os error 111)
[2m2026-07-05T13:52:53.640801Z[0m [33m WARN[0m [2mpm_bot[0m[2m:[0m découverte gamma: requête Gamma: error sending request for url (https://gamma-api.polymarket.com/events?slug=btc-updown-5m-1783259400): client error (Connect): tunnel error: failed to create underlying connection: tcp connect error: Connection refused (os error 111)
[2m2026-07-05T13:52:58.100195Z[0m [33m WARN[0m [2mpm_acquisition::rtds[0m[2m:[0m RTDS erreur: connexion au proxy 127.0.0.1:45417: Connection refused (os error 111)
[2m2026-07-05T13:52:58.641797Z[0m [33m WARN[0m [2mpm_bot[0m[2m:[0m découverte gamma: requête Gamma: error sending request for url (https://gamma-api.polymarket.com/events?slug=btc-updown-5m-1783259400): client error (Connect): tunnel error: failed to create underlying connection: tcp connect error: Connection refused (os error 111)
[2m2026-07-05T13:53:03.642807Z[0m [33m WARN[0m [2mpm_bot[0m[2m:[0m découverte gamma: requête Gamma: error sending request for url (https://gamma-api.polymarket.com/events?slug=btc-updown-5m-1783259400): client error (Connect): tunnel error: failed to create underlying connection: tcp connect error: Connection refused (os error 111)
[2m2026-07-05T13:53:08.644194Z[0m [33m WARN[0m [2mpm_bot[0m[2m:[0m découverte gamma: requête Gamma: error sending request for url (https://gamma-api.polymarket.com/events?slug=btc-updown-5m-1783259400): client error (Connect): tunnel error: failed to create underlying connection: tcp connect error: Connection refused (os error 111)
[2m2026-07-05T13:53:13.101646Z[0m [33m WARN[0m [2mpm_acquisition::rtds[0m[2m:[0m RTDS erreur: connexion au proxy 127.0.0.1:45417: Connection refused (os error 111)
[2m2026-07-05T13:53:13.645950Z[0m [33m WARN[0m [2mpm_bot[0m[2m:[0m découverte gamma: requête Gamma: error sending request for url (https://gamma-api.polymarket.com/events?slug=btc-updown-5m-1783259400): client error (Connect): tunnel error: failed to create underlying connection: tcp connect error: Connection refused (os error 111)
[2m2026-07-05T13:53:18.647626Z[0m [33m WARN[0m [2mpm_bot[0m[2m:[0m découverte gamma: requête Gamma: error sending request for url (https://gamma-api.polymarket.com/events?slug=btc-updown-5m-1783259400): client error (Connect): tunnel error: failed to create underlying connection: tcp connect error: Connection refused (os error 111)
[2m2026-07-05T13:53:23.648569Z[0m [33m WARN[0m [2mpm_bot[0m[2m:[0m découverte gamma: requête Gamma: error sending request for url (https://gamma-api.polymarket.com/events?slug=btc-updown-5m-1783259400): client error (Connect): tunnel error: failed to create underlying connection: tcp connect error: Connection refused (os error 111)
[2m2026-07-05T13:53:28.103173Z[0m [33m WARN[0m [2mpm_acquisition::rtds[0m[2m:[0m RTDS erreur: connexion au proxy 127.0.0.1:45417: Connection refused (os error 111)
[2m2026-07-05T13:53:28.649707Z[0m [33m WARN[0m [2mpm_bot[0m[2m:[0m découverte gamma: requête Gamma: error sending request for url (https://gamma-api.polymarket.com/events?slug=btc-updown-5m-1783259400): client error (Connect): tunnel error: failed to create underlying connection: tcp connect error: Connection refused (os error 111)
[2m2026-07-05T13:53:33.651206Z[0m [33m WARN[0m [2mpm_bot[0m[2m:[0m découverte gamma: requête Gamma: error sending request for url (https://gamma-api.polymarket.com/events?slug=btc-updown-5m-1783259400): client error (Connect): tunnel error: failed to create underlying connection: tcp connect error: Connection refused (os error 111)
[2m2026-07-05T13:53:38.653272Z[0m [33m WARN[0m [2mpm_bot[0m[2m:[0m découverte gamma: requête Gamma: error sending request for url (https://gamma-api.polymarket.com/events?slug=btc-updown-5m-1783259400): client error (Connect): tunnel error: failed to create underlying connection: tcp connect error: Connection refused (os error 111)
[2m2026-07-05T13:53:43.105239Z[0m [33m WARN[0m [2mpm_acquisition::rtds[0m[2m:[0m RTDS erreur: connexion au proxy 127.0.0.1:45417: Connection refused (os error 111)
[2m2026-07-05T13:53:43.654622Z[0m [33m WARN[0m [2mpm_bot[0m[2m:[0m découverte gamma: requête Gamma: error sending request for url (https://gamma-api.polymarket.com/events?slug=btc-updown-5m-1783259400): client error (Connect): tunnel error: failed to create underlying connection: tcp connect error: Connection refused (os error 111)
[2m2026-07-05T13:53:48.655464Z[0m [33m WARN[0m [2mpm_bot[0m[2m:[0m découverte gamma: requête Gamma: error sending request for url (https://gamma-api.polymarket.com/events?slug=btc-updown-5m-1783259400): client error (Connect): tunnel error: failed to create underlying connection: tcp connect error: Connection refused (os error 111)
[2m2026-07-05T13:53:53.657053Z[0m [33m WARN[0m [2mpm_bot[0m[2m:[0m découverte gamma: requête Gamma: error sending request for url (https://gamma-api.polymarket.com/events?slug=btc-updown-5m-1783259400): client error (Connect): tunnel error: failed to create underlying connection: tcp connect error: Connection refused (os error 111)
[2m2026-07-05T13:53:58.106637Z[0m [33m WARN[0m [2mpm_acquisition::rtds[0m[2m:[0m RTDS erreur: connexion au proxy 127.0.0.1:45417: Connection refused (os error 111)
[2m2026-07-05T13:53:58.659213Z[0m [33m WARN[0m [2mpm_bot[0m[2m:[0m découverte gamma: requête Gamma: error sending request for url (https://gamma-api.polymarket.com/events?slug=btc-updown-5m-1783259400): client error (Connect): tunnel error: failed to create underlying connection: tcp connect error: Connection refused (os error 111)
[2m2026-07-05T13:54:03.660593Z[0m [33m WARN[0m [2mpm_bot[0m[2m:[0m découverte gamma: requête Gamma: error sending request for url (https://gamma-api.polymarket.com/events?slug=btc-updown-5m-1783259400): client error (Connect): tunnel error: failed to create underlying connection: tcp connect error: Connection refused (os error 111)
[2m2026-07-05T13:54:08.661871Z[0m [33m WARN[0m [2mpm_bot[0m[2m:[0m découverte gamma: requête Gamma: error sending request for url (https://gamma-api.polymarket.com/events?slug=btc-updown-5m-1783259400): client error (Connect): tunnel error: failed to create underlying connection: tcp connect error: Connection refused (os error 111)
